-60.829975 29.111545 3841.614185
-59.908983 28.183408 3841.568256
-48.916050 5.146245 3841.782675
-191.560441 76.592064 3842.291583
-193.167355 77.201866 3842.009231
-215.586480 24.790292 3841.510114
-215.750996 23.877145 3840.789966
-34.961612 81.316682 3839.846861
-75.619818 69.486010 3839.938671
-12.073737 56.828365 3839.842102
-13.159173 57.675962 3839.343707
-45.680930 59.003058 3839.893452
-44.148329 56.173154 3839.607651
-43.321986 57.604176 3839.877555
-47.874233 57.824863 3838.575953
-48.114095 56.247265 3836.987937
-46.620893 54.629336 3837.028013
-45.108073 53.193561 3838.580877
-43.279444 54.269721 3839.892147
1.290440 35.667642 3839.790041
-18.652302 3.138194 3839.897622
-147.892414 -60.646944 3839.132717
-85.451266 -68.479726 3839.169429
-32.665183 -77.888484 3839.176472
-31.274269 -76.101327 3840.058373
-89.454857 82.473385 3839.130116
-83.116839 70.770680 3838.826773
-85.195774 69.820343 3837.937117
-83.564266 71.126322 3837.716028
-82.487860 68.723619 3839.953278
-85.565957 68.072696 3839.871446
-24.669337 30.679299 3837.717179
-181.232300 26.985650 3838.259127
-185.980767 21.220846 3839.233044
-185.827020 18.602830 3839.001257
-22.000679 5.474956 3839.865087
-38.053407 -71.988064 3840.049912
-40.338987 -71.195947 3839.036339
-37.761221 -73.727588 3840.035724
-84.061607 -77.898498 3838.961416
-85.642896 -80.506232 3838.790833
-83.483106 -76.363917 3839.613692
-85.623872 -80.668301 3837.225691
-32.328249 -78.956385 3839.223669
-31.964522 -82.335882 3839.834142
-33.191460 -81.879079 3838.479601
-39.639251 84.517018 3839.871820
-28.496238 -57.070267 3837.912561
-37.012074 -71.091819 3839.553552
-77.249679 95.723286 3838.500884
-50.015492 68.894005 3838.037170
-50.142567 68.183423 3838.262413
-48.953316 66.229187 3839.268275
-48.425322 70.355922 3838.413558
-44.856408 45.943025 3838.713379
-46.130780 47.481934 3837.992545
-42.359972 45.303578 3839.592156
-42.588394 43.974713 3837.155196
-184.650003 22.191803 3839.891057
-185.885159 22.922631 3837.602750
-186.390713 21.220333 3838.410063
8.254751 14.976336 3837.294269
6.792860 14.519414 3839.128215
10.168030 14.822297 3839.102494
6.658184 7.182478 3838.414391
6.471820 6.681207 3836.607664
8.751772 7.631342 3838.875093
-131.023639 -82.721769 3836.854429
-93.489848 -89.105643 3839.091412
-70.594002 -89.875912 3838.033695
-88.098994 82.628473 3838.990544
-85.547974 82.853573 3838.844197
-85.033944 83.333932 3837.300736
-42.787674 64.806468 3838.626185
-42.634414 65.503341 3838.790774
-42.412195 66.440139 3837.944474
-45.603178 64.341216 3839.023568
-44.203747 63.312773 3839.219002
-42.843585 65.479918 3837.153186
-45.579056 65.242203 3837.490380
-7.958195 52.262818 3838.781040
-43.655099 51.552457 3839.882956
-171.872778 43.463384 3839.901189
-173.341510 46.026498 3838.630143
-176.573604 39.095851 3837.338760
-175.488424 38.944906 3837.963347
-178.082380 39.885978 3837.841200
5.169396 28.196184 3838.576006
-159.145375 8.339004 3837.181202
-152.190368 6.567219 3838.234042
-153.723413 6.780912 3836.982385
-153.265708 4.285768 3836.730886
-150.905849 6.575347 3837.208723
-150.569374 8.724192 3839.333396
-113.090940 -55.740646 3839.953582
-98.552655 -55.620298 3839.024885
-100.187472 -53.742280 3838.643999
-116.676142 -56.587720 3839.883095
-112.803946 -55.509769 3839.929486
-116.993776 -51.859857 3836.629117
-117.723160 -54.373380 3838.210192
-117.574127 -55.448289 3838.925308
-30.601765 -65.218591 3838.961650
-41.633099 68.266373 3839.230274
-42.843681 68.120293 3837.030985
-70.187035 -53.707952 3839.120024
-100.542231 -60.350351 3839.490358
-103.145939 -59.470626 3839.936239
-103.039141 -61.029406 3838.777234
-101.197619 -62.188342 3836.666906
-98.894649 -64.585139 3836.707336
-97.502554 -62.793495 3836.761731
-100.988706 -58.098230 3839.963251
-98.248423 -60.513893 3836.897632
-10.840596 60.045219 3837.606009
-11.434605 59.343115 3838.805983
-12.766345 58.533896 3837.309196
-7.998624 59.483318 3839.049477
-36.590716 49.389581 3836.830278
-30.810637 27.249677 3838.343808
-32.255388 30.056080 3836.582385
-33.552773 28.013252 3836.529728
-32.264773 26.139054 3836.650973
-32.836594 22.796346 3836.355720
-30.479014 25.023566 3836.978467
-30.451855 25.886560 3837.834090
-28.374410 22.353296 3837.753914
-29.605205 20.269389 3836.705855
-28.122610 21.260108 3836.890018
-32.807010 19.597167 3836.515658
-63.210589 -58.530612 3836.758733
-63.890118 -59.717541 3836.494020
-61.690421 -55.130618 3837.569957
-59.216513 -55.244519 3836.495868
-57.886115 -53.491789 3836.433025
-66.313058 -59.972137 3838.458013
-39.310541 -70.124675 3836.811264
-115.396599 -81.879252 3839.880845
-106.629167 -85.036133 3839.401725
-85.351911 -90.636239 3837.173399
-84.926128 -93.532567 3836.691945
-87.251098 -91.088730 3839.054992
-85.693398 -88.042254 3837.806166
-83.501417 -89.761108 3836.428633
-84.273874 -92.671196 3836.748241
-93.706787 -89.491477 3838.287510
-92.722744 -91.183155 3837.038299
-92.069503 -92.283793 3836.597017
-75.480485 90.458816 3839.398035
-75.118944 91.326102 3839.099430
-75.424126 89.603514 3837.389537
-73.460207 90.498175 3836.513166
-174.668750 46.247931 3837.435842
-176.501959 46.758271 3838.394746
-176.625285 45.407303 3839.691473
-175.241137 47.696564 3836.664703
7.622873 16.487262 3836.449473
8.460564 16.564702 3836.462480
9.963883 7.926224 3837.719023
8.662444 7.773395 3839.080661
10.258274 6.151931 3836.731746
11.713578 8.866592 3837.216418
10.741135 6.746430 3836.666810
12.570241 7.832376 3836.437134
-24.665623 0.501955 3838.013343
-22.951076 -2.794352 3836.618294
-148.527981 -61.756679 3838.676774
-150.144145 -60.144471 3836.593098
-149.695911 -65.448086 3836.342916
-147.845743 -63.947432 3839.607601
-152.569250 -63.200673 3836.514613
-78.381666 -77.663011 3836.952576
-149.796196 -88.952735 3836.928771
-149.457067 -91.054989 3837.821850
-150.707700 -90.361339 3836.844846
-129.280128 113.183334 3837.242891
-130.667872 112.426509 3836.527596
-92.371481 89.382471 3836.969235
-67.491436 76.919263 3836.578506
-66.542652 76.642791 3836.711612
-67.139891 75.182023 3836.948503
-68.813580 73.496303 3836.698661
-62.389731 75.690079 3836.686673
-66.301949 73.349214 3836.892068
-88.596306 71.197162 3836.562202
-2.963575 53.050221 3836.412726
-6.304410 54.104234 3839.369115
-4.740867 54.938261 3837.258903
-116.574735 51.576084 3836.691032
-117.815970 54.507273 3836.998483
-116.702416 50.306624 3836.776593
-119.773502 49.010459 3836.885710
-114.121445 50.445048 3836.621181
-112.198206 49.631110 3836.743508
-116.798269 49.222236 3836.744814
-117.165800 45.440167 3837.061068
1.968855 37.851242 3836.999970
5.286531 37.124795 3837.728030
2.081172 40.152405 3836.482635
7.094543 40.728003 3836.391717
7.876185 37.481885 3836.212817
-182.848342 34.932153 3836.539786
-180.366450 32.505536 3836.457290
-180.444833 29.471867 3836.600555
-179.079510 35.335301 3836.678342
-182.049454 35.955089 3836.870494
-176.886634 30.232810 3836.640190
-178.934587 34.376031 3836.715732
-178.269435 35.426911 3836.680137
-125.256678 -55.237753 3836.298524
-125.193898 -54.007278 3836.876519
-122.578697 -55.325844 3836.308024
-122.302388 -54.213433 3836.480991
-26.513524 -62.605707 3839.891471
-26.168698 -61.687816 3839.434289
-25.911982 -63.877886 3839.048321
-25.916079 -61.398477 3839.076384
-25.424464 -62.411861 3838.918894
-40.902293 -69.214502 3836.634735
-22.996863 -67.787075 3836.627080
-21.593727 -70.164749 3836.697668
-24.655256 -69.844701 3836.420990
-22.392131 -71.782447 3836.685898
-105.573246 -74.198764 3837.855530
-82.028313 -80.555570 3836.462184
-130.278953 -79.278181 3836.442838
-128.863343 -79.353310 3836.416652
-129.978430 -81.673367 3836.438638
-147.507593 -90.812042 3839.221642
-55.640350 96.406046 3836.709218
-58.024604 95.780513 3836.781720
-54.058711 97.560942 3836.739942
-54.841269 100.722869 3836.607845
-52.855751 96.930266 3836.635107
-51.070913 98.615336 3836.709520
-54.269890 94.527499 3836.534787
-55.338626 91.634559 3836.757743
-53.851323 95.474374 3836.650912
-52.845721 93.468020 3836.859893
-132.665228 90.236349 3836.515176
-130.714630 91.009747 3836.673919
-134.139560 92.528302 3836.395160
-134.665338 90.355749 3836.514956
-136.620428 92.586344 3836.428328
-131.738565 89.244160 3836.664597
-128.055768 85.169305 3836.468087
-130.290358 88.850322 3836.190272
-29.546601 86.285149 3836.365879
-29.744991 82.669698 3836.565565
-26.912444 86.064590 3836.520019
-26.395220 83.901681 3836.328054
-26.659021 86.179506 3836.516972
-26.844818 81.340905 3836.505990
-94.782812 73.628495 3836.921242
-78.243896 54.548315 3837.055738
-76.890589 53.661224 3836.624620
-75.723803 55.339083 3836.651598
-78.131817 56.785435 3836.599247
-78.277257 58.242072 3836.650562
-105.199652 57.291522 3836.873944
-104.249794 54.293459 3836.915702
-104.404477 53.255775 3836.756487
-102.873070 52.341940 3836.643018
-101.343403 56.801088 3836.674129
-103.075021 56.916715 3836.710071
-97.014369 54.582722 3836.548523
-99.537703 56.851139 3837.205157
-99.362950 52.464727 3836.760352
-180.421940 40.743462 3836.727212
-182.058647 42.913909 3836.575419
-182.446200 41.270227 3836.324873
-179.588902 39.844663 3836.847304
-178.583416 37.035995 3836.348079
-178.101060 40.885267 3839.541597
-137.639867 33.992132 3836.425696
-141.813018 32.585377 3838.207901
-138.856292 34.716697 3836.654368
-140.880677 34.478393 3836.906553
-136.273295 32.527791 3836.691647
-26.786196 14.947024 3836.663606
-25.054600 16.334226 3836.309117
-28.327422 17.900880 3836.288495
-25.830989 16.576107 3836.458834
-26.013327 17.758363 3836.654125
-29.358666 14.250040 3836.414186
-27.122041 13.711018 3836.408781
-204.320847 -20.964677 3836.646345
-204.069033 -20.032197 3836.918471
-43.943146 -41.182317 3836.551048
-41.637560 -39.811936 3836.675019
-45.711140 -40.817209 3836.326003
-45.029638 -38.970489 3836.442227
-47.435249 -39.649567 3836.498168
-44.984872 -43.342605 3836.558407
-42.879515 -41.794802 3836.600054
-127.736952 -43.168629 3836.387231
-130.067413 -44.133884 3836.360110
-128.856951 -40.097188 3836.423901
-131.401042 -39.247069 3836.572414
-127.649678 -41.329178 3836.404216
-127.468931 -38.499593 3836.518578
-126.129610 -42.258592 3836.200513
-123.503470 -42.143690 3836.223454
-126.942009 -42.802285 3836.353336
-125.781557 -44.587725 3836.232120
-62.333389 -52.625579 3836.567215
-63.230447 -53.157377 3837.118295
-61.790430 -53.830695 3837.716193
-58.637817 -49.579142 3836.723136
-58.261020 -48.464385 3836.583892
-61.833274 -49.636743 3836.593514
-59.274642 -51.469619 3836.500104
-58.271585 -51.377456 3836.493169
-82.198331 -50.934683 3836.659232
-82.055840 -53.122252 3836.827685
-80.409681 -52.407951 3836.687386
-80.257086 -53.964119 3836.423663
-77.144149 -49.358627 3836.655789
-78.232565 -52.711388 3836.597994
-98.818830 -67.073311 3836.444813
-98.025919 -66.661413 3836.528894
-96.292111 -67.305363 3836.650017
-63.411861 -62.866254 3836.668740
-66.095055 -65.396987 3836.465648
-66.610615 -67.350058 3836.411635
-63.830905 -66.407203 3836.601999
-63.216053 -64.000109 3836.366877
-66.683763 -71.993279 3836.642253
-64.694801 -67.758398 3836.520629
-63.384533 -67.991325 3836.466840
-124.424878 -78.038578 3836.646392
-124.888567 -79.403469 3836.544636
-46.312164 -79.548806 3836.617397
-16.723657 -80.622602 3836.676701
-18.296569 -82.684161 3836.513595
-15.515986 -76.936222 3836.450331
-17.326575 -82.995181 3836.586637
-14.417716 -80.823360 3836.387365
-13.822715 -79.906599 3836.451739
-99.772804 -87.448982 3837.366585
-97.599517 -86.566047 3836.693361
-101.200897 -89.993850 3836.563361
-101.588378 -93.186083 3836.620872
-98.116775 -91.187171 3836.728128
-119.331485 -90.377849 3836.478030
-123.875823 -91.335737 3836.655610
-119.556497 -92.370794 3836.511617
-68.969415 -100.201572 3836.424943
-71.185818 -101.866094 3836.612926
-69.020959 -102.676871 3836.590852
-70.850491 -96.766272 3836.413711
-72.677708 -98.645441 3836.289623
-74.800421 -98.748581 3836.520865
-73.636777 -100.715605 3836.549048
-71.479643 -103.329433 3836.719035
-119.514695 77.228547 3836.505623
-117.347571 72.708268 3836.707116
-117.040030 76.348784 3837.010535
-115.313174 75.400038 3836.710601
-115.876476 77.543564 3836.735936
-115.975868 79.516916 3836.574176
-117.469519 82.322749 3836.610589
-119.976041 79.514826 3836.526409
-122.733981 82.515277 3836.501143
-121.232431 78.581636 3836.419956
-118.647275 83.002374 3836.780895
-121.401503 86.442526 3836.694360
-153.058476 62.582842 3836.641007
-165.956451 49.799618 3836.437290
-167.215491 52.212705 3836.451339
-165.624460 52.220683 3836.366781
9.470904 23.987588 3836.250400
12.208547 21.837337 3836.549524
10.764468 21.086606 3836.507813
13.584982 19.425782 3836.490804
7.733774 22.746354 3836.274430
9.041089 20.903810 3836.309553
9.068741 18.969556 3836.238269
-132.488451 -63.130788 3837.768299
-58.658528 -92.597624 3836.658719
-57.836793 -89.827572 3836.567517
-57.594145 -95.063289 3836.362327
-198.082084 69.900487 3840.139560
-200.098147 66.550438 3840.535308
-102.379697 -34.589846 3841.378249
-31.287810 24.903007 3815.037132
-29.677235 24.702358 3815.241739
-31.041253 20.861439 3814.993182
-34.644345 23.118665 3814.961841
-28.574417 22.396131 3815.163014
-51.365770 -54.768178 3815.141110
-51.440882 -53.714031 3815.239113
-53.513674 -58.184138 3815.046072
-48.874234 -52.680935 3815.199754
-49.317154 -56.295007 3815.031399
-47.343449 -53.865386 3815.028342
-55.088949 86.847334 3815.035013
-52.899825 89.072625 3814.623588
-56.491847 85.468995 3814.795400
-58.279428 86.603762 3814.575429
-56.148076 88.605469 3815.156416
-58.022737 82.470711 3814.871605
-58.509603 84.168701 3814.474011
-111.999760 59.370359 3814.973955
-110.669975 59.006325 3814.960218
-116.943712 59.203658 3814.614675
-114.756581 58.512620 3814.787944
-116.555781 55.944917 3814.946634
-112.821343 57.113726 3814.802795
-113.627087 56.619370 3814.870497
-115.832538 60.688823 3814.977270
-145.328455 20.277917 3815.068960
-146.431148 19.450729 3814.972969
-145.213610 17.788757 3814.707166
-146.223691 17.812178 3814.803164
-146.965921 18.785813 3814.838615
-128.343118 -40.839955 3815.092345
-127.746787 -42.457990 3815.218744
-130.373187 -39.582712 3814.897238
-126.909489 -39.765747 3815.354843
-126.394710 -41.191299 3815.324085
-132.230030 -36.361625 3815.034490
-129.499399 -36.980647 3814.785731
-134.531302 -39.064919 3815.130753
-132.941833 -37.189234 3815.123626
-133.207613 -39.454071 3815.184824
-134.317211 -39.691972 3815.138493
-44.973429 -38.406419 3815.230531
-44.415143 -37.316638 3815.062447
-43.011410 -38.983045 3814.964025
-40.619808 -37.902837 3815.161491
-47.480253 -40.023446 3815.219985
-50.142103 -39.897916 3814.914963
-44.160947 -40.782082 3815.065654
-41.969943 -42.038558 3814.933412
-46.897925 -42.072203 3815.149075
-48.750273 -43.676596 3814.899282
-37.192191 -59.994820 3814.347687
-75.465759 -65.250479 3815.310448
-74.995903 -67.595780 3815.241187
-72.553150 -65.288881 3814.859343
-71.319141 -63.357312 3815.057918
-72.909609 -67.067746 3814.207222
-71.655322 -66.536313 3814.182718
-73.978266 -68.375388 3812.741893
-93.466571 -79.474814 3815.398487
-59.362651 -78.143135 3815.097264
-61.123845 -81.503126 3814.467868
-62.322704 -81.018862 3815.291632
-69.664599 -80.771563 3814.897093
-69.717404 -81.463612 3814.208829
-52.300860 -88.930168 3815.391738
-52.589974 -87.727002 3815.319678
-55.603675 -88.709938 3814.904677
-55.319689 -90.618630 3815.186947
-116.656611 -90.939972 3815.129670
-116.641957 -87.718782 3815.008983
-117.920034 -87.988173 3814.784356
-116.741996 -85.948877 3815.000487
-120.538253 -89.881380 3814.957782
-119.640292 -90.676551 3814.941336
-120.775645 -92.174547 3815.052117
-94.840790 -89.463152 3815.287224
-98.859108 -89.930341 3815.394340
-96.384256 -92.834022 3815.138957
-97.175527 -94.309946 3815.237837
-75.584064 -87.964933 3814.894509
-78.783965 -85.743326 3814.972172
-76.742063 -91.384520 3814.979813
-83.184579 -97.063475 3815.355379
-82.921278 -94.647136 3815.165467
-84.122216 -91.921076 3814.567330
-80.854883 -98.169794 3814.981156
-82.823453 -91.457056 3813.674564
-80.787407 -93.274287 3815.285674
-93.654711 70.718405 3814.575109
-94.211929 71.380766 3814.806727
-96.362501 69.008181 3814.927612
-97.193715 70.946685 3814.643113
-92.154101 71.413732 3814.590533
-90.020055 68.859968 3814.511327
-91.126065 67.637229 3814.623929
-92.886516 66.519343 3814.752802
-94.245793 66.848145 3814.735454
-97.101063 68.136795 3814.923160
-63.719948 51.907819 3814.630808
-65.198388 54.107621 3814.891751
-60.768670 50.628431 3814.415965
-61.315931 52.348212 3814.740387
-58.692897 49.770590 3815.035300
-62.755949 50.098590 3814.434420
-65.131351 49.722209 3814.690034
-60.339898 48.466913 3814.820428
-60.811905 46.726213 3814.841762
-37.263143 40.286714 3814.903370
-39.135563 42.093214 3815.026601
-41.987497 39.317852 3815.019521
14.360992 26.536028 3814.999850
12.246288 28.070613 3815.025768
13.522273 27.583795 3814.954917
7.891171 26.164734 3811.705362
9.647794 24.879490 3814.942607
10.665698 28.015436 3814.440043
10.455727 28.970878 3814.436198
-92.645446 -50.982309 3814.921870
-91.362753 -53.560695 3815.227944
-94.991011 -53.290155 3815.061555
-110.840386 -52.486432 3815.047720
-113.081089 -50.895795 3814.598269
-110.915231 -51.587545 3815.219054
-112.689717 -54.078472 3812.308312
-42.147943 -65.643182 3814.436483
-31.816590 -65.285175 3814.092480
-27.486789 -68.671687 3815.040779
-26.314074 -68.203814 3814.948311
-30.657153 -68.429179 3815.309321
-31.410760 -69.391696 3815.158256
-28.746286 -70.465054 3814.871780
-102.946545 -69.115680 3814.786991
-108.339408 -68.195079 3815.048832
-109.954821 -71.552623 3815.196006
-110.981104 -74.007102 3815.321646
-111.135202 -64.715268 3814.726505
-52.050953 -72.320296 3814.905470
-49.936924 -71.056961 3815.237523
-47.972917 -75.199659 3815.320463
-50.755569 -73.729504 3814.998083
-66.514668 -74.968768 3815.075124
-96.155466 -80.390899 3815.181116
-42.914332 -80.728471 3814.852190
-155.172537 -80.952783 3815.205649
-154.567362 -82.075796 3814.611034
-156.375321 -83.187152 3815.158766
-158.108870 -81.254399 3814.856282
-159.040444 -80.859928 3814.808994
-169.610905 -86.026993 3813.162912
-167.908097 -86.398663 3814.858556
-22.544467 -87.056454 3814.745999
-20.615334 -88.984153 3815.054191
-24.323797 -91.121925 3814.918003
-24.916053 -87.480457 3814.631082
-90.472169 90.689768 3814.661312
-90.797309 84.457973 3813.022503
-105.059708 80.670458 3814.578657
-106.844045 82.554625 3814.904580
-103.602058 85.190593 3814.897939
-104.533637 81.990245 3814.853714
-108.517101 83.527130 3814.846788
-108.908139 86.217132 3814.589403
-12.911635 57.993019 3814.795141
-10.394704 62.086559 3814.992137
-12.628224 56.619957 3814.700877
-11.675391 56.766202 3814.718827
-14.673634 58.663492 3814.648187
-0.928805 54.350838 3814.554070
-1.506086 54.141422 3813.531457
-0.685898 52.825034 3813.509136
-5.255269 53.211381 3814.562438
-1.913715 52.768414 3811.914620
-35.181030 54.207833 3814.979743
-181.438670 32.615213 3814.833022
-181.277497 30.622023 3814.944380
-183.398709 33.072850 3815.135138
-177.907534 27.921056 3814.876113
-179.354429 30.175784 3815.181369
-176.467419 29.950826 3815.268482
-181.370990 28.112884 3815.195084
-184.176951 29.554656 3815.229107
-12.654884 28.066320 3813.970947
-186.974274 16.095385 3814.497778
-186.052852 15.678691 3814.239166
-184.053054 14.918878 3814.732984
-25.986882 13.092447 3814.076382
-26.251658 14.634826 3813.129234
-25.978381 12.186475 3814.712527
-28.121153 9.046232 3815.154477
-26.017519 10.562084 3815.232092
-25.240576 11.835211 3813.469675
-23.777684 11.684388 3812.651019
-149.001550 2.970008 3815.409314
-150.050926 2.212801 3815.151808
-148.384768 4.031634 3815.346829
-76.508635 -53.122327 3814.906918
-74.248129 -52.764062 3814.908239
-74.503256 -51.923847 3815.164966
-77.437898 -53.510741 3814.764793
-75.021206 -53.598091 3813.320388
-130.537854 -79.384396 3814.637493
-122.907020 70.123220 3814.394286
-124.204728 68.655523 3814.950111
-123.805521 69.305884 3814.534855
-161.672152 66.686271 3813.256573
-162.572745 65.710018 3813.783523
-161.925690 66.468617 3813.805135
-161.751260 63.117904 3811.603043
-163.681544 64.813854 3813.786396
-98.721232 64.605177 3814.567912
-97.323099 65.884701 3814.941250
-97.389838 64.065537 3815.018021
-99.331654 62.963517 3813.761003
-100.715668 62.080006 3814.473578
-102.384109 62.541531 3812.113481
-100.989719 65.480998 3812.355772
-127.475033 45.698828 3815.183889
-125.297801 46.481895 3815.176102
-123.316622 46.696202 3814.692744
-127.972304 47.642520 3814.146501
-178.276106 46.132335 3814.918222
-175.183190 46.260409 3815.058504
-177.535683 44.584722 3814.157830
-175.547322 44.216965 3812.496727
-173.414884 44.254555 3813.962281
-17.153530 27.712836 3814.978993
-17.557216 30.490650 3811.583330
-16.457782 29.268665 3812.384871
-140.867621 24.708792 3815.009529
-141.966620 25.444865 3814.939390
-141.974495 28.724463 3813.541048
-140.910550 30.532824 3814.706357
-93.271277 -64.446684 3813.487418
-140.355730 -79.730925 3815.102042
-49.783736 -82.497447 3814.991866
-48.676016 -82.967309 3814.889087
-50.600895 -84.199830 3813.151277
-63.782131 -83.232411 3815.242308
-50.949561 -92.921055 3815.395021
-50.938770 -90.468505 3814.362837
-49.590144 -92.299849 3814.894368
-73.471995 102.342344 3814.731949
-70.932058 102.874524 3815.028884
-71.217499 99.205884 3814.176178
-71.479273 99.037757 3813.645113
-71.809738 100.218813 3814.590908
-86.597105 91.507117 3814.910110
-165.593709 60.694252 3813.672422
-165.864822 59.158066 3814.748197
-168.156896 59.146552 3814.728689
-164.546960 57.576812 3815.019753
-164.730057 60.606395 3812.467676
-163.633543 59.216770 3812.842022
-1.332837 45.651846 3813.058869
-2.915178 44.777517 3813.385247
1.402565 46.558442 3814.013640
0.700398 46.908487 3812.874711
1.368331 48.154069 3813.849443
-1.571508 48.317523 3811.429352
-57.777280 -80.362818 3813.044734
-113.784531 -89.751695 3812.056621
-114.975625 -90.024628 3813.667637
-115.294367 -94.627533 3815.132515
-112.475442 -93.925613 3815.081584
-113.268191 -91.018246 3812.532704
-80.729572 73.715889 3814.549927
-80.470143 72.840315 3813.277739
-19.582706 12.178811 3814.449783
-19.287713 12.727871 3814.058333
-111.937981 -87.797209 3811.781604
-82.730719 92.620035 3814.099547
-80.186519 88.368171 3812.926592
-81.262436 87.870562 3814.830248
-82.883193 92.834087 3813.071025
-80.628273 93.111104 3812.481597
-80.487461 67.578150 3812.832296
-82.528240 67.615315 3814.917195
-82.269957 63.526899 3814.695872
-79.748013 63.831006 3811.967688
-80.201149 64.991299 3812.450338
-71.243184 66.321844 3814.605552
-72.797588 62.258501 3812.962887
-73.154688 63.467505 3812.028692
-71.715098 65.758425 3814.041287
-75.107377 -54.605010 3812.141376
-48.082772 -91.393090 3813.037047
-174.282261 41.833551 3811.639119
-100.575055 -67.895208 3812.101920
-102.058337 -67.621819 3813.621567
-102.057135 -68.404872 3814.065599
-104.022126 -89.181917 3812.930812
-76.366092 99.900994 3812.487098
-127.604988 76.592061 3812.922984
-119.789873 72.150349 3812.786687
-118.316885 71.608740 3811.936034
-122.349042 72.863670 3814.938090
-117.260364 69.353392 3811.645465
-119.702648 68.989442 3811.885806
-126.993433 69.077286 3812.923467
-129.993213 68.120942 3811.646758
-123.724799 67.745969 3812.475892
-122.922429 65.096189 3811.651370
-126.383379 64.278639 3811.643577
-184.117644 16.607106 3811.744298
-141.924887 -78.735612 3813.125413
-141.058672 -76.439406 3811.847868
-143.905127 -78.481468 3811.696018
-143.699088 -79.857157 3811.733867
-39.150809 -84.981000 3811.804407
-41.412254 -83.656274 3812.862626
-81.911677 -86.826011 3812.128788
-29.015955 -91.480730 3813.214100
-136.416502 85.860358 3812.693666
-136.112625 88.139036 3814.742286
-134.291948 88.172433 3813.585669
-133.567316 86.524394 3811.672385
-131.268447 85.027448 3811.662070
-131.769170 83.085292 3811.659588
-134.908547 83.685909 3811.714180
-136.668462 85.228216 3813.686867
-80.075473 78.413665 3811.638510
-78.956579 76.129374 3811.676558
-77.904224 76.406973 3811.640434
-79.545607 74.117360 3812.146647
-114.938077 64.529468 3813.138468
-116.646575 65.803363 3811.625974
-113.552551 72.265479 3811.657051
-116.125590 70.406877 3811.651415
-111.165030 69.138343 3811.654602
-114.171342 67.489840 3811.634799
-111.527018 65.254523 3812.362530
-107.958023 62.094686 3812.319200
-133.593344 51.680034 3814.439934
-133.126174 50.333598 3813.043374
-175.608158 36.921477 3811.658566
-25.918763 33.879106 3811.554713
-149.401451 29.784862 3811.657742
-89.992930 -66.469114 3814.176618
-90.301593 -69.756380 3811.837055
-91.110928 -69.386600 3811.756561
-93.041039 -68.898379 3811.668268
-94.762551 -74.304012 3812.602736
-92.624701 -76.759276 3813.468008
-93.454118 -76.254315 3814.931230
-91.530430 -76.792543 3812.368329
-47.094721 -86.123604 3811.731936
-78.838922 38.656315 3811.095821
-76.276069 38.255350 3809.621495
-4.096580 44.351868 3813.930405
-74.370676 69.824246 3811.610349
-86.221604 -83.761099 3839.518137
4.389764 26.760138 3811.471603
7.314951 26.584915 3811.483777
-160.876718 -106.619935 3841.238873
-160.088607 -107.116559 3842.018156
-181.861009 90.796055 3842.007918
-180.441178 92.323275 3840.308402
-192.625961 77.979869 3841.854970
-88.449647 -73.577624 3839.988711
-87.296074 -73.985500 3839.991362
-89.501967 -70.248033 3839.980303
-89.036317 -76.142338 3839.992760
-89.253828 -86.761067 3840.016063
-88.075795 -90.472853 3839.655886
-88.300161 -86.596520 3840.025918
-65.162982 -53.272876 3838.512128
-66.301709 -55.293002 3839.985710
-102.812618 -56.592567 3839.950855
-42.518924 -83.420564 3813.262884
-104.523781 67.851959 3811.840140
-105.782447 -54.884536 3811.712744
-148.275030 -60.600428 3812.149072
-4.511361 51.981695 3811.682085
-5.688044 50.540890 3811.465715
-5.495130 48.628791 3811.490563
-6.798608 47.774784 3811.495438
-9.988366 47.424812 3811.488591
-7.671129 44.943218 3811.481517
-10.716738 44.535621 3811.489960
-8.830292 43.715192 3811.730092
-12.621715 42.394851 3811.612438
-13.907734 42.474033 3811.507599
-14.419185 41.178006 3811.824897
-17.453633 39.731960 3811.892820
-13.451758 40.111633 3814.229499
-18.638768 37.945317 3812.851933
-20.384913 38.388516 3811.879238
-19.182698 37.479301 3812.556263
-23.554363 35.546625 3811.546650
-19.065863 35.295845 3811.502731
-21.360214 33.898340 3811.543757
-23.193346 33.396866 3811.548840
-20.880217 31.849445 3811.514635
-26.166459 31.375567 3811.744270
-23.090550 30.425895 3812.219975
-27.356892 30.549276 3812.900152
-29.993797 31.524024 3812.002311
-26.384082 29.310329 3815.004431
-30.203862 30.536613 3813.396875
-30.369814 28.177973 3815.071325
-32.102979 30.784410 3813.883206
-34.107580 31.908183 3814.277503
-33.987804 34.111203 3812.202901
-31.294531 31.324665 3812.476454
-31.958881 32.628844 3811.566384
-29.740941 35.530231 3811.561799
-26.998333 36.612374 3811.555069
-26.663402 37.299576 3811.554028
-25.269211 38.577089 3811.550396
-22.227390 37.245878 3811.615506
-23.792723 39.951419 3811.547070
-21.412386 39.636212 3811.524066
-22.262952 40.963786 3811.543388
-17.941190 43.095692 3811.531199
-18.346737 40.997004 3811.496980
-16.485386 44.321754 3811.524677
-14.222764 44.248976 3811.519382
-16.993219 45.945771 3811.548490
-12.855954 47.059320 3811.491505
-12.767447 48.339089 3811.889864
-11.448781 49.677517 3812.503725
-9.265162 48.301048 3811.464681
-10.393641 50.886583 3814.062074
-6.064224 52.813853 3813.476854
-7.698800 50.114509 3811.526025
-9.277798 52.676836 3815.072709
-6.142010 52.973339 3814.697335
-10.228398 53.752807 3814.716302
-7.037789 54.194413 3814.936972
-9.132395 57.140652 3814.801067
-5.201087 59.171660 3814.859667
-4.426323 55.907060 3815.060389
-2.765634 59.539719 3814.716699
-1.272063 57.811760 3814.934936
-1.713562 61.238554 3814.865732
0.679787 59.480503 3814.799589
1.253445 57.758746 3815.201441
2.210314 59.626457 3814.943666
2.850607 58.082703 3815.151802
4.772430 56.202072 3814.769045
5.355028 57.971386 3814.934182
7.329272 57.104178 3814.909550
7.376991 54.067208 3814.737906
8.907055 57.214151 3815.174860
10.371761 53.948536 3814.667211
11.178640 55.022545 3814.999990
12.159340 54.017917 3814.958719
12.253688 52.071100 3815.071430
14.660237 52.773461 3814.960260
15.634395 51.917813 3814.908808
16.589488 50.522959 3814.994311
17.770984 52.398620 3814.801849
19.316747 46.482850 3814.899429
20.591606 47.776154 3814.682355
20.992184 47.737633 3814.755412
23.700134 43.426466 3814.851105
23.928854 44.767833 3813.867276
24.971345 41.830929 3814.584221
25.547147 40.394463 3812.744241
25.194451 41.396253 3811.964830
26.870985 36.363499 3812.402368
26.623981 37.157808 3810.604742
28.277063 31.441845 3810.036178
29.072676 28.173699 3809.467549
30.532300 22.728467 3809.266286
31.691602 25.229206 3809.252282
33.537907 19.006491 3809.252282
35.231374 14.219403 3809.252281
35.660988 16.740238 3809.252282
36.444797 9.237159 3809.252282
37.381693 10.859845 3809.252282
38.277704 8.243904 3809.252280
38.864330 4.021466 3809.252282
39.866171 5.225560 3809.252282
39.498316 0.827986 3809.252281
40.592549 -1.037255 3809.252282
41.483198 1.555442 3809.252270
41.252292 -6.668851 3809.251991
42.385619 -5.469724 3809.282844
42.490386 -8.133498 3809.776805
42.045139 -13.079482 3810.197907
42.219284 -11.362257 3811.167952
41.619845 -16.539237 3810.697522
41.406978 -18.030980 3811.904838
41.692416 -15.988734 3812.797680
40.326773 -24.287746 3812.903795
40.589023 -22.919520 3814.040894
40.230330 -24.775736 3814.540244
39.866279 -26.514069 3815.380231
38.620180 -31.753518 3815.095149
39.351293 -28.791992 3816.625315
38.660553 -31.596037 3816.004553
37.999364 -34.051263 3816.374965
38.765459 -31.180054 3818.401808
37.870394 -34.507910 3817.807873
36.781181 -38.145174 3817.794549
38.333902 -32.823768 3820.605317
37.169938 -36.892012 3821.007098
35.806239 -41.117098 3820.999922
36.935935 -37.647060 3822.362326
36.963144 -37.559400 3823.543846
35.497027 -42.003944 3823.412971
34.136017 -45.714732 3822.707603
35.794504 -41.149711 3824.793448
35.776703 -41.200963 3825.926824
34.236293 -45.454251 3825.663389
33.012539 -48.537066 3824.846584
34.641783 -44.374808 3826.787507
34.440916 -44.916953 3828.101690
33.049420 -48.447245 3827.854648
31.468662 -52.136062 3827.050971
33.273229 -47.900728 3829.197860
33.415555 -47.552754 3830.194554
31.565479 -51.919872 3829.952051
30.340281 -54.592436 3829.345803
32.378416 -50.053487 3830.559671
30.833389 -53.537103 3830.662529
29.155604 -57.039787 3831.350530
30.516234 -54.218213 3832.611702
29.655980 -56.019889 3832.680512
28.749761 -57.845092 3832.583818
27.637480 -59.990337 3832.477776
28.026143 -59.254683 3834.713040
25.419733 -64.003596 3835.492029
28.282353 -58.758957 3836.318371
25.305531 -64.200597 3835.812258
26.524644 -62.045777 3837.269433
22.321142 -69.109461 3837.872459
22.412944 -68.966637 3838.282519
21.784868 -69.940648 3838.975785
19.657660 -73.113507 3839.174418
19.725500 -73.015018 3840.207163
15.904542 -78.262921 3839.783170
16.272727 -77.781895 3840.899713
17.419985 -76.252788 3841.645371
12.542883 -82.439014 3841.992886
13.024321 -81.691039 3842.203817
12.051583 -81.895771 3842.294957
9.629352 -82.972351 3842.291603
7.638597 -84.440976 3842.291603
1.498262 -89.838822 3842.291603
-1.413406 -91.037073 3842.291603
-2.850751 -90.555924 3842.291603
-5.741015 -91.251196 3842.291603
-10.919203 -94.261445 3842.291603
-15.271383 -96.335033 3842.291589
-16.437843 -95.543915 3842.240916
-19.342871 -97.653225 3842.245308
-19.874563 -97.732710 3840.353036
-26.490272 -101.948664 3839.911002
-25.530097 -101.374215 3838.514897
-24.181198 -100.546536 3838.134926
-31.213371 -103.900528 3836.710308
-29.652131 -102.648101 3836.914943
-32.153468 -104.101568 3836.815108
-34.161827 -103.507480 3836.666207
-34.701821 -102.044612 3836.487971
-40.381197 -104.721905 3836.570438
-39.838622 -102.304016 3836.803554
-44.451982 -104.180095 3836.734961
-41.629231 -101.391144 3836.546073
-47.151281 -101.871352 3836.414581
-45.284459 -101.089643 3836.627458
-46.454638 -100.210348 3836.431805
-51.957836 -99.770358 3836.822512
-49.205676 -99.067066 3836.578137
-50.164369 -99.711002 3836.445949
-53.483207 -97.484552 3836.405446
-53.421017 -99.127527 3836.473357
-52.354017 -95.912569 3836.585204
-54.494196 -95.357994 3836.509563
-50.746802 -95.530159 3836.566756
-52.337673 -93.420587 3836.665929
-50.996372 -93.263559 3836.361267
-52.791548 -91.739627 3836.654462
-57.475634 -89.276216 3836.494978
-54.911786 -89.486144 3836.697558
-57.746333 -86.621240 3836.374012
-56.172540 -86.007536 3836.634723
-56.094204 -84.916701 3836.700969
-57.270518 -82.459334 3837.413341
-57.472941 -82.137790 3837.984197
-58.302007 -80.442897 3838.805894
-59.490997 -75.292712 3837.850441
-58.568928 -77.416552 3839.458809
-58.836144 -71.605239 3839.920470
-57.132609 -76.549217 3840.058346
-58.623058 -72.031693 3840.005267
-57.193154 -72.920693 3840.026050
-56.625893 -68.683910 3840.013211
-55.214003 -70.057141 3840.014136
-52.343639 -62.587611 3839.996998
-52.441856 -65.409795 3840.035796
-51.342773 -64.950194 3839.943126
-47.960845 -61.649867 3839.343033
-48.411033 -62.735493 3838.591887
-45.270653 -60.654375 3838.657970
-47.203790 -62.429118 3836.740791
-42.650725 -60.236368 3837.158508
-44.787339 -61.878448 3836.835394
-39.261438 -61.042677 3836.795590
-40.089597 -61.887683 3836.353032
-37.207426 -62.204895 3836.847774
-36.691834 -63.871817 3836.389372
-36.232960 -65.904970 3836.326895
-32.471498 -68.207971 3836.522199
-29.221746 -69.232326 3836.490430
-25.497349 -70.853123 3837.964931
-24.337689 -72.252591 3838.019069
-24.380199 -73.508757 3838.104500
-25.046455 -74.564579 3839.449135
-26.843962 -75.264696 3840.067361
-27.793756 -78.024863 3840.054824
-28.694424 -79.347832 3840.058089
-31.086471 -78.654924 3840.026070
-29.966245 -77.256275 3840.055740
-30.078695 -76.370325 3840.049791
-29.544849 -72.486779 3840.061865
-34.260616 -71.999717 3840.041031
-32.686997 -71.883007 3840.021767
-34.056834 -71.147728 3839.612883
-36.069102 -70.354529 3836.860516
-35.109928 -69.720341 3836.786130
-38.732824 -68.661179 3836.373463
-41.841817 -67.012816 3836.242269
-43.261648 -68.627645 3836.611458
-42.780790 -71.414653 3836.286485
-40.756068 -71.550825 3838.773850
-40.925865 -73.046307 3838.665090
-40.922455 -74.809786 3837.235620
-40.646260 -74.035044 3839.100302
-37.622225 -76.370738 3839.883978
-35.633170 -77.394581 3838.888365
-33.996811 -77.494269 3838.112946
-38.519135 -77.398486 3837.869269
-37.818390 -78.834208 3836.431579
-35.245291 -80.385647 3836.418465
-33.304412 -81.804249 3837.231358
-34.079491 -82.901706 3837.688522
-35.166341 -83.267139 3837.632802
-37.823946 -85.106053 3839.628805
-39.411374 -85.115967 3839.299625
-41.377347 -84.809768 3837.922706
-42.091031 -84.541321 3836.960250
-41.698414 -81.992386 3836.431210
-44.254108 -80.370737 3836.683457
-43.543584 -78.499888 3836.378840
-40.061872 -78.627782 3836.564950
-38.987031 -77.356493 3837.669765
-39.926753 -79.401487 3836.418285
-39.224928 -81.980423 3836.506730
-38.129537 -83.057062 3836.821776
-41.437240 -76.613944 3836.781077
-45.522859 -78.017171 3836.549647
-46.255012 -78.602004 3836.686325
-47.576905 -81.151396 3836.627448
-46.276862 -82.805432 3837.151744
-45.175109 -83.761029 3838.384541
-43.422452 -83.850584 3836.842834
-42.937711 -84.727832 3837.813861
-41.684043 -87.214322 3840.087529
-38.080123 -87.431306 3840.080210
-36.743733 -85.707510 3840.092303
-33.477141 -83.417437 3839.651833
-32.424237 -84.407933 3840.101068
-29.442393 -82.277620 3840.069608
-27.667048 -85.734662 3840.114879
-27.712211 -83.265191 3840.076224
-25.444047 -80.306995 3839.774716
-24.477428 -80.185062 3837.714684
-23.988472 -80.356503 3837.020576
-24.488627 -77.324074 3837.812655
-23.063257 -76.729434 3836.858917
-22.117457 -76.014874 3836.753791
-23.616705 -74.035196 3836.767923
-18.583398 -76.540143 3836.490495
-19.211743 -74.638525 3836.383868
-17.881027 -74.228808 3836.538218
-16.421084 -75.067500 3836.460891
-15.705719 -73.607532 3836.581530
-18.683225 -71.748879 3836.569072
-15.639577 -70.995097 3836.458217
-18.471455 -69.746309 3836.597241
-19.674320 -70.501430 3836.706703
-19.727117 -68.844834 3836.592221
-21.122718 -66.347790 3836.527752
-22.195991 -66.066615 3836.570373
-23.572115 -67.478559 3836.752719
-25.614281 -64.505031 3836.845158
-26.596787 -66.105699 3836.843929
-27.463833 -64.864081 3837.451365
-29.754612 -65.491643 3836.945959
-27.505689 -67.823427 3836.445775
-33.293420 -64.314965 3837.669296
-33.912193 -63.457685 3838.515100
-35.065648 -63.104910 3836.798315
-35.695437 -61.215687 3838.992998
-37.788661 -61.167964 3837.073175
-38.893564 -59.552574 3839.236411
-38.554723 -60.116510 3837.405300
-43.012220 -58.500466 3839.964173
-41.669597 -58.086984 3840.019132
-44.428051 -59.008565 3839.910661
-47.867715 -58.492393 3839.991007
-47.237972 -59.921436 3839.955446
-53.678352 -61.449070 3840.006242
-51.575936 -58.783085 3839.997777
-56.373924 -63.177309 3840.016664
-53.575016 -62.775330 3839.996090
-57.549955 -65.572428 3839.973231
-57.177615 -66.686606 3840.039154
-58.402382 -63.942920 3838.432368
-59.705048 -70.269504 3838.039277
-58.666290 -70.577918 3839.936366
-60.415289 -71.264444 3836.981214
-59.662261 -74.289152 3837.364913
-59.725975 -71.874107 3839.105119
-60.373263 -76.264562 3836.647796
-59.503995 -77.180366 3836.859164
-61.638512 -78.722025 3836.466721
-60.376871 -79.327599 3836.565406
-62.031827 -80.546244 3836.305997
-59.705270 -86.122989 3836.453130
-60.305792 -86.295341 3836.597220
-59.387528 -88.499951 3836.488851
-57.340102 -87.968714 3836.400031
-62.525063 -86.215645 3837.753293
-60.426336 -89.618565 3837.547465
-62.737492 -86.214953 3839.026393
-61.036871 -90.099479 3839.601415
-61.792892 -89.684777 3839.979565
-62.338960 -92.004548 3837.033218
-59.368452 -93.642632 3836.284135
-61.081847 -95.517983 3836.372194
-59.176927 -94.042986 3836.278085
-60.137596 -97.552686 3836.712517
-57.839777 -99.422844 3836.550516
-57.476112 -101.343496 3836.749944
-54.904309 -100.443307 3836.405349
-57.642178 -97.570651 3836.384706
-56.170000 -103.612061 3836.391407
-52.125560 -103.593935 3836.381453
-53.517685 -100.196104 3836.527208
-53.125724 -104.601200 3836.622318
-48.622623 -105.436528 3836.430260
-48.858753 -102.466920 3836.400701
-49.295189 -107.194836 3837.046146
-47.240812 -104.960839 3836.595471
-45.838238 -106.692606 3836.444923
-43.939555 -105.944206 3836.614554
-43.248381 -108.211199 3836.725864
-39.431134 -105.240957 3836.554579
-35.955489 -106.919763 3836.939494
-35.265599 -106.665345 3837.541014
-33.836136 -105.961343 3836.880015
-32.982110 -105.525981 3839.140116
-31.463227 -104.735683 3838.025625
-26.796723 -102.129335 3840.735914
-28.326545 -103.013655 3841.202723
-24.392218 -100.677305 3840.733368
-23.526117 -100.932640 3842.297244
-22.698713 -100.699284 3842.294037
-21.129775 -98.932359 3842.282527
-17.237745 -100.159032 3842.291603
-11.169044 -96.911753 3842.291603
-9.460660 -95.704451 3842.291603
-5.491144 -93.801998 3842.291603
-2.594617 -93.049040 3842.291603
-0.723024 -92.121873 3842.291603
1.744697 -90.592631 3842.291603
5.157707 -88.292103 3842.291587
7.697065 -87.813194 3842.232770
11.174084 -84.077208 3840.696466
9.653375 -85.809008 3839.731629
12.756268 -82.207808 3840.900861
14.489889 -80.074151 3838.929814
14.505456 -80.054535 3838.639996
16.338477 -77.694405 3839.051176
17.756558 -75.787862 3837.843513
18.475098 -74.793634 3838.623498
20.235508 -72.271427 3836.025627
20.865878 -71.335834 3835.495465
21.818156 -69.889466 3834.261014
23.010622 -68.016738 3836.357572
22.956801 -68.102648 3833.060993
24.696283 -65.242587 3832.920651
23.920828 -66.538528 3835.155554
24.238322 -66.014071 3831.257779
26.143164 -62.731263 3832.029326
26.108352 -62.792883 3833.927251
25.184717 -64.409268 3828.973025
26.952390 -61.266684 3828.687720
27.192249 -60.826024 3830.849558
27.560536 -60.135597 3827.953444
27.519163 -60.213736 3826.946133
29.194291 -56.959788 3825.969012
29.568375 -56.198816 3828.615416
29.243205 -56.860290 3825.040685
29.114760 -57.120719 3823.654021
31.003204 -53.169796 3824.103414
31.192858 -52.748905 3826.865259
30.595638 -54.048790 3822.605480
30.721636 -53.778042 3821.623604
32.555282 -49.637101 3821.637528
32.733282 -49.216758 3824.322940
32.112936 -50.670843 3820.611535
33.026208 -48.503844 3821.439684
33.761974 -46.675974 3821.202540
33.697067 -46.841486 3823.275704
33.333795 -47.753985 3818.043306
34.516362 -44.712368 3818.364672
35.118636 -43.074006 3820.100100
34.384403 -45.066396 3817.535467
35.594539 -41.724814 3816.283061
36.129733 -40.153089 3818.473845
35.746242 -41.290333 3815.577130
37.296605 -36.471516 3815.241773
36.676298 -38.483264 3817.104120
37.835708 -34.628452 3813.688479
37.867219 -34.519408 3815.360971
38.969322 -30.367377 3812.635743
38.600401 -31.828686 3812.358709
39.296896 -29.028238 3812.799525
40.079594 -25.497753 3811.196291
40.148694 -25.168538 3812.286000
41.046218 -20.343086 3810.271566
40.439351 -20.497677 3809.249970
41.718650 -15.818355 3810.125007
40.708800 -14.285888 3809.252157
40.131338 -14.593589 3809.252301
40.838972 -11.666659 3809.252087
39.615702 -7.815515 3809.252280
40.693623 -7.965099 3809.252300
38.931452 -2.900132 3809.252280
37.469685 -3.662040 3809.252280
38.823471 1.209137 3809.252282
36.868815 2.746467 3809.252280
36.277052 2.014331 3809.252281
36.687329 5.484789 3809.252282
34.919043 8.218193 3809.252280
35.921500 8.226386 3809.252285
34.769708 12.034705 3809.252282
31.596382 14.513618 3809.311507
30.692030 19.973594 3809.745806
30.202030 22.789713 3809.842323
29.701231 25.378008 3810.168111
29.022008 28.453898 3812.779551
28.244576 31.569489 3813.606708
27.777148 33.294912 3812.920514
26.858620 35.780556 3814.718217
27.099041 35.623169 3813.154531
24.929184 38.339727 3814.972738
23.474312 36.855388 3814.612279
23.805254 40.764883 3814.965910
20.705548 40.638010 3814.835382
19.407330 42.336189 3814.814996
18.987789 44.978281 3814.867347
16.867370 41.771502 3814.962401
16.951329 46.148528 3814.794557
15.423017 44.406121 3814.992642
13.943253 47.530898 3814.967318
12.744750 46.515528 3815.131345
11.169853 48.071781 3814.886478
13.718423 50.179423 3814.896572
9.606939 48.048226 3815.010569
10.657827 50.255281 3815.031659
8.232323 49.336910 3814.755512
6.311299 50.990113 3815.003865
8.958756 53.183648 3814.758199
3.427225 50.350698 3814.865711
3.064282 52.959632 3814.643968
2.330043 50.419214 3814.881883
1.211104 48.941286 3814.260621
0.355063 51.956594 3814.654707
2.623869 47.195638 3814.854247
4.286064 46.701236 3814.830013
5.693630 47.125637 3814.708826
6.536626 43.794666 3815.045047
8.500075 46.446570 3814.756880
9.505455 43.819310 3814.939993
9.793835 45.673857 3814.806312
11.435871 43.599521 3814.918257
10.953125 40.330791 3815.176594
14.127736 43.871911 3814.927184
14.175120 39.745636 3815.009426
15.450996 43.029189 3814.932989
17.044522 39.758717 3814.930213
16.050802 38.129911 3814.699208
17.885302 38.680276 3814.964402
19.430104 35.634387 3814.936896
20.713437 38.210908 3815.009187
20.959398 33.885146 3815.042904
22.131192 35.036763 3814.760208
23.647137 35.202299 3815.051180
24.652991 32.416585 3814.949092
26.300138 32.448260 3814.824592
27.097504 27.958805 3814.778634
28.202833 29.902190 3814.553596
29.136086 27.969584 3814.282074
29.615975 25.816303 3814.076197
29.531717 26.188207 3812.276027
30.207250 22.811146 3812.200865
30.714947 19.871750 3811.012734
31.393133 14.955670 3810.561383
31.856929 10.115052 3809.842539
32.829158 5.915818 3809.250287
33.099827 6.591539 3809.251795
34.206056 5.749494 3809.252281
34.154542 -1.012752 3809.252282
35.464193 -0.435778 3809.252282
35.959947 1.788353 3809.252281
36.380298 -6.841266 3809.252282
36.914919 -5.934475 3809.252282
37.444266 -7.379314 3809.252281
37.505019 -11.108876 3809.252282
38.589272 -10.861151 3809.252281
37.515234 -17.888207 3809.252280
39.002196 -16.962593 3809.252281
39.820536 -15.109567 3809.252292
38.808456 -24.499267 3809.252267
39.548962 -23.094270 3809.250590
39.797832 -24.985155 3809.267196
39.249772 -28.948106 3809.380913
39.385735 -28.647113 3810.300177
37.508550 -35.771666 3810.039894
37.813413 -34.705870 3811.380339
38.317711 -32.883638 3811.950316
35.554784 -41.838813 3812.426062
36.078283 -40.309192 3813.024501
35.420800 -42.220979 3813.723887
34.130985 -45.727728 3814.396359
34.874069 -43.747517 3814.822575
33.215755 -48.041842 3815.424573
32.351061 -50.116267 3814.978290
33.165982 -48.163287 3817.378643
31.301034 -52.509487 3816.348885
31.594852 -51.856070 3817.896422
31.435795 -52.209737 3819.270521
30.102542 -55.095920 3818.316138
29.090453 -57.168391 3817.971620
30.829464 -53.546641 3821.024994
28.982111 -57.385812 3821.047870
26.705999 -61.715997 3820.531918
29.213934 -56.919060 3821.919283
28.191432 -58.936009 3821.597648
27.395288 -60.446372 3821.453722
25.428605 -63.988891 3822.384328
27.877410 -59.537615 3824.078787
26.619518 -61.873427 3823.849470
25.678778 -63.550592 3823.799802
23.812104 -66.717337 3824.239047
26.187402 -62.653841 3826.247225
24.905739 -64.887915 3826.015682
23.896175 -66.579510 3826.352669
22.061489 -69.513225 3826.732217
24.555618 -65.481086 3828.273754
22.890751 -68.208016 3829.164738
21.276629 -70.717415 3829.942855
21.110002 -70.968971 3828.466440
22.156906 -69.365237 3831.462440
20.174628 -72.360920 3830.520180
18.530536 -74.716405 3830.571954
20.918808 -71.256861 3834.080477
18.555011 -74.681918 3833.309490
17.799976 -75.728259 3834.518810
17.626570 -75.965853 3835.134272
14.286888 -80.329549 3834.754186
16.102422 -78.005152 3836.723039
12.168103 -82.912378 3835.759679
12.173755 -82.905504 3837.761476
12.906792 -82.025726 3838.034632
7.631492 -88.018641 3838.951512
8.534345 -87.045072 3839.118988
8.497675 -87.085039 3839.984946
3.561333 -92.176392 3840.733813
2.190287 -93.500056 3841.412217
2.006933 -93.502633 3842.208505
2.294101 -92.407348 3842.296118
-1.661150 -94.779073 3842.291585
-4.715436 -96.491491 3842.291603
-7.403848 -98.126021 3842.291603
-7.899829 -97.224975 3842.291603
-12.951198 -101.280768 3842.291603
-13.092883 -99.729058 3842.291603
-11.931092 -98.405925 3842.291603
-18.601001 -102.371134 3842.291603
-18.685178 -101.282251 3842.291603
-18.487975 -100.274280 3842.291603
-24.432285 -104.453565 3842.291603
-25.326745 -104.215048 3842.291603
-25.153196 -102.488228 3842.291924
-30.291238 -105.495886 3842.291627
-30.716879 -104.334337 3841.488474
-30.241308 -104.080018 3841.150266
-36.775292 -107.382107 3840.181388
-35.273351 -106.667423 3839.884571
-35.727403 -106.887610 3839.081167
-39.218742 -108.492636 3838.777077
-38.430982 -108.143693 3837.183575
-44.241837 -110.560391 3836.801055
-44.188914 -109.461003 3836.367199
-48.378813 -110.274250 3836.718693
-46.440174 -108.476352 3836.430211
-48.326576 -108.252191 3836.598984
-51.046315 -108.059278 3836.497730
-52.658740 -108.623908 3836.978062
-53.279132 -107.044469 3836.353016
-58.528079 -106.524724 3836.442197
-55.117639 -104.967023 3836.514904
-58.379771 -104.268098 3836.263868
-60.734529 -105.844502 3836.870821
-57.288309 -101.788146 3836.852067
-60.740509 -102.129342 3836.517776
-63.145948 -103.216207 3836.542816
-60.866529 -100.369175 3836.725720
-63.039692 -99.753675 3836.476574
-65.785538 -99.256159 3836.516417
-62.962368 -97.577170 3836.505133
-65.784608 -96.507765 3836.565748
-66.819694 -97.138533 3836.263589
-66.547775 -94.657376 3836.635584
-68.992798 -94.546311 3836.513577
-67.989790 -91.850966 3836.760143
-67.801008 -91.350564 3837.985210
-68.002844 -90.718517 3839.460679
-69.023252 -87.837078 3840.081961
-66.417048 -87.452312 3840.049636
-69.816327 -83.044059 3840.034689
-66.371513 -84.322456 3840.071590
-68.326020 -80.808542 3840.068064
-66.318345 -82.505859 3839.921466
-68.176990 -77.255325 3838.538922
-69.797499 -75.905145 3839.465152
-66.729552 -79.374473 3837.517046
-68.371317 -75.523453 3836.948226
-70.347650 -71.229459 3836.415387
-67.788448 -75.869669 3836.631788
-68.606007 -71.532481 3836.303683
-69.038492 -69.936329 3836.572263
-71.673799 -72.912282 3839.347432
-71.502482 -71.809586 3837.179494
-71.701222 -68.650662 3836.353906
-70.617627 -68.847047 3836.459126
-69.520653 -66.536808 3836.546152
-70.991254 -64.929115 3837.437562
-69.994858 -64.843690 3836.818393
-69.882912 -63.576491 3837.513387
-69.797913 -61.665419 3839.884164
-67.115266 -60.810077 3838.528503
-69.601968 -59.548291 3840.003049
-67.392483 -57.101846 3839.982741
-71.524068 -61.665619 3840.004164
-71.257871 -56.666693 3840.011998
-69.058531 -56.151975 3839.986499
-73.025488 -58.990753 3840.001718
-71.963337 -55.254301 3839.312249
-69.912484 -55.052842 3839.975841
-75.384187 -57.073723 3836.938916
-74.676182 -57.558343 3838.865476
-74.058111 -54.187561 3836.628137
-72.391251 -54.168808 3836.702280
-69.985735 -51.878619 3836.397034
-72.880642 -52.775843 3836.565797
-72.872338 -51.635023 3836.685266
-76.627864 -52.717287 3836.564711
-70.678485 -49.610224 3836.580082
-72.882026 -48.763879 3836.522835
-71.971450 -47.856624 3836.436153
-73.920793 -47.868395 3836.649930
-71.967274 -45.707034 3836.410633
-76.081597 -48.123976 3836.555658
-77.491530 -48.759928 3836.516818
-77.994252 -46.661741 3836.240932
-83.064102 -48.086413 3836.315989
-80.642703 -46.709259 3836.835451
-84.533228 -47.270132 3836.586410
-84.571677 -45.499921 3836.622840
-85.455272 -44.969406 3836.439746
-88.763609 -45.158711 3836.405347
-87.071140 -44.566357 3837.863476
-94.035042 -44.103417 3836.789708
-94.278217 -44.058351 3838.319353
-95.163158 -43.916301 3839.405322
-100.570147 -42.648380 3839.704277
-102.784917 -41.923869 3840.050607
-102.377390 -41.796003 3842.259490
-107.295547 -39.077158 3842.294311
-111.255399 -36.363154 3842.290426
-113.205007 -34.501023 3842.281469
-110.913050 -33.281395 3842.041270
-114.599963 -29.103825 3841.908372
-117.229793 -25.222027 3841.891283
-117.994861 -23.281717 3841.862226
-117.318853 -23.458767 3839.642655
-119.793365 -20.086948 3838.583815
-120.864528 -18.349974 3837.634603
-121.049729 -18.026719 3836.457355
-122.679314 -14.816795 3835.678728
-122.553977 -15.090771 3835.051025
-123.523834 -12.787673 3834.888105
-123.884334 -11.807931 3831.362425
-123.431504 -13.027431 3830.747745
-124.281655 -10.622411 3829.406825
-124.698121 -9.213301 3830.504987
-124.618543 -9.496742 3828.422608
-125.412271 -6.127186 3827.194312
-124.697756 -9.216199 3825.494383
-125.292868 -6.734693 3825.750876
-125.314057 -6.629284 3823.884382
-125.517084 -5.548523 3822.601081
-125.947651 -2.184449 3823.478303
-125.665905 -4.621299 3820.636147
-126.022343 -1.109218 3820.894407
-125.846991 -3.223578 3818.117131
-126.073093 1.858307 3818.857492
-126.082317 1.130845 3816.592328
-126.077073 0.431423 3816.127130
-125.930422 4.448946 3814.882871
-125.933381 4.417127 3813.876321
-125.693206 6.498113 3814.126531
-125.700844 6.449038 3811.189994
-124.676510 11.507559 3809.783564
-124.301740 15.737222 3809.599267
-124.001660 17.996666 3809.563722
-126.108685 18.315874 3809.376069
-124.771631 23.259779 3809.285330
-122.419363 27.234135 3809.267502
-120.930732 29.305055 3809.261012
-122.701601 29.999139 3810.135325
-119.306467 33.691219 3810.140979
-117.774558 35.115058 3811.036155
-116.663792 36.070539 3812.593950
-115.234253 37.212965 3812.748661
-112.771767 38.974627 3812.398328
-113.417776 38.549550 3814.285199
-109.232309 41.109248 3813.116463
-110.591394 40.727773 3815.143608
-109.142308 42.270661 3814.969895
-107.791127 43.722134 3814.962727
-109.014820 44.085071 3814.921411
-103.694594 46.224101 3814.642969
-107.677714 46.460068 3815.080262
-102.018039 47.579887 3814.558658
-104.685958 48.323703 3814.778379
-100.724134 48.583184 3814.572765
-102.569662 49.278270 3814.947889
-98.640299 50.582657 3815.050583
-95.269829 50.443395 3814.854335
-98.676190 52.911864 3814.650291
-94.496915 52.517002 3814.700067
-94.820293 53.940287 3815.026122
-95.339030 55.477631 3814.847504
-92.967713 54.391867 3814.693745
-91.118941 54.886454 3814.846437
-92.272806 57.591983 3814.448791
-89.410824 58.056686 3814.942798
-86.845875 56.997603 3814.834980
-91.386321 59.461204 3814.613176
-88.472499 58.971768 3815.011909
-85.336920 60.147842 3815.184136
-86.315055 58.601634 3814.693251
-87.061315 62.301428 3814.954714
-84.496379 62.972147 3814.936137
-88.827582 63.512941 3814.796062
-85.870481 63.553468 3814.739218
-84.367451 63.333637 3815.006399
-88.401721 66.721085 3814.913922
-85.298265 66.360190 3814.706771
-83.899517 65.635723 3814.568795
-88.652117 70.799422 3814.917872
-84.006024 69.605189 3814.529629
-84.599632 71.013163 3814.542165
-81.461613 70.979063 3814.423742
-82.553378 68.137014 3815.000468
-80.584957 69.706686 3813.030188
-79.341565 70.371192 3811.732923
-78.160543 71.331066 3811.620213
-76.853583 68.353191 3811.642956
-76.724630 65.844465 3811.641868
-75.271345 64.019022 3811.601700
-75.717324 63.312894 3811.694241
-76.812345 62.768461 3811.929286
-75.803868 61.390451 3813.757657
-76.680500 61.471335 3814.042653
-78.564354 61.210320 3814.318913
-77.602263 58.117016 3814.810413
-80.132295 59.863031 3814.991253
-80.266169 62.004255 3813.605631
-82.964966 58.880025 3815.041883
-82.664290 61.578539 3814.711185
-79.140977 56.599602 3815.112661
-81.609405 56.021449 3814.951733
-81.862470 55.163270 3814.869708
-85.269451 53.970767 3814.941008
-86.085757 56.852209 3815.020327
-84.205419 53.008766 3814.794194
-88.253673 53.011164 3814.837795
-88.774228 56.053017 3815.064747
-88.576091 50.951524 3815.126880
-89.823791 52.657775 3814.968698
-90.061521 50.098401 3815.108311
-92.486017 50.952017 3814.818521
-91.778590 47.877194 3815.071624
-96.129795 49.035198 3814.973111
-96.777738 46.662687 3815.007223
-97.786780 45.864833 3814.780415
-101.227985 45.251025 3814.921374
-99.964812 44.889708 3813.097260
-104.002708 44.433443 3814.754607
-105.197009 43.049273 3812.838426
-103.732498 43.637908 3811.929946
-108.071253 41.718218 3813.386044
-108.391150 41.554793 3810.821496
-109.960796 40.706501 3810.579722
-111.407350 39.850575 3811.203206
-111.927131 39.186749 3809.276510
-113.116034 38.743537 3811.001503
-115.562327 36.822378 3809.353198
-115.451974 34.915387 3809.257649
-116.841123 33.187728 3809.263907
-118.410343 31.752005 3809.260756
-119.885824 29.931869 3809.269543
-120.243593 25.894454 3809.471878
-121.691289 22.878535 3809.549156
-122.727824 21.029502 3809.553000
-123.312505 18.750716 3809.571425
-123.215095 15.631363 3812.245388
-123.857883 13.947259 3813.386833
-124.439582 12.172353 3811.911733
-125.210023 9.192236 3814.597583
-125.213694 9.175936 3817.367487
-125.662935 6.706495 3815.056335
-125.851671 5.244104 3818.781941
-125.935118 4.394639 3820.671465
-126.040849 2.809239 3821.197418
-126.037245 2.889656 3822.680608
-126.080762 1.321388 3824.157614
-126.078227 0.493370 3820.026339
-126.074211 0.252898 3826.392923
-126.069732 0.027935 3823.405841
-126.030498 -0.967384 3827.598757
-125.800872 -3.619200 3827.951861
-125.955043 -2.095938 3824.457232
-125.680679 -4.526611 3829.177427
-125.603343 -5.030797 3828.052221
-125.393316 -6.228308 3831.973119
-125.066444 -7.765472 3829.539762
-124.985265 -8.106046 3834.931709
-124.527544 -9.814040 3835.609532
-124.374622 -10.323727 3834.832306
-123.732280 -12.233684 3836.782456
-123.649735 -12.455560 3838.940749
-122.602597 -14.984830 3839.766241
-120.749665 -18.545400 3840.708719
-119.947611 -19.848338 3840.725013
-119.819142 -22.659060 3841.901458
-119.664219 -25.189112 3842.024516
-117.327821 -29.388337 3842.179786
-116.072850 -30.711038 3842.194515
-115.168546 -34.403642 3842.295348
-113.821956 -36.196795 3841.575381
-109.549930 -38.872798 3840.986367
-107.876668 -39.753361 3841.036800
-105.084999 -41.032758 3838.735972
-103.617669 -41.616422 3838.007153
-100.329653 -42.720671 3839.104888
-97.240963 -43.563037 3836.907089
-99.884683 -44.586376 3836.300250
-95.278991 -43.911504 3837.179468
-93.689506 -46.695242 3836.537447
-93.945189 -46.928587 3836.464243
-90.955490 -46.338854 3836.779637
-90.288322 -49.177336 3836.578456
-89.139958 -47.158113 3836.611558
-86.341363 -49.436319 3836.635187
-84.243841 -48.686952 3836.558835
-89.307795 -51.953389 3836.763124
-85.169973 -50.807930 3836.371609
-90.327150 -53.316499 3838.681401
-86.920588 -53.551035 3837.711051
-89.862285 -53.478162 3838.932427
-87.464578 -54.203933 3839.597912
-86.258606 -54.662279 3839.300310
-88.097880 -57.637121 3839.976925
-86.127801 -58.513949 3839.346928
-85.149305 -56.299329 3837.148947
-85.582726 -57.632579 3837.738812
-84.249610 -58.388897 3836.992371
-83.029167 -55.925895 3836.522626
-81.689695 -58.219494 3836.734862
-79.426343 -56.448770 3836.612002
-78.232847 -56.498560 3836.434442
-79.025773 -54.594083 3836.482983
-77.164976 -57.641345 3836.665724
-79.736510 -59.456503 3836.428025
-78.900688 -61.484492 3837.133625
-77.833364 -60.567374 3838.172632
-76.458676 -59.860699 3839.159583
-76.716825 -60.245186 3839.257890
-76.199999 -63.074112 3839.998515
-74.637465 -63.093898 3839.984231
-74.476340 -65.796561 3840.023943
-73.710468 -66.360998 3839.801052
-74.514328 -67.582207 3839.711436
-73.494167 -68.876965 3838.513228
-72.491441 -66.089995 3839.105353
-73.678783 -71.643690 3839.977720
-73.585773 -68.903293 3837.947067
-73.559317 -74.244451 3840.015584
-72.478864 -77.257857 3840.017304
-71.526062 -78.017595 3840.022303
-69.437135 -78.350876 3840.005488
-70.783802 -81.242513 3840.029227
-70.160419 -80.394585 3840.029163
-70.907653 -86.835343 3839.942563
-72.500374 -85.521067 3839.391545
-69.703181 -89.005065 3839.941730
-72.316173 -86.436774 3837.775830
-72.183006 -89.256739 3836.506065
-74.577821 -87.831261 3836.358741
-74.421890 -85.884858 3836.603339
-76.353198 -86.136159 3836.554806
-78.175006 -83.174292 3836.511960
-78.013757 -81.418457 3836.633036
-80.753151 -83.304137 3836.546221
-79.936486 -78.541393 3836.737580
-80.195509 -76.722130 3836.627107
-79.782950 -74.623735 3837.433814
-79.625833 -74.799962 3838.155483
-82.205967 -75.443724 3839.376135
-82.732994 -72.742336 3839.998967
-82.131350 -71.847278 3839.994373
-83.364207 -71.263327 3839.994283
-82.509779 -68.818960 3840.020510
-79.295252 -65.194924 3840.020527
-81.374707 -64.666382 3838.153313
-79.752034 -63.372260 3839.153560
-80.630344 -63.142006 3837.033851
-83.097803 -66.314598 3837.582126
-83.006419 -64.629990 3836.874228
-85.854353 -63.753934 3836.930845
-81.814281 -61.781423 3836.627682
-85.641078 -64.861672 3838.615930
-85.870624 -67.060967 3839.080092
-85.668151 -62.294370 3837.313901
-87.600327 -62.346017 3840.001316
-84.972731 -61.619716 3836.923736
-85.502696 -59.988693 3838.401117
-89.954074 -66.071242 3839.972325
-87.584236 -64.524374 3840.005300
-89.876347 -63.890409 3839.969062
-88.449263 -59.910088 3839.970878
-89.474463 -59.793084 3839.963420
-92.825942 -64.107537 3839.729110
-91.290929 -65.972048 3839.995417
-92.734465 -62.972344 3839.794572
-93.754927 -62.994503 3838.513477
-91.906603 -59.191781 3839.990199
-93.483746 -58.653310 3837.361122
-93.615772 -59.343032 3837.226657
-92.600390 -55.715191 3839.857993
-94.801117 -56.709693 3836.699023
-96.086460 -56.828233 3836.489666
-95.828385 -55.504171 3836.756578
-93.483312 -53.091603 3836.998886
-97.814055 -52.002964 3836.460708
-100.883705 -53.440101 3836.976667
-97.185594 -51.042256 3836.662779
-102.498277 -49.855157 3836.720902
-100.920681 -49.521720 3836.203821
-102.209150 -48.672643 3836.557056
-105.800024 -48.649966 3836.382106
-104.262842 -47.468819 3836.624301
-108.214663 -45.387839 3836.369974
-103.735514 -45.139334 3836.476434
-109.825500 -43.622102 3836.961633
-106.704095 -43.623756 3836.592137
-111.695952 -40.551218 3836.538956
-110.496461 -40.610940 3836.373433
-112.713105 -39.740646 3836.382816
-113.440379 -37.607379 3836.406424
-111.680893 -37.616188 3837.519059
-116.649794 -34.020040 3837.541156
-117.223811 -33.531503 3838.937911
-117.534555 -33.262741 3839.736090
-121.694017 -29.112791 3840.804804
-123.524939 -26.905979 3841.456925
-121.939455 -26.988939 3842.291180
-123.639985 -22.422285 3842.235769
-125.172611 -17.681839 3842.153087
-125.647186 -15.513112 3842.094808
-123.548965 -15.470378 3841.966407
-124.058098 -11.513703 3841.774531
-125.152127 -7.388954 3841.258013
-125.553403 -5.339428 3840.762633
-125.422487 -6.074337 3838.468908
-125.828338 -3.388765 3837.250390
-126.081785 1.155294 3837.001399
-126.065155 -0.110221 3835.497604
-126.082031 1.013574 3834.418139
-125.984909 3.768191 3833.130903
-126.042912 2.774889 3831.839820
-125.653174 6.770710 3830.939670
-125.952696 4.193679 3829.147876
-125.583987 7.213336 3830.172701
-125.647725 6.807614 3827.457016
-125.365126 8.436572 3826.655911
-124.745157 11.105143 3828.433024
-125.186492 9.303050 3824.409643
-124.319475 12.564297 3824.825652
-125.011672 10.059425 3822.803863
-123.985843 13.578764 3822.082814
-123.659649 14.492911 3823.593544
-123.701125 14.381475 3820.883087
-122.487126 17.300490 3819.867652
-123.628332 14.576815 3817.351544
-121.768613 18.765213 3818.121354
-122.987477 16.177489 3815.726949
-120.647883 20.781548 3816.331874
-120.732210 20.639926 3813.756573
-120.912682 20.330641 3813.458157
-118.543363 23.948982 3812.958129
-117.643442 25.122109 3811.542755
-116.347622 26.662210 3811.158281
-116.061287 27.682327 3809.471767
-113.716396 30.349947 3809.503913
-110.534004 33.800192 3809.558107
-109.107544 34.957812 3809.569677
-109.477366 36.748422 3809.421794
-106.230963 39.352919 3809.334064
-102.926758 41.931709 3809.271815
-100.792159 43.069145 3809.259973
-100.251379 44.768219 3809.473989
-97.094411 45.607663 3810.853147
-91.716439 46.434908 3811.471171
-87.775178 46.631066 3812.276728
-86.523065 46.622003 3812.627376
-85.492211 46.587861 3813.896403
-85.647844 47.781436 3815.200539
-80.297715 46.749208 3814.691928
-80.895361 48.261269 3815.105726
-81.590736 48.932344 3814.967979
-77.048647 48.978094 3814.882287
-77.806295 51.022410 3814.931261
-72.162593 48.809779 3814.943719
-75.474154 52.026282 3814.817566
-72.363701 50.006561 3815.037888
-72.579998 51.907970 3814.918127
-71.209525 51.263372 3814.753415
-69.537627 51.204761 3814.819969
-66.848166 49.954949 3814.792884
-70.789098 54.871117 3814.913798
-68.407318 54.474653 3814.532580
-66.117203 52.957663 3814.823077
-71.667339 59.331113 3815.087954
-68.703291 58.168252 3814.774635
-66.850182 59.695053 3814.747928
-65.549071 59.491571 3814.604619
-64.790883 55.621950 3814.166388
-67.881823 59.069382 3814.876497
-67.328721 61.042573 3814.845711
-63.713297 59.966863 3814.803507
-62.781397 57.981576 3814.739843
-62.608591 58.261894 3814.683562
-61.072113 58.533375 3815.009592
-61.428251 55.872354 3814.838597
-59.074224 56.126246 3815.088761
-57.682853 51.749580 3814.952281
-59.993265 52.974638 3814.763589
-57.108990 48.401593 3814.981212
-54.528862 49.634890 3814.862291
-53.918883 48.202670 3815.063476
-53.321937 50.204720 3814.883819
-49.604716 46.592875 3814.581027
-51.730247 49.617362 3814.576428
-45.793592 45.266042 3813.957898
-46.810828 46.277673 3812.826155
-41.605401 43.827936 3813.419409
-39.319571 44.045425 3812.297064
-36.674933 44.217128 3812.009219
-34.515449 43.816055 3812.796201
-35.501752 43.069890 3813.721739
-36.564738 43.052883 3814.304175
-39.970174 43.410628 3813.862583
-42.104868 43.145695 3814.840769
-32.238464 41.599714 3814.078354
-33.449401 40.820768 3813.981296
-35.485927 39.936843 3814.360753
-32.900783 39.948402 3812.186733
-36.302128 39.334701 3813.909699
-34.145571 38.685280 3811.681400
-36.653742 37.590557 3814.445473
-38.794886 36.306443 3814.865504
-35.373518 36.491400 3812.522118
-35.325716 34.880475 3813.447209
-34.128125 36.115559 3811.660177
-32.337453 38.241594 3811.541560
-29.487933 37.077869 3811.560597
-31.380612 39.591271 3811.581673
-28.974209 39.234246 3811.548822
-29.671674 41.012760 3811.924169
-26.194127 40.981268 3811.515459
-26.788394 42.605586 3812.127172
-20.908266 44.289091 3811.553858
-21.476665 45.231762 3812.427656
-18.825005 46.511772 3812.621091
-19.625248 44.368812 3811.505589
-16.851622 48.035080 3813.285853
-16.545005 47.583285 3812.676638
-17.628749 48.392664 3814.813740
-12.380649 50.945709 3815.042398
-12.430973 49.553627 3812.871006
-17.304097 50.111172 3815.118216
-12.265896 52.286589 3815.155960
-15.704813 51.302870 3815.067231
-12.637091 53.570280 3814.975656
-18.112673 52.665061 3814.705968
-14.165306 56.698500 3814.748936
-20.314738 51.989974 3814.786971
-17.763755 55.130496 3814.967626
-19.591067 54.122841 3814.853871
-18.870699 54.789994 3815.055772
-17.260116 57.707978 3814.836016
-19.071415 56.714174 3813.105922
-17.316978 59.711031 3814.449914
-15.985453 59.346052 3814.814330
-16.625430 63.527483 3813.537279
-15.374643 62.262850 3815.133016
-14.340166 64.635916 3815.085625
-12.944373 64.832905 3815.050211
-14.083900 62.501727 3815.026068
-11.314278 65.485972 3814.725525
-10.422038 62.961141 3815.057033
-10.392470 67.811692 3814.584923
-9.067835 65.999658 3814.826631
-8.684112 61.620933 3814.920718
-8.981357 61.996147 3814.972969
-6.517418 66.736700 3815.162351
-6.214776 62.559561 3815.038281
-5.237913 59.804121 3814.810851
-4.901873 64.358821 3814.756521
-3.816752 61.870134 3814.704233
-2.848370 64.242457 3815.033808
-0.995681 64.969512 3814.897821
-0.820652 61.960185 3815.016794
0.038251 66.300694 3814.708837
0.446623 63.587441 3814.976509
0.897734 62.895138 3814.692350
3.183927 64.754132 3814.743579
3.455590 61.952564 3814.843036
5.256398 63.826192 3815.068404
6.974092 62.678116 3814.722206
7.010013 58.815660 3814.639447
8.522303 62.998872 3814.413548
9.642655 59.503117 3815.003968
9.762356 62.420422 3814.816337
13.189360 56.534083 3814.907988
13.069530 59.167458 3814.700022
14.359863 55.498269 3814.916636
15.979057 55.551226 3814.780217
16.419476 57.567078 3814.618178
19.511563 51.354581 3814.803316
19.096444 53.205404 3814.816896
20.593615 50.133426 3814.799311
21.838017 49.762828 3813.883213
21.362913 50.812420 3812.904251
23.846285 44.977769 3813.058467
23.364062 46.178844 3812.058351
24.183461 44.113921 3811.314878
25.710981 39.923811 3810.250760
26.951961 36.068151 3809.654200
28.183018 35.556389 3809.251586
29.964296 33.099386 3809.252282
31.368004 28.370041 3809.252281
32.960433 23.608244 3809.252280
34.589704 23.309366 3809.252281
36.038763 21.836524 3809.252282
36.335280 14.782527 3809.252281
37.538370 15.497341 3809.252280
38.100779 16.727057 3809.252280
39.432502 9.208555 3809.252281
39.834264 10.308548 3809.252281
40.745861 8.367565 3809.252306
40.984072 5.150143 3809.252301
42.301413 5.448961 3809.248203
41.922022 -0.929376 3809.249897
42.803851 -0.733921 3809.790881
42.811654 1.120809 3810.582900
42.565904 -6.966128 3811.086373
42.601880 -6.339640 3811.433871
42.480655 -8.207927 3812.330529
42.241374 -11.121702 3812.540856
42.192128 -11.656765 3813.803709
41.394321 -18.115551 3813.177707
41.668689 -16.171663 3814.388169
40.928932 -21.022790 3815.499862
41.624691 -16.503206 3816.604267
40.901270 -21.185567 3817.020448
40.089547 -25.450563 3816.343931
41.278474 -18.886052 3818.919871
40.267385 -24.588795 3818.970160
39.484769 -28.212129 3818.245193
40.687541 -22.399633 3819.943085
39.787115 -26.874987 3819.953943
39.407665 -28.547064 3819.796624
39.246916 -29.236480 3820.287582
39.790231 -26.860972 3822.662696
39.103470 -29.828484 3822.604193
38.403618 -32.565677 3823.244321
38.354953 -32.745976 3822.482777
38.988968 -30.288632 3824.952697
38.287193 -32.996928 3825.044896
37.415966 -36.071759 3825.972752
37.416830 -36.068946 3824.634382
38.088580 -33.727601 3827.253306
37.357068 -36.270929 3827.113182
36.392462 -39.356706 3827.837631
36.305528 -39.620215 3826.849227
37.021964 -37.369546 3829.570765
36.239883 -39.819073 3829.846719
34.784025 -43.990302 3829.409331
34.845876 -43.823125 3828.194456
35.728356 -41.339794 3831.689364
34.685654 -44.256309 3830.660334
33.172969 -48.145796 3830.351482
35.253327 -42.697059 3833.968258
33.443685 -47.483472 3833.928632
31.885621 -51.194918 3832.978063
33.732857 -46.749864 3835.146551
31.545573 -51.964166 3835.175465
30.875841 -53.444838 3834.470167
30.918200 -53.352562 3836.139372
28.411267 -58.508769 3836.589305
30.278831 -54.722755 3837.882446
27.681235 -59.907721 3837.380676
26.919890 -61.326047 3838.698418
28.120009 -59.073369 3839.637941
23.792724 -66.748958 3839.562657
24.768567 -65.119605 3840.633343
23.354691 -67.466557 3841.062067
20.685614 -71.606950 3841.357342
21.603110 -69.894684 3842.248111
18.952520 -74.130124 3841.606190
17.764310 -74.948797 3842.293346
18.121212 -72.667283 3842.291565
13.587925 -79.623829 3842.292328
13.309120 -77.866632 3842.291603
13.573107 -77.206753 3842.291603
9.062232 -82.299817 3842.291603
8.557502 -81.898773 3842.291603
6.759119 -84.123300 3842.291603
4.726474 -84.634795 3842.291603
4.067740 -83.450470 3842.291603
0.790154 -86.458073 3842.291603
-3.007882 -88.608457 3842.291603
-7.986123 -91.333399 3842.291602
-8.761630 -90.109076 3842.295949
-12.659059 -92.420960 3842.014718
-16.359381 -95.232739 3840.954124
-19.089639 -97.190484 3839.035563
-17.727487 -96.228018 3838.516307
-23.754342 -100.278600 3837.927525
-22.694331 -99.610393 3837.357731
-25.076852 -101.039122 3837.056421
-27.137261 -100.206948 3836.553910
-25.434905 -98.257307 3836.724360
-32.349146 -101.461848 3836.464047
-31.728329 -99.673388 3836.590530
-32.797446 -99.672269 3836.657933
-36.883140 -100.812597 3836.615128
-34.898290 -98.965680 3836.611352
-39.595863 -100.365333 3836.671653
-39.231135 -98.898154 3836.356954
-41.489828 -98.503867 3836.723683
-45.486429 -99.585994 3836.586951
-43.466738 -97.927252 3836.555823
-48.151520 -96.437032 3836.297115
-44.760428 -95.915079 3836.486270
-47.990224 -96.264408 3836.277502
-47.051272 -93.810136 3836.555938
-45.903140 -93.266368 3836.317238
-50.072776 -92.689255 3836.412697
-49.793218 -91.396507 3836.452256
-48.297890 -90.555883 3837.538743
-54.178612 -86.874753 3837.642098
-52.674609 -88.275577 3838.173819
-56.025863 -84.635952 3838.101953
-54.924292 -84.761536 3839.707345
-53.870011 -85.115713 3839.985850
-56.586713 -79.738968 3840.072564
-55.624247 -79.447776 3840.041923
-56.586800 -77.056481 3840.043317
-55.211004 -75.217904 3840.027387
-53.218516 -75.697612 3840.055563
-54.161463 -69.217103 3840.015705
-52.416236 -70.445945 3839.978726
-52.101074 -71.420040 3839.810997
-50.699411 -66.421057 3838.823478
-50.562811 -67.040969 3837.497684
-48.252887 -62.729528 3836.800003
-48.483207 -65.680617 3836.599078
-45.316878 -61.683747 3836.957029
-45.209936 -64.145337 3836.349779
-45.000137 -64.702131 3836.473751
-41.124733 -63.990710 3836.506672
-41.127479 -65.259651 3836.441272
-39.989225 -66.952605 3836.325665
-44.839386 -66.145768 3836.424580
-44.006697 -67.478002 3836.297858
-44.942549 -68.061884 3836.481578
-45.686159 -69.435063 3836.489654
-45.266606 -69.904111 3836.549597
-45.096096 -75.180257 3836.524149
-47.861681 -74.324938 3836.640446
-49.039797 -75.442833 3836.528823
-49.783814 -75.845352 3836.452869
-50.670028 -77.435957 3838.431530
-49.966828 -79.211947 3838.377148
-49.843415 -79.865863 3837.511237
-48.099365 -82.089305 3837.504124
-46.504078 -83.032508 3838.309059
-45.458411 -84.576129 3839.663407
-45.585807 -85.970394 3840.098315
-43.460258 -88.589491 3840.080208
-42.623931 -89.464016 3840.112021
-41.836235 -90.458356 3839.980420
-38.631908 -89.824241 3840.116834
-36.241708 -89.972969 3839.988995
-33.438942 -88.477523 3840.116917
-31.769562 -89.273100 3839.868238
-30.505669 -88.388612 3840.047889
-31.097423 -87.087878 3840.090889
-27.248640 -87.603669 3839.304233
-27.725689 -88.487569 3837.184949
-25.656894 -86.054661 3839.610626
-24.610960 -84.467918 3839.043817
-24.526439 -84.190013 3838.943384
-22.927030 -82.850936 3836.646599
-24.242076 -82.162930 3837.395708
-19.668421 -82.115567 3836.545345
-22.587392 -80.485870 3836.741798
-19.409399 -83.898736 3836.572027
-21.563320 -84.450729 3836.706549
-18.307703 -87.125506 3836.573397
-17.460616 -87.121725 3836.476754
-15.815527 -87.127879 3836.694003
-14.934842 -88.062254 3836.683038
-12.698530 -84.759328 3836.552655
-12.037063 -84.063953 3836.866082
-13.097579 -83.494005 3836.559017
-9.594388 -82.979722 3836.958848
-10.433053 -80.906860 3836.513863
-7.120256 -79.254773 3836.758945
-9.912226 -76.658128 3836.477989
-12.439845 -79.494908 3836.492365
-11.052087 -76.121769 3836.489998
-13.646881 -75.823573 3836.507379
-10.453057 -74.355890 3836.641120
-11.300268 -73.361779 3836.547630
-12.384764 -74.398657 3836.364913
-14.159145 -74.846902 3836.553046
-9.493316 -70.587594 3836.445785
-12.581303 -69.467640 3836.449637
-14.739601 -70.904657 3836.463157
-13.281187 -66.117934 3836.550548
-16.501454 -68.010172 3836.671948
-15.366935 -65.183241 3836.562757
-17.907424 -65.980400 3836.637295
-17.597373 -62.817674 3836.590805
-18.731551 -65.985748 3836.452532
-19.227643 -63.494123 3836.532910
-22.040328 -64.053091 3836.399836
-22.643298 -61.687856 3836.300316
-23.765027 -59.439018 3836.475680
-25.207492 -57.377852 3836.468536
-26.597552 -57.087235 3836.265352
-29.899298 -55.029642 3836.721825
-30.718520 -55.377517 3838.894866
-31.618939 -55.004226 3839.070187
-33.575022 -55.251119 3839.898430
-30.967603 -56.417615 3839.892899
-31.715653 -58.227384 3839.984370
-31.120345 -59.579669 3839.985678
-32.167634 -60.600681 3839.998093
-31.922525 -61.993307 3840.023653
-33.533053 -60.482063 3840.019281
-34.506246 -61.650426 3839.501301
-37.222963 -58.075328 3840.005994
-36.075814 -55.992349 3839.993260
-39.785283 -57.598261 3840.005880
-42.924533 -55.062794 3840.009722
-42.979832 -54.720210 3839.994012
-48.527016 -56.229826 3840.016729
-46.718889 -54.116590 3839.469153
-50.781703 -56.510258 3839.949805
-52.779362 -57.108758 3839.459661
-53.729136 -57.310111 3838.857159
-54.532806 -59.148323 3839.626979
-54.803331 -58.305511 3837.761550
-58.356150 -63.315393 3837.171589
-57.342677 -62.642518 3839.291806
-59.450857 -63.219531 3836.860090
-58.914329 -64.763643 3837.055988
-62.003582 -67.204296 3836.313440
-62.371076 -69.232670 3836.635302
-61.700153 -68.723405 3836.634952
-58.414788 -60.846135 3836.628121
-58.109997 -58.269387 3836.338756
-59.702119 -60.064174 3836.482853
-61.414188 -62.607834 3836.451562
-54.609979 -55.841421 3836.504615
-54.098578 -57.000773 3836.758962
-50.839675 -55.143222 3836.991902
-48.773894 -53.461342 3836.702409
-49.259568 -54.442397 3837.433687
-42.138477 -52.839640 3837.576577
-46.137369 -53.441561 3838.958819
-41.129763 -52.777734 3838.560850
-44.406516 -53.624522 3839.488498
-35.987976 -53.530116 3839.059551
-37.523606 -53.917340 3839.693704
-36.125932 -53.314076 3838.068007
-33.506504 -54.111259 3839.029032
-37.247095 -52.165218 3836.574303
-40.179485 -51.338015 3836.745406
-40.675237 -51.156801 3836.720795
-43.510283 -51.042997 3836.719469
-43.085352 -52.155993 3837.199857
-46.829041 -51.108112 3836.316805
-46.458985 -51.748368 3836.488562
-46.980353 -50.229936 3836.442536
-52.407182 -52.663367 3836.367479
-51.100115 -52.325089 3836.419272
-50.232018 -49.955640 3836.624553
-48.393433 -48.029659 3836.490687
-52.741093 -49.998005 3836.536720
-49.253907 -47.599942 3836.326095
-47.603826 -45.467616 3836.455284
-52.760753 -49.534195 3836.524481
-54.482913 -49.587481 3836.549190
-47.390526 -44.750290 3836.540648
-48.811937 -43.438036 3836.705160
-53.857630 -47.238386 3836.671532
-55.774253 -47.516677 3836.585741
-51.446380 -43.529941 3836.595928
-48.451989 -40.889075 3836.443907
-52.986519 -44.293057 3836.464729
-56.077372 -44.998447 3836.549802
-60.143221 -47.238059 3836.561657
-56.361990 -44.619255 3836.692152
-55.599363 -42.231903 3836.605489
-58.489649 -44.625174 3836.833789
-63.560026 -46.389600 3836.654124
-58.216737 -43.238442 3836.605382
-61.581400 -44.085104 3836.503791
-66.561039 -46.390269 3836.447132
-62.872897 -42.485456 3836.446934
-66.944293 -45.374877 3836.355350
-67.225345 -44.486824 3836.883049
-69.093128 -44.542879 3836.503843
-68.601289 -43.848258 3836.330307
-71.421348 -44.625741 3836.385445
-72.142056 -42.993034 3836.431301
-74.680756 -44.882020 3836.613725
-77.054523 -44.068561 3836.481708
-75.926662 -43.084159 3837.365389
-82.906455 -44.398114 3836.685987
-81.436291 -44.168750 3837.445746
-82.245399 -44.266333 3838.547844
-88.434334 -44.558691 3838.407864
-91.417773 -44.397638 3838.952507
-89.184360 -44.535856 3840.656665
-94.625246 -44.009350 3841.441030
-98.670255 -43.118920 3842.173140
-104.173938 -40.835292 3842.298698
-101.638348 -40.385824 3842.282051
-105.956848 -37.659140 3842.228433
-108.347559 -35.481059 3842.123595
-112.468943 -31.709809 3841.987602
-109.878807 -31.568569 3841.893734
-112.780986 -28.127921 3841.226585
-115.140430 -25.895358 3840.175931
-116.662679 -24.238479 3838.785898
-116.479433 -24.447828 3837.468941
-119.233219 -20.921420 3838.056324
-119.202384 -20.965782 3835.379603
-118.649928 -21.740700 3834.659140
-121.277051 -17.620123 3833.569697
-120.438744 -19.064049 3831.859789
-121.855875 -16.530804 3832.177071
-120.840964 -18.390251 3829.660296
-122.084669 -16.077034 3830.537352
-122.278228 -15.681113 3828.661464
-122.687867 -14.797285 3827.235942
-123.845079 -11.919935 3828.200478
-123.049943 -13.966165 3825.488753
-124.177700 -10.943763 3824.894192
-123.454812 -12.966164 3824.016145
-124.373090 -10.326626 3822.565079
-124.781857 -8.901675 3823.831759
-124.613100 -9.518234 3821.267684
-125.397026 -6.210897 3820.301630
-124.927093 -8.339144 3818.199463
-125.498577 -5.658395 3819.023225
-125.779069 -3.797553 3816.603713
-125.650894 -4.723018 3815.015209
-126.062023 -0.224154 3815.297755
-126.005829 -1.389794 3813.935053
-126.016282 -1.227779 3813.049486
-126.068060 2.061143 3811.269116
-125.712522 6.358683 3810.430311
-125.540808 10.078009 3809.592339
-126.839444 10.772145 3809.544860
-127.686951 13.272767 3809.409119
-127.007223 18.010418 3809.312065
-125.921984 22.188725 3809.265400
-126.850232 23.230143 3809.247657
-125.950210 25.519580 3810.273593
-123.069564 29.540591 3810.813430
-120.272434 32.718368 3811.445936
-118.555901 34.405053 3812.920256
-119.012419 33.973660 3813.695936
-119.769931 33.222474 3814.319909
-115.989457 37.032360 3814.579465
-118.360742 36.683742 3814.978153
-113.132807 39.500114 3815.027124
-116.470596 40.104266 3815.039139
-112.727869 40.904579 3814.821121
-113.841341 42.457932 3814.757468
-110.853053 43.858258 3814.707775
-115.485521 44.357777 3815.031780
-111.036099 44.647681 3814.628056
-113.150811 45.618612 3815.029495
-111.086858 47.256140 3815.218946
-106.490302 47.541782 3814.760286
-112.086153 48.317432 3814.983910
-107.526460 49.987108 3815.081564
-105.677751 49.304878 3814.893480
-107.295950 51.371841 3815.104611
-104.140015 51.695160 3814.867991
-100.168301 51.287837 3815.050482
-106.758942 52.974342 3814.824239
-101.728299 53.834961 3814.899155
-98.056058 54.345626 3815.001603
-103.248142 54.460079 3814.564591
-99.642694 55.084447 3814.923622
-96.984341 56.876625 3814.986534
-99.315153 57.191413 3814.924750
-98.560467 58.951714 3814.729906
-96.131753 57.633858 3814.953749
-92.604375 59.071716 3815.031364
-97.799313 60.440983 3814.849481
-94.023078 61.282137 3814.658287
-93.243400 61.188764 3814.634927
-90.639595 61.990963 3815.028733
-92.996272 64.479038 3814.730384
-93.752616 64.393932 3814.588012
-91.610727 65.027220 3814.977164
-99.752751 59.605020 3814.572143
-101.589141 58.150502 3814.959776
-103.520911 57.597081 3814.776567
-104.385285 58.817282 3814.448224
-106.311235 59.749127 3814.588428
-102.614972 61.323803 3813.317084
-105.201318 61.258775 3811.895535
-106.713637 60.037167 3814.390946
-108.152632 61.948079 3812.605545
-109.027456 61.637080 3814.591081
-110.564701 64.306007 3812.372917
-108.188896 63.821652 3811.647544
-112.053477 64.603660 3813.901302
-111.588684 65.160975 3812.488951
-113.603680 62.496166 3815.069751
-114.076466 64.923267 3813.204255
-107.737026 65.879200 3811.653452
-107.776443 67.677348 3811.653243
-105.288425 67.672708 3811.632902
-104.973429 64.023865 3811.648823
-103.362738 63.154742 3811.630285
-106.689580 68.465456 3811.619677
-106.063386 69.458871 3812.034714
-109.849387 71.320170 3811.615868
-110.242827 73.293671 3812.103245
-111.867626 72.096568 3811.645132
-111.738387 75.593399 3812.964975
-110.793083 74.122667 3812.374030
-113.077247 74.894444 3811.682354
-114.191087 73.526250 3811.654281
-116.632735 77.439327 3811.649836
-115.655223 79.377909 3813.507111
-116.807500 79.558928 3812.544440
-116.850151 80.359175 3813.697806
-116.973674 81.974696 3814.779616
-119.859116 83.086156 3814.497036
-119.210199 83.796114 3815.145877
-117.223740 83.562634 3814.878634
-117.376918 85.102994 3814.916421
-120.277807 87.631565 3815.037716
-119.088281 89.065021 3815.258964
-117.111738 89.354525 3814.861076
-121.925392 89.851874 3814.927887
-120.629260 91.965287 3814.573224
-119.207533 94.416354 3814.883641
-118.756392 93.026077 3815.111533
-121.596434 94.913303 3815.171938
-120.759473 96.413922 3814.744988
-118.191925 98.875330 3814.839310
-117.684318 97.434857 3814.884414
-121.699844 98.676842 3814.730315
-119.110718 101.307898 3815.193827
-116.492936 102.410716 3814.830561
-116.280091 101.202411 3814.785621
-119.760437 103.930679 3815.133097
-116.779910 105.905862 3815.026738
-114.253489 106.707708 3814.870207
-118.089986 105.834819 3815.054221
-115.907327 108.261882 3814.877516
-113.257618 109.601594 3814.754128
-115.115805 109.887244 3814.927233
-112.234910 111.000370 3814.956407
-108.300409 113.165175 3814.907741
-113.767818 113.007552 3814.818203
-108.407468 114.271506 3814.914026
-109.573993 114.779081 3814.736233
-106.165226 116.075429 3814.375382
-107.789769 117.172377 3814.851491
-101.706701 118.372078 3814.828532
-102.218924 119.474725 3814.582419
-99.435512 120.119946 3813.814462
-99.877045 120.072585 3813.095502
-94.218177 120.526943 3812.262521
-95.956616 120.414251 3811.532849
-91.266431 120.654990 3811.539560
-89.012901 120.706617 3810.084336
-90.279265 120.661013 3809.662216
-84.468456 120.651176 3809.627162
-82.016972 121.908535 3809.252290
-77.518799 121.889518 3809.252271
-76.863041 123.804700 3809.252282
-73.902485 124.849649 3809.252282
-68.274447 124.912074 3809.252281
-63.141281 124.777548 3809.252280
-61.720173 126.048440 3809.252282
-58.454558 126.630919 3809.252299
-56.533023 126.749026 3809.249613
-49.159451 125.499044 3809.415216
-50.694237 126.015936 3809.587169
-50.704729 126.024556 3810.481463
-47.998378 125.196643 3811.219294
-41.725364 123.024264 3811.966036
-41.878371 123.080942 3812.454901
-38.567517 121.792755 3812.416945
-37.499803 121.355382 3813.554898
-37.624883 121.406715 3815.011014
-30.638175 118.270517 3814.545058
-31.843712 118.846175 3815.717615
-27.748654 116.825222 3816.146226
-30.333231 118.121161 3817.576137
-26.570412 116.208781 3818.160867
-28.266024 117.089384 3818.614516
-26.263264 116.046084 3818.979310
-23.199392 114.362368 3820.052043
-23.226595 114.377940 3818.425666
-24.904864 115.312499 3821.891970
-22.192931 113.786373 3821.193836
-20.467786 112.770075 3821.129926
-23.466561 114.513857 3823.641614
-20.762805 112.945842 3824.585835
-16.716361 110.432390 3824.545794
-17.414430 110.882557 3823.377945
-20.664930 112.887491 3826.663499
-17.047118 110.645754 3826.811945
-14.358389 108.870580 3826.350047
-14.290247 108.824362 3825.068011
-17.945892 111.217510 3829.099908
-13.487487 108.274936 3828.441408
-10.072538 105.837302 3828.035606
-13.922424 108.574539 3829.417437
-11.604438 106.951096 3829.202483
-9.199715 105.186832 3830.576141
-10.790783 106.363468 3831.418467
-9.533810 105.436759 3831.306551
-7.390370 103.802277 3831.196719
-6.045884 102.740898 3831.363820
-6.847731 103.376672 3833.301438
-3.765999 100.872244 3834.423038
-5.735572 102.491295 3835.068780
-3.663412 100.786043 3835.814670
0.264146 97.350223 3834.765176
-3.098593 100.308800 3837.109769
0.938330 96.732014 3836.713559
-1.215058 98.676775 3837.718852
2.798651 94.978511 3838.158274
2.565196 95.202966 3839.659626
5.738730 92.062232 3838.993171
7.094060 90.653324 3840.305382
5.370267 92.439739 3841.403345
10.680246 86.712824 3841.365996
9.478432 87.413436 3842.289761
10.480048 85.263483 3842.292059
12.933244 81.420454 3842.291579
11.656881 81.627420 3842.291602
14.516877 78.548935 3842.291603
14.656989 76.640449 3842.291603
12.780203 77.627956 3842.291603
16.925142 71.758802 3842.291603
15.333944 72.184655 3842.291603
16.264595 70.215251 3842.291603
18.982177 65.919153 3842.291603
20.112652 63.483152 3842.291603
18.297321 62.973689 3842.291603
20.698107 57.634997 3842.291603
21.714490 53.823444 3842.291610
22.966909 49.082518 3842.293467
22.091179 49.188315 3841.071876
24.098124 44.332172 3840.496918
24.771099 42.555921 3839.032513
26.420294 37.794657 3839.514554
26.184527 38.519918 3837.768297
25.858520 39.503358 3837.260632
26.598501 35.951367 3836.892819
25.604464 34.428708 3836.505382
26.566048 32.305828 3836.828809
23.823242 32.454575 3836.465485
25.313015 27.930424 3836.651753
22.722975 30.608544 3836.711693
24.446618 25.901900 3836.619427
22.616757 26.427721 3836.547881
22.089604 25.005654 3836.432906
22.015594 21.189815 3836.430444
21.298569 24.824870 3836.286197
19.935353 22.025242 3836.249870
20.141628 19.114872 3836.080644
19.061499 20.905906 3836.415979
16.679082 20.055004 3836.365180
18.235299 18.384057 3836.452932
18.913361 17.013892 3836.283469
14.131002 19.064334 3836.268855
15.739828 15.386931 3836.260290
16.194985 13.465070 3836.224419
14.183791 16.309396 3836.273558
12.540920 13.998092 3836.549868
13.762682 12.203756 3836.790329
11.910630 12.763025 3837.281655
11.529665 12.191780 3838.893284
11.443717 10.619648 3839.307530
9.445341 12.283184 3839.841508
9.404953 11.323883 3839.828517
7.009599 11.761438 3839.818276
6.042574 11.336101 3839.819268
5.635401 8.187813 3839.814048
2.560164 10.945971 3839.834584
4.227342 8.671468 3839.850534
2.177357 8.124140 3839.857445
0.454286 7.045169 3839.823216
1.856226 6.259317 3837.551502
-2.073411 6.423914 3839.821342
-0.745926 5.226430 3837.781263
-2.407865 4.944449 3838.201149
-2.581986 4.644466 3836.862945
-3.421429 2.828903 3836.352256
-6.854628 3.571769 3837.040382
-6.419544 0.673491 3836.414864
-9.421243 2.138679 3836.591488
-9.135603 -1.322918 3836.339656
-12.175737 0.665938 3836.444701
-11.571262 -2.103289 3836.306440
-13.158368 -0.702224 3836.373739
-13.024459 -3.062937 3836.599578
-12.221316 -3.490108 3836.532094
-16.831802 -3.087792 3836.615226
-16.026130 -6.396501 3836.753003
-17.682096 -3.596456 3836.534563
-19.206421 -5.945094 3836.556953
-17.573496 -8.164499 3836.608333
-20.193865 -4.871477 3836.251182
-20.902434 -6.894670 3836.217082
-21.791349 -10.658433 3836.421119
-22.469759 -6.855679 3836.358385
-23.268802 -9.458341 3836.513653
-24.162176 -11.435294 3836.565331
-22.301239 -10.963951 3836.348447
-26.856482 -9.002904 3836.580369
-24.942804 -12.094840 3836.495332
-25.636612 -14.443057 3836.453468
-29.284016 -9.936170 3836.666206
-29.239420 -13.606354 3836.709881
-30.071195 -16.118167 3836.642652
-31.429232 -11.956485 3836.752130
-32.883812 -14.231814 3836.563995
-33.555652 -17.732102 3836.428056
-33.486362 -14.527804 3836.625234
-35.724510 -16.438622 3836.491544
-36.181076 -20.198036 3836.471932
-38.100559 -15.775681 3836.706139
-37.924102 -19.502287 3836.690783
-40.057650 -18.287720 3836.478639
-41.600716 -19.825997 3836.792388
-40.607147 -21.840822 3836.255901
-42.886528 -21.978616 3836.262120
-44.647627 -20.065431 3836.334293
-46.739529 -25.059699 3836.473746
-48.406468 -23.952117 3836.556102
-48.473262 -23.676682 3836.571988
-51.108792 -26.527327 3837.166295
-51.565095 -27.068834 3838.199894
-53.301026 -29.156495 3839.409682
-56.940894 -32.833547 3840.029882
-58.862667 -34.471886 3840.507925
-58.707981 -33.750514 3842.298723
-63.912549 -36.549724 3842.291542
-68.677871 -39.003696 3842.291513
-71.378434 -39.894574 3842.291243
-71.434937 -37.475795 3842.246745
-76.718811 -38.789368 3842.231018
-82.119607 -39.318089 3842.215631
-85.467170 -39.081345 3842.202217
-85.914419 -37.618830 3842.129123
-84.559242 -37.456150 3841.412497
-89.808013 -37.494920 3841.484623
-92.856877 -37.192953 3841.155804
-92.511940 -37.242094 3839.923861
-92.422325 -37.253480 3838.352078
-96.785452 -36.432227 3839.424761
-96.665332 -36.461682 3836.735551
-95.908177 -36.639948 3835.844071
-99.649068 -35.602715 3835.651488
-98.396819 -35.995635 3833.281474
-102.552766 -34.507627 3833.149115
-100.328813 -35.369923 3832.331249
-103.335753 -34.163985 3831.942367
-103.760906 -33.969256 3832.773648
-104.350196 -33.689502 3830.709739
-106.440192 -32.593763 3829.801347
-104.342490 -33.693295 3826.909604
-107.180641 -32.165457 3828.564247
-107.243710 -32.128007 3825.776978
-108.102042 -31.601027 3825.211958
-110.052463 -30.284235 3826.287185
-109.160920 -30.907968 3822.203379
-111.003759 -29.576170 3822.792777
-110.010794 -30.313178 3821.131545
-112.455679 -28.402230 3820.706425
-112.840811 -28.071708 3821.684568
-113.038911 -27.898047 3818.328376
-115.572983 -25.443648 3819.446213
-114.976990 -26.061691 3816.121809
-115.090766 -25.946304 3815.987178
-117.938065 -22.685673 3815.118671
-117.601773 -23.110940 3814.298432
-118.088507 -22.491055 3812.779182
-119.547071 -20.459427 3811.506583
-121.705116 -16.802618 3810.422534
-123.531311 -13.478709 3809.648599
-124.947559 -14.047997 3809.587540
-126.844983 -12.834834 3809.462194
-128.913375 -8.722822 3809.349740
-130.335251 -4.622677 3809.289542
-131.699248 -4.938608 3809.250785
-132.904969 -2.859737 3809.672834
-133.066206 2.151895 3810.444570
-132.705802 6.856458 3811.077734
-132.741933 6.565620 3812.480912
-132.613802 7.540213 3813.769194
-131.271448 13.743574 3813.882083
-132.122305 12.732702 3815.011125
-131.973875 15.315474 3815.065177
-131.994402 18.799909 3815.045437
-133.479801 17.387065 3815.032849
-132.394763 22.125837 3815.367413
-133.318464 19.737862 3814.680073
-132.868705 24.063040 3814.918936
-131.303674 26.078347 3815.049679
-134.124741 26.016294 3815.149339
-133.438237 28.591811 3814.708272
-131.897148 30.223490 3815.112639
-136.571045 27.989450 3815.085286
-134.248788 32.193741 3815.065191
-133.228938 34.220823 3815.099188
-136.458778 32.117825 3814.677628
-136.033994 35.417113 3814.896001
-134.286568 38.049731 3814.629429
-136.399016 35.454971 3814.880457
-135.371174 37.885844 3813.366051
-133.505502 40.084925 3813.169064
-135.497672 39.536381 3811.948838
-134.856048 41.255187 3811.663517
-133.563571 44.244413 3812.418242
-137.573368 42.884575 3811.652039
-134.841224 44.938949 3812.114328
-136.471023 45.859416 3811.821555
-137.172897 47.747183 3812.909499
-135.626408 46.999928 3814.337688
-136.973867 48.060373 3814.522985
-135.799186 50.426094 3814.352748
-139.303399 52.267112 3815.158186
-136.626789 53.572899 3814.877120
-139.685439 54.632360 3815.257386
-137.714667 56.417502 3814.867880
-139.199143 56.186909 3814.893350
-138.227800 58.026784 3814.962881
-135.328557 57.470494 3814.942222
-140.398393 60.928701 3814.850996
-137.560769 60.717966 3815.148343
-136.032289 60.852383 3814.858057
-138.861059 63.288613 3815.084709
-136.285995 62.759330 3814.680620
-135.450882 63.465925 3814.565552
-139.325945 66.892525 3814.771219
-135.732449 67.578607 3814.516255
-133.741261 66.212505 3811.793151
-137.831963 69.014238 3815.144153
-135.548788 69.233577 3814.389733
-133.571969 69.243570 3811.708953
-136.133533 70.973056 3814.787672
-135.581028 71.848620 3813.114052
-132.497637 71.240437 3811.640390
-136.272656 74.843682 3814.664163
-133.877406 73.080132 3811.689594
-134.434703 75.956500 3811.841498
-133.755429 76.165865 3811.635710
-131.230734 77.084096 3811.655115
-134.773247 79.892096 3811.902436
-130.649804 79.518381 3811.646207
-134.036595 82.220087 3811.623075
-129.803295 79.513145 3811.686013
-127.565972 79.733373 3812.148516
-130.508269 83.054083 3811.660030
-124.886722 77.645216 3812.165154
-123.212316 77.612694 3811.632009
-123.809454 75.599111 3813.524455
-123.065933 75.350169 3812.709292
-125.244385 74.667907 3814.933495
-126.262702 74.803215 3814.809106
-126.407102 72.503016 3814.577619
-127.210107 75.328653 3813.266695
-128.697060 74.405333 3811.875497
-129.747089 71.523557 3811.632104
-130.714947 75.044407 3811.651292
-130.031603 70.425482 3811.643441
-131.629219 71.429752 3811.652560
-126.553444 69.987768 3814.177352
-124.035866 72.399030 3815.130457
-121.974929 74.432860 3812.558600
-120.188517 75.713718 3811.632984
-121.042394 76.767703 3811.645170
-120.654399 79.141448 3811.656350
-124.920758 80.445436 3811.649324
-121.387063 80.575600 3811.637336
-124.693184 83.027286 3811.657369
-125.115223 84.135274 3811.636695
-123.412141 85.078324 3812.325648
-126.412866 86.583764 3811.774453
-125.761443 86.928105 3812.294574
-124.746232 87.249758 3813.939970
-124.673284 87.585397 3814.523233
-128.176829 89.770047 3812.977686
-126.309401 90.084625 3814.795333
-124.049911 92.401504 3814.852916
-127.595513 91.391219 3814.952577
-126.780161 93.613398 3814.661562
-125.228673 94.934811 3814.961898
-126.810248 96.233486 3815.204163
-126.224146 97.130599 3814.778539
-124.321501 97.731437 3815.199423
-123.887249 99.076754 3815.141817
-126.107531 101.294379 3815.065027
-124.236533 103.363075 3814.531282
-121.294707 103.962332 3814.994435
-125.718353 104.083034 3815.269808
-123.167539 106.402827 3815.189509
-120.708953 107.483237 3814.815389
-124.098675 107.631143 3814.574566
-120.084734 109.830484 3814.982945
-118.721390 109.603305 3814.945141
-118.931870 111.413010 3814.792863
-115.137957 113.290644 3814.665157
-116.739533 113.558025 3815.100988
-111.187167 115.386976 3814.727792
-114.265364 115.958483 3814.715374
-108.319708 118.310398 3814.959154
-114.258556 117.678565 3814.156415
-107.760784 118.984255 3813.437368
-111.467172 118.288000 3812.823312
-102.466306 119.773763 3812.316707
-103.538688 119.633571 3811.027195
-104.058107 119.564466 3810.770967
-96.938791 120.337795 3809.876675
-97.527342 120.307564 3809.555888
-93.489054 120.588127 3809.365276
-93.023035 121.592210 3809.251779
-94.727746 122.875092 3809.252282
-86.538791 123.081626 3809.252280
-87.613563 124.265559 3809.252281
-88.006242 124.323525 3809.252282
-81.153114 124.940243 3809.252280
-81.374569 125.244319 3809.252280
-79.725655 126.419172 3809.252281
-76.597098 127.176113 3809.252280
-74.468561 128.104395 3809.252281
-68.056809 128.164539 3809.252301
-65.231155 128.071056 3809.252305
-63.809591 129.101199 3809.434282
-59.185006 128.152066 3809.342572
-57.663003 127.864847 3810.478156
-60.181725 128.429287 3811.088220
-52.489066 126.536268 3811.604457
-54.100748 126.973674 3812.579588
-51.670646 126.304040 3812.925899
-46.931387 124.850911 3813.548651
-48.612577 125.388808 3814.369202
-44.070975 123.877595 3814.227241
-42.997171 123.493621 3815.571824
-43.217562 123.574603 3816.221347
-41.304998 122.866354 3817.561481
-36.355453 120.873063 3817.032012
-40.444426 122.535641 3819.249180
-36.357278 120.873819 3818.888039
-34.022730 119.850392 3818.136507
-37.462564 121.339555 3821.222830
-32.780904 119.284743 3821.817527
-29.942089 117.929400 3820.953473
-34.040037 119.858140 3823.000410
-31.356688 118.616076 3823.697319
-27.936019 116.920733 3823.984238
-30.362629 118.135421 3825.082284
-30.388285 118.148010 3826.279546
-26.701745 116.278115 3826.329377
-24.210399 114.929955 3826.063618
-27.644848 116.771168 3827.770981
-25.913389 115.860315 3827.035951
-24.753567 115.229537 3827.081534
-20.952114 113.058509 3827.563866
-25.667713 115.728946 3830.113319
-22.236350 113.812244 3831.034849
-18.355523 111.474964 3831.376666
-22.276270 113.834920 3831.466106
-19.524159 112.197803 3831.791328
-16.639345 110.382190 3832.816943
-18.717722 111.701720 3833.452897
-16.756078 110.457667 3833.361613
-13.110880 108.014735 3834.454539
-17.637508 111.022358 3836.017518
-13.692559 108.416360 3835.464649
-13.278980 108.130996 3836.739178
-10.617074 106.236824 3837.005599
-8.798933 104.884424 3836.251148
-7.701613 104.044038 3838.399772
-9.663385 105.534500 3839.513941
-2.754459 100.015868 3839.245968
-4.235512 101.263946 3840.773608
-2.460001 99.763752 3841.189053
0.981640 96.697815 3841.668075
-0.842442 97.178441 3842.293224
2.621914 94.927832 3842.205339
3.664106 91.972654 3842.291557
1.875984 92.552861 3842.291602
7.559201 86.964767 3842.291603
5.243263 88.231483 3842.291603
6.032126 86.437648 3842.291603
8.724243 82.536433 3842.291603
6.966480 83.200417 3842.291603
10.165530 79.958642 3842.291603
10.653430 77.117702 3842.291603
10.711201 76.749640 3842.291603
12.714320 72.605078 3842.291603
15.238419 67.436457 3842.291603
13.705321 67.531978 3842.291520
15.948796 62.604192 3842.294797
17.501097 58.601278 3842.140435
19.883842 53.925526 3841.239516
20.023665 53.640718 3839.537513
21.983307 49.433390 3838.993105
21.462982 50.592941 3837.827896
23.179846 46.628273 3838.518821
23.029320 46.194564 3836.855220
22.425330 45.541378 3836.752162
23.671549 42.376268 3836.878701
21.277345 42.850279 3836.841270
23.446451 37.681698 3836.599334
20.951508 38.186463 3836.408327
23.220231 33.780019 3836.759559
20.003722 35.429482 3836.509287
21.010170 32.794965 3836.441654
19.588582 34.043587 3836.633078
18.895143 30.557775 3836.332937
20.043553 29.995307 3836.282536
16.849686 30.409580 3836.432352
17.923582 27.716741 3836.514524
18.269099 27.104063 3836.642998
14.985936 27.451632 3836.319334
14.664476 24.858812 3836.483377
12.325885 28.999854 3836.465746
12.073043 25.268308 3836.630097
10.758870 28.235703 3836.333682
10.783308 25.194420 3836.337963
8.077187 26.606587 3836.287688
6.107326 26.391412 3836.418913
8.571513 25.595494 3836.303011
5.202853 23.039866 3836.184287
2.750687 22.710673 3836.242334
4.333273 21.591144 3836.277032
5.938017 20.554127 3836.496071
2.848919 19.574915 3836.598436
2.866265 15.838018 3836.457808
-0.231462 17.810040 3836.459356
1.978099 16.067577 3836.189994
1.803284 14.798757 3836.502249
-0.299797 14.232172 3836.682054
-0.567422 12.955281 3837.796529
-2.591481 12.530082 3837.391125
-3.077276 12.391217 3838.321238
-2.924506 10.663287 3839.860674
-6.210931 11.380730 3839.196461
-3.467820 9.798411 3839.849495
-8.547327 8.980769 3839.867154
-6.335678 6.078592 3839.872290
-9.544278 6.020509 3839.868600
-10.955412 5.746527 3839.869366
-11.789443 3.378305 3839.369741
-14.973981 2.767487 3839.585277
-13.354466 2.620993 3837.324085
-15.500001 2.243498 3837.541843
-18.916661 1.285756 3838.230866
-20.065341 0.988296 3838.334249
-20.750238 -0.465281 3836.470177
-23.624815 0.230635 3837.588082
-24.873202 2.963149 3839.388627
-25.984126 6.784441 3838.729222
-26.251056 3.165194 3836.906676
-27.755984 5.030590 3836.408214
-26.997349 0.656150 3836.634133
-29.126351 4.910459 3836.327533
-29.290585 0.879480 3837.024069
-27.535306 -2.273059 3836.441619
-31.826974 3.082436 3836.489994
-31.302812 -1.946544 3836.356773
-30.656423 -2.624557 3836.403490
-33.130353 -1.054143 3836.536636
-33.530789 -4.319024 3836.771016
-34.843890 -3.732950 3836.261880
-35.407019 -4.998446 3836.861288
-34.512168 -8.392841 3836.278973
-36.893823 -6.564148 3836.422263
-36.793273 -10.340209 3836.587048
-39.637579 -8.273069 3836.245326
-40.380482 -9.567084 3836.439094
-42.113009 -12.635289 3836.829897
-43.015172 -11.119748 3836.453793
-43.155286 -14.656996 3836.662996
-44.884670 -15.270689 3837.005695
-45.182675 -16.010555 3838.050365
-46.672195 -19.322221 3839.059517
-47.829852 -21.494016 3839.427498
-48.264263 -22.209565 3842.037108
-50.694628 -25.260022 3842.302251
-53.926455 -28.021819 3842.291833
-55.797334 -29.643719 3842.290878
-58.057512 -28.648744 3842.226398
-61.830282 -31.391743 3842.231026
-65.333692 -33.094588 3842.215978
-67.397959 -34.108670 3842.212758
-69.106889 -32.909857 3841.654354
-72.539709 -34.563095 3840.925481
-75.869187 -35.783686 3840.512762
-78.096166 -36.413043 3838.979115
-77.549362 -36.271702 3838.090709
-83.302172 -37.343914 3837.816131
-82.073959 -37.190382 3837.214604
-82.413382 -37.237941 3835.768807
-85.692546 -37.529254 3835.078896
-84.277370 -37.437764 3834.388979
-87.563358 -37.571288 3833.438716
-88.728508 -37.551089 3833.774996
-88.602948 -37.554391 3832.695904
-91.687653 -37.341237 3831.206464
-89.106272 -37.536507 3829.318500
-92.088559 -37.294661 3830.481725
-92.670063 -37.221559 3828.130199
-93.190371 -37.146447 3826.972984
-96.082362 -36.600628 3827.907848
-94.610049 -36.906404 3824.942106
-97.101198 -36.352568 3824.165434
-95.622455 -36.702009 3823.761378
-98.671159 -35.913422 3822.522940
-99.389460 -35.687959 3822.859766
-99.485216 -35.656204 3821.500330
-102.842954 -34.382036 3819.641659
-99.773040 -35.560874 3818.571272
-102.851082 -34.378552 3819.515433
-102.792647 -34.403608 3817.221437
-105.434680 -33.141968 3817.632178
-104.625438 -33.554229 3815.212856
-108.819422 -31.137003 3815.807994
-108.842929 -31.120845 3813.354020
-108.389982 -31.417661 3812.910902
-110.994806 -29.582195 3811.801825
-112.593409 -28.282901 3810.245796
-115.805040 -25.652148 3809.447995
-119.497182 -22.756624 3809.542791
-120.465790 -22.996752 3809.502350
-122.775469 -21.663982 3809.408986
-125.553438 -18.825923 3809.310479
-128.336429 -15.405570 3809.258974
-129.272583 -15.505535 3809.246251
-130.794120 -13.240021 3810.017869
-131.857163 -9.455976 3810.991709
-132.667458 -5.088646 3812.271496
-132.709661 -4.761392 3813.513496
-132.986382 -1.871363 3813.527479
-133.084548 -0.604611 3814.685385
-134.573347 -1.350370 3815.360971
-133.977808 4.565407 3815.191257
-135.495233 3.109520 3815.066176
-136.137558 2.308149 3814.940262
-136.369995 6.354917 3815.229285
-137.369471 6.251071 3815.037457
-137.604030 9.762832 3815.272939
-136.267556 12.825412 3815.261253
-139.042621 10.380480 3814.830086
-137.897288 13.228361 3815.207954
-137.459133 16.482561 3815.020644
-141.100647 11.520148 3815.099779
-139.808857 16.934148 3815.117838
-139.504419 21.003002 3814.830322
-141.460953 17.734274 3815.030674
-141.123829 19.920147 3815.107754
-140.492425 21.290575 3814.949143
-143.938182 17.494230 3814.934101
-142.718405 20.378162 3815.080989
-142.792754 13.005669 3815.298671
-144.226260 12.567471 3814.794622
-144.726246 8.306262 3815.077391
-146.341891 10.129731 3814.859178
-146.875173 10.546961 3815.067970
-145.764075 14.596411 3815.262747
-148.120784 15.171652 3815.234771
-149.118252 15.150871 3814.887128
-150.964834 16.701608 3813.793744
-148.411440 17.673963 3815.065666
-150.599332 19.240525 3814.862989
-148.989674 20.735799 3814.870985
-151.688830 23.194468 3815.071082
-152.192995 22.968431 3815.027664
-152.717241 26.391589 3815.075338
-154.783775 26.968885 3815.103864
-153.975911 29.335461 3814.302708
-156.179210 30.009646 3814.753803
-154.273944 29.476740 3813.409536
-157.185588 30.628789 3812.937723
-156.364639 31.875859 3811.691418
-158.831069 33.178588 3811.622659
-157.839385 35.953490 3811.654200
-160.111894 37.240316 3811.639512
-161.190853 39.780134 3812.644038
-159.708067 40.121659 3814.298540
-163.066282 40.487457 3812.743477
-162.261752 42.719144 3814.901619
-161.258029 42.436255 3815.088669
-164.750047 44.641192 3814.806192
-163.871129 47.154004 3814.769984
-164.562115 47.347696 3815.051828
-165.175015 48.091011 3814.908154
-164.015250 51.455136 3814.790715
-165.955778 50.914221 3815.090444
-164.805990 51.167221 3814.929942
-164.991772 53.995762 3815.175434
-166.805011 53.278348 3815.098229
-165.929378 54.401184 3814.968099
-165.948143 56.196758 3815.103595
-170.329649 55.531486 3814.820328
-168.575163 58.258082 3814.777164
-172.642889 56.169813 3815.011404
-171.711754 58.503589 3815.003863
-170.357385 61.826044 3815.026166
-172.695592 59.052592 3814.734262
-171.634593 61.385408 3815.104875
-171.845416 63.828029 3815.116810
-173.116398 63.174934 3815.026248
-174.973075 64.311914 3815.202356
-172.300402 65.390337 3814.991421
-171.819956 66.662009 3815.248039
-175.945219 67.074367 3815.213152
-172.408171 68.829665 3815.121660
-174.719836 69.910695 3814.967564
-173.715749 70.634273 3815.227422
-172.409325 74.213169 3814.949881
-176.598519 72.948558 3815.138823
-173.059600 75.200972 3815.227537
-174.279157 76.929632 3814.826857
-172.902219 78.099553 3814.759941
-173.441873 79.872571 3814.728776
-171.892409 81.716956 3815.090167
-174.399977 81.730057 3814.977658
-169.944490 86.579541 3814.924120
-172.888417 84.768714 3814.825033
-168.598886 89.039582 3814.397939
-169.620644 88.081567 3813.209488
-165.504567 91.800549 3814.420173
-166.130550 91.247436 3812.412824
-167.168379 90.331992 3811.799788
-160.448063 95.901939 3811.816691
-160.704174 95.704618 3811.314489
-159.531307 96.598719 3810.163599
-156.970163 98.475799 3809.838876
-158.266646 98.604205 3809.250669
-155.911117 100.465098 3809.250842
-154.267768 103.147022 3809.252280
-148.217975 107.273313 3809.252280
-150.393152 107.180186 3809.252280
-148.510618 108.995755 3809.252280
-144.959208 111.433633 3809.252280
-146.754835 111.665721 3809.252280
-142.745840 113.178732 3809.252280
-142.151745 114.880718 3809.252280
-144.314792 114.961968 3809.252278
-137.737054 118.060409 3809.252280
-139.422045 118.500849 3809.252284
-137.922006 119.873983 3809.251669
-134.012250 122.107052 3809.254873
-134.985565 122.341871 3809.577468
-130.858556 123.821377 3809.346752
-129.714407 124.287727 3810.645036
-131.342441 123.717199 3811.387794
-124.126649 126.060800 3811.848733
-125.819706 125.551820 3812.806768
-122.895298 126.416345 3813.654807
-118.552445 127.561722 3814.356773
-120.368384 127.103149 3815.584612
-113.103825 128.777281 3815.880589
-118.371972 127.606215 3816.802495
-112.789384 128.840774 3816.045858
-113.149376 128.768035 3817.821370
-111.402188 129.105419 3817.574064
-108.663125 129.587777 3818.778956
-110.610445 129.252193 3820.023166
-109.179779 129.499970 3819.941182
-105.835107 130.023621 3821.296943
-105.871393 130.018414 3819.776442
-105.862943 130.019682 3822.860321
-103.411838 130.344608 3823.275913
-99.695278 130.746848 3823.818471
-103.592486 130.321197 3823.860836
-103.678209 130.309873 3824.887101
-99.878187 130.730012 3825.683444
-95.747155 131.059334 3826.113859
-100.001566 130.718132 3826.243024
-100.289292 130.690626 3827.435727
-96.815175 130.984935 3828.406231
-92.129143 131.238300 3828.457623
-96.746278 130.989736 3828.758288
-97.118739 130.963684 3829.828077
-93.366823 131.187610 3830.938837
-89.056078 131.310318 3830.578230
-93.491873 131.181535 3831.978983
-91.446177 131.259175 3831.686316
-88.428766 131.316498 3832.677163
-87.803207 131.322678 3831.206938
-89.525519 131.304843 3834.817620
-85.732520 131.308478 3833.848966
-84.452535 131.286276 3833.571339
-83.759368 131.266615 3835.329058
-79.242632 131.060751 3836.122961
-81.924809 131.203483 3837.319369
-76.399179 130.849141 3837.341144
-76.991527 130.899776 3837.821039
-75.745720 130.790271 3838.849851
-71.762468 130.370746 3838.831514
-72.526911 130.460296 3840.291292
-66.056101 129.547328 3839.638431
-65.965431 129.534291 3841.260899
-66.484716 129.612398 3841.847716
-59.087669 127.445306 3842.294800
-60.367152 127.587593 3842.293382
-59.941937 126.290485 3842.291603
-56.231292 125.233526 3842.291603
-57.336663 124.026940 3842.291603
-51.531541 122.618061 3842.291603
-51.790840 121.015426 3842.291603
-52.234741 120.787795 3842.291603
-48.166163 118.812768 3842.291603
-47.579166 117.481257 3842.291603
-44.178050 115.768012 3842.291603
-37.772303 113.325152 3842.291603
-37.314577 111.954260 3842.291602
-35.449408 110.652013 3842.291573
-36.346636 109.471236 3842.250398
-32.034014 108.032236 3842.294138
-30.877657 106.487952 3841.791715
-33.302450 107.753430 3840.908359
-26.266968 103.877987 3841.387018
-26.666112 104.116593 3839.877130
-26.174660 103.825372 3838.968494
-22.706195 101.676687 3839.827540
-21.945734 101.182254 3839.130357
-22.869808 101.593217 3836.936897
-17.253029 97.947681 3837.390587
-17.536527 97.844854 3836.724763
-13.969852 95.354296 3836.956071
-17.085569 94.933858 3836.670793
-14.775787 94.246306 3836.396773
-14.219206 91.481981 3836.622014
-16.133499 91.804467 3836.786533
-12.701072 89.261791 3836.663109
-14.241874 89.210116 3836.747382
-11.744361 86.125329 3836.645197
-8.953553 84.959916 3836.914977
-13.093499 84.936995 3836.404137
-9.235592 81.508285 3836.672128
-11.645959 82.726402 3836.539764
-10.566953 80.489407 3836.577825
-7.651881 77.180369 3836.635542
-11.206494 80.157739 3836.438537
-9.492016 76.949491 3836.807722
-7.359339 74.777104 3836.549742
-9.454840 75.030671 3836.635115
-8.549798 74.374475 3836.547023
-7.251731 73.135573 3836.579834
-6.502353 72.119034 3836.724998
-10.203933 70.442264 3836.571447
-7.642474 69.960557 3836.470312
-6.942460 67.489217 3836.669315
-9.740562 67.021969 3836.743070
-8.281155 65.661362 3836.553892
-9.459437 64.640049 3836.203341
-8.645730 62.670619 3836.677162
-10.551874 65.314390 3836.550483
-12.942068 64.446962 3836.598606
-12.898827 61.619629 3836.995089
-15.362414 62.611241 3836.608450
-14.022771 60.622429 3836.513079
-17.382809 60.133774 3836.590730
-16.530259 57.837474 3836.355580
-14.164473 57.489281 3837.704047
-17.798541 56.275699 3836.669418
-15.999015 56.344036 3838.683404
-18.953536 54.193135 3838.600009
-19.167521 52.785246 3839.744781
-17.524418 53.002093 3839.850969
-19.144085 51.485629 3839.846859
-17.478444 49.558439 3839.821035
-21.498722 46.976833 3839.829654
-19.792030 46.507233 3839.846479
-22.023904 44.218349 3839.863512
-19.726991 43.766413 3838.378219
-22.523265 42.464591 3839.378939
-23.234017 40.265868 3836.862709
-25.339222 39.697743 3838.229183
-24.072411 39.583897 3836.753591
-26.753067 37.605813 3836.822887
-24.395197 34.486072 3836.433120
-26.631969 33.491439 3836.394526
-26.942655 32.666172 3836.626986
-25.403571 30.616217 3837.824610
-25.999527 30.012261 3839.303481
-24.176430 29.472535 3839.871234
-25.728721 26.603912 3839.849364
-27.997329 24.935552 3839.879859
-25.274577 23.983418 3839.678929
-22.442185 24.512955 3839.588098
-24.216542 24.606137 3839.862754
-24.692926 27.031936 3839.847512
-21.479422 29.733596 3839.870449
-23.286773 29.337366 3839.883343
-21.522058 31.479355 3838.052997
-23.058289 31.099195 3838.205029
-23.673524 31.032476 3837.321446
-23.317464 32.225224 3836.600881
-24.934455 33.835290 3836.269071
-20.429231 39.053604 3836.259781
-19.465239 40.614164 3836.421078
-20.306617 42.236341 3836.965349
-18.508719 42.465530 3836.529969
-17.609041 45.198279 3838.566397
-20.563467 42.654398 3837.146528
-17.337739 45.522168 3838.829240
-18.428509 45.745403 3839.645054
-14.219327 48.074107 3839.201137
-17.071090 48.105921 3839.855523
-12.747241 51.480610 3839.833862
-17.051818 51.257907 3839.818862
-13.229637 55.373906 3839.836688
-11.149015 53.691708 3839.807866
-11.827134 55.273362 3839.807478
-8.548013 55.627878 3839.804055
-6.727841 56.175528 3839.735686
-8.243220 57.313331 3839.822731
-6.122108 57.266910 3837.479759
-6.680434 58.701751 3836.896161
-4.882811 60.278776 3836.584712
-5.338753 62.203095 3836.830513
-8.501342 60.608604 3836.862742
-1.593740 61.171731 3836.642796
-4.539561 63.518344 3836.342827
-2.244133 66.054430 3836.352297
-4.961341 67.235123 3836.804668
-3.159909 68.627764 3836.601923
-3.777770 68.890372 3836.565357
-4.700155 70.431106 3836.794027
-5.152814 67.611941 3836.752224
-3.757840 73.520468 3836.433208
-4.508361 72.076655 3836.320500
-3.201254 75.776582 3836.507377
-3.561397 77.172107 3836.598503
-6.271609 76.662176 3836.392031
-3.922264 79.476540 3836.735003
-5.625924 79.698679 3836.645651
-4.078590 80.990879 3836.882046
-6.689304 82.377406 3836.641957
-4.301650 83.695861 3836.758837
-8.634129 85.822803 3836.925080
-9.458030 89.030237 3836.790440
-9.280296 87.171653 3836.609578
-11.874207 93.076583 3836.809876
-10.327694 92.501736 3837.490091
-13.861807 95.347203 3837.013430
-15.021256 96.293581 3838.422665
-15.504007 96.658273 3839.398901
-18.496209 98.839463 3838.397056
-19.065229 99.238087 3839.474379
-21.646242 100.978154 3841.752499
-25.347845 103.829007 3842.282474
-27.499276 104.688407 3842.218959
-29.403117 107.298642 3842.291572
-27.313220 107.706121 3842.291603
-31.823338 108.692236 3842.291623
-33.159916 111.623186 3842.291603
-32.595802 111.746454 3842.291603
-35.657720 112.380001 3842.291603
-37.002101 114.465010 3842.291603
-38.663598 114.035462 3842.291603
-41.558373 116.898611 3842.291603
-39.260833 117.672570 3842.291603
-44.213340 117.966359 3842.291603
-45.859878 120.530055 3842.291603
-44.829010 120.447904 3842.291603
-47.560649 121.059271 3842.291603
-50.142742 123.733141 3842.291603
-50.674034 122.586060 3842.291603
-54.635800 127.007032 3842.122439
-53.135047 126.717404 3841.601259
-57.366564 127.798916 3841.858468
-59.254026 128.229519 3840.047175
-59.049886 128.186596 3841.501654
-63.706051 129.133961 3839.142430
-62.660290 128.935391 3837.707890
-67.862654 129.834942 3839.113394
-69.352548 130.055552 3836.860878
-71.357794 130.320116 3836.012953
-72.884814 130.500233 3835.914855
-74.769758 130.700702 3834.875609
-76.118604 130.823799 3835.099937
-77.449577 130.936244 3835.409177
-76.184006 130.829614 3832.711757
-80.027652 131.108773 3831.805935
-81.661597 131.191505 3833.755833
-78.578535 131.015362 3830.447841
-82.472922 131.225694 3829.424574
-82.536005 131.228911 3832.134943
-84.339571 131.283944 3828.859041
-83.768241 131.266808 3827.433655
-87.397946 131.321783 3827.261893
-88.563947 131.315178 3829.494261
-88.336930 131.317446 3825.880706
-88.389361 131.316940 3824.807982
-91.992231 131.242785 3824.999662
-90.630016 131.283593 3827.258447
-91.841353 131.247341 3823.574477
-91.906039 131.245376 3822.360748
-95.569481 131.071519 3822.375668
-94.539368 131.129263 3824.801048
-95.129155 131.096928 3820.972435
-96.903507 130.978749 3820.802898
-96.207004 131.027346 3821.820468
-96.088719 131.035645 3822.922536
-95.767255 131.058100 3817.783969
-100.824588 130.637370 3818.103179
-100.832024 130.636502 3820.744345
-100.579038 130.662121 3816.683278
-105.272048 130.101208 3816.489433
-104.628188 130.186723 3819.369419
-104.341228 130.223943 3814.744167
-107.300287 129.804193 3816.339919
-106.397104 129.939657 3813.888963
-112.602299 128.877321 3814.961505
-112.290653 128.936471 3812.783145
-114.254236 128.539126 3814.181806
-118.802415 127.499238 3811.817866
-116.321521 128.088109 3811.037980
-121.677840 126.752243 3811.816957
-123.503525 126.247736 3809.793337
-125.206927 125.616770 3809.307500
-127.449391 124.997288 3809.438696
-127.876611 123.113048 3809.252301
-130.238522 123.415053 3809.248453
-133.819905 119.664441 3809.252280
-131.082930 120.096952 3809.252280
-135.941505 118.692420 3809.252280
-136.519309 116.051582 3809.252280
-137.932613 114.964258 3809.252280
-139.904103 114.470622 3809.252280
-140.102160 112.415857 3809.252280
-141.950702 112.849989 3809.252280
-144.536432 108.994717 3809.252280
-142.366880 109.223219 3809.252277
-145.246801 108.872470 3809.252280
-148.251874 104.511298 3809.270914
-148.721041 103.896106 3809.534387
-149.645023 103.306490 3810.607273
-150.996358 102.473079 3811.140632
-155.187396 99.724943 3810.788689
-156.968009 98.479364 3812.360456
-155.666295 99.394711 3813.167412
-159.296717 96.776381 3812.548014
-160.590453 95.792311 3813.892565
-160.438335 95.909437 3812.946535
-163.436253 93.288948 3814.797398
-164.470796 92.669238 3813.347810
-164.694096 90.608046 3814.860221
-166.146689 90.576393 3815.045496
-164.743984 87.876029 3814.712495
-167.732262 87.008653 3814.876359
-164.312313 86.670713 3814.758272
-168.813383 83.807903 3814.597762
-166.925125 83.524076 3814.950763
-169.223197 79.853819 3814.911905
-168.698244 79.552875 3815.267567
-169.702154 78.497046 3815.116397
-171.142030 77.991318 3814.906714
-167.636280 76.524496 3814.756708
-169.727349 73.822620 3814.985920
-172.002026 75.282386 3815.163508
-166.822137 73.169017 3815.371579
-169.211754 70.791844 3815.035107
-171.689467 72.295829 3814.883439
-166.866797 69.856438 3814.974292
-167.965668 67.503305 3815.133391
-171.028452 68.010492 3814.957749
-166.466426 67.198492 3815.270705
-166.633781 64.803237 3814.796195
-168.705555 66.190206 3814.884095
-165.797662 68.092602 3815.179487
-164.523966 70.409392 3814.773773
-165.804154 70.123988 3815.025655
-164.940093 72.049808 3814.791558
-160.397659 69.788744 3814.768473
-162.719061 69.173317 3814.768522
-161.976830 72.793734 3814.880117
-159.792465 74.174832 3815.220123
-165.407702 73.178053 3815.173803
-162.836051 75.819987 3814.796784
-161.100477 77.415245 3814.814159
-165.080296 76.204621 3815.089040
-163.838570 79.001969 3815.211592
-160.980751 81.476027 3815.096293
-163.488785 80.901178 3814.788895
-162.106530 82.316392 3815.190209
-160.992651 84.073623 3814.988455
-160.237684 83.050657 3814.948953
-161.594838 85.326451 3815.226785
-159.233260 87.332836 3814.728411
-161.814533 87.212550 3815.067258
-160.703382 88.862702 3814.738694
-156.558031 90.762427 3815.095074
-160.264953 90.345388 3815.030990
-156.637353 93.402862 3815.033709
-159.673151 92.300015 3814.888468
-155.327444 95.718834 3815.151549
-158.169625 95.057575 3814.548762
-153.412613 98.293186 3814.719051
-155.183590 98.405317 3814.702732
-150.546837 101.312344 3814.762388
-152.374883 100.723055 3814.990008
-148.788968 102.934476 3814.710534
-150.706136 102.654807 3813.144278
-148.502395 103.992221 3812.532055
-145.312329 105.816911 3812.263357
-146.503127 105.150963 3811.156388
-142.889979 107.118518 3811.846709
-141.678318 107.741546 3810.562007
-143.295958 106.945423 3809.392320
-137.331450 109.968822 3809.321110
-139.021051 110.420255 3809.252111
-137.397698 111.737165 3809.252286
-133.721380 114.199403 3809.252282
-135.696942 114.213219 3809.252280
-131.299960 115.771193 3809.252279
-130.366712 117.544283 3809.252280
-133.086850 117.320239 3809.252280
-125.887740 120.656393 3809.252280
-127.617636 121.045690 3809.252280
-125.958994 122.296859 3809.252278
-121.008179 124.572024 3809.252281
-123.078702 124.778302 3809.252315
-117.660337 126.048726 3809.252300
-116.142321 127.536745 3809.247675
-119.232753 127.370261 3809.466589
-110.380330 129.298614 3809.696703
-112.326903 128.929446 3810.746533
-109.808552 129.392967 3811.012544
-104.723595 130.174222 3811.603631
-106.820327 129.876167 3812.497040
-101.027882 130.615178 3811.920706
-99.778045 130.739394 3813.206465
-102.000304 130.508228 3814.095249
-94.152107 131.148662 3814.372175
-98.973522 130.811658 3815.679942
-93.922203 131.160127 3815.260795
-93.563730 131.178118 3816.432480
-90.930964 131.274611 3816.688090
-88.134369 131.319609 3817.252269
-91.370536 131.261390 3817.836013
-87.584747 131.322016 3818.214382
-84.389061 131.284967 3819.362482
-86.815457 131.319228 3820.060019
-85.693323 131.308262 3821.739008
-82.876662 131.239722 3820.596903
-81.140878 131.165432 3820.775230
-84.997483 131.298451 3823.956232
-81.142513 131.165489 3824.510299
-77.980178 130.973466 3823.747032
-78.738956 131.026652 3822.535681
-80.715598 131.144140 3826.791940
-77.608651 130.947011 3826.117859
-75.261938 130.746585 3826.053971
-75.371381 130.756464 3824.821206
-77.278932 130.922415 3829.088528
-73.529780 130.571187 3828.471084
-69.356325 130.055690 3828.399191
-74.331865 130.657935 3829.714617
-70.834070 130.252278 3829.770048
-67.597855 129.795243 3830.848226
-69.838504 130.122379 3831.731329
-68.082974 129.868009 3831.642946
-65.972971 129.533185 3832.000699
-64.910175 129.352424 3831.643428
-64.217748 129.228892 3833.862948
-60.245260 128.442823 3834.559159
-63.625052 129.118599 3836.186381
-57.823851 127.901138 3835.950523
-61.140249 128.630742 3837.497172
-54.070743 126.965704 3836.883553
-54.592072 127.103866 3838.432749
-54.150367 126.986742 3838.743255
-48.722107 125.422808 3839.535284
-49.265510 125.591331 3839.853523
-45.418954 124.346986 3839.928999
-44.268316 123.763636 3842.194100
-45.510067 123.403143 3842.292924
-38.867521 120.815356 3842.292366
-40.079416 120.886674 3842.291589
-39.428336 119.565614 3842.291602
-35.972783 118.514284 3842.291602
-37.055182 117.366714 3842.291603
-31.446903 115.705928 3842.291603
-31.760264 114.223217 3842.291603
-32.421736 113.894847 3842.291603
-26.308854 110.333109 3842.291603
-27.535171 110.887595 3842.291603
-27.355977 109.670589 3842.291603
-23.835009 107.660088 3842.291603
-25.125462 106.838719 3842.291603
-24.502394 105.813806 3842.291603
-19.069055 100.931362 3842.291532
-16.059683 97.892546 3842.287757
-12.077232 93.963164 3841.800975
-13.119829 94.816320 3840.708729
-10.157199 92.389549 3839.465282
-8.066888 90.579173 3838.849166
-5.102396 87.859238 3838.795708
-5.417382 88.165696 3837.313435
-0.652728 83.412058 3837.648700
-2.719206 83.476592 3837.162116
-2.373462 82.937582 3837.290529
0.157867 80.146154 3836.761271
-1.457142 79.811417 3836.577301
2.714474 75.611505 3836.745625
1.476651 74.603002 3836.748049
1.007688 73.558227 3836.555458
2.380639 70.553414 3836.692390
1.591212 70.565755 3836.519778
1.592539 69.585270 3836.585633
4.157380 66.541384 3836.759699
1.280311 66.832569 3836.614154
3.157015 65.251703 3836.322923
1.029487 64.349644 3836.454717
0.856266 62.899057 3836.337011
2.930599 58.864352 3836.209698
0.137799 61.489601 3836.774780
0.649361 57.906583 3836.614166
2.818692 56.055790 3836.339959
-1.371404 58.077118 3836.280622
-0.385528 54.465304 3836.628633
1.844047 53.576881 3836.541706
-1.809280 54.874767 3836.374350
-1.910869 52.687118 3836.273864
-0.427021 49.554443 3836.475617
-2.300487 50.050132 3836.354245
-1.520595 49.141094 3836.707778
-1.924967 46.445810 3836.141605
-2.949217 47.123625 3836.587860
-4.709488 45.987326 3836.660031
-2.567528 45.097611 3836.629442
-4.680237 43.777715 3836.313215
-4.795096 42.826681 3836.391983
-4.936478 39.765651 3836.443396
-8.955487 40.918539 3836.402504
-6.805186 38.884929 3836.472362
-8.570466 38.563507 3836.388603
-9.617419 35.641510 3836.416747
-7.920679 35.619378 3836.604920
-12.537503 33.629490 3837.821797
-10.161163 34.229245 3838.885135
-14.231169 31.933816 3839.822185
-14.859236 31.552663 3839.855592
-15.817877 28.498470 3839.836461
-16.838317 28.285376 3839.839512
-16.633618 26.546331 3839.813722
-18.496358 25.469184 3839.606716
-14.646252 26.941048 3839.819968
-17.757183 24.494230 3837.180729
-20.357250 24.400583 3838.976081
-19.462176 22.240027 3836.086352
-20.395844 22.619441 3836.349078
-20.269755 21.601248 3836.335205
-23.824611 20.629926 3836.500130
-27.190773 22.813032 3837.133153
-27.453039 18.869688 3836.340581
-25.903647 23.071221 3837.913916
-17.689190 20.232772 3836.206042
-20.572871 19.810001 3836.504756
-20.700908 16.708542 3836.515739
-24.046865 18.882983 3836.325028
-23.028079 16.256148 3836.254208
-15.827771 18.098913 3837.998227
-18.116460 19.317598 3836.240826
-18.910592 14.922460 3837.152774
-20.049444 15.364704 3836.454395
-21.789537 13.756745 3836.453725
-20.489201 13.138134 3839.134182
-22.533000 12.194218 3837.461199
-22.036592 11.166739 3839.431631
-24.593698 9.655103 3838.443294
-21.536848 9.310323 3839.880012
-24.107004 5.023548 3839.870609
-24.631073 3.948669 3839.683169
-22.933992 2.366545 3839.916350
-19.786755 1.971552 3839.776263
-21.084750 5.145595 3839.864771
-17.820506 6.276613 3839.859742
-20.789734 7.185070 3839.862429
-20.516779 8.771187 3839.859173
-17.879164 11.161790 3839.853188
-19.939778 10.709029 3839.876851
-15.085729 13.563759 3839.847378
-19.100829 12.429275 3839.899652
-14.568696 16.082428 3839.857310
-19.010006 14.570126 3839.173374
-11.631866 18.045946 3839.839325
-15.350374 17.161294 3839.788749
-10.634093 18.839876 3839.836370
-13.006814 19.994385 3839.574094
-15.225460 18.815386 3838.785157
-13.806591 20.320219 3838.302587
-13.627301 21.336201 3836.734257
-14.650654 21.947592 3836.483341
-12.781843 23.753919 3836.240476
-14.986970 23.893232 3836.493030
-17.261837 23.528149 3836.428098
-12.260200 26.057251 3838.067597
-15.061676 25.806815 3837.661833
-8.977823 28.119072 3839.789951
-12.593658 26.708118 3839.415951
-13.678733 27.960179 3839.862267
-13.296193 29.928112 3839.829198
-8.699047 33.354761 3839.729821
-7.308538 34.145148 3839.509485
-6.443446 34.991138 3837.534458
-4.416080 35.956966 3836.929584
-4.266719 37.685205 3836.501706
-2.913125 37.571857 3836.530146
-1.872429 40.108627 3836.558361
-4.869083 37.808436 3836.517769
-0.807446 41.389462 3836.530755
-1.536414 41.529504 3836.375236
2.034219 42.864704 3836.278828
1.003516 45.311995 3836.404048
-0.213953 44.753666 3836.403428
3.372826 46.663689 3836.592813
2.752047 47.990466 3836.269487
2.859750 49.433228 3836.477989
1.071014 47.317860 3836.671461
5.865180 51.089574 3836.163050
4.303802 53.343886 3836.230423
1.424801 51.837724 3836.377073
7.580912 52.552854 3836.769824
6.260891 56.566534 3836.512303
2.906474 54.691922 3836.505754
8.129048 55.684393 3836.652275
5.603463 58.944024 3836.581517
4.118530 57.711317 3836.475558
6.499768 60.703622 3836.499134
5.359619 62.109773 3836.399648
7.692255 62.772013 3836.513023
5.753562 65.761333 3836.502709
6.973151 66.683182 3836.867286
4.969201 69.089007 3836.911489
7.520626 68.234617 3836.986061
4.836886 71.117202 3836.635862
5.022817 73.701783 3836.795907
4.426866 75.686102 3836.609073
3.043576 77.617296 3836.912831
3.854587 78.378204 3837.408395
1.080445 79.874796 3836.642122
0.987330 81.646200 3838.421122
1.122461 81.497633 3838.704257
-0.549737 83.301290 3838.157179
-2.794770 85.610092 3839.056747
-5.010166 87.768700 3841.307397
-9.419309 92.092084 3842.266283
-12.489484 95.555995 3842.293034
-14.278452 97.599072 3842.291532
-15.839845 101.433679 3842.291603
-16.632991 102.998190 3842.291603
-21.161220 105.624662 3842.291603
-20.536843 107.470825 3842.291603
-22.317963 109.017532 3842.291603
-24.132193 109.646293 3842.291603
-24.270422 111.852303 3842.291603
-26.407949 111.718030 3842.291603
-29.808648 115.625632 3842.291600
-27.132178 115.104583 3842.291742
-31.737103 116.617117 3842.291598
-32.684128 119.005916 3842.272260
-34.470408 120.034811 3841.931812
-36.204058 120.622944 3842.242625
-37.178458 121.222916 3840.322932
-38.952771 121.950805 3841.766052
-43.469961 123.665263 3839.342456
-41.175215 122.817034 3838.566889
-45.582421 124.402756 3839.239773
-47.255805 124.958009 3836.790161
-49.368509 125.623140 3836.124537
-52.683951 126.590245 3835.301947
-51.033929 126.119542 3834.978077
-54.456107 127.069454 3834.163727
-53.008982 126.678965 3836.163342
-56.352980 127.548601 3833.328868
-56.079256 127.480164 3833.889663
-59.343770 128.249717 3831.034972
-60.654026 128.528753 3830.928907
-60.575239 128.512183 3831.974973
-61.593791 128.725245 3829.312436
-62.738338 128.950207 3829.112002
-65.328565 129.423602 3829.346769
-63.386736 129.073288 3831.290004
-65.500527 129.452817 3825.678280
-68.042850 129.862011 3825.569613
-69.058516 130.014264 3827.204580
-69.268687 130.044921 3824.123288
-70.811171 130.249269 3823.688011
-71.966325 130.395432 3824.575987
-70.893505 130.259973 3826.717216
-70.142105 130.162180 3821.259162
-74.196487 130.644217 3821.059995
-74.282801 130.652148 3823.399680
-74.147770 130.638856 3820.137678
-76.952021 130.895960 3820.172747
-76.965238 130.897177 3821.092543
-77.992232 130.974315 3817.778338
-79.549856 131.080571 3817.149837
-82.082935 131.211121 3818.533160
-79.793348 131.095787 3815.938680
-84.894646 131.297716 3814.905888
-83.808627 131.268066 3817.380034
-85.951840 131.310806 3813.771781
-85.909385 131.310372 3815.754087
-90.972441 131.273376 3812.883688
-90.319813 131.290805 3812.307348
-93.442587 131.184194 3812.857979
-95.813479 131.054980 3811.494625
-96.603010 130.999700 3812.295166
-101.472431 130.566538 3810.630566
-99.892648 130.230845 3809.254615
-104.457448 130.210945 3810.329923
-107.285907 128.736306 3809.251254
-107.463965 128.475571 3809.252258
-110.215310 128.522108 3809.249474
-113.171408 126.765373 3809.252285
-113.683594 127.391461 3809.252150
-118.068176 124.727393 3809.252281
-115.853813 123.620913 3809.252280
-120.876896 123.537513 3809.252280
-122.904598 120.446281 3809.252281
-122.565553 120.225713 3809.252281
-125.286954 119.644187 3809.252280
-127.487102 117.109248 3809.252280
-128.063085 117.716384 3809.252282
-131.145129 114.264447 3809.252303
-129.267866 113.241369 3809.427495
-133.425431 113.025979 3809.252205
-135.184676 110.798639 3810.836383
-135.352823 110.726163 3811.120319
-137.552121 109.739657 3810.778031
-139.193052 108.969086 3812.366303
-140.116658 108.520431 3811.251449
-143.042143 107.038549 3813.446072
-141.289323 106.722870 3814.556343
-144.143254 106.454208 3814.090105
-144.576273 103.232061 3814.688664
-147.491681 104.314302 3814.687445
-148.034275 100.470754 3814.908940
-146.555149 100.220923 3814.671567
-149.941515 97.462975 3815.029284
-148.832417 97.717667 3814.965396
-151.197532 95.600878 3814.607168
-151.603405 97.460057 3814.807501
-150.418479 93.282981 3815.074156
-152.949116 94.638569 3814.765209
-151.501660 92.489549 3815.178475
-153.510607 91.428209 3815.242124
-153.957947 92.083846 3815.246273
-151.584316 90.108824 3814.806079
-153.471019 87.958262 3815.027089
-155.360524 89.098109 3815.067269
-153.522927 85.700396 3815.237631
-155.652863 85.257169 3815.291588
-157.180177 84.554780 3815.011789
-157.126051 86.350270 3814.945264
-153.563646 81.496841 3815.160280
-156.291242 79.965446 3815.041394
-159.069158 82.404784 3814.989390
-154.193018 79.853284 3815.106674
-156.457263 77.767241 3814.936449
-157.971339 79.835755 3814.948094
-156.393807 76.358861 3814.899456
-155.987250 74.421058 3814.891499
-158.513921 73.785894 3815.080653
-159.148878 76.342179 3814.980611
-156.189328 71.463387 3815.008502
-157.685949 69.720219 3815.122940
-160.039316 72.214375 3815.057050
-155.515992 67.482806 3815.074543
-157.337338 66.562617 3814.938850
-158.772782 69.481333 3814.735459
-158.692177 65.936373 3814.464601
-159.891638 67.136583 3813.803098
-156.015157 64.166205 3814.383158
-155.609308 62.326905 3812.052323
-158.577880 63.183524 3811.611860
-156.645637 60.670184 3811.624945
-159.452920 62.121497 3811.632074
-158.743772 58.295383 3811.622456
-161.463860 61.008046 3811.631898
-159.166163 57.198679 3811.709574
-159.892342 58.303256 3811.603989
-158.564176 54.523673 3813.801973
-160.878610 56.006093 3814.345997
-161.511568 54.381404 3815.019783
-162.228070 55.581611 3814.742766
-160.156630 52.454002 3814.852595
-160.781170 51.111549 3814.918549
-161.813130 50.811218 3814.877238
-158.797284 49.605937 3814.989834
-159.202758 46.039747 3815.030798
-161.309775 49.531364 3814.471490
-157.261171 44.438248 3814.889636
-159.602238 45.147600 3814.997373
-157.054571 41.084800 3814.817586
-155.871034 39.053634 3814.529759
-158.945933 41.274462 3814.688459
-154.471513 38.208608 3813.620016
-156.165723 37.334742 3811.780869
-154.197664 34.794436 3811.653140
-153.798127 32.145006 3811.643388
-152.589090 32.218364 3811.654553
-154.184575 31.929043 3811.629327
-151.420046 28.645544 3813.126837
-153.618574 29.713140 3812.689929
-149.533209 26.852324 3814.892971
-146.836876 26.675641 3814.348093
-149.304713 24.824480 3815.068169
-145.749520 24.888693 3815.093742
-144.150146 26.544631 3812.866895
-145.270278 22.448500 3815.188861
-143.211692 24.882993 3814.708222
-144.128294 27.366861 3812.080484
-142.977421 29.352244 3812.106519
-141.956639 28.977670 3813.390893
-143.495215 31.812281 3811.631014
-143.017176 34.710286 3813.605023
-142.289294 32.772089 3812.072965
-145.317665 36.209082 3814.719402
-143.381962 35.918816 3815.113953
-145.244459 38.802956 3815.227493
-144.227755 40.122356 3815.164901
-144.188608 42.545921 3813.380663
-145.169508 42.898121 3814.465332
-144.889866 43.044323 3814.107083
-145.755140 45.733562 3811.718351
-146.660099 46.279701 3811.791526
-147.245187 47.284326 3811.662769
-144.280300 48.945886 3811.650343
-148.128316 49.873564 3811.637810
-146.203434 52.414473 3811.622070
-148.241716 51.728725 3811.648133
-147.585975 54.799762 3811.722911
-146.038276 55.161616 3812.854514
-148.123895 56.642406 3812.571134
-147.413352 58.874554 3815.093127
-149.757031 58.636628 3813.179699
-149.052407 60.013841 3814.996057
-146.470119 60.979741 3815.215078
-150.482041 62.976233 3815.049315
-148.792540 65.573020 3814.758503
-149.703914 65.148072 3815.069435
-148.845274 66.534653 3814.967078
-148.145183 69.060968 3815.291234
-149.160914 69.102394 3814.949608
-150.537592 70.751013 3815.031430
-147.895163 70.518123 3814.975772
-147.299957 71.448844 3815.052558
-150.851046 73.426268 3815.007707
-148.458774 75.148882 3814.966071
-145.361410 75.390646 3814.662734
-149.561098 75.062867 3815.280848
-147.483593 76.839971 3815.187546
-146.328687 78.434710 3814.771363
-145.258271 77.885556 3815.174187
-150.458720 80.241157 3815.136017
-146.565712 80.440150 3814.971140
-144.005130 81.937176 3815.046673
-146.506568 82.857120 3815.224600
-145.135644 82.052652 3814.585469
-143.835892 83.411338 3815.158574
-142.714626 83.656050 3815.124765
-145.853045 85.991448 3814.812970
-143.713937 87.274302 3814.978192
-141.031288 86.060875 3814.837923
-146.527345 87.895930 3815.344820
-142.922591 87.987519 3815.202500
-141.397199 90.520225 3815.259720
-143.204023 90.651538 3814.686330
-144.996298 92.380797 3815.177989
-140.834545 90.829943 3815.078673
-138.640185 91.830976 3814.889148
-143.986753 94.278426 3815.399497
-141.423839 95.117489 3815.031479
-138.149681 95.995350 3815.310359
-142.233317 96.389739 3815.224036
-141.603301 98.436488 3815.164409
-137.464333 99.968138 3814.907752
-141.904697 98.586032 3815.225364
-139.484313 101.804160 3814.996323
-137.195077 101.802145 3815.014598
-138.642751 103.216735 3815.006115
-135.328959 105.185250 3814.656841
-137.896895 106.147215 3814.631785
-133.586724 107.218116 3814.967338
-135.299018 108.616982 3814.927702
-134.692999 109.778053 3814.736072
-133.371371 111.239487 3814.874481
-130.782489 111.539465 3814.900562
-130.351411 112.776247 3813.826126
-131.643158 112.271367 3812.022439
-124.510118 114.844030 3811.924128
-125.001925 114.681586 3810.459036
-125.077558 114.655894 3810.216064
-119.194383 117.068206 3809.249503
-121.506600 117.638459 3809.252287
-116.307054 118.743277 3809.252234
-115.204695 120.557651 3809.252282
-117.762711 120.658909 3809.252280
-110.025983 122.672415 3809.252280
-111.317688 123.526746 3809.252280
-109.251846 124.323064 3809.252281
-103.857097 125.443789 3809.252282
-105.873030 126.021697 3809.252282
-100.650555 126.225257 3809.252281
-99.039433 127.561795 3809.252281
-101.764735 128.014291 3809.252280
-93.313263 128.824288 3809.252281
-94.934678 129.645897 3809.252225
-92.681535 130.193542 3809.251417
-87.310707 130.716810 3809.247312
-89.433252 131.298580 3809.621122
-84.118822 131.188843 3809.378014
-82.560218 131.230018 3810.517393
-85.417882 131.304732 3811.250026
-77.365556 130.928844 3811.560036
-78.968831 131.042795 3812.712201
-76.525589 130.860308 3813.084363
-71.379976 130.322734 3813.772074
-74.000543 130.622424 3814.922064
-67.147301 129.726045 3814.263005
-69.068936 130.014603 3815.297794
-64.415360 129.265150 3816.648210
-68.128649 129.874848 3817.500184
-64.756771 129.325583 3818.305132
-62.876535 128.976443 3817.479096
-63.750152 129.142355 3819.620714
-60.191187 128.431552 3819.649837
-57.091949 127.731544 3818.794587
-62.981660 128.996340 3821.819888
-57.666474 127.865046 3822.013958
-54.687735 127.129101 3822.238889
-59.870363 128.363955 3823.536526
-56.355898 127.549327 3824.858534
-51.485115 126.250264 3825.057823
-54.241498 127.011783 3826.218010
-52.382139 126.506315 3826.103226
-48.828440 125.455756 3827.187989
-51.029842 126.118283 3827.565790
-50.701524 126.022960 3829.294773
-47.369369 124.994620 3828.569748
-45.819621 124.483736 3828.551726
-47.633475 125.080559 3831.175664
-44.477604 124.020160 3831.527739
-41.162807 122.812979 3830.383065
-46.597108 124.740732 3833.166347
-41.726090 123.024760 3832.548726
-39.790134 122.280364 3833.119813
-40.553990 122.578384 3834.450927
-36.277868 120.839614 3835.980732
-39.532637 122.179724 3836.501190
-33.725887 119.716818 3837.044238
-36.091746 120.759655 3838.051987
-29.986563 117.951294 3837.606598
-30.507293 118.206490 3839.378829
-30.865905 118.380432 3840.015123
-23.893316 114.753631 3840.432201
-25.350946 115.556822 3840.598438
-24.175707 114.914692 3841.445212
-20.988497 113.082542 3841.512571
-21.736433 112.659976 3842.294775
-16.624955 109.802392 3842.291249
-17.093635 108.399113 3842.291602
-17.949650 108.364011 3842.291603
-12.176768 103.597127 3842.291603
-13.627097 104.382779 3842.291603
-13.185895 102.839232 3842.291603
-10.473179 100.729403 3842.291603
-11.610969 99.903474 3842.291603
-10.390396 97.606462 3842.291603
-6.308348 93.283347 3842.291603
-2.694891 88.862709 3842.291603
-0.698707 86.424023 3842.291603
1.337248 83.184532 3842.291647
2.862581 79.582868 3841.909762
2.814110 79.588699 3841.480967
6.742785 74.836397 3840.571421
6.338772 75.348888 3839.369424
7.732959 73.554335 3838.433183
11.831933 67.828849 3838.171517
11.227137 68.724360 3837.705943
12.757954 66.445279 3837.792589
11.534491 65.532113 3836.758921
11.725667 65.007225 3836.827238
13.671875 62.113046 3836.613091
11.775429 61.465210 3836.903416
14.524361 57.236139 3836.698916
12.959531 57.393396 3836.404308
14.790019 53.938656 3836.834554
11.803119 55.775653 3836.434809
13.436234 50.979927 3836.398385
11.679806 54.271035 3836.644185
12.238643 49.876298 3836.216849
14.429422 47.535050 3836.494945
10.443586 48.840037 3836.363295
12.496596 46.364111 3836.619293
10.602209 46.692740 3836.416803
10.656272 44.841848 3836.417900
9.871481 42.182113 3836.254466
8.486950 43.164183 3836.256494
8.925577 41.689968 3836.608382
6.661851 43.878269 3836.355093
6.536419 45.796455 3836.627048
4.402328 43.991452 3836.383333
6.208305 41.934842 3836.321055
12.499351 41.452672 3836.390587
12.302562 39.813090 3836.328391
12.391128 36.818178 3836.219291
8.666093 39.244339 3836.362963
10.394276 36.509361 3836.438993
7.956275 37.191819 3836.330922
9.074290 32.556318 3836.451021
7.574056 32.754867 3836.653268
7.542555 31.591132 3836.788650
6.749214 30.261053 3838.065159
5.391517 31.058192 3839.849571
2.998513 30.038444 3839.809743
3.330980 28.032081 3839.693611
1.131990 26.860890 3839.852203
0.642434 25.688946 3839.835103
0.622012 23.822919 3838.858431
-1.293870 23.909026 3839.840039
-0.399045 22.908039 3838.167337
-1.453917 21.924589 3838.727432
-2.470037 21.059365 3837.877406
-1.761162 20.620057 3836.808409
-3.301343 19.998093 3837.600546
-4.775767 18.016908 3836.814288
-6.105372 17.697925 3837.450932
-6.820492 16.722842 3838.182918
-4.219242 15.737683 3836.741069
-8.952507 15.147026 3839.343016
-7.470998 14.256847 3836.392862
-5.634917 14.090251 3836.430802
-10.220313 12.971700 3838.547870
-9.641711 11.346490 3837.569203
-11.017483 11.588248 3838.469595
-10.482671 10.662884 3838.975377
-14.386321 9.981152 3839.839167
-12.078035 7.493664 3839.852748
-16.269398 6.514259 3839.857560
-16.920334 5.993195 3839.858724
-15.516547 3.770220 3839.898803
-11.748905 6.093994 3839.854271
-13.736018 10.790698 3839.748117
-10.718453 7.600278 3839.849806
-13.723916 12.218734 3839.865054
-7.551914 11.090319 3839.067788
-12.627894 13.855851 3839.870008
-5.309263 11.941719 3838.028951
-8.943648 16.835044 3839.874723
-4.502121 14.446295 3836.396404
-5.856275 18.794207 3839.637087
-10.963539 18.017314 3839.836425
-1.392620 17.133141 3836.574166
-8.495434 19.846491 3839.830904
-8.260482 21.930448 3839.834267
-9.004722 22.415831 3839.866949
-8.046140 24.583682 3839.568852
-11.463690 22.490469 3837.590006
-10.059870 24.030535 3837.449915
-5.663070 25.621223 3839.830743
-8.980497 26.556295 3838.754685
-5.913308 28.286948 3839.746555
-8.568436 27.428003 3839.402991
-8.210461 28.790273 3839.843954
-9.122105 30.769431 3839.822207
-3.976375 34.666675 3839.701069
-1.825393 35.038137 3839.724552
-3.385047 35.815010 3838.674603
0.562367 36.648661 3838.860727
-1.077781 37.095039 3836.626817
3.137472 36.789635 3839.344011
4.029529 36.884231 3839.397004
4.193439 36.047345 3839.821938
6.042222 34.644292 3838.979986
2.857366 33.579284 3839.799917
0.619909 31.533413 3839.807113
-1.080556 31.136763 3839.810245
1.129564 29.238250 3839.807178
-2.454510 27.432212 3839.815823
-3.746448 27.089134 3839.820929
-2.817865 24.148663 3839.827017
-3.818678 24.396938 3839.819538
-1.438310 32.028084 3839.809587
-4.286592 30.591190 3839.815793
-2.237720 34.170365 3839.852038
-3.775103 22.440400 3839.856913
0.192716 19.425134 3836.408682
3.173458 25.507160 3836.498055
2.447761 25.688292 3837.945767
5.067285 26.399727 3836.636590
6.625355 29.071257 3836.926612
8.557206 28.511685 3836.337508
11.044112 30.523036 3836.581574
10.204826 31.908916 3836.386631
13.416557 29.798655 3836.298855
12.340644 33.509063 3836.376728
14.242452 34.539664 3836.417852
13.340560 34.758774 3836.567778
16.900430 34.990843 3836.637466
16.736496 38.787638 3836.554344
13.935122 37.411416 3836.467693
17.519281 40.136217 3836.244074
16.037264 41.414100 3836.398213
17.032250 43.959417 3836.762131
15.017141 41.912214 3836.361858
15.247729 46.954659 3836.525080
17.093328 46.782390 3836.395444
16.750380 50.412186 3836.413162
14.501790 47.970913 3836.536853
16.797482 53.723944 3836.513770
17.314548 53.463540 3836.554628
16.627963 54.114334 3836.535694
18.449982 55.756191 3836.710635
15.063980 59.190849 3836.668184
16.095927 61.011299 3837.081505
15.495905 60.113190 3836.697702
14.287615 64.026039 3838.871265
14.778167 63.226450 3839.350279
13.331483 65.546747 3838.091897
11.951650 67.651523 3841.243770
8.064080 73.105995 3841.778340
5.456799 76.554207 3842.135557
4.360447 78.370806 3842.286851
3.125427 80.627804 3842.294539
2.615958 82.315546 3842.291596
-0.883546 86.934250 3842.291603
-1.512477 90.229528 3842.291603
-1.775055 91.220520 3842.291603
-1.655354 92.163439 3842.291603
-5.407415 94.924361 3842.291603
-5.602804 97.003403 3842.291603
-5.045574 97.288745 3842.291603
-7.686366 98.929029 3842.291603
-8.524620 101.877943 3842.291603
-9.620927 101.236989 3842.291603
-12.052206 105.874504 3842.292008
-10.865589 106.422072 3841.800576
-15.228766 108.214232 3842.292440
-16.100706 110.031975 3841.086163
-15.675464 109.752169 3840.667244
-18.154652 111.349658 3841.045721
-20.759718 112.944891 3839.376906
-20.947452 113.055535 3840.546798
-25.000096 115.364767 3838.462426
-24.357932 115.011898 3836.741907
-28.645646 117.282399 3837.858885
-28.093400 117.001259 3835.677660
-30.441882 118.174383 3836.542628
-29.416697 117.670357 3833.794255
-34.131448 119.899366 3833.323968
-33.446449 119.590425 3835.707838
-34.893232 120.239647 3831.571832
-37.364643 121.299643 3831.150930
-36.519629 120.943341 3834.268718
-36.559795 120.960865 3828.828661
-40.546515 122.575042 3828.528896
-40.644172 122.613318 3831.634809
-39.616984 122.212499 3826.614299
-42.065835 123.150564 3826.450774
-43.599690 123.711871 3828.568269
-41.979457 123.118472 3825.143030
-44.564341 124.050512 3824.307210
-44.634165 124.074972 3826.460257
-46.790533 124.804509 3822.411642
-47.931912 125.175560 3822.492641
-47.757516 125.120256 3823.405352
-47.827088 125.142044 3825.303038
-49.969937 125.807204 3819.020308
-52.491340 126.537325 3820.146707
-50.718662 126.028125 3822.019979
-53.035214 126.685969 3817.504076
-54.226822 127.006869 3819.308481
-53.987613 126.942936 3820.765294
-58.072869 127.958510 3816.829534
-58.880277 128.143844 3817.577897
-60.239851 128.441572 3814.243010
-63.284587 129.053914 3816.276920
-64.286019 129.243052 3813.825606
-65.817230 129.506632 3812.945471
-69.335388 130.052736 3812.806919
-68.533612 129.935606 3811.415321
-71.487329 130.336353 3812.827132
-74.925814 130.718255 3810.298224
-74.076119 130.635555 3809.817970
-78.592762 131.019765 3810.199329
-80.382587 130.760719 3809.263045
-81.268303 129.851426 3809.252342
-85.340943 130.106747 3809.252215
-87.204402 129.279547 3809.252287
-87.698405 128.435126 3809.252281
-91.948900 128.150439 3809.252281
-90.768881 127.024536 3809.252282
-94.177781 128.011426 3809.252281
-97.847268 125.362777 3809.252281
-96.344415 125.242812 3809.252281
-101.915206 124.971157 3809.252281
-103.355949 123.686821 3809.252282
-103.585044 122.773544 3809.252281
-108.257832 122.193499 3809.252280
-107.123864 120.954877 3809.252284
-110.989821 121.817873 3809.252278
-113.756200 118.294683 3809.259502
-114.374824 117.653183 3810.086932
-117.333621 116.932463 3810.096961
-115.821770 117.312383 3811.825926
-120.169646 116.165283 3810.379466
-121.845550 115.676964 3812.900604
-121.498857 115.780587 3813.553942
-126.234871 114.270506 3813.791429
-124.088729 113.346469 3814.701951
-127.433713 113.505758 3814.992453
-128.382532 110.325699 3814.725777
-131.385154 110.903704 3814.731695
-130.692027 107.852177 3815.008987
-133.321493 108.682236 3814.862302
-131.559673 104.659451 3814.929171
-132.793552 106.228395 3815.087433
-132.045012 102.256518 3815.347933
-134.572257 100.662456 3814.954928
-135.665488 103.479424 3814.776188
-132.645516 97.732867 3814.686823
-135.081922 95.980257 3814.952445
-136.514451 100.158554 3815.078853
-132.781281 95.380930 3815.244717
-135.441244 93.244822 3815.174148
-137.757732 95.745602 3815.272270
-134.628204 92.440567 3815.019215
-135.774827 90.401857 3815.177498
-136.611673 90.264618 3814.756769
-136.780793 93.475411 3815.153122
-129.668206 90.308516 3812.969191
-131.229495 88.801450 3811.963088
-132.493173 91.351713 3814.901863
-130.151833 89.008489 3811.831653
-128.037570 87.464466 3811.665457
-130.784290 87.244485 3811.650759
-129.297545 90.614422 3814.109166
-130.119258 94.589845 3815.025580
-127.891941 94.574239 3814.946962
-132.552218 95.613267 3815.135628
-130.867158 97.614941 3815.038494
-127.776082 99.992692 3814.718077
-131.687208 98.159679 3814.781536
-130.235504 101.505444 3815.127210
-128.552291 102.156671 3815.311092
-129.582339 103.867111 3815.196028
-129.049357 104.537408 3815.021305
-125.413387 106.847921 3815.080642
-130.109173 106.939902 3815.112757
-125.716478 108.603244 3814.846922
-126.529190 109.734370 3814.729201
-123.782193 111.118989 3814.973874
-124.945155 112.159859 3814.755574
-118.673747 115.067343 3814.726181
-121.117527 115.316296 3814.677264
-117.663787 116.628597 3814.688382
-120.581162 116.047803 3813.740593
-112.452154 118.081231 3812.706926
-114.917355 117.528756 3811.953009
-110.637877 118.455597 3812.170672
-108.925802 118.780021 3810.742277
-111.359303 118.302040 3809.814095
-103.089023 119.930703 3809.287054
-104.788116 120.897311 3809.252147
-102.240071 121.663690 3809.252283
-97.222510 122.808331 3809.252281
-99.188373 123.420346 3809.252281
-94.372878 123.486849 3809.252282
-92.165406 124.714503 3809.252282
-95.263557 125.214020 3809.252283
-86.760252 125.680134 3809.252280
-88.179425 126.745685 3809.252280
-86.044730 127.112851 3809.252281
-81.048089 127.606385 3809.252281
-82.848283 128.305888 3809.252282
-78.174810 127.830764 3809.252280
-77.241230 128.399284 3809.252281
-74.565830 129.071161 3809.252299
-71.471605 129.642826 3809.247125
-71.054160 130.248230 3809.562588
-67.258057 129.735439 3809.599144
-67.910797 129.842152 3810.897823
-61.594042 128.724806 3810.617648
-61.585710 128.722964 3812.129126
-62.496142 128.903536 3812.638447
-54.543552 127.091167 3813.266020
-56.527154 127.592167 3813.504608
-55.494857 127.334034 3814.675869
-51.182436 126.162550 3814.956658
-53.792735 126.890644 3816.212455
-48.214585 125.265216 3817.015628
-46.766622 124.796632 3815.903152
-47.723049 125.109557 3817.863558
-43.865336 123.805279 3818.517558
-45.025320 124.211226 3820.036499
-43.427131 123.649503 3819.837302
-40.587465 122.591454 3820.952370
-41.694072 123.012689 3821.771792
-41.472200 122.930415 3823.179885
-38.958536 121.951300 3822.191457
-37.561498 121.380290 3822.300620
-38.748722 121.867012 3825.280459
-35.444631 120.481223 3825.646757
-33.197997 119.477491 3825.025260
-37.807457 121.481634 3827.119894
-34.588890 120.104374 3828.163856
-31.959624 118.900719 3828.113826
-32.891214 119.336960 3828.872802
-32.757480 119.274760 3830.738181
-29.528709 117.725955 3829.812506
-27.916215 116.911013 3830.099612
-29.718099 117.819023 3832.302812
-26.929528 116.399115 3832.775530
-23.793862 114.698248 3831.815180
-28.262959 117.087836 3834.835727
-23.844426 114.726298 3834.106381
-23.671164 114.629290 3835.428164
-23.344258 114.444969 3836.016866
-18.822612 111.766505 3835.625256
-20.632539 112.869445 3836.644964
-15.925161 109.916628 3836.573812
-16.369518 110.206717 3838.555665
-17.759952 111.100144 3839.245613
-10.394515 106.074457 3839.606665
-11.512512 106.885455 3840.280731
-10.014241 105.794098 3840.851705
-7.424587 103.829422 3841.228890
-7.570986 103.631670 3842.273015
-2.201485 99.462711 3842.121453
-4.260241 99.052762 3842.291576
-5.719038 99.652656 3842.291603
0.100931 93.873292 3842.291603
-1.274040 94.268068 3842.291603
-0.474676 92.754763 3842.291603
1.589426 90.660654 3842.291603
0.815816 89.876399 3842.291603
5.981882 85.373787 3842.291603
4.407099 85.145348 3842.291603
2.974309 85.812448 3842.291603
7.370014 80.162812 3842.291603
8.191627 77.799155 3842.291603
10.014752 74.798726 3842.291603
7.530155 74.677070 3842.295080
11.072938 69.032982 3842.036474
14.352207 63.911322 3841.588354
15.641746 61.781320 3841.324763
15.592743 61.866663 3839.534237
18.798495 56.075297 3839.224848
18.453127 56.736531 3838.012261
18.400030 56.838858 3837.808405
20.576107 52.051961 3836.719852
18.011156 54.024560 3836.722958
20.988222 48.360561 3836.960567
20.215224 48.369328 3836.868049
19.567986 46.398668 3836.961212
19.827408 44.900939 3836.518576
18.287245 44.655740 3836.609577
19.590099 41.631593 3836.406022
17.785938 37.449940 3836.587537
16.635625 34.158061 3836.533704
14.541217 29.923780 3836.481606
9.359903 48.430913 3836.497526
6.555880 49.046134 3836.360105
11.002652 51.219218 3836.425170
7.519190 52.376088 3836.783615
11.177924 55.024090 3836.488014
7.497938 54.925884 3836.587064
10.029500 58.301729 3836.741484
10.622808 60.215573 3836.684928
9.162925 60.773719 3836.443644
9.559365 63.701057 3836.730562
8.904515 67.972850 3837.142186
8.347431 71.420432 3836.970520
7.797400 73.469434 3837.774618
6.543542 75.089664 3838.691592
4.183228 77.992166 3839.227431
2.153045 80.347886 3839.319459
-1.747447 84.547318 3841.179125
-4.747710 88.949852 3842.293145
-8.247900 93.617496 3842.291602
-10.011699 95.461335 3842.291603
-14.872377 102.791255 3842.291603
-16.498218 104.842368 3842.291603
-19.059165 108.188955 3842.291603
-20.256246 110.395639 3842.291605
-21.883314 112.159098 3842.291867
-23.560994 114.294830 3842.267363
-27.377277 116.601694 3842.146898
-29.186845 117.556813 3841.077039
-29.158698 117.505786 3842.109784
-32.818186 119.303553 3841.003816
-36.658857 121.002314 3840.269705
-40.379076 122.510149 3838.758811
-41.026792 122.760713 3837.333801
-46.345336 124.657700 3834.387289
-47.877084 125.158425 3833.127914
-46.905690 124.842478 3834.417179
-50.246637 125.890388 3829.925602
-51.815085 126.345392 3832.176557
-53.735322 126.875148 3827.759369
-54.854309 127.172701 3829.902914
-57.665453 127.864668 3827.293502
-57.881103 127.914368 3828.437767
-60.029797 128.397588 3824.270139
-60.088632 128.409785 3825.484488
-60.376992 128.470487 3827.269465
-65.687250 129.484539 3821.726785
-63.887837 129.168137 3823.986704
-68.163834 129.880166 3820.196786
-67.814188 129.827727 3822.555202
-71.364140 130.320730 3817.722188
-69.901152 130.130329 3819.808956
-75.459561 130.764561 3816.422151
-77.522563 130.941319 3814.957754
-78.535459 131.012377 3816.213348
-81.631108 131.189735 3813.804787
-83.652367 131.263394 3812.799418
-88.292590 131.318001 3811.517419
-91.009419 131.273397 3810.337896
-95.417851 130.915280 3809.338569
-97.767464 129.667278 3809.252243
-99.858800 128.836345 3809.252295
-102.730840 127.617064 3809.252281
-106.880389 126.875847 3809.252279
-109.083771 125.566061 3809.252282
-109.366833 126.508344 3809.252280
-113.545653 124.681912 3809.252282
-117.316182 123.101737 3809.252281
-121.167843 120.630031 3809.252280
-122.989760 118.652709 3809.252281
-125.891298 115.917275 3809.252237
-126.415227 114.822870 3809.248244
-129.701353 113.022612 3810.530234
-133.765586 111.405134 3812.137376
-135.853321 110.505530 3813.881244
-137.704693 108.646714 3814.888200
-138.407615 106.447831 3814.863354
-140.204222 104.312235 3814.897779
-141.526164 105.460159 3814.704136
-142.574931 102.988826 3814.703082
-144.317007 98.141641 3814.994185
-144.191799 101.197573 3815.018096
-145.929735 96.359697 3815.161458
-144.980608 93.763300 3815.090403
-146.075740 94.854890 3815.189200
-138.330498 91.106893 3815.007178
-138.773303 89.807693 3814.998012
-147.744623 91.127326 3815.008969
-149.752048 93.096758 3815.068655
-147.793237 86.532945 3815.124397
-149.688576 89.495524 3815.088776
-136.914064 85.244473 3814.558073
-139.792274 85.069891 3815.234777
-141.746011 84.998665 3814.706647
-137.617276 85.540734 3815.010316
-136.084174 81.384242 3812.809480
-138.381745 81.161381 3814.783444
-136.409741 79.414731 3814.729989
-138.577070 78.487347 3815.076670
-140.024592 81.447223 3815.264161
-139.097571 76.504124 3814.651129
-140.307945 76.445369 3814.943755
-142.526595 76.962001 3814.938799
-142.340852 79.458295 3815.097018
-139.976993 73.160054 3814.676516
-142.847315 72.713774 3815.078977
-144.679061 76.132560 3815.101723
-140.904098 71.181263 3814.891808
-142.425773 69.474573 3815.044877
-144.475277 71.584540 3815.072716
-141.929299 68.659422 3815.033588
-143.770367 68.024995 3814.643343
-144.705438 68.656352 3814.950228
-143.591775 65.283094 3815.136255
-142.556080 63.885443 3815.048449
-145.210249 64.273496 3814.915553
-146.185516 66.926006 3814.766192
-144.425214 61.849749 3814.881174
-144.872776 62.779660 3815.016123
-142.920279 59.939117 3814.808490
-143.940681 56.310128 3815.102938
-145.229289 60.092278 3814.865809
-143.730167 54.906789 3814.749791
-145.028308 56.084404 3814.846887
-142.382928 52.901867 3814.701719
-142.466144 51.465672 3812.260142
-145.103259 54.099184 3812.601509
-140.494372 48.195138 3811.646831
-143.014581 50.541912 3811.644451
-139.850533 46.703066 3811.632853
-141.729161 44.389558 3811.637671
-143.508676 48.166511 3811.650582
-141.269123 42.383824 3811.674030
-142.242758 42.814512 3811.777587
-139.293977 40.427293 3811.703543
-139.955987 38.775321 3813.679609
-141.554312 39.146244 3814.520594
-139.279974 37.442300 3814.506361
-140.945560 34.828598 3814.965667
-141.464098 36.555477 3815.034594
-138.590937 35.011776 3814.913109
-138.685170 32.973637 3814.807079
-139.570190 31.554887 3815.214431
-138.324583 37.416834 3813.881264
-137.691168 40.776861 3811.639183
-139.714657 48.393380 3811.856512
-140.714792 51.264100 3814.456772
-140.428701 52.493897 3815.109520
-141.281854 55.323523 3814.734041
-142.190549 62.909803 3814.869776
-141.221285 66.690746 3814.999747
-140.922747 69.448780 3815.035229
-139.915573 67.538303 3815.064377
-138.452862 70.300846 3814.993404
-137.584017 73.656772 3815.052909
-137.298232 76.565518 3815.035639
-135.653673 78.195982 3812.659033
-148.793955 84.075001 3815.063411
-151.480411 86.021793 3815.068064
-148.895755 82.019525 3814.932644
-151.176228 83.656986 3814.893783
-150.928221 79.590946 3815.095719
-151.940068 78.702102 3814.995921
-153.938160 80.886729 3815.206761
-152.064982 74.060724 3815.071433
-154.611591 76.566116 3814.866665
-151.748214 71.675901 3814.991393
-154.252091 72.623936 3815.186497
-150.769447 67.700120 3815.133985
-154.188150 69.406901 3815.025211
-150.942593 63.397336 3815.078983
-153.925245 65.667892 3815.326526
-153.076587 62.694652 3814.702887
-155.808993 64.882613 3815.011124
-151.723482 60.436506 3814.216215
-152.905776 60.747797 3812.641323
-153.863952 62.031299 3813.980269
-154.048772 58.680767 3811.625690
-155.208635 57.922142 3811.641824
-156.370892 58.453123 3811.640947
-152.125823 54.854494 3811.645624
-155.079579 53.810262 3811.690289
-155.713036 53.158460 3812.399639
-156.449519 53.540385 3812.590739
-155.153479 51.485607 3814.254304
-158.004645 53.196726 3814.853230
-154.403805 50.108979 3814.883242
-154.880661 47.238707 3814.456658
-158.089207 50.614553 3814.991545
-153.824322 45.715406 3814.795154
-155.490789 46.287751 3815.188086
-153.301047 42.045353 3815.163938
-152.689022 39.971157 3815.066027
-155.475960 42.908766 3815.205636
-151.288877 37.988481 3814.812356
-151.744881 37.166098 3813.088380
-154.323544 38.422550 3814.277170
-149.751632 35.386782 3811.850033
-152.238253 36.127718 3811.826333
-148.389670 33.040354 3811.639879
-146.650723 30.274957 3811.653462
-147.508748 28.464803 3811.882529
-147.264259 27.087684 3813.562212
-147.223595 32.221313 3811.651974
-144.941607 32.577971 3811.624111
-146.908383 34.183285 3811.795328
-147.394476 37.141609 3814.511461
-148.109643 36.934312 3814.787050
-148.040481 37.549042 3815.018912
-147.567326 41.306607 3814.928758
-149.750946 40.376118 3814.888757
-149.202077 43.851498 3815.176163
-147.646597 44.963949 3814.382975
-151.984160 45.718166 3814.687536
-149.962932 47.286507 3813.135416
-148.577830 47.247630 3812.198534
-152.092095 49.438209 3812.930611
-150.350993 51.597108 3811.639755
-152.570162 50.693201 3812.144322
-151.813275 54.091875 3811.646394
-154.696982 51.179458 3813.580727
-153.430287 47.897999 3814.736787
-152.136799 44.729747 3814.753038
-151.418479 41.379168 3815.106158
-150.372855 37.768035 3814.843135
-151.305453 55.668097 3811.637599
-150.257023 58.386721 3812.557426
-141.068460 31.537517 3813.974503
-148.887519 28.611476 3812.209101
2.569987 41.695605 3836.408234
1.065895 38.279108 3836.633623
-25.608284 5.586166 3839.171393
-23.373484 10.866426 3837.378943
-25.820666 7.099339 3837.616580
-26.195145 9.218392 3836.684961
-23.235731 14.050640 3836.448687
-22.690730 23.748150 3837.716584
-18.579193 29.007166 3839.837660
-18.456791 30.361618 3839.868531
-18.545681 31.876728 3839.354071
-17.522602 33.026600 3837.161011
-15.868076 34.742976 3836.565916
-17.294390 35.503536 3836.583068
-19.865291 34.245717 3836.584782
-19.346621 36.122359 3836.584618
-15.180173 38.866967 3836.440542
-16.801671 40.976178 3836.243555
-14.611278 41.784564 3836.614242
-14.931231 43.984859 3836.374940
-13.585962 45.019204 3836.419611
-12.837736 46.960573 3836.473486
-16.591650 45.000141 3836.998503
-11.199711 49.301690 3837.169207
-13.825185 47.685160 3837.950112
-10.722208 50.325515 3837.862171
-12.307238 50.031867 3839.581881
-8.513854 50.482711 3836.883457
-5.175563 50.875929 3836.492886
-7.563606 52.354593 3837.640827
-8.336254 48.162215 3836.416917
-6.677467 48.436074 3836.507605
-9.640411 46.118462 3836.460070
-9.053851 43.401240 3836.439200
-13.280572 43.663453 3836.592302
-10.635489 42.408496 3836.696148
-12.975306 41.068089 3836.317366
-14.010324 39.001145 3836.362895
-11.524680 37.769624 3836.394743
-15.813125 36.809565 3836.377509
-12.641592 35.826335 3836.460756
-14.683186 33.863866 3836.622345
-9.198512 40.623343 3836.394183
-7.358585 46.280144 3836.398201
-5.661702 47.820774 3836.284739
-14.580118 32.891483 3837.717468
-3.023581 56.193227 3836.684021
-1.327953 60.291873 3836.527091
-4.873359 57.877220 3836.481596
-1.166274 62.597446 3836.951920
-0.816561 64.969729 3836.498069
-0.345384 73.008715 3836.777654
-1.674699 76.474815 3836.811255
-2.923920 82.179097 3836.773630
-4.518024 84.144139 3836.628005
-8.510655 90.957020 3837.153521
-12.111853 94.008919 3839.332765
-22.795375 102.417931 3842.296883
-28.079337 109.090829 3842.291603
-32.129991 112.877317 3842.291603
-36.605288 116.754129 3842.291603
-39.767202 118.030558 3842.291603
-44.203245 121.599869 3842.291602
-51.134159 126.151359 3841.567484
-55.826861 127.417116 3839.074630
-62.890223 128.979023 3836.455662
-68.069789 129.866054 3836.368577
-69.021854 130.008083 3834.966230
-72.689034 130.478756 3833.511640
-76.498443 130.857698 3830.706095
-81.847297 131.200521 3828.629309
-85.002639 131.298499 3825.310888
-86.903704 131.320210 3822.701683
-86.623992 131.317480 3823.851458
-89.626620 131.304600 3821.011724
-95.468315 131.077082 3819.627915
-97.815643 130.911219 3817.538457
-100.747129 130.645497 3815.940694
-108.628095 129.593881 3813.116673
-115.016338 128.378434 3811.212722
-122.474005 126.107250 3809.264588
-125.647250 123.422319 3809.252281
-131.823533 118.465464 3809.252280
-133.347649 117.375977 3809.252280
-138.559428 112.661008 3809.252280
-143.252991 108.209456 3809.251465
-146.546594 105.125979 3810.369720
-152.969304 101.210503 3811.982660
-156.580434 98.583511 3814.716952
-158.313668 96.966888 3815.071692
-161.972079 90.754382 3814.789332
-162.793274 88.951433 3814.602141
-164.701195 82.465675 3815.226370
-166.038755 77.745781 3815.059824
-165.464990 75.545954 3814.894795
-28.283090 23.591362 3839.832368
-29.454839 24.116652 3839.621879
-30.736917 27.486842 3839.076339
-30.647778 29.231126 3838.430583
-30.195986 31.956136 3836.237797
-30.872843 33.849556 3836.632278
-32.374050 33.889585 3837.390106
-33.354119 33.150695 3837.222009
-34.232997 34.247638 3839.498038
-36.192893 32.855674 3836.723782
-33.440699 30.817362 3836.558586
-36.147858 30.424971 3836.338363
-38.248511 30.562947 3836.831943
-38.617357 28.607544 3836.329703
-36.324856 24.486129 3836.301364
-38.119633 26.205834 3836.631212
-38.323376 24.617316 3836.615699
-36.653929 21.148698 3836.476789
-39.320855 24.335718 3836.550744
-38.589705 20.180958 3836.311944
-37.749999 19.685600 3836.272656
-40.027192 18.046820 3836.336593
-38.982698 16.873990 3836.536936
-40.366375 14.601947 3836.460271
-42.074114 14.995120 3836.341654
-40.868809 8.802412 3836.455340
-42.300584 10.119025 3836.707182
-42.744709 9.861051 3837.561199
-42.263694 6.944897 3838.351258
-42.023690 4.663336 3839.994785
-41.883678 0.159004 3841.488618
-42.860974 -4.884982 3842.298641
-43.894291 -4.023033 3842.281655
-45.555074 -6.209019 3842.200055
-47.348442 -9.911875 3842.091572
-49.459833 -13.947631 3842.016139
-50.364313 -13.442790 3841.957694
-52.133453 -14.769249 3841.770569
-53.791187 -17.817751 3840.856744
-55.889233 -21.157536 3840.262825
-55.773696 -20.992093 3839.056983
-56.748837 -22.332691 3837.748864
-58.329291 -24.277825 3836.602983
-61.019855 -27.077870 3837.141932
-60.772425 -26.842611 3834.992355
-59.959758 -26.040562 3833.628498
-62.821623 -28.670571 3833.214302
-63.114559 -28.911240 3832.341560
-65.408956 -30.640697 3832.156645
-64.931463 -30.301838 3829.821931
-67.089689 -31.747465 3829.225714
-64.766522 -30.182553 3825.991765
-67.547610 -32.027861 3827.713386
-67.445366 -31.965806 3825.116226
-68.525890 -32.598004 3824.141822
-71.325248 -34.029008 3825.382815
-69.396677 -33.074487 3821.629470
-72.399330 -34.504451 3821.904783
-70.591314 -33.681243 3820.493015
-73.640043 -35.005856 3819.539571
-74.223335 -35.224267 3821.148880
-75.121900 -35.539275 3818.558871
-77.894611 -36.361973 3817.892902
-76.047128 -35.839568 3815.626117
-80.141289 -36.867037 3815.738504
-77.595090 -36.284820 3813.795160
-81.135370 -37.045881 3814.861755
-82.847083 -37.291925 3812.651518
-81.589326 -37.118928 3811.726882
-87.242885 -37.569975 3812.187608
-85.471317 -37.518849 3810.824168
-85.296823 -37.807238 3809.670089
-89.942720 -37.493047 3810.601236
-93.075766 -37.271761 3809.780487
-93.506678 -39.301409 3809.521688
-97.540068 -39.045541 3809.484884
-102.905666 -38.421753 3809.387567
-105.360347 -37.891408 3809.331501
-107.537190 -38.423558 3809.252489
-111.136401 -37.043671 3809.248657
-112.539220 -37.028397 3809.369058
-114.100517 -35.995090 3810.160065
-118.019685 -32.830232 3811.015630
-121.394794 -29.449693 3811.700971
-121.822060 -28.967755 3813.126357
-124.873310 -25.065389 3813.037126
-124.944501 -24.968465 3814.803337
-124.917413 -26.217090 3815.312205
-128.537452 -22.129542 3815.208316
-128.750017 -22.836269 3814.999672
-130.212620 -22.327623 3815.056999
-132.202649 -20.518449 3815.027168
-132.356993 -22.499281 3814.956959
-135.282067 -19.188603 3815.001071
-134.181817 -18.402265 3815.061762
-136.279486 -18.583385 3814.951957
-138.184772 -15.328095 3815.037562
-138.956037 -19.842488 3815.105601
-140.411620 -16.864022 3815.206050
-140.543960 -13.977582 3814.996421
-142.456156 -17.459986 3815.201964
-143.316460 -15.457499 3815.116933
-143.761222 -12.289626 3815.059948
-143.992154 -16.474091 3815.261722
-145.882174 -14.419232 3815.382821
-146.860910 -12.404704 3815.336407
-148.298724 -13.814919 3815.466834
-148.326966 -12.678642 3815.272613
-148.217158 -10.358307 3815.080964
-149.208141 -9.429647 3815.407569
-153.101749 -13.298462 3814.984344
-152.145675 -9.969044 3815.031641
-153.413462 -7.377582 3814.868163
-154.121842 -10.186511 3815.159670
-155.792294 -10.508150 3814.914929
-155.958958 -7.102472 3815.373544
-154.262362 -4.900030 3815.305802
-156.343786 -8.983937 3815.238009
-157.326613 -6.341438 3814.911268
-156.822194 -5.083402 3814.997356
-157.513656 -3.678973 3814.702751
-161.554059 -7.470908 3815.344707
-161.430117 -3.940194 3815.185187
-160.204148 -1.661501 3815.167760
-162.499818 -4.911800 3814.887910
-163.378537 -2.720792 3815.303597
-163.164166 -0.679372 3814.821291
-164.998992 -2.650852 3815.335634
-164.983427 -0.112683 3814.986443
-166.257805 1.744505 3815.113223
-167.622763 0.452249 3815.050665
-167.660983 1.456067 3815.382574
-168.226309 4.035682 3814.974142
-169.660888 2.482068 3815.087214
-169.449816 3.487588 3815.330152
-170.166742 5.692422 3815.280293
-171.388611 4.121795 3815.104121
-172.926222 5.789331 3815.187750
-171.843365 8.697543 3815.082433
-175.578068 5.730510 3815.025793
-174.926860 8.804005 3814.789587
-173.790300 9.933397 3814.913151
-177.856991 8.600358 3814.698832
-177.515660 11.360498 3814.631839
-178.712521 10.558200 3814.800046
-178.283499 12.462311 3815.079662
-179.353427 13.849471 3813.962807
-180.299913 13.484032 3814.504387
-180.923559 13.861495 3813.796348
-183.230126 11.321500 3814.728544
-183.688487 11.505112 3814.641800
-185.643377 11.587324 3814.893037
-183.500558 13.763013 3815.178881
-188.484439 11.360664 3815.107227
-185.918998 13.356779 3814.740919
-190.635093 11.358084 3814.959167
-189.389307 13.312412 3815.251817
-188.705827 14.519774 3815.023912
-192.295268 13.853783 3814.832879
-190.639735 15.528103 3814.589433
-190.590574 17.451029 3814.624701
-195.357090 15.445062 3814.734500
-192.753255 17.542711 3814.577405
-193.588936 18.669970 3814.757490
-196.257189 18.088583 3814.761529
-195.532404 21.133894 3814.882180
-194.381823 21.626387 3814.787573
-197.488496 21.972796 3814.826239
-197.784859 26.230047 3814.943035
-199.790967 22.596822 3815.021220
-198.379452 25.848386 3814.813965
-199.830167 26.615110 3814.871572
-200.147996 28.495901 3814.750072
-200.847366 29.559886 3814.611518
-200.368557 31.491788 3814.887263
-202.188590 31.160551 3814.633890
-201.176001 36.422219 3814.846190
-202.320430 34.739319 3813.471013
-201.122494 38.473409 3814.276035
-200.829635 39.453490 3812.598096
-200.916294 39.196800 3811.984131
-198.881642 44.779190 3812.314618
-198.692091 45.260491 3810.306990
-197.967802 47.840322 3809.265797
-196.900809 52.602513 3809.252213
-194.838198 58.478363 3809.252282
-195.823784 58.463425 3809.252280
-195.354252 61.316587 3809.252280
-193.389248 66.242950 3809.252280
-190.584910 72.082136 3809.252280
-190.213485 74.017903 3809.252280
-190.938350 74.800251 3809.252283
-192.006897 74.039286 3809.252280
-188.571103 80.734920 3809.252318
-189.257898 80.281684 3809.252249
-189.289405 81.439905 3809.247914
-187.705971 84.233566 3809.474664
-187.698368 84.290699 3810.625759
-183.411213 89.198433 3810.467186
-184.146019 88.389998 3811.917583
-185.145227 87.271498 3812.468704
-179.722127 93.049995 3813.136611
-180.308341 92.458502 3813.840695
-179.454152 93.317214 3814.639245
-177.996632 94.747331 3815.253326
-176.328256 96.330842 3814.977110
-176.295546 96.361169 3816.563471
-172.715019 99.575005 3817.172277
-176.539387 96.133545 3818.551123
-173.026312 99.305273 3819.230350
-170.735335 101.253144 3818.311379
-174.026452 98.425603 3820.803085
-171.564260 100.558842 3820.728711
-167.829733 103.597170 3821.068433
-172.193243 100.023868 3821.959874
-169.601405 102.184216 3822.958768
-166.817199 104.382654 3823.282665
-168.637474 102.959621 3824.403604
-168.592245 102.995356 3825.316950
-165.572033 105.326490 3826.221807
-162.480711 107.571455 3826.902633
-166.149148 104.892403 3826.858993
-165.935408 105.053049 3828.119748
-163.368922 106.940635 3829.054564
-160.624372 108.853716 3828.713499
-164.146513 106.378499 3829.635765
-161.342571 108.362747 3829.492254
-158.916467 109.993473 3831.043252
-160.476674 108.953651 3831.852288
-159.381257 109.686574 3831.958729
-157.249197 111.067891 3832.007547
-156.118622 111.777076 3832.360771
-156.802602 111.349220 3834.536751
-151.621850 114.440256 3835.410983
-156.498763 111.539854 3836.417613
-151.907786 114.277363 3836.277479
-152.844207 113.741018 3837.424499
-146.304020 117.286737 3838.197618
-147.769711 116.535269 3838.291436
-146.515862 117.179185 3839.507502
-143.291109 118.763095 3839.410831
-143.587517 118.622940 3840.886642
-138.103172 121.086044 3840.554800
-138.037566 120.961645 3842.244949
-138.472221 119.997104 3842.293807
-131.650005 122.184272 3842.291574
-133.069998 121.373990 3842.291586
-131.627752 121.011978 3842.291603
-128.574564 122.147932 3842.291603
-128.467055 120.718307 3842.291603
-123.079601 122.935661 3842.291603
-122.473435 121.666652 3842.291603
-123.056274 120.947444 3842.291603
-115.180182 122.262857 3842.291603
-116.664150 121.914213 3842.291603
-115.940851 121.109967 3842.291603
-112.079961 121.768113 3842.291603
-112.887693 120.321065 3842.291603
-106.095937 121.711465 3842.291603
-105.459542 120.384399 3842.292177
-106.146358 119.778720 3842.291424
-97.601297 120.480419 3842.268772
-99.350527 120.165079 3842.132335
-98.402726 120.215902 3841.349776
-94.897093 120.484493 3841.525604
-93.630807 120.556760 3840.595411
-92.672024 120.603947 3840.104339
-85.931971 120.705329 3839.749645
-86.602791 120.711891 3839.281218
-82.545855 120.615159 3839.283514
-82.951515 120.637454 3837.734712
-81.069222 120.240961 3836.909389
-79.769174 119.033253 3837.222431
-74.887509 119.256771 3837.002852
-77.331910 118.475635 3836.645287
-72.400201 116.496949 3836.894973
-74.863324 115.756795 3836.862343
-70.897909 114.392238 3837.033524
-73.517707 114.834550 3837.105196
-70.688134 112.949276 3836.446019
-66.347237 112.221860 3836.804156
-70.480124 110.780835 3836.491839
-66.491728 109.117745 3836.609314
-64.179921 108.829009 3836.579190
-68.200546 108.018781 3836.489896
-65.865850 106.357667 3836.546728
-63.208135 104.203793 3836.811877
-66.623538 105.920838 3836.500322
-64.560914 103.597311 3837.064989
-63.597370 101.475328 3836.820539
-61.883791 102.585507 3836.755415
-65.086562 100.178866 3836.871608
-63.594606 97.454976 3836.844537
-61.560776 97.076828 3836.833619
-65.387152 97.946922 3836.953695
-64.752892 95.685118 3836.758853
-65.300758 92.488440 3836.799594
-64.410453 91.910311 3836.958675
-63.157755 92.484341 3836.708370
-62.548625 94.555478 3836.534756
-61.087909 96.152293 3836.765022
-61.961571 89.992196 3836.523304
-59.933152 93.840018 3836.526775
-58.561097 93.622061 3836.784064
-61.480661 87.385032 3836.790622
-58.522554 88.895255 3836.914066
-57.004343 91.816252 3836.851996
-60.122601 83.901413 3836.827099
-57.088222 86.114708 3836.715982
-54.786007 87.671536 3836.598120
-55.612064 88.670647 3836.549392
-55.978504 84.685294 3836.642895
-53.626966 85.154389 3836.809854
-50.592202 87.525089 3836.365805
-52.385384 85.068555 3836.675225
-50.978363 85.842791 3836.844501
-48.042631 86.372055 3836.588569
-49.986218 84.326338 3836.355295
-47.439094 85.801200 3836.461579
-48.160739 83.876143 3836.847446
-42.478099 85.090898 3836.529267
-43.072706 83.498474 3837.268236
-41.609434 84.995982 3838.502500
-44.480829 82.733492 3837.762642
-43.232818 82.189727 3839.813902
-42.712377 80.201479 3839.864212
-38.928954 83.126549 3839.856250
-36.708868 83.874080 3839.873689
-37.981389 81.156492 3839.851882
-38.954117 78.868990 3839.858016
-38.710441 76.464448 3839.843623
-37.104839 76.375557 3839.849772
-39.211205 74.220094 3839.843771
-36.414613 74.480140 3839.847476
-38.051007 71.900667 3839.854418
-40.704030 70.264491 3839.760603
-36.559105 69.228688 3839.861620
-39.482488 67.960053 3839.873831
-34.096835 70.463912 3839.070490
-35.487341 71.511972 3839.878296
-34.248843 68.570425 3838.652933
-36.627284 67.909590 3839.866097
-35.503712 66.064247 3839.717723
-34.495121 66.004132 3837.300911
-37.727022 64.471773 3839.854996
-35.390236 62.913698 3837.876182
-33.478484 64.500217 3836.773076
-35.895535 61.472592 3839.283706
-34.391310 62.200056 3836.907844
-33.212211 61.969340 3836.554700
-36.022169 58.343291 3838.471180
-33.830288 59.186839 3836.646863
-35.738462 56.738459 3836.904978
-34.775325 56.708994 3837.007735
-33.705924 54.950664 3836.674786
-36.431968 53.884482 3836.895178
-34.502275 51.976380 3836.579671
-32.833066 53.434880 3836.785385
-35.245967 49.158392 3836.679183
-29.384854 55.114711 3836.591376
-31.385573 51.861177 3836.708076
-29.899359 50.492353 3836.506822
-31.869513 49.364068 3836.512328
-31.526317 48.007756 3836.687257
-33.113807 45.471384 3836.712106
-35.220608 44.692241 3836.846787
-34.761867 42.904360 3838.648708
-36.708486 42.701645 3836.556448
-35.914236 41.041823 3839.625127
-38.039513 40.663296 3837.258395
-36.015432 38.229456 3839.863821
-38.547438 38.987014 3839.592860
-37.250893 36.382101 3839.433418
-36.017959 36.104664 3839.853243
-38.212238 35.083812 3836.635982
-39.091534 35.299710 3836.658223
-39.258209 33.600243 3836.489876
-42.136438 34.594653 3836.624285
-39.439509 32.063847 3836.836528
-41.232538 32.324120 3836.598705
-40.699821 28.519347 3836.432821
-43.270885 30.124928 3836.638031
-40.954707 28.418859 3836.454018
-42.164802 26.511158 3836.516083
-42.085036 24.183946 3836.722783
-42.825714 23.953979 3836.822022
-42.424718 20.781526 3836.455642
-43.645734 21.175994 3836.451789
-42.070790 18.047616 3836.357785
-42.830729 16.500645 3836.319378
-44.499383 16.342389 3836.974869
-43.713873 13.815142 3837.546687
-43.365308 12.580783 3839.226775
-42.462682 8.309045 3840.680859
-42.012208 3.105637 3842.051898
-42.568439 0.884491 3842.295510
-44.651419 1.257149 3842.209310
-46.002251 -2.905844 3842.095355
-47.508776 -7.185832 3842.027137
-48.319104 -9.339169 3841.995293
-49.992779 -8.421001 3841.752155
-51.159090 -12.048457 3840.725032
-52.893322 -16.116059 3840.105008
-53.651408 -17.568269 3839.785930
-53.801205 -17.838057 3837.576899
-55.316500 -20.318025 3835.923054
-56.391535 -21.855496 3835.109982
-57.399359 -23.163707 3835.509985
-57.915956 -23.792065 3833.567114
-57.792805 -23.644963 3831.633555
-59.584768 -25.655659 3831.111164
-59.642737 -25.716329 3829.871654
-60.317356 -26.400879 3828.891188
-62.268341 -28.202974 3829.691673
-61.087573 -27.142356 3826.239281
-63.333874 -29.088143 3826.193955
-61.583219 -27.598209 3825.127053
-63.644182 -29.335078 3823.591301
-64.967866 -30.328132 3824.847066
-64.524721 -30.005224 3822.401409
-67.394916 -31.935504 3821.173099
-64.654347 -30.100720 3819.849538
-67.037657 -31.715192 3820.065946
-67.147852 -31.783124 3818.474711
-68.426344 -32.542711 3816.780766
-71.629229 -34.167468 3817.894402
-69.256349 -32.999502 3815.275047
-72.434597 -34.518941 3815.725887
-72.060026 -34.357820 3813.867368
-76.155880 -35.872939 3814.891990
-75.709726 -35.733017 3812.698446
-74.861349 -35.451225 3811.530061
-79.854962 -36.810600 3811.235123
-79.690231 -36.777149 3810.658483
-80.657764 -37.056095 3809.848385
-82.892893 -37.437846 3809.797475
-83.934344 -38.447427 3809.671271
-85.311811 -39.160421 3809.635236
-89.139676 -39.655034 3809.573154
-93.885318 -39.921010 3809.459010
-93.799537 -41.416615 3809.318039
-95.790565 -41.874251 3809.267573
-101.006219 -40.918265 3809.254895
-102.145610 -41.238579 3809.249556
-103.562430 -41.470857 3809.311120
-106.290261 -40.480174 3809.463202
-106.457983 -40.431457 3810.785057
-110.519406 -38.323173 3810.142768
-110.790945 -38.159048 3811.599389
-110.698063 -38.214254 3812.550378
-113.398695 -36.486382 3812.665652
-117.048167 -33.682493 3812.848555
-116.548400 -34.101807 3813.840671
-116.545530 -34.100801 3814.086122
-121.459202 -29.654120 3814.622649
-121.158409 -31.051016 3815.177065
-124.161690 -27.055953 3815.167031
-125.179743 -28.928437 3814.810969
-125.665229 -29.148314 3814.863649
-128.813194 -26.708839 3814.979852
-128.158812 -28.256241 3815.150457
-131.194124 -25.931782 3815.192996
-131.156834 -24.514951 3815.176140
-133.061416 -25.071374 3815.209682
-135.280743 -23.066985 3815.019605
-135.168505 -25.107787 3815.017045
-136.746601 -23.412967 3814.888790
-138.993465 -21.666040 3815.090193
-138.796608 -23.173052 3815.094107
-139.834751 -22.345722 3815.087165
-140.464095 -20.975520 3815.269368
-141.326397 -20.336832 3815.216976
-144.704217 -23.025265 3815.319476
-145.342424 -20.127147 3815.209426
-144.489288 -17.608549 3815.145296
-147.221289 -20.924906 3814.905280
-148.786776 -19.824837 3815.062785
-149.340654 -16.403476 3815.041780
-150.735754 -19.127316 3815.128928
-152.362132 -18.677265 3814.934533
-150.875865 -16.585886 3814.968619
-150.637748 -14.492046 3815.044010
-154.130727 -18.251886 3814.968035
-154.800334 -15.587606 3815.078084
-155.801763 -12.766292 3814.899201
-156.705629 -15.614008 3814.742509
-157.559498 -15.373397 3814.879376
-159.087214 -12.620812 3814.961013
-158.099915 -10.473282 3815.093175
-159.099440 -14.299759 3814.694890
-159.211618 -12.045823 3814.805546
-159.441328 -10.715100 3815.110805
-160.459325 -7.695937 3814.937729
-163.144525 -12.870091 3815.220617
-162.822229 -9.647720 3815.485741
-164.688803 -7.740386 3815.239407
-163.088399 -6.912618 3814.985116
-166.527749 -11.036260 3814.920239
-167.648310 -8.063385 3815.097415
-166.931110 -5.231495 3815.153165
-164.870871 -5.035677 3814.954280
-170.439574 -7.728722 3815.202242
-169.101831 -4.718740 3815.275133
-168.508675 -1.373363 3815.282801
-170.984370 -5.516176 3814.906263
-170.662450 -3.839332 3815.408105
-170.692929 -2.161405 3815.374754
-170.694891 -0.836370 3815.200247
-174.354152 -3.883987 3815.006587
-174.660427 -0.653094 3815.034423
-173.880275 3.234187 3814.970806
-175.632230 0.596886 3815.044565
-175.751851 1.060888 3814.976916
-174.688764 3.083969 3815.145802
-174.571274 3.910422 3814.927237
-179.600799 1.686687 3815.213043
-178.346800 4.965964 3814.707315
-178.310810 6.727251 3815.292554
-179.931121 3.788528 3814.946722
-179.674293 6.516681 3815.294874
-180.102429 8.676923 3814.876582
-182.632700 7.071156 3815.267824
-182.446880 8.075100 3815.152818
-184.681493 7.504213 3814.821767
-186.845077 7.182335 3814.965588
-185.227644 9.342578 3814.726210
-189.180473 7.075342 3814.970933
-188.888517 9.517943 3815.091991
-192.255156 5.376571 3814.823862
-191.159984 8.541077 3814.921945
-193.886370 5.102360 3815.080425
-194.863475 7.885101 3814.784120
-193.500494 11.352862 3814.851691
-195.765818 9.651064 3815.314185
-195.410971 10.479277 3815.189444
-195.196452 12.769443 3815.024784
-197.421118 11.725609 3814.472162
-197.966031 12.337649 3814.404756
-197.079267 16.463601 3814.763611
-199.623589 12.621653 3814.850656
-198.471675 15.943441 3814.825048
-199.802322 16.471722 3814.950605
-201.073472 18.375530 3815.213599
-198.995072 21.407367 3814.891038
-201.636765 20.076574 3814.647153
-200.480355 22.116293 3814.892559
-201.924085 24.089835 3814.562860
-203.462703 23.091075 3814.871417
-202.956990 26.397319 3814.785684
-204.297117 27.088832 3814.524835
-203.645684 29.826453 3814.410104
-203.563986 30.159393 3812.761803
-202.174879 35.229084 3813.267959
-202.270028 34.905543 3811.991666
-201.237031 38.226669 3810.738386
-200.326844 40.902305 3810.395253
-201.008928 41.620546 3809.250765
-199.978940 46.586696 3809.252305
-198.640203 52.288646 3809.252279
-197.937898 54.500829 3809.252280
-199.271319 55.709915 3809.252280
-197.586251 60.361795 3809.252280
-195.241775 66.179293 3809.252280
-193.341453 70.643020 3809.252280
-194.630857 70.378954 3809.252280
-195.920212 69.261096 3809.252280
-192.483571 76.288222 3809.251729
-193.208228 76.054473 3809.250206
-193.225208 77.120345 3809.522051
-191.209485 79.878233 3810.090904
-191.474401 79.522888 3811.284315
-187.426265 84.617951 3811.226917
-188.245649 83.627851 3812.770597
-189.177543 82.477079 3813.440099
-184.047627 88.498999 3814.159859
-185.989949 86.305815 3815.384236
-181.688950 91.034367 3815.477071
-183.882995 88.680457 3816.870945
-180.870059 91.884774 3817.179182
-182.551952 90.122949 3817.739168
-180.479912 92.283637 3818.366331
-177.235654 95.476299 3817.924554
-181.148445 91.596884 3820.199942
-177.676797 95.055517 3820.373951
-175.638936 96.968200 3820.383750
-178.816821 93.948946 3822.243404
-177.025076 95.676018 3823.227653
-173.310980 99.056582 3823.267959
-174.919497 97.625295 3824.654400
-174.113297 98.348324 3824.397290
-172.293542 99.937857 3825.810065
-172.347781 99.891569 3824.516252
-174.936480 97.609656 3827.226568
-172.536541 99.729654 3828.344552
-169.305272 102.423899 3828.340363
-169.090819 102.596459 3827.247133
-171.618467 100.513365 3830.341249
-168.493661 103.073328 3830.442893
-165.748831 105.193505 3829.928828
-169.694930 102.108242 3831.800870
-167.130240 104.141205 3832.702348
-163.362392 106.945057 3833.068279
-165.208727 105.597585 3834.197068
-164.056154 106.444284 3833.530422
-159.767098 109.430259 3835.121175
-163.897731 106.559602 3835.638916
-160.309857 109.066652 3836.491688
-159.375645 109.690208 3835.678755
-159.423332 109.658607 3837.571668
-157.369771 110.991538 3838.240260
-154.457581 112.788953 3838.509402
-154.316784 112.873289 3839.881944
-148.710214 116.037547 3839.325559
-149.669893 115.522067 3840.811474
-150.835543 114.886978 3841.505034
-143.703553 118.550677 3842.050975
-144.616389 117.713233 3842.291554
-142.617050 117.707838 3842.291675
-139.692713 118.714984 3842.291572
-139.273562 117.580261 3842.291603
-134.089806 120.121881 3842.291602
-133.997311 118.671982 3842.291603
-134.900979 117.539629 3842.291603
-128.573702 119.512842 3842.291603
-128.606929 118.987437 3842.291603
-127.021600 118.874263 3842.291603
-124.384734 119.630082 3842.291603
-124.130336 118.500214 3842.291603
-118.592860 120.582130 3842.291603
-118.723402 119.066415 3842.291603
-120.276585 118.067608 3842.291600
-112.612067 119.107175 3842.292737
-112.957756 118.438459 3842.271987
-111.209302 118.330351 3841.810663
-108.018037 118.935536 3841.702558
-107.703442 118.994051 3840.713602
-101.617875 119.879591 3841.185931
-101.881089 119.847626 3840.027607
-103.969011 119.575104 3839.405428
-95.533348 120.443712 3839.322377
-95.756764 120.428264 3838.878660
-94.203538 120.526844 3838.282504
-91.572382 120.647280 3837.634990
-91.704699 120.336037 3836.714649
-88.399154 119.954876 3837.140716
-85.803837 120.492091 3837.240631
-86.954313 118.648616 3836.950133
-80.650311 118.910726 3836.864249
-84.043106 117.132604 3836.591051
-79.866654 116.874877 3836.686590
-82.523786 116.309195 3836.905037
-77.442028 114.419807 3836.527730
-75.960796 115.256048 3836.524482
-76.970915 113.810690 3836.672088
-73.239198 111.827353 3836.996120
-76.054621 111.218349 3837.106058
-74.201727 111.102292 3837.167291
-71.767303 109.046990 3837.013320
-71.210217 110.429613 3836.743131
-73.580109 107.669749 3836.986929
-70.590752 107.168284 3837.094116
-69.266110 106.606832 3836.776816
-72.844100 104.509464 3837.305312
-69.760004 103.207245 3836.979797
-66.651419 101.623495 3836.653527
-71.511166 101.590831 3836.569831
-68.358477 100.523560 3836.717949
-67.205591 99.191077 3836.499065
-68.203512 97.932448 3836.627867
-67.816040 95.445906 3836.933419
-70.026613 96.468211 3836.602175
-69.339198 92.488482 3836.765843
-70.162385 91.668825 3836.958570
-68.556547 91.385116 3836.509349
-69.216524 89.052076 3836.700767
-66.859008 89.177585 3836.667089
-68.503149 85.867269 3836.853706
-65.104110 87.577896 3836.736157
-63.362744 89.828370 3836.799564
-65.414464 84.777829 3837.070480
-62.568190 85.598906 3836.528224
-64.527428 83.639574 3836.608381
-62.423253 85.041686 3836.650410
-63.404418 81.924248 3836.544235
-62.244466 80.537054 3836.482078
-60.931952 82.479122 3836.631771
-58.108009 85.095325 3836.985531
-59.739161 79.570147 3836.662962
-57.935456 81.052643 3836.600908
-54.563285 82.947800 3836.500683
-56.541914 79.304476 3836.508361
-54.369729 81.922061 3836.434793
-53.107477 80.708575 3836.601494
-51.377033 81.496162 3836.375036
-48.674079 82.770777 3836.646091
-49.618112 79.569209 3837.121838
-45.563475 83.533863 3836.729813
-46.477276 81.490532 3837.169209
-48.046803 79.379246 3839.476214
-47.463346 78.918040 3839.857516
-47.395602 77.548703 3839.904587
-44.899107 77.620765 3839.867800
-41.761930 79.517434 3839.863013
-41.903107 79.104972 3839.866373
-41.513007 76.353678 3839.409200
-44.549817 74.396119 3839.540738
-42.366729 74.374064 3836.980256
-41.059612 74.202710 3837.232551
-40.467511 74.738709 3839.138031
-43.072230 71.297178 3836.500788
-41.181271 72.415053 3837.644706
-44.111991 70.877097 3836.426006
-42.869492 69.270686 3836.600801
-44.573693 66.937629 3836.704389
-44.436783 73.836002 3837.610461
-45.837529 72.081555 3837.612951
-46.676797 71.636053 3837.522282
-46.077056 73.609923 3839.771383
-48.592356 71.147219 3839.441804
-49.416524 72.993070 3839.888720
-51.145823 72.370794 3839.882269
-51.069630 70.067362 3839.851120
-54.034739 69.962435 3839.886422
-54.927072 69.301386 3839.887872
-54.825361 67.732679 3839.886790
-53.190334 67.302014 3839.891057
-54.817894 66.442331 3839.885619
-53.129468 62.623241 3839.746531
-56.903250 64.679148 3839.803672
-55.185527 62.528742 3838.130677
-53.517288 61.501210 3837.708941
-52.773337 61.455863 3839.106282
-55.849514 61.153456 3836.773991
-54.991150 59.129109 3836.703995
-51.416228 56.301527 3836.862211
-55.181090 59.069587 3836.683566
-56.219698 57.900505 3836.614438
-54.508286 55.803800 3837.035288
-52.073593 52.741906 3836.879150
-54.419323 54.527984 3836.749295
-55.232564 54.075189 3836.912505
-53.835976 52.392700 3836.846971
-53.044186 50.046027 3836.746180
-55.629929 51.926533 3836.811231
-56.558593 51.299301 3836.634756
-54.281839 48.147893 3836.690277
-52.574147 47.259601 3836.744838
-56.646397 48.823054 3836.643968
-55.762917 45.536955 3836.547057
-52.546021 42.551674 3836.632110
-56.246330 44.936142 3836.617622
-54.574401 41.838949 3836.598968
-53.020528 40.938149 3836.888623
-54.040610 40.161894 3836.696117
-52.266877 38.300101 3836.654221
-52.573908 36.805922 3836.574175
-55.251225 36.519153 3836.969028
-51.096943 32.959372 3836.839171
-50.466141 30.953206 3836.546914
-50.396767 28.653861 3836.657445
-51.040796 28.450036 3838.379342
-48.286136 24.342184 3839.561512
-46.709303 21.459095 3840.796667
-45.901796 18.423067 3842.289977
-45.170032 15.458568 3842.294274
-47.223498 14.932110 3842.174339
-47.123378 11.050606 3842.036951
-47.533859 7.873961 3841.917644
-49.430418 7.497776 3841.343174
-49.535137 8.137967 3839.505421
-49.077045 4.972189 3838.746063
-48.886731 1.982611 3836.470082
-48.885232 1.910852 3835.224832
-48.917387 -0.753860 3835.949674
-49.015946 -2.259952 3833.454448
-48.955736 -1.448332 3832.132013
-49.691248 -6.863798 3832.272730
-49.225170 -4.150817 3829.921348
-49.881239 -7.720654 3830.182329
-49.427809 -5.473598 3828.928396
-50.237527 -9.131031 3827.331461
-50.466273 -9.933566 3829.274240
-50.582825 -10.322386 3826.277384
-51.655526 -13.352217 3826.006583
-50.335108 -9.482947 3823.025785
-51.672528 -13.394065 3824.007724
-51.397259 -12.690731 3821.827753
-51.974133 -14.122075 3820.431372
-53.193494 -16.709109 3822.181089
-52.310487 -14.888118 3818.336138
-53.798276 -17.832504 3819.564590
-53.592728 -17.460721 3816.369468
-53.622126 -17.514634 3815.829935
-55.013253 -19.854484 3814.885398
-55.370918 -20.400276 3813.716740
-56.212840 -21.609465 3812.413376
-57.875716 -23.744020 3810.887681
-59.111882 -25.172469 3810.193463
-57.686094 -27.109429 3809.573419
-60.514373 -30.994120 3809.476175
-63.064696 -34.112106 3809.362536
-64.367525 -35.617394 3809.304468
-63.942054 -37.690826 3809.275145
-68.376704 -40.378534 3809.801324
-72.249838 -41.952061 3810.451217
-74.963085 -42.816947 3810.777868
-74.702427 -42.742409 3813.480274
-77.546421 -43.473683 3813.612414
-82.493160 -44.294310 3813.649518
-82.067674 -44.516407 3814.679185
-85.000597 -44.501655 3814.363458
-85.730593 -45.247148 3815.182790
-84.523094 -47.053107 3814.865242
-91.307442 -46.886435 3815.214809
-89.540362 -48.588161 3815.164072
-94.556670 -46.872608 3814.812592
-92.091562 -49.540603 3815.233443
-87.800928 -49.904202 3815.072964
-86.405245 -51.461399 3814.908733
-91.068498 -50.587889 3815.144430
-89.079008 -52.041866 3815.282592
-86.749065 -53.383447 3813.037845
-88.011401 -53.348651 3813.063037
-89.364984 -53.897255 3813.606142
-90.225188 -54.342938 3814.998568
-87.958584 -56.668992 3811.725667
-89.799932 -56.707653 3814.330249
-89.399215 -57.825883 3813.261062
-89.415058 -59.096143 3813.221603
-91.381189 -60.135187 3815.183331
-88.887088 -61.645168 3812.360555
-90.594699 -63.010269 3815.110600
-90.214578 -63.895585 3814.827982
-90.299525 -65.158000 3815.094169
-89.198576 -63.355684 3812.758585
-87.397695 -67.255285 3811.664570
-89.825756 -66.356209 3813.547204
-88.063735 -68.711917 3811.754182
-86.023269 -70.634373 3811.696567
-87.503179 -72.865450 3811.697348
-89.197188 -71.568963 3811.690906
-87.758073 -74.581160 3811.698670
-89.999811 -75.977884 3811.659824
-86.831172 -79.620186 3811.695822
-89.318122 -79.523151 3812.558336
-88.227702 -83.217656 3811.820863
-89.191390 -82.704752 3814.194700
-88.430045 -84.150994 3811.939219
-89.382596 -85.351016 3813.520911
-90.977080 -84.545442 3815.305964
-89.419886 -89.058699 3813.542358
-90.996776 -86.723240 3815.252583
-92.217839 -86.240993 3815.424209
-92.343640 -88.929227 3814.946365
-94.012016 -89.631128 3815.085935
-91.818681 -93.694467 3815.078552
-94.942930 -94.014982 3815.039136
-91.548689 -96.741930 3815.083660
-93.665372 -97.054690 3815.167483
-96.860329 -97.856484 3815.298267
-95.170918 -95.061688 3815.205947
-94.591195 -100.680596 3815.229098
-96.642343 -99.034728 3815.072267
-99.782551 -100.327432 3814.851282
-95.657120 -102.157615 3815.025369
-97.867122 -103.639447 3815.012360
-100.635610 -104.035147 3814.967280
-99.698705 -105.130250 3815.160689
-99.945156 -107.251650 3815.208240
-102.370896 -105.645032 3815.160835
-103.391532 -105.889523 3815.356678
-102.132279 -108.792871 3814.966243
-104.729510 -107.537408 3814.968494
-104.918262 -110.447636 3815.186328
-106.629748 -110.903746 3815.079971
-109.900317 -109.499810 3815.074466
-109.628451 -111.730295 3814.755260
-112.031313 -111.488975 3814.964688
-113.951879 -112.969187 3814.674877
-112.717558 -114.056350 3814.487091
-119.783601 -113.540848 3814.439943
-117.410697 -114.200712 3814.530422
-121.675930 -113.658217 3814.350014
-121.713308 -113.652972 3812.227966
-121.539483 -113.704945 3811.689850
-127.733369 -111.680722 3810.482578
-126.489836 -112.117075 3810.507570
-126.145025 -112.385637 3809.327308
-130.843275 -111.950486 3809.252120
-133.392057 -112.481289 3809.252279
-139.127102 -110.916199 3809.252280
-144.163557 -109.740217 3809.252280
-146.822702 -108.930333 3809.252280
-148.813105 -110.431034 3809.252280
-154.040028 -108.047117 3809.252280
-158.075946 -106.665817 3809.252309
-160.723629 -105.497160 3809.251697
-161.915236 -105.903926 3810.459172
-166.236001 -102.762242 3811.118317
-170.175180 -99.652046 3812.102719
-171.530308 -98.524206 3812.604959
-172.528065 -97.672719 3813.619475
-174.698543 -95.760221 3813.182334
-175.767429 -94.786078 3814.500639
-174.778942 -95.688098 3816.390932
-179.601514 -91.106345 3816.359936
-176.520096 -94.087814 3817.255675
-180.484388 -90.214890 3818.185292
-181.726676 -88.931071 3816.905641
-179.875526 -90.831574 3819.801088
-181.983868 -88.661002 3819.188161
-183.349772 -87.199343 3819.265376
-181.364992 -89.309111 3822.023094
-185.070247 -85.293273 3822.079265
-187.163080 -82.868646 3821.176126
-183.634581 -86.888864 3823.758069
-185.775613 -84.488177 3824.446623
-188.565866 -81.170763 3824.954914
-186.362659 -83.808384 3825.261614
-186.212000 -83.984011 3826.602884
-188.274462 -81.528322 3827.096287
-190.944521 -78.155730 3827.079488
-188.663891 -81.050622 3827.600327
-188.713055 -80.989722 3829.301999
-190.643976 -78.547088 3828.199792
-192.740765 -75.751865 3827.799119
-189.854664 -79.559768 3830.981450
-191.867145 -76.935099 3831.406787
-194.944534 -72.635708 3831.394991
-191.411962 -77.541105 3832.070339
-193.226167 -75.082823 3833.413556
-195.178475 -72.293768 3833.553311
-194.568758 -73.181165 3834.498519
-195.367777 -72.014006 3835.508291
-197.937279 -68.067048 3834.937777
-195.703076 -71.515983 3836.988310
-198.654164 -66.906937 3836.148348
-198.653264 -66.908391 3837.766710
-199.749949 -65.079809 3837.638486
-199.347224 -65.760734 3838.903164
-202.936667 -59.344082 3839.625134
-202.421435 -60.318074 3840.036635
-204.392355 -56.472351 3840.375733
-204.983208 -55.258959 3841.218068
-203.283953 -56.957105 3842.293106
-207.257202 -48.613787 3842.295450
-205.725743 -48.796854 3842.291602
-205.421912 -48.759275 3842.291602
-207.240735 -41.803081 3842.291603
-206.364694 -42.880195 3842.291603
-207.854697 -38.559643 3842.291603
-207.175349 -37.344347 3842.291603
-204.942865 -38.412634 3842.291603
-207.884763 -30.840046 3842.291603
-206.717542 -30.889783 3842.291603
-206.532332 -30.715072 3842.291603
-208.225189 -24.340176 3842.291603
-207.655631 -22.398080 3842.291603
-206.121581 -21.546094 3842.291874
-206.121014 -18.471825 3842.293600
-206.867959 -10.758694 3842.281611
-206.508238 -11.436350 3841.828877
-206.768921 -8.678120 3840.562494
-206.818058 -8.060890 3839.491610
-207.110749 -2.461416 3839.792002
-207.142903 -1.214759 3838.671156
-207.073492 -3.790610 3837.660073
-207.116931 4.644322 3837.174372
-205.779863 1.269026 3837.005112
-205.908531 6.468155 3836.735139
-205.020228 3.726028 3836.977373
-204.241711 9.367880 3836.809553
-203.098094 6.178351 3837.201276
-202.402952 12.439155 3836.793655
-202.170007 9.427660 3836.858824
-200.401927 14.196286 3836.962603
-201.386617 15.561970 3836.970748
-199.016837 15.486417 3836.804773
-196.805183 18.696704 3836.874804
-196.324833 15.110754 3836.511772
-194.643981 18.539105 3836.904312
-195.434703 20.135202 3836.788986
-192.823803 16.547425 3836.593789
-192.782768 19.805423 3836.747141
-193.012511 20.622708 3836.824243
-189.707765 19.135266 3836.707572
-189.050168 17.444830 3836.799963
-186.384098 18.414559 3837.517217
-185.151073 15.877736 3836.670403
-185.444704 18.087374 3837.645526
-181.628162 16.337175 3837.136677
-181.177781 18.091949 3839.975857
-180.512379 16.475213 3837.806307
-179.174655 18.113116 3839.990398
-180.198333 19.649706 3839.966597
-177.638388 18.920623 3839.958962
-177.157073 21.342908 3839.951520
-173.741222 20.185321 3839.948374
-174.409411 22.241341 3839.942787
-171.351712 20.745845 3839.750792
-172.255172 22.927354 3839.945586
-170.249252 23.024434 3839.947648
-169.457059 23.587140 3839.958409
-170.506813 26.396226 3839.940668
-166.564673 24.615036 3839.938435
-166.955210 26.877779 3839.923506
-165.229350 26.281354 3839.917467
-164.926418 27.131945 3839.916972
-167.074077 29.800248 3838.459261
-162.265820 27.631874 3839.912865
-161.787003 30.111537 3839.717918
-163.949479 30.066590 3839.283080
-161.511354 30.203271 3839.715156
-159.226609 32.038565 3837.850038
-157.763214 30.788348 3839.744989
-157.472300 31.238944 3839.559083
-158.767148 33.035262 3838.906960
-153.472405 32.134688 3839.903690
-154.112992 33.790633 3839.902292
-151.150682 32.954918 3839.900156
-150.588864 34.882037 3839.898161
-151.993347 35.182247 3839.896128
-147.477205 35.629417 3839.887452
-145.792637 36.365814 3837.661459
-144.595965 35.974738 3838.447952
-141.577417 38.083395 3836.783023
-138.924969 38.348088 3836.823003
-134.653656 41.066633 3838.030072
-136.713038 40.241145 3837.125872
-134.034270 40.707790 3837.350799
-131.430465 42.055736 3836.712388
-129.995344 41.829081 3836.799051
-127.400997 43.175118 3836.995738
-126.652469 44.280660 3837.019684
-125.934122 42.385545 3836.770560
-122.110818 46.046355 3836.643471
-122.539955 44.838481 3836.862782
-121.638381 43.853828 3836.828098
-121.221203 46.459628 3836.918966
-121.987016 41.613441 3836.619479
-118.815758 45.185528 3836.666448
-122.310636 40.503283 3836.645802
-118.843912 42.097225 3836.768737
-115.394447 45.240360 3836.989940
-116.089082 46.258872 3836.596876
-115.546072 42.520484 3836.590366
-113.521498 45.329489 3837.043261
-112.279107 46.250846 3836.916105
-111.081943 45.028768 3836.771959
-106.876956 46.628585 3836.905582
-109.351743 43.699856 3836.709982
-103.424094 46.101892 3836.869772
-106.338149 43.603660 3836.703384
-99.917874 46.310663 3836.462633
-100.477248 45.315371 3836.950139
-97.381066 45.965572 3836.648509
-96.164575 45.796957 3838.255967
-97.087816 45.608911 3839.039930
-89.359072 46.592883 3839.215536
-91.831965 46.423141 3839.994622
-90.529513 46.529389 3840.667678
-85.982842 46.610017 3841.289611
-87.055425 46.598725 3842.111808
-81.642805 46.265417 3841.733431
-81.347399 45.676442 3842.293408
-77.661065 44.030476 3842.286001
-75.055087 42.837771 3842.272634
-74.949641 40.637295 3842.111408
-70.343667 38.124133 3842.028570
-67.493678 35.742496 3841.934663
-65.631043 33.721296 3841.897761
-65.605043 32.840681 3839.454863
-62.842662 30.752505 3838.423445
-60.559020 28.701146 3836.249940
-61.143694 29.259188 3834.853137
-60.119163 28.265833 3833.534435
-58.010887 25.970098 3831.827946
-58.978007 27.068915 3830.968329
-57.221439 25.004509 3829.493002
-58.347971 26.363081 3829.398634
-56.600238 24.199734 3827.920245
-55.853103 23.170479 3828.204974
-55.899161 23.235370 3826.674774
-54.234814 20.654116 3824.798009
-55.833102 23.141087 3823.486554
-54.191150 20.580421 3824.123473
-54.055164 20.347752 3822.163316
-53.624843 19.582462 3821.111500
-52.245707 16.806413 3821.486622
-53.036693 18.467425 3819.002918
-51.744506 15.636879 3818.296379
-52.785868 17.962894 3817.368345
-50.693922 12.740013 3816.277341
-50.804324 13.083052 3815.280788
-50.534865 12.227937 3814.230414
-49.937633 10.027997 3813.656254
-49.844972 9.627349 3812.546933
-49.495294 7.922369 3810.931972
-49.029616 4.515865 3809.606087
-47.788220 1.264458 3809.354693
-47.376081 -0.876621 3809.353731
-44.809221 -0.488124 3809.277560
-44.198511 -4.977701 3809.260497
-44.301477 -9.180809 3809.252223
-44.460852 -11.430597 3809.248903
-43.513722 -11.071920 3810.548117
-44.977990 -15.492859 3811.333622
-46.579886 -19.135064 3811.920107
-47.561919 -21.014874 3812.299009
-48.928646 -23.325998 3813.213317
-48.750033 -23.548936 3814.735852
-47.898733 -24.632298 3815.478015
-50.758661 -28.526828 3815.061676
-47.858741 -28.386190 3815.153921
-50.540563 -30.434194 3815.013250
-48.588994 -30.273496 3815.032380
-50.691894 -33.899250 3815.288899
-47.310968 -31.813464 3815.217737
-47.775267 -34.116266 3815.063374
-52.015849 -37.595439 3814.943937
-47.766934 -35.992763 3815.146028
-47.827196 -36.100290 3815.148547
-50.543587 -38.558030 3815.170467
-55.551428 -37.575276 3815.236524
-52.833501 -34.702387 3815.191883
-54.811643 -39.613847 3815.360476
-56.929447 -40.407350 3815.086854
-52.498983 -40.709395 3815.084049
-56.251456 -42.440202 3815.164460
-59.855020 -44.190522 3815.058002
-53.694878 -43.650637 3815.247101
-57.419568 -45.818343 3815.343684
-61.441431 -47.018893 3814.930089
-56.219980 -47.654828 3815.215719
-61.152670 -49.439418 3815.079732
-61.968757 -48.784991 3815.051800
-61.619660 -51.277340 3815.239653
-66.040013 -53.746597 3814.562889
-62.309067 -52.955834 3814.930599
-64.919003 -53.813155 3814.261264
-68.116068 -54.765746 3811.964452
-66.119729 -54.470851 3812.191405
-67.435930 -55.372593 3811.715822
-70.470128 -56.054235 3811.662002
-67.414150 -56.643263 3811.684035
-70.426105 -58.766616 3811.668526
-74.497670 -59.278846 3811.656869
-70.263840 -59.319013 3811.677967
-73.641627 -60.159731 3811.992680
-74.759344 -60.460957 3812.281816
-76.683195 -59.987194 3813.063577
-73.789206 -63.025678 3814.997267
-77.384962 -62.883686 3815.005176
-77.299192 -64.756620 3815.086989
-78.090845 -65.898664 3815.165383
-79.908475 -64.517127 3815.204739
-80.239110 -68.961319 3815.234780
-80.270953 -70.060153 3815.086371
-81.288935 -71.556480 3814.295430
-81.016393 -73.982096 3814.779343
-81.197348 -75.280802 3813.455713
-81.209578 -78.340319 3813.746854
-81.174193 -80.046766 3813.065085
-81.237882 -81.189077 3813.785356
-81.770814 -80.582311 3812.252683
-81.515392 -85.667657 3812.576835
-81.400782 -87.947496 3812.731269
-81.343483 -90.191951 3813.007074
-84.841475 -88.196830 3811.711993
-82.582607 -90.556340 3812.224774
-85.176409 -84.814037 3811.711812
-85.782478 -82.694997 3811.709105
-83.449104 -83.340645 3811.678960
-84.086861 -76.672051 3811.693806
-82.388792 -80.257445 3811.800240
-83.982317 -75.966647 3811.690065
-83.260781 -74.902020 3811.666999
-82.799556 -71.626113 3811.683642
-82.560489 -69.222774 3811.719674
-82.002542 -70.131293 3812.027444
-82.019213 -64.827698 3812.012344
-81.169987 -68.423890 3813.415466
-81.227567 -62.141790 3812.955913
-80.621310 -64.899293 3814.642978
-81.117348 -60.202399 3814.548726
-79.402711 -63.132104 3815.058760
-77.581702 -58.324509 3815.122835
-77.887634 -60.233518 3815.117761
-76.838549 -56.079424 3813.498367
-76.830220 -57.763595 3813.382999
-77.036157 -59.012210 3814.191359
-81.230262 -56.602890 3813.878207
-81.221284 -58.168891 3814.234613
-82.129268 -53.210492 3813.723530
-79.343186 -53.652581 3815.123478
-82.065714 -54.488540 3812.177727
-82.106124 -57.003251 3811.944045
-82.337295 -58.224749 3811.803682
-85.529964 -57.758132 3811.686080
-83.029959 -61.102519 3811.658987
-86.004721 -61.346216 3811.688546
-84.539313 -63.324095 3811.689254
-86.155743 -63.870847 3811.690370
-84.208633 -67.133664 3811.687994
-84.934864 -67.488753 3811.694888
-85.976801 -70.008801 3811.696104
-87.387469 -61.188626 3811.655167
-82.060376 -63.972716 3811.972079
-82.078923 -59.485393 3811.950116
-86.183093 -56.215631 3811.675229
-82.836620 -51.637362 3815.123978
-81.554098 -51.509807 3815.098096
-79.799753 -50.125828 3814.920534
-77.581555 -49.340213 3814.829719
-75.943153 -50.655311 3815.004915
-73.799653 -48.491133 3815.198896
-72.230709 -48.323086 3815.000913
-70.945798 -49.055216 3815.291027
-68.215920 -47.780189 3815.149027
-68.645423 -51.022479 3815.032110
-68.763505 -51.992661 3815.100498
-71.068229 -53.374511 3814.762003
-67.340966 -53.387154 3814.720534
-71.420825 -53.618838 3813.368045
-64.846413 -48.561358 3815.135784
-66.109888 -51.842610 3814.929887
-63.842793 -47.112599 3815.017970
-62.433008 -47.265433 3815.087319
-65.226823 -45.219637 3815.006089
-61.177145 -44.236613 3815.090939
-61.286983 -42.215941 3815.138965
-61.287803 -40.973557 3815.365292
-58.214306 -42.552239 3815.115463
-59.171295 -37.764782 3815.144270
-58.079915 -39.898891 3814.808707
-57.153753 -35.230838 3815.099217
-55.116639 -34.071725 3815.004495
-54.783578 -35.156708 3815.386512
-52.077630 -32.012839 3815.289440
-54.335082 -30.324281 3814.743602
-52.017673 -30.332137 3814.797911
-51.001065 -26.332122 3813.832485
-50.405561 -25.520345 3812.755674
-48.853606 -23.207176 3811.549090
-47.276828 -20.490918 3811.450252
-46.700670 -19.391796 3809.739548
-46.500638 -17.144229 3809.248235
-45.861867 -13.069088 3809.261169
-45.074199 -10.635505 3809.259620
-46.572446 -9.113350 3809.351710
-47.282896 -6.833725 3809.384825
-48.473253 -2.591079 3809.377928
-48.991562 -1.920152 3810.210248
-48.875661 0.998001 3811.022530
-48.924206 2.966857 3812.758640
-48.943030 3.310160 3813.952931
-49.162659 5.729388 3814.364165
-49.527519 8.098498 3814.710031
-49.529047 8.104265 3816.853285
-49.879284 9.776732 3814.470293
-50.045790 10.463511 3818.692244
-50.363480 11.648686 3816.814586
-50.410705 11.810376 3822.076532
-50.742155 12.890213 3818.925629
-50.723722 12.836087 3823.097723
-51.808123 15.791514 3824.344948
-51.463132 14.926971 3820.172575
-52.221022 16.751997 3825.440893
-52.669934 17.722383 3823.454275
-52.177338 16.654370 3828.869601
-53.684775 19.690931 3827.631083
-53.452062 19.263363 3829.722269
-54.277174 20.727317 3831.159587
-54.850990 21.663335 3827.105090
-54.929116 21.787046 3832.055076
-55.699424 22.948293 3829.920506
-56.299729 23.793182 3833.928639
-56.500900 24.065908 3831.912402
-58.152583 26.136090 3836.507353
-57.155015 24.921195 3837.731839
-59.084889 27.185498 3836.508710
-60.704484 28.842048 3838.044492
-57.119953 24.877023 3838.584033
-57.198847 26.767168 3841.865458
-59.153591 30.352863 3841.935330
-60.726017 31.470112 3841.918164
-63.577589 32.371403 3841.882816
-63.995897 34.284232 3841.953771
-65.296091 35.216638 3841.960719
-67.066222 37.027367 3842.044951
-68.623654 41.265609 3842.290606
-73.333547 43.828151 3842.300243
-76.039855 45.156893 3842.044184
-79.333873 45.903116 3841.351765
-79.945540 46.006354 3840.146925
-82.519244 46.364930 3841.267537
-84.664772 46.544355 3839.085884
-83.217616 46.431917 3838.396314
-87.970007 46.628669 3838.582116
-89.375093 46.647262 3837.256091
-90.932698 46.500145 3838.291449
-93.013589 47.501307 3836.403158
-94.854557 46.598770 3836.873502
-95.493237 48.844758 3836.899302
-96.334034 47.710505 3836.594712
-96.228848 49.338556 3836.809944
-100.651598 49.634809 3836.733430
-101.629979 47.317326 3836.815277
-101.936976 50.094143 3836.711906
-104.489666 49.953393 3836.673030
-104.578457 48.065726 3836.783681
-106.611345 50.399624 3836.571163
-106.772208 52.428636 3836.672787
-109.560907 50.731823 3836.611398
-108.243140 48.540867 3836.722969
-108.869528 52.201354 3836.941029
-106.837648 54.864154 3836.714964
-109.790787 51.997428 3836.755330
-111.442099 52.865123 3836.988937
-109.768210 56.103280 3836.688217
-109.906434 58.846990 3836.711553
-111.055667 54.549653 3836.545814
-113.330152 55.872611 3836.677787
-114.375002 59.068173 3836.769262
-114.405964 61.298780 3836.619316
-115.445686 60.187465 3836.749595
-115.691389 57.594946 3836.603463
-116.112684 55.784586 3836.693392
-113.524354 53.937053 3836.895706
-116.679562 61.520354 3836.756585
-117.913071 64.571388 3836.644983
-120.182734 63.839655 3836.862242
-118.609809 58.609855 3836.710462
-119.831180 61.650771 3836.515154
-119.727957 60.085248 3836.749216
-118.798322 56.488326 3836.765356
-119.272777 54.154899 3836.614580
-121.380434 57.217813 3836.643526
-122.400796 51.017601 3836.450659
-122.450334 53.123553 3836.838365
-123.705132 50.777674 3836.555553
-124.534932 51.474394 3837.756071
-125.154838 46.830764 3836.579403
-127.027484 46.031016 3837.068621
-127.887475 46.566172 3838.793587
-131.077537 43.583477 3837.326943
-132.421504 42.799800 3839.042914
-131.565715 43.376321 3837.811226
-136.321873 41.468160 3839.557769
-140.317177 40.200169 3839.415776
-142.464269 39.945505 3839.208453
-144.958029 39.415097 3837.396226
-143.473247 38.632414 3836.958145
-151.194297 38.067326 3837.905357
-146.896464 37.706053 3836.802822
-152.987293 38.592855 3839.237052
-153.079989 36.691036 3839.915399
-155.384625 36.774254 3839.896209
-158.297751 35.991309 3839.900375
-153.645375 34.949780 3839.896848
-160.913626 35.654870 3839.918006
-159.640560 33.576706 3839.091805
-163.002138 34.432462 3838.386384
-162.107906 34.017181 3837.256662
-161.603306 32.534779 3836.902523
-159.349173 33.104164 3838.667877
-165.885621 32.858101 3836.369917
-163.108275 32.168802 3836.719011
-168.742267 32.118166 3836.776779
-169.695101 31.651161 3836.555192
-167.050658 30.107389 3836.971661
-171.365522 30.189617 3836.532049
-171.116753 29.372126 3836.981788
-170.435107 28.974222 3838.518599
-168.401026 29.422636 3837.569635
-174.479591 29.557041 3836.365662
-174.384629 28.123757 3838.687375
-171.285370 27.986596 3839.756833
-175.620137 27.947261 3838.692358
-176.572573 26.085164 3839.934819
-172.555246 26.318769 3839.964822
-178.099974 24.342206 3839.948942
-178.895820 24.231027 3839.951367
-178.646383 22.392105 3839.952144
-183.003730 24.644827 3839.997391
-182.005167 21.014121 3839.966177
-182.638491 26.133614 3839.329053
-184.783383 25.086029 3838.375678
-181.388063 25.372519 3839.917593
-185.726466 26.829998 3836.670951
-185.787035 23.902964 3837.421359
-188.215388 27.878693 3836.553632
-188.294410 25.490625 3836.452229
-191.073076 28.057062 3836.483799
-191.579342 25.784707 3836.473073
-188.705165 24.977711 3836.321109
-193.468151 23.374167 3836.447979
-189.699420 22.329980 3837.147288
-195.360345 25.308526 3836.621673
-195.623879 22.033215 3836.736675
-193.057422 22.134370 3836.810402
-198.057636 21.383884 3836.855545
-197.981700 20.472665 3836.541905
-200.640310 21.411788 3836.662509
-201.431114 17.675564 3836.880449
-202.867935 17.763071 3836.985383
-203.314644 14.974651 3836.903734
-204.035171 16.768519 3836.515218
-205.329436 11.849728 3836.737693
-206.469785 13.549027 3836.902735
-205.902766 10.416698 3836.673768
-206.723579 11.273909 3838.509671
-207.022522 6.912715 3837.456419
-207.121501 4.168865 3839.281032
-207.127985 3.927163 3840.090155
-207.161182 0.438418 3839.449053
-207.135739 -1.603368 3840.219882
-206.915820 -7.148520 3842.110048
-207.289956 -8.349044 3842.284272
-208.207844 -8.107297 3842.291603
-207.371763 -11.272131 3842.293718
-208.977221 -16.439993 3842.291603
-209.315278 -17.395018 3842.291603
-209.824996 -18.520984 3842.291603
-208.807897 -22.636036 3842.291603
-209.650994 -25.287952 3842.291603
-210.712604 -23.759614 3842.291603
-208.885796 -28.621087 3842.291603
-209.701854 -30.933309 3842.291603
-210.014555 -32.800537 3842.291603
-209.147168 -36.338265 3842.291603
-210.342609 -36.464749 3842.291590
-207.642687 -39.547659 3842.291604
-209.280554 -43.014043 3842.295275
-210.685747 -40.956173 3842.157151
-208.431063 -46.179752 3842.288867
-207.734221 -49.113841 3841.091444
-207.158702 -50.466415 3840.438616
-205.548319 -54.059184 3839.875970
-206.255467 -52.517122 3838.512273
-204.074665 -57.114896 3839.588607
-204.442721 -56.369543 3837.250323
-203.342089 -58.560660 3838.163796
-203.739042 -57.782514 3835.798344
-200.706562 -63.427809 3834.985921
-201.674564 -61.696618 3837.740289
-201.239519 -62.483187 3833.496426
-199.455439 -65.578657 3834.413551
-199.785989 -65.018474 3836.114919
-199.548406 -65.421593 3831.172664
-197.564227 -68.660058 3832.413935
-197.818442 -68.256609 3834.171295
-198.035985 -67.908998 3829.077386
-196.572549 -70.202560 3828.316647
-196.404634 -70.458606 3830.911971
-195.348679 -72.042349 3827.584367
-195.229945 -72.218272 3826.307513
-194.135549 -73.804374 3826.473059
-193.992075 -74.006983 3828.141387
-193.949534 -74.066901 3824.814529
-194.075542 -73.888930 3823.658457
-191.307770 -77.679522 3823.157538
-191.641102 -77.237033 3825.989680
-191.601247 -77.289944 3822.136852
-190.285464 -79.011137 3822.184870
-190.324346 -78.960729 3823.121167
-190.681216 -78.498840 3824.659357
-189.522669 -79.979711 3819.466386
-187.204336 -82.819573 3819.383764
-187.408270 -82.574812 3822.314090
-188.649372 -81.068276 3817.157679
-185.241349 -85.098662 3817.776257
-186.247173 -83.943380 3819.779462
-184.595946 -85.826293 3816.513935
-183.896057 -86.602017 3816.649002
-184.569236 -85.856247 3814.125755
-181.218698 -89.460337 3815.552602
-181.002071 -89.684245 3813.075121
-179.965609 -90.740797 3814.477288
-177.246163 -93.402211 3813.480458
-174.473061 -95.962899 3813.028966
-172.866460 -97.381040 3810.495859
-170.562603 -99.278514 3809.433710
-165.261450 -102.483592 3809.250596
-163.258634 -103.999720 3809.249350
-160.136699 -103.588662 3809.252279
-157.620545 -103.927138 3809.252280
-152.106404 -106.094898 3809.252285
-149.639648 -107.650652 3809.252280
-146.390873 -106.825049 3809.252280
-143.661563 -106.817727 3809.252280
-137.510476 -108.667169 3809.250516
-134.360311 -109.904702 3809.248698
-132.036827 -110.049880 3810.664902
-130.883996 -110.504290 3810.519029
-127.790422 -111.660169 3812.899359
-126.756525 -112.022094 3813.832504
-123.543507 -113.095393 3814.196551
-124.720246 -111.080351 3814.911190
-120.644498 -112.637304 3814.646091
-118.859227 -111.223801 3814.906150
-118.592128 -112.467006 3814.736739
-115.413260 -109.317350 3814.874831
-115.374783 -111.674514 3814.582262
-112.135027 -108.558580 3815.081937
-110.886173 -109.988618 3815.048122
-111.902777 -105.529128 3814.789270
-108.419105 -107.339520 3815.129518
-109.634861 -109.070201 3814.832917
-108.270187 -103.276768 3814.749003
-105.968423 -104.802913 3815.152731
-105.936720 -107.372991 3815.213719
-107.156188 -100.361317 3815.167851
-103.369751 -100.422807 3815.290262
-103.487093 -103.966566 3815.235571
-104.106199 -98.907133 3815.110078
-101.844314 -97.099851 3815.325087
-102.257330 -100.871748 3815.053924
-100.686299 -95.901347 3815.342943
-102.060001 -94.414366 3815.389557
-98.974155 -93.404638 3814.964638
-98.558625 -95.912003 3814.917112
-99.723307 -98.899691 3815.471434
-100.657837 -93.685537 3815.056480
-99.286389 -91.777196 3815.134605
-103.502561 -90.996820 3815.291829
-101.729437 -89.505408 3815.514501
-100.133011 -86.635519 3815.181126
-99.575185 -89.729077 3815.328258
-97.528519 -86.086938 3814.896521
-96.903566 -87.028839 3815.057395
-95.364683 -83.783582 3815.323595
-93.968842 -83.461284 3815.029530
-93.657706 -85.580039 3814.850078
-91.562726 -83.885168 3815.236852
-91.655885 -79.534281 3814.866594
-90.956428 -81.996057 3814.977792
-95.755685 -81.383513 3814.793075
-96.582756 -80.722623 3815.318006
-97.261510 -80.919367 3815.163494
-97.910850 -79.545641 3813.846123
-97.083939 -77.460465 3812.976475
-95.423408 -75.650873 3814.521813
-97.292839 -76.349133 3812.103238
-97.774585 -75.306496 3811.676802
-98.988520 -73.598918 3811.689544
-95.138472 -73.683744 3812.069708
-93.781933 -71.793677 3811.686697
-93.219218 -70.543109 3811.692047
-95.131253 -68.338566 3811.689029
-95.539268 -66.967044 3811.686446
-94.790405 -65.134152 3811.733235
-95.592439 -64.084409 3811.802028
-94.923589 -63.039543 3813.092013
-96.760224 -60.555846 3814.097968
-98.026646 -59.838286 3812.931458
-97.441173 -59.523430 3815.108283
-99.431342 -57.850345 3814.141394
-99.298741 -54.807089 3814.919395
-97.225241 -55.568603 3814.773913
-99.408333 -53.968560 3815.074505
-102.540176 -50.519218 3814.900668
-98.094460 -52.337398 3814.837016
-102.952329 -50.782466 3814.941450
-104.318783 -51.844697 3814.998018
-106.078503 -51.862023 3815.148045
-110.267965 -49.412518 3814.959201
-106.981049 -52.753473 3814.935247
-107.584308 -52.804632 3813.879263
-108.540759 -53.352250 3812.820768
-103.100827 -53.740278 3814.520562
-102.352062 -55.453392 3812.757499
-102.287689 -56.755675 3811.853417
-99.864676 -58.526029 3812.393415
-103.940501 -56.978499 3811.656073
-104.609121 -58.711376 3811.677315
-106.567509 -58.577475 3811.655635
-107.414220 -55.464970 3811.652195
-109.413097 -54.245914 3811.985959
-109.614690 -56.856705 3811.664702
-111.480144 -56.158415 3812.097322
-108.495642 -59.483174 3812.372259
-111.116033 -57.650177 3813.264723
-112.311439 -56.890715 3814.510974
-114.188695 -55.338598 3814.893975
-114.629985 -54.333785 3814.812622
-116.939002 -54.033276 3815.110087
-117.779457 -52.175460 3815.108497
-117.570208 -50.454579 3815.023056
-115.926191 -51.381763 3815.274069
-122.393512 -49.195424 3814.980692
-121.532782 -47.458740 3815.117783
-120.960192 -46.858675 3815.113486
-118.526414 -47.470873 3815.218888
-124.982973 -46.415574 3815.106040
-122.947145 -45.030176 3814.847979
-121.803653 -44.812037 3815.216135
-124.448991 -48.336773 3815.323553
-128.652449 -46.947322 3815.155784
-127.949682 -44.759017 3815.089434
-127.183660 -44.568716 3815.174918
-133.724175 -45.107108 3815.464617
-133.369437 -43.806470 3815.232112
-132.023882 -42.178163 3815.204230
-137.310401 -43.717752 3815.381970
-138.037719 -42.326127 3815.140087
-137.828219 -41.008636 3814.936798
-136.824750 -41.321022 3815.240199
-141.430179 -42.795522 3815.313072
-142.130683 -41.556470 3815.056111
-140.600405 -39.853521 3815.051035
-141.554787 -37.801709 3815.111347
-144.753427 -41.556702 3815.172614
-145.240759 -39.018360 3815.202203
-145.243806 -37.740068 3815.414770
-146.578349 -36.373174 3814.874441
-150.119530 -40.265505 3815.267067
-150.584946 -38.598865 3815.122084
-152.677722 -36.025975 3815.215997
-150.013285 -35.589669 3815.219812
-154.275268 -37.736159 3815.111109
-155.364575 -35.543722 3815.342237
-155.180112 -34.224505 3815.366040
-157.265363 -37.343620 3815.326798
-159.137267 -36.394534 3815.169335
-159.695525 -34.101121 3815.444410
-160.274608 -34.853765 3815.284722
-161.691473 -36.186209 3815.195798
-163.287681 -33.055655 3815.104824
-162.817248 -31.312255 3815.394923
-163.786049 -35.213405 3815.265476
-165.700519 -33.497762 3815.183012
-167.351986 -30.808474 3815.126812
-165.238423 -29.889183 3815.433471
-169.513992 -33.860126 3814.961971
-169.858484 -30.782507 3815.214513
-171.252211 -28.106906 3814.670725
-171.875290 -31.293339 3814.864432
-173.300465 -31.354384 3815.231707
-172.966795 -28.307924 3815.059176
-172.898407 -26.177572 3815.267064
-174.001127 -30.244664 3815.405169
-174.547292 -28.217566 3815.330760
-174.664542 -26.961473 3815.200832
-176.023911 -24.087155 3815.385032
-177.127423 -28.137188 3814.813559
-177.973252 -26.126704 3815.033327
-178.299489 -24.956434 3814.871776
-179.787779 -22.172970 3814.868695
-181.481377 -24.567339 3815.244418
-182.437778 -25.148275 3815.312901
-182.486199 -21.750734 3814.989406
-183.100097 -20.049636 3815.103261
-184.419066 -22.910598 3815.054660
-186.079312 -22.692810 3815.337121
-185.545161 -19.875578 3814.942582
-186.119597 -17.292562 3814.923738
-187.326129 -20.815726 3814.900513
-188.845147 -21.554744 3814.955875
-188.648704 -18.453989 3814.679512
-189.174203 -14.589341 3815.177901
-189.755973 -18.410048 3814.969198
-191.063807 -18.555955 3815.314790
-190.901758 -15.498094 3814.772957
-192.080579 -13.195599 3815.222582
-192.061624 -14.928730 3814.984976
-193.623421 -15.109929 3815.109532
-194.462314 -13.325029 3815.121098
-194.404710 -9.219792 3814.820450
-194.540658 -13.351412 3815.120997
-196.648686 -13.195500 3815.191070
-195.318366 -10.422272 3815.239226
-194.912831 -7.603880 3815.222342
-197.960189 -12.204412 3814.949564
-198.007375 -7.634163 3814.872448
-197.810662 -4.175299 3815.056655
-198.858839 -8.425099 3815.273618
-200.256429 -6.422961 3815.152252
-199.657641 -2.358025 3814.778743
-201.619892 -6.155755 3814.653802
-200.742298 -2.347544 3814.834710
-202.249499 -1.904976 3814.581324
-203.417523 -0.400055 3814.884184
-202.243110 2.463832 3814.885429
-204.156276 3.367668 3814.925256
-204.618113 2.625120 3814.874982
-205.135872 7.967537 3814.638612
-206.575274 5.746079 3814.609762
-206.405629 11.102822 3814.984237
-206.909160 8.821502 3813.665899
-205.925752 13.886092 3814.408085
-206.483648 13.760537 3812.690660
-206.635436 12.254950 3811.959925
-205.775364 19.201843 3811.360597
-205.908017 18.317678 3810.930687
-205.891111 18.372929 3809.882435
-205.128359 22.980364 3809.973766
-204.344171 27.138776 3809.417133
-206.491231 26.313909 3809.252283
-206.686347 29.356790 3809.252281
-207.168578 31.399401 3809.252280
-207.190563 34.919743 3809.252280
-207.160150 37.853247 3809.252282
-206.146400 42.102548 3809.252280
-206.124097 43.918968 3809.252280
-203.566425 50.513193 3809.252280
-204.988466 49.450141 3809.252280
-205.684806 49.065425 3809.252280
-203.958123 53.958667 3809.252281
-204.306330 54.758127 3809.252301
-203.035525 56.852875 3809.252283
-202.986388 59.037724 3809.251600
-204.366945 58.596155 3809.966720
-200.848266 64.945013 3809.309527
-201.665315 63.777945 3810.596669
-201.876993 63.392105 3811.436207
-199.304630 67.898831 3812.019727
-199.893601 66.900184 3813.299374
-197.339412 71.079140 3813.077862
-198.776226 68.771115 3814.657764
-196.643268 72.157904 3813.816923
-196.448342 72.455840 3815.424209
-195.909538 73.271589 3816.316099
-193.749006 76.414308 3815.970197
-195.487196 73.902178 3819.028983
-193.640343 76.567150 3817.425046
-192.617366 77.984856 3817.353432
-193.639335 76.568662 3821.062997
-192.002220 78.818974 3819.898985
-190.865205 80.323474 3819.685200
-192.561537 78.061526 3823.131310
-189.768558 81.733493 3823.189023
-187.559441 84.458315 3821.730786
-190.792127 80.418971 3824.631119
-188.998493 82.700933 3824.621497
-185.673945 86.669478 3824.452519
-189.298326 82.326098 3826.115253
-187.413082 84.633359 3827.256812
-185.284199 87.115248 3826.827272
-186.556020 85.646621 3828.707407
-185.736037 86.598071 3828.595765
-183.648624 88.937525 3829.510716
-183.474616 89.127527 3828.023235
-184.751858 87.715190 3831.917586
-182.534792 90.141032 3831.084988
-181.316998 91.422525 3831.041436
-183.314251 89.302594 3833.756794
-179.897370 92.873642 3833.576031
-177.807966 94.928890 3832.845516
-180.721544 92.036602 3835.463054
-177.408960 95.311079 3836.151195
-177.792255 94.944668 3836.791497
-176.958624 95.738928 3837.099700
-173.702392 98.712528 3836.657546
-175.540153 97.059000 3838.873317
-170.392269 101.537966 3838.964634
-173.533952 98.862213 3840.036967
-169.101201 102.589278 3839.355961
-168.207887 103.299577 3840.769466
-170.031135 101.808989 3842.031319
-163.315363 106.985241 3841.828490
-164.206332 104.914138 3842.291874
-162.092168 105.951691 3842.291566
-157.447182 108.717974 3842.291601
-158.469886 106.712006 3842.291603
-154.334135 110.311922 3842.291603
-152.800327 110.000764 3842.291603
-154.237104 107.731683 3842.291603
-147.184925 112.337654 3842.291603
-147.990609 110.327658 3842.291603
-146.179879 110.876572 3842.291603
-141.332051 112.688562 3842.291603
-142.746828 111.138454 3842.291603
-138.730015 113.223166 3842.291603
-136.658006 112.844683 3842.291603
-138.671876 111.101486 3842.291597
-133.567967 112.566219 3842.292704
-130.944308 113.551973 3842.293446
-130.006432 112.899766 3841.729077
-128.786488 113.362202 3840.840727
-124.972968 114.691339 3840.840576
-121.358883 115.821520 3839.057074
-122.629212 115.438013 3838.776282
-122.177748 115.580395 3837.704770
-118.486649 116.416505 3836.805375
-118.646146 115.748343 3837.010485
-116.228736 115.851612 3836.634472
-113.993179 117.290813 3836.800321
-113.386513 115.842234 3836.615782
-109.960344 117.211671 3836.629053
-108.311777 115.903128 3836.593269
-109.831403 115.315195 3836.785751
-103.990151 116.388819 3837.107330
-106.434283 114.862835 3836.733809
-101.247177 115.053813 3836.954496
-98.837185 116.204160 3836.888888
-100.628109 113.762264 3836.927848
-94.982543 114.923738 3836.545945
-99.310796 113.446378 3836.895872
-96.122898 112.637927 3836.854875
-90.458323 113.155010 3836.750666
-95.460891 111.928775 3836.746534
-92.486568 111.097676 3836.997362
-88.052286 110.805234 3836.858066
-90.052549 109.896369 3836.799415
-88.542572 110.153354 3836.824096
-85.433741 108.846615 3836.837101
-87.938248 107.947626 3837.035998
-86.172494 107.350923 3836.667937
-81.243385 106.550503 3836.931915
-86.165352 105.532699 3836.544582
-81.438150 105.192574 3836.534159
-82.324034 103.649136 3836.434669
-79.152023 101.727213 3836.785319
-80.495100 101.365539 3836.647907
-75.998187 99.890304 3836.804715
-77.459034 97.634102 3836.629203
-78.186336 97.300233 3836.957388
-79.001842 97.545829 3837.817768
-77.842244 96.189841 3837.218914
-79.130802 95.094030 3840.016338
-76.427414 92.560403 3839.705479
-77.410990 91.438926 3840.030022
-78.230720 89.709301 3839.570108
-78.452257 88.515967 3837.242329
-77.293997 87.570775 3836.858223
-77.279890 86.349138 3836.768367
-74.670165 86.885106 3836.882115
-75.117306 84.609702 3836.915862
-72.846617 86.604235 3836.953022
-71.697485 84.527143 3836.796337
-70.266288 85.712557 3836.824055
-69.603291 83.689560 3836.987039
-66.377152 83.495723 3836.591975
-69.365288 80.924494 3836.706862
-65.889445 81.417588 3837.118701
-69.301329 78.963071 3836.866874
-65.973425 79.524437 3836.685381
-71.250462 81.761412 3836.800785
-71.255409 78.154005 3836.876564
-73.350052 78.717473 3838.177488
-71.946606 77.543889 3836.805924
-72.947475 75.015446 3836.812889
-72.208482 74.499083 3836.693931
-73.156690 73.452647 3837.873544
-70.876546 73.267121 3836.703110
-72.036212 71.172248 3836.688724
-70.223157 70.426941 3836.771730
-73.553356 68.406996 3838.016863
-70.427327 67.379288 3836.617012
-73.560980 65.904684 3837.219243
-74.266542 64.560523 3837.010737
-74.281784 62.612841 3836.735247
-77.217763 62.183601 3836.671297
-78.552574 59.897858 3836.688183
-80.297974 58.529325 3836.864115
-75.315125 59.764485 3836.765357
-71.121861 61.066412 3837.310777
-72.741521 61.963705 3837.443575
-73.126743 59.648800 3836.796928
-69.625472 63.140554 3839.346552
-70.464772 63.349867 3837.695202
-68.292907 65.273368 3837.819396
-71.162381 64.383495 3836.957974
-66.399880 67.511584 3837.086201
-68.660319 67.379803 3837.063727
-64.339223 69.756154 3836.836426
-67.235060 69.233374 3836.542255
-62.683976 70.998857 3836.863431
-64.604139 73.440974 3836.987080
-60.404898 72.998222 3836.599971
-63.639153 74.014677 3836.702650
-60.465560 74.772750 3836.679486
-58.368339 77.634120 3836.732840
-60.903782 77.595722 3836.538308
-57.519264 76.121209 3836.779541
-55.232450 79.289227 3836.486180
-56.321210 75.251945 3836.699664
-52.519301 78.172417 3836.760794
-54.404468 75.605142 3837.786828
-51.271545 77.703116 3838.416128
-51.174393 77.428560 3839.055342
-48.760210 78.852258 3839.447245
-48.242927 77.241431 3839.911708
-52.195503 74.638069 3839.919524
-56.531116 73.299718 3839.310424
-56.758774 72.297635 3839.819557
-57.173595 70.961095 3839.936358
-59.892552 70.840004 3839.274934
-58.005875 69.482631 3839.908672
-60.336156 67.920436 3839.911050
-60.356764 66.515725 3839.894605
-56.788067 65.180823 3839.886926
-62.150302 64.694573 3839.895888
-59.489881 62.069630 3838.937069
-58.182584 63.643341 3839.513957
-60.175173 62.300443 3839.586829
-60.163228 61.408956 3838.038772
-58.042757 60.471590 3836.640915
-62.641188 60.525666 3839.659053
-60.679779 59.229599 3837.191285
-59.917318 57.126394 3836.831226
-58.809614 57.947187 3837.075854
-63.733024 57.465503 3837.351155
-61.249212 55.970704 3836.613776
-59.526088 54.062870 3836.822750
-58.344657 54.633786 3836.844748
-61.963778 53.087994 3836.791289
-60.889710 51.237014 3836.769722
-58.621134 49.705608 3836.722248
-62.351542 51.991789 3837.122178
-60.814750 49.161531 3836.571699
-59.227526 47.259252 3836.525943
-60.785660 46.504547 3836.713932
-61.115914 45.573205 3836.570593
-56.809808 43.191136 3836.783508
-60.160760 43.350033 3836.734789
-56.054786 39.585585 3836.977312
-57.553246 39.696889 3836.937153
-57.557495 38.717887 3836.650114
-55.995553 36.785053 3836.683784
-57.054640 35.433395 3836.803361
-56.613378 34.785666 3837.235980
-53.901459 31.886678 3838.841679
-51.426904 28.956413 3839.506191
-49.033463 25.555663 3840.374589
-48.228274 24.252832 3841.887315
-48.509009 24.362206 3842.245205
-48.917894 21.346267 3842.263153
-48.176751 17.300541 3842.168007
-47.944546 15.151195 3842.092679
-50.354273 13.823372 3841.858935
-50.964250 13.555816 3840.722707
-49.979071 10.197934 3839.282712
-49.607301 8.513656 3838.617286
-49.618124 8.565355 3835.819703
-48.955629 3.510341 3835.068029
-49.030963 4.490568 3834.646729
-48.985416 3.936080 3833.093688
-48.880886 1.663688 3832.893595
-48.901811 2.449765 3829.741619
-48.955839 -1.460014 3829.796959
-48.878043 0.591690 3828.622537
-49.049563 -2.629184 3827.686048
-49.141739 -3.496142 3829.153897
-49.202208 -3.979622 3826.617770
-49.760896 -7.189865 3826.137919
-49.175484 -3.772469 3822.794204
-49.691736 -6.864056 3824.333976
-49.648493 -6.652449 3821.441548
-49.976542 -8.120106 3820.802355
-50.826415 -11.084966 3822.503467
-50.185503 -8.938820 3818.179500
-51.142317 -12.004520 3818.860583
-50.416748 -9.766390 3817.320755
-51.575190 -13.149532 3817.141833
-51.212598 -12.196077 3814.725996
-53.086338 -16.499796 3815.092897
-52.360715 -14.997980 3813.326917
-52.335601 -14.941498 3812.096066
-54.001072 -18.189668 3811.173714
-55.184001 -20.203037 3809.968621
-56.681575 -23.844637 3809.649482
-54.734979 -24.036732 3809.531704
-56.406940 -27.727948 3809.416991
-57.880253 -30.677899 3809.303428
-61.682900 -34.827999 3809.254610
-59.272550 -34.740290 3809.431646
-63.613629 -37.828115 3810.336359
-66.616595 -39.515941 3811.282319
-71.816696 -41.794194 3812.104732
-72.198143 -41.932908 3813.243679
-72.384867 -41.997494 3814.566652
-73.946269 -42.673185 3815.219903
-76.023602 -44.003421 3814.950532
-75.220314 -44.338513 3815.143399
-81.103121 -46.050340 3815.132920
-80.179021 -46.304753 3814.986291
-80.317988 -47.422036 3815.219007
-83.999652 -47.833411 3815.032168
-83.711680 -49.445730 3815.082591
-76.999237 -47.604208 3814.944703
-74.216306 -46.336505 3815.176497
-72.878864 -46.623344 3814.781260
-69.128279 -44.151246 3815.082810
-68.094118 -44.502104 3815.063204
-66.030755 -46.650336 3814.976381
-70.405616 -46.861636 3815.090243
-64.722768 -41.400529 3815.311901
-65.403808 -41.132999 3815.005667
-62.546155 -39.852845 3815.162458
-64.765564 -38.538681 3814.825007
-60.306077 -38.073276 3815.059495
-60.455881 -35.693427 3814.025305
-58.321013 -34.028970 3813.674042
-56.728812 -32.780847 3814.517323
-56.358859 -32.300786 3813.412102
-54.896757 -30.864402 3814.252284
-53.505682 -29.386041 3810.978692
-50.821731 -26.098934 3810.039474
-49.102693 -23.606785 3810.058512
-48.003963 -21.781412 3809.618127
-49.271793 -19.342368 3809.302089
-48.572359 -15.747142 3809.377950
-47.428425 -13.239261 3809.364990
-47.269931 -11.241563 3809.382719
-49.481853 -8.510490 3809.465019
-48.544784 -6.107964 3809.422713
-49.418874 -5.387382 3810.103039
-49.024801 -2.361107 3812.266029
-49.006252 -2.142835 3814.109659
-48.895724 -0.221421 3814.744652
-48.875465 1.125927 3814.013165
-48.885936 1.930502 3817.484896
-48.924303 2.965891 3814.921038
-49.083565 5.030589 3818.160042
-49.042746 4.618471 3816.355516
-49.292985 6.694774 3820.513227
-49.498174 7.938134 3819.485483
-49.406711 7.410977 3824.019370
-49.988877 10.234816 3822.484053
-49.943698 10.053009 3825.471416
-50.292151 11.393348 3826.093777
-50.407159 11.797812 3822.500511
-50.461773 11.986055 3828.623685
-50.690212 12.728491 3826.160419
-50.761483 12.951658 3829.828683
-51.883714 15.971800 3830.498480
-51.397835 14.757598 3826.910303
-52.437240 17.227076 3832.956702
-52.351435 17.040095 3829.438735
-53.690138 19.701751 3834.539176
-52.939324 18.272291 3835.409816
-53.884444 20.048059 3834.197227
-54.758329 21.516327 3837.239901
-55.030926 21.946628 3835.368457
-56.442871 23.989464 3837.856788
-55.190262 22.190162 3840.539464
-54.768981 23.576762 3841.862604
-55.615084 26.771484 3841.952982
-56.534626 28.651361 3842.016746
-58.270918 32.100190 3842.177155
-60.663492 34.625540 3842.218145
-61.584231 34.555101 3842.149125
-64.020625 39.278379 3842.296898
-67.382103 41.932544 3842.021081
-69.403456 42.908011 3841.809296
-71.884232 43.886554 3841.191544
-75.979275 45.158228 3840.144183
-78.927800 45.823577 3837.973301
-77.847100 45.611887 3837.431324
-80.814801 46.139500 3837.766028
-80.315319 48.004049 3836.887203
-84.982395 47.501786 3836.576797
-83.628462 48.633997 3836.987695
-87.793094 49.435284 3836.941904
-85.958410 47.793912 3836.959998
-87.247436 50.983863 3836.478698
-89.441014 49.558640 3837.141843
-91.473669 51.685889 3836.715177
-92.718956 51.765790 3837.170869
-95.782097 51.093036 3836.698516
-93.644132 49.655733 3836.682687
-90.005360 54.288604 3836.765612
-94.324877 53.642728 3836.914446
-91.640829 55.183215 3836.701239
-93.290604 54.704844 3836.484156
-95.283566 54.637585 3836.745137
-88.992716 57.252963 3836.913212
-93.698314 57.398129 3836.833020
-92.400253 58.538993 3836.836921
-97.296469 59.748639 3836.736807
-98.228223 57.944800 3836.929697
-98.546243 60.287151 3836.947527
-101.194970 59.976033 3836.809496
-102.126672 61.418706 3836.936944
-102.536887 60.909707 3836.945210
-103.930029 60.731163 3836.946363
-107.241821 65.603943 3836.639557
-107.791115 63.336130 3836.620189
-105.698022 60.388595 3836.819082
-104.465640 59.795025 3837.040258
-110.300093 63.953544 3836.611600
-109.352366 59.624852 3836.730368
-107.713068 57.813029 3836.719101
-112.031896 64.179214 3836.811144
-111.672663 67.296901 3836.862050
-113.138241 64.346341 3836.569289
-114.566839 64.803972 3836.761058
-112.815071 62.300452 3836.502990
-110.837278 60.937128 3837.020224
-114.968090 68.719787 3836.825119
-117.163224 70.617550 3836.637247
-117.192433 69.410354 3836.751530
-117.401291 67.576404 3836.407471
-116.244200 64.026139 3836.721137
-113.909929 62.393659 3836.611492
-120.332950 74.921720 3836.548375
-121.600881 74.865626 3836.382236
-122.411273 73.392978 3836.516964
-120.053909 69.149620 3836.539282
-117.693994 66.229159 3836.929921
-122.004583 69.767404 3836.782937
-120.564092 64.884577 3836.915212
-124.186495 70.287001 3836.538359
-122.267386 65.572330 3836.375521
-125.252207 69.164638 3836.658164
-121.936318 64.540160 3836.442319
-123.454083 64.208692 3836.627548
-123.038967 61.168685 3837.082482
-123.019850 60.195901 3837.421433
-123.084817 58.509822 3837.868952
-123.257393 56.126827 3837.245545
-123.473558 55.300947 3838.487169
-124.972079 50.749423 3838.175734
-125.315076 52.864308 3839.821511
-126.902347 49.726421 3839.811282
-128.353177 47.814595 3839.789565
-127.404780 47.383102 3838.999958
-130.397698 45.630386 3839.822168
-133.203311 44.796261 3839.910622
-136.889190 42.309137 3839.914681
-138.654597 41.509046 3839.906235
-140.731128 41.013459 3839.893529
-146.979516 40.653273 3839.215608
-149.285220 41.096699 3837.651383
-145.855137 40.040198 3838.009888
-153.326107 39.933118 3836.855451
-147.718099 38.919727 3836.605316
-156.776838 40.307929 3838.297265
-154.042268 39.337975 3838.693744
-157.634812 40.027044 3839.346411
-160.095926 38.413637 3839.894535
-155.979517 38.844951 3839.785519
-161.958307 37.963014 3839.890522
-161.123558 37.053974 3839.895743
-166.290761 38.478853 3839.896306
-167.044848 35.881723 3838.774760
-162.594110 35.818125 3839.889642
-168.958528 36.837462 3839.033847
-169.336626 35.756553 3836.662681
-164.703027 34.734345 3836.989729
-171.606923 36.913023 3837.297491
-171.857259 34.897229 3836.465846
-167.856223 33.891716 3836.645999
-175.554347 36.073509 3836.484390
-175.866905 33.226516 3836.824690
-171.182094 32.878872 3836.548642
-174.325596 38.350720 3837.097428
-174.268795 38.770499 3839.168884
-171.197114 37.521121 3838.834896
-173.668034 41.279088 3839.887162
-171.769836 40.322004 3839.892833
-169.494627 39.533204 3839.895609
-167.488972 39.858345 3839.885977
-168.243363 43.015802 3839.782829
-165.206110 40.175465 3839.898727
-164.144238 42.700177 3838.873726
-163.314745 41.877582 3839.412944
-162.885214 42.329970 3838.682189
-161.767971 42.261459 3837.361601
-159.605914 41.352707 3837.837451
-158.547229 41.177253 3837.139983
-158.919199 43.379075 3836.409212
-154.775719 41.004782 3836.566156
-154.645819 43.101645 3836.870315
-150.867409 41.543972 3837.617410
-151.586024 42.441054 3838.473358
-146.859125 41.708960 3839.859759
-145.979699 41.571927 3839.902695
-143.427162 44.028540 3839.886126
-141.493438 44.270783 3839.889094
-138.604649 46.615990 3839.633635
-136.368267 47.307048 3839.727671
-135.068402 45.831081 3839.893680
-131.634030 47.783945 3839.889137
-127.801864 51.952380 3839.893492
-127.131694 51.852440 3839.911940
-128.691903 55.320467 3839.897765
-130.587811 54.535142 3839.691512
-132.794487 51.319729 3839.008360
-134.520724 49.145599 3839.280697
-135.992744 48.134587 3839.231844
-138.961208 47.197301 3837.819924
-142.385698 47.076898 3839.073744
-144.232029 45.313510 3839.896927
-147.190568 45.301334 3839.882386
-149.757664 45.274274 3839.880510
-148.286557 44.309115 3839.883297
-153.832778 44.994021 3839.444700
-153.266725 43.689947 3838.746532
-155.536690 46.125499 3837.919807
-158.006756 45.432004 3836.683201
-153.266052 43.553570 3838.190199
-159.090953 45.456848 3836.489417
-158.369483 44.497952 3836.496177
-162.579946 46.598505 3836.277178
-163.849109 45.759637 3836.556468
-162.800575 44.860346 3836.507842
-167.515171 45.622169 3836.702726
-168.109261 45.659846 3836.647090
-165.250196 43.353340 3837.681754
-170.401674 45.642126 3836.954787
-171.305378 45.202673 3838.067559
-168.578997 43.655812 3839.444124
-170.192892 47.961551 3836.604166
-172.677514 50.521500 3836.429356
-173.858708 47.714025 3836.320712
-169.829805 49.876006 3836.415717
-175.726998 51.887268 3836.449164
-176.005329 48.439489 3836.413225
-178.300926 53.262508 3836.662174
-178.534216 49.788570 3836.385340
-180.880277 52.250238 3836.562203
-182.583551 49.149931 3836.486993
-178.839380 47.913181 3836.340043
-182.235016 47.512191 3836.472858
-179.791978 46.637383 3836.282249
-183.620607 46.297981 3836.306227
-181.048419 44.679675 3836.398680
-184.332699 45.933476 3836.358506
-184.800732 45.024414 3836.424709
-186.111500 43.502532 3836.392064
-183.434759 44.199442 3836.834286
-188.721563 42.066652 3836.313971
-184.610368 40.604725 3836.511089
-189.118725 41.514763 3836.465292
-185.812575 39.711165 3836.332247
-184.735417 39.435405 3836.393269
-187.086196 36.391079 3836.463496
-184.539893 33.716618 3836.467234
-182.497773 36.480209 3836.815686
-187.659045 35.687718 3836.606369
-188.505836 33.528445 3836.343769
-185.765229 33.038402 3836.425977
-188.013592 31.195764 3836.496266
-185.142784 30.156860 3836.553905
-182.717691 31.704612 3836.329417
-184.266337 27.741183 3836.504984
-181.109909 29.402650 3836.694335
-181.876327 27.147180 3837.533769
-189.326064 32.358355 3836.509259
-190.237786 31.427364 3836.635247
-191.061890 29.899103 3836.540200
-188.329503 29.175066 3836.596758
-194.250125 32.082121 3836.726179
-192.932039 30.154237 3836.654285
-194.759651 28.100932 3836.897039
-193.838810 27.797238 3837.107410
-197.857759 27.513486 3836.420615
-198.865040 26.137887 3836.445289
-196.533431 24.694906 3836.847047
-200.855663 23.996085 3836.842616
-199.120781 22.809260 3836.764234
-203.681504 21.784421 3836.936532
-203.848139 22.026248 3837.117339
-204.303634 19.699809 3836.495487
-205.892880 18.429615 3837.830377
-205.597525 15.546081 3836.815437
-206.567532 12.967542 3838.876153
-206.750224 10.975523 3840.449149
-206.973646 7.775229 3840.660890
-207.124982 3.985046 3841.535741
-207.170079 -0.213534 3842.079416
-207.377954 -3.034978 3842.291442
-209.479942 -6.768287 3842.291603
-210.332745 -6.500797 3842.291603
-208.982543 -7.429853 3842.291602
-210.874406 -13.365994 3842.291603
-211.606294 -12.224592 3842.291603
-210.258036 -17.012480 3842.291603
-211.806047 -17.925088 3842.291603
-212.336104 -19.621607 3842.291603
-211.752253 -21.103111 3842.291603
-213.159909 -22.664168 3842.291603
-211.602282 -24.052935 3842.291603
-212.313737 -30.394592 3842.291561
-213.405304 -29.068690 3842.294110
-211.421682 -33.010887 3842.291586
-212.851441 -34.426835 3841.837634
-212.284055 -36.376257 3841.031144
-211.882696 -37.706230 3841.722726
-211.266062 -39.612106 3839.537773
-210.739916 -41.188504 3841.181950
-209.241167 -45.332472 3838.777644
-208.567250 -47.062590 3837.942890
-207.707451 -49.176969 3837.647910
-207.874612 -48.770217 3839.487348
-206.363249 -52.277385 3836.734523
-205.601673 -53.944847 3837.467602
-206.429730 -52.129527 3834.877461
-205.088016 -55.038777 3833.705618
-204.086099 -57.091841 3835.826292
-204.928162 -55.371006 3832.597659
-203.794454 -57.673260 3831.636250
-203.797001 -57.668728 3834.201162
-202.987137 -59.247440 3830.369110
-203.101871 -59.028969 3829.410466
-200.943393 -63.012095 3828.752960
-201.016380 -62.884085 3831.846642
-201.703854 -61.643532 3828.430201
-200.504310 -63.782069 3828.187828
-199.558559 -65.404584 3828.257447
-199.536375 -65.442091 3829.999951
-199.804101 -64.988158 3825.736130
-198.818517 -66.637625 3826.016015
-197.603758 -68.597296 3825.806538
-197.911613 -68.108582 3827.614806
-198.122180 -67.770503 3823.249845
-196.975631 -69.582403 3822.824370
-196.725607 -69.967109 3823.908598
-196.647421 -70.087417 3824.728047
-197.030332 -69.498259 3819.487151
-193.731431 -74.374928 3819.587792
-193.732329 -74.373648 3822.327975
-194.895544 -72.706550 3818.448045
-192.076247 -76.655122 3817.809894
-191.772619 -77.062046 3820.189817
-193.024824 -75.361583 3816.227192
-189.933401 -79.459804 3816.607084
-190.985299 -78.102360 3818.570122
-188.027342 -81.828900 3814.403215
-188.772557 -80.916276 3816.660732
-185.947446 -84.290400 3814.073286
-186.745601 -83.360320 3812.406607
-183.547316 -86.984701 3813.902962
-181.930441 -88.717500 3812.760951
-180.664556 -90.030887 3810.452042
-175.675653 -94.883406 3809.730327
-172.206082 -97.442765 3809.253472
-170.379950 -99.332719 3809.287557
-168.162074 -97.957815 3809.252283
-163.005070 -100.859815 3809.252280
-158.876818 -102.571549 3809.252280
-156.796992 -104.161673 3809.252280
-155.029940 -102.265320 3809.252280
-149.192159 -104.515001 3809.252279
-145.116122 -105.779376 3809.252285
-142.785006 -107.076910 3809.252291
-141.411712 -105.808202 3810.037796
-136.669175 -108.076868 3811.542948
-134.894846 -108.859446 3812.324794
-133.454021 -109.470593 3812.213684
-131.408313 -110.069994 3814.610991
-129.499707 -111.040266 3814.038809
-128.362981 -109.215728 3814.576507
-125.347109 -111.255130 3814.691425
-123.359204 -109.478254 3814.473413
-124.178829 -110.334214 3814.956756
-120.711435 -108.020332 3815.043158
-118.723825 -109.226401 3814.619463
-117.918857 -105.838390 3815.117064
-115.469704 -106.823980 3814.759711
-115.740604 -104.633040 3814.870092
-113.392518 -104.306998 3814.862798
-113.864723 -105.950359 3814.825186
-112.377235 -102.319727 3815.048342
-111.389903 -102.119422 3815.105996
-111.074080 -103.569649 3815.026479
-110.717308 -99.489254 3815.262106
-108.612654 -100.137384 3815.123340
-109.346732 -101.513346 3814.830651
-107.755386 -97.319506 3814.951026
-107.121104 -95.881054 3815.010845
-105.927378 -98.902548 3815.243590
-107.501760 -94.439844 3815.014736
-104.395953 -94.218890 3815.200463
-104.290194 -97.316747 3814.914635
-104.854848 -91.821450 3815.010711
-106.251375 -91.500390 3813.423248
-104.438803 -89.754543 3812.847485
-107.347762 -89.806616 3811.730399
-107.410351 -90.736089 3812.270167
-104.339765 -86.591540 3811.685202
-103.408722 -84.985976 3811.675307
-102.381561 -83.471065 3811.721268
-101.544507 -81.581990 3811.667697
-100.849516 -79.842357 3811.661001
-99.335229 -78.707382 3811.795911
-102.308887 -78.467671 3811.689500
-101.910060 -76.087457 3811.688218
-98.652084 -75.126540 3811.660231
-100.390638 -70.489450 3811.684799
-99.182323 -69.523596 3811.666984
-102.006456 -75.068294 3811.679848
-102.111979 -72.742210 3811.720123
-104.855186 -73.927629 3813.944486
-104.193969 -73.091317 3814.377235
-103.702110 -71.297048 3814.967174
-105.835211 -71.038114 3815.199515
-107.036135 -71.824043 3814.885793
-106.532050 -68.041072 3814.812421
-106.547185 -67.738745 3814.908870
-106.365788 -66.137747 3814.947232
-106.342929 -62.950224 3813.437221
-108.527804 -63.112195 3815.109489
-107.851559 -61.175381 3813.454314
-111.531132 -60.016687 3814.868717
-108.990852 -60.103249 3814.416616
-111.904219 -61.537893 3815.046412
-113.044729 -58.985280 3815.258273
-115.585205 -58.134088 3815.157085
-115.894791 -56.185339 3815.103174
-121.183633 -54.228855 3815.304371
-118.562493 -54.059170 3815.148588
-122.161686 -52.245255 3814.686685
-122.856869 -49.633022 3814.988980
-125.663377 -50.990345 3815.012896
-126.509479 -48.494494 3815.159532
-130.645699 -49.274494 3815.041375
-130.533550 -46.798460 3815.133242
-133.763106 -47.973344 3815.199769
-132.362665 -46.494934 3815.098691
-135.195628 -46.850908 3815.426110
-135.227700 -45.890701 3815.452616
-138.850576 -46.212169 3815.060225
-141.045800 -44.794827 3815.079004
-142.489161 -46.325875 3814.986046
-143.021620 -44.702240 3815.126630
-145.387059 -43.285848 3815.237909
-143.194800 -43.709144 3814.999319
-148.589336 -45.292274 3815.086557
-147.310019 -43.138961 3815.036657
-147.356720 -41.188354 3815.018427
-151.367977 -45.397199 3815.159604
-152.092062 -42.072969 3814.887258
-153.340009 -40.033195 3815.327442
-153.374237 -43.829002 3814.949998
-154.443460 -41.230139 3815.122919
-156.903783 -39.898905 3814.906126
-158.039651 -41.247842 3815.276877
-160.157845 -42.081043 3815.353223
-159.647732 -39.391887 3815.376407
-159.618183 -37.931017 3815.392504
-162.337656 -42.470145 3815.153134
-163.654411 -39.132027 3815.410084
-164.632662 -36.551632 3815.212288
-164.251009 -40.658897 3815.369151
-165.431010 -38.269000 3815.495349
-168.052201 -36.972619 3815.076383
-166.614331 -35.978605 3815.268042
-169.712368 -38.535499 3815.393249
-170.557573 -36.428395 3815.092002
-171.402464 -33.685960 3814.952525
-171.428101 -37.833473 3815.350092
-173.301517 -35.896457 3815.067763
-173.482133 -34.362838 3815.207605
-174.130713 -31.818514 3815.309604
-175.115336 -36.676933 3815.082307
-176.250526 -33.827130 3815.372695
-176.523195 -32.612251 3815.291951
-177.720592 -30.049650 3814.728369
-177.829980 -35.129124 3815.372945
-179.609924 -32.199176 3815.294265
-179.868808 -30.805252 3815.289584
-180.608778 -27.509460 3814.986332
-181.417731 -33.245311 3815.323643
-182.729499 -30.874788 3814.757775
-182.816925 -28.749811 3814.779874
-183.883323 -26.447739 3814.995438
-184.886853 -30.298497 3815.244312
-185.393781 -27.930401 3814.925673
-185.650713 -27.161519 3815.125995
-186.766691 -23.857369 3815.286146
-188.763520 -27.162992 3815.115567
-189.720939 -27.626390 3814.864539
-190.665938 -24.024701 3815.214357
-190.562441 -21.165590 3815.061168
-191.440047 -25.143224 3815.020288
-192.506969 -26.005618 3815.010378
-193.157329 -21.893282 3814.967431
-193.139722 -19.089180 3814.979840
-194.507953 -22.466838 3814.796864
-193.811269 -21.127907 3814.998397
-195.050414 -19.048180 3814.899390
-194.856432 -17.050704 3814.774296
-197.467136 -20.914399 3815.047140
-198.053092 -16.500907 3815.094404
-197.375097 -13.455147 3814.881392
-199.429532 -19.489976 3814.691062
-198.955529 -14.179433 3814.672277
-198.936133 -11.997618 3814.969571
-201.161832 -12.162470 3814.896675
-201.629431 -7.410770 3814.681527
-203.014903 -13.268294 3814.903019
-203.414061 -6.793551 3814.785363
-204.138963 -10.671612 3814.929854
-204.338201 -2.961379 3814.967763
-204.899967 -3.293434 3814.833240
-206.039360 -2.325128 3814.923113
-206.816436 0.940948 3814.738604
-207.149482 0.090541 3814.343980
-207.112731 4.499523 3813.733016
-207.153126 2.486915 3812.343975
-207.004265 7.171872 3813.088845
-206.907036 8.854385 3811.408921
-206.995382 7.348181 3810.715611
-206.373605 14.759704 3810.633226
-206.611218 12.469901 3809.584885
-206.961720 13.536119 3809.253495
-206.915688 17.933192 3809.250794
-207.973312 16.350758 3809.252285
-207.849104 19.270101 3809.252281
-207.280446 22.675946 3809.252282
-208.926801 22.378773 3809.252284
-207.739317 25.958879 3809.252280
-208.266892 28.667468 3809.252280
-209.461421 27.378829 3809.252283
-207.480303 34.100870 3809.252282
-208.858540 32.322931 3809.252280
-209.199606 33.577540 3809.252280
-208.377824 37.510643 3809.252281
-209.617764 36.544717 3809.252280
-207.666639 40.450214 3809.252280
-208.111859 42.678857 3809.252281
-209.259607 41.598200 3809.252284
-206.556395 48.121327 3809.252282
-208.095700 46.782253 3809.252136
-208.237970 48.476508 3809.250248
-207.075579 52.549417 3809.339272
-207.699236 51.265152 3810.251712
-206.001077 55.127912 3809.659036
-204.894939 57.508522 3811.166069
-205.621800 55.966795 3812.024536
-202.527865 62.181562 3812.105672
-203.732970 59.858843 3813.708705
-200.889184 65.170659 3813.651973
-203.481055 60.352983 3815.322085
-200.920126 65.116104 3814.644770
-201.466837 64.138253 3816.096158
-200.352880 66.110842 3817.109887
-197.974018 70.072198 3815.611606
-199.380118 67.770789 3818.598282
-198.494084 69.232734 3817.923272
-197.078578 71.486870 3817.485952
-198.326443 69.505633 3820.344486
-196.646835 72.152423 3819.275989
-195.333385 74.129523 3819.626300
-197.484888 70.850059 3823.059549
-195.438162 73.974799 3822.974226
-193.737858 76.429888 3822.135902
-195.509726 73.868648 3824.285525
-194.055746 75.980728 3825.445924
-191.672653 79.259189 3825.426981
-193.897838 76.204414 3825.880202
-192.454295 78.207256 3825.841392
-190.696145 80.543441 3827.243338
-191.838403 79.038274 3828.129361
-190.984935 80.167463 3828.182397
-189.891177 81.577765 3828.101156
-188.974392 82.730718 3828.083745
-190.117665 81.289806 3831.648186
-188.328264 83.526801 3830.240545
-186.538138 85.667586 3830.417213
-187.881297 84.070217 3833.700309
-186.007455 86.285014 3833.198357
-185.077545 87.348263 3832.414096
-185.851337 86.465261 3834.608781
-182.387028 90.298715 3835.682005
-185.573690 86.784275 3836.660286
-182.470674 90.209864 3836.367762
-182.777360 89.881312 3837.878173
-180.280443 92.486560 3838.187236
-181.826808 90.890205 3838.961446
-177.493385 95.230619 3839.939876
-177.738274 94.995673 3840.567807
-175.396472 97.190915 3840.343391
-174.845576 97.696606 3841.936073
-172.721375 98.621429 3842.294296
-168.925626 101.045800 3842.291498
-169.302926 99.626338 3842.291603
-166.078721 102.912945 3842.291579
-163.615045 103.156219 3842.291603
-164.949608 100.977596 3842.291603
-158.905249 105.690732 3842.291603
-159.110510 103.943049 3842.291603
-156.884606 105.069328 3842.291603
-153.012596 107.133969 3842.291603
-153.518011 105.724232 3842.291603
-150.012274 108.664422 3842.291603
-147.911243 108.521318 3842.291603
-149.316139 106.461527 3842.291603
-142.836022 110.283055 3842.291603
-143.684843 108.373553 3842.291534
-140.882916 109.135306 3842.293389
-137.106108 110.308206 3842.284035
-138.021723 109.521490 3841.251666
-134.619050 111.022652 3841.908560
-133.582007 111.481690 3841.139869
-131.860756 112.184905 3840.102182
-130.413709 112.751201 3838.414138
-135.520778 110.652452 3839.037086
-135.635005 110.416664 3836.899619
-134.503605 110.010652 3836.761441
-132.666281 109.983688 3836.610542
-135.352063 107.479367 3836.614515
-131.571731 109.710455 3836.627863
-131.358672 108.656664 3836.344498
-129.200715 108.259185 3836.552360
-125.349203 110.604551 3836.799736
-128.220771 107.177179 3836.566292
-124.398490 109.810015 3836.848985
-124.709962 108.362009 3836.555161
-122.524269 109.133797 3836.490829
-119.496390 109.103262 3836.345179
-121.068827 108.155142 3836.490742
-119.277426 108.641617 3836.363437
-116.961904 109.318170 3836.488351
-115.323624 110.242746 3836.649270
-117.907294 105.307072 3836.722598
-114.564037 108.033638 3837.010436
-109.825282 109.710811 3836.517276
-112.626498 107.079062 3836.787708
-112.239193 105.935191 3836.945709
-110.685212 108.467344 3836.844492
-106.816382 109.743961 3836.908763
-111.086400 105.688670 3836.713881
-107.464781 107.745776 3836.807766
-103.989897 107.488173 3836.868421
-105.039754 106.607894 3836.649432
-104.785638 104.692630 3836.880111
-102.778955 106.823769 3836.612488
-101.670591 107.218042 3836.993721
-101.237954 104.632620 3836.681741
-98.366786 105.888470 3836.636887
-98.093006 104.433292 3836.580016
-97.299489 103.781225 3836.719489
-92.406147 105.003744 3836.678238
-93.636113 103.793273 3836.670234
-91.601656 103.782093 3837.068018
-89.836264 102.105338 3836.816226
-90.302460 100.864736 3837.805887
-85.148618 100.513613 3837.387316
-85.440507 100.155401 3839.213635
-85.232235 99.847060 3839.446572
-81.461026 97.813216 3839.870750
-81.899669 97.546893 3840.009537
-81.476236 95.856604 3840.000230
-79.623091 92.636691 3839.977597
-80.842041 90.765861 3840.000356
-84.267974 92.259692 3839.689605
-85.506017 92.081046 3838.707521
-84.065715 90.713478 3838.531603
-84.238703 89.608867 3837.155975
-83.828771 88.506731 3836.830267
-81.393427 87.430894 3837.231247
-80.811040 86.197255 3836.496634
-80.702948 84.876540 3836.640843
-82.019794 83.331319 3837.500417
-77.182923 83.755167 3836.918327
-77.756041 83.278224 3837.952781
-75.036018 83.385051 3837.334214
-75.690907 82.890973 3839.125204
-72.535524 81.816528 3836.829270
-73.813669 80.650339 3839.077499
-72.588399 81.237824 3836.901457
-77.055516 78.711614 3839.935994
-73.760832 79.715505 3838.997819
-73.503234 76.827870 3838.631418
-74.417088 74.501084 3839.671712
-75.109705 73.460300 3839.930809
-75.163631 72.303445 3839.943448
-77.612526 72.416806 3839.925023
-80.355327 70.898650 3839.934066
-77.860645 69.500578 3839.921155
-78.059081 67.966493 3839.920245
-77.653990 66.730148 3839.951308
-76.872307 66.469875 3839.806403
-77.077716 65.518473 3839.219972
-77.855306 64.677996 3838.771862
-77.047278 64.173724 3837.271721
-80.899743 63.090745 3838.803674
-79.090666 63.454559 3837.169693
-84.514173 61.897652 3837.337455
-81.679098 60.311712 3836.815654
-84.988808 60.662278 3836.976156
-87.600776 58.502211 3836.891697
-82.673228 59.774223 3836.636865
-84.554108 57.168819 3836.608074
-80.408108 57.980227 3836.746220
-86.355012 55.763425 3837.242697
-82.510005 56.555758 3836.880686
-81.815247 57.073683 3836.820111
-87.062009 54.199539 3837.029904
-82.292656 54.927144 3836.672582
-81.276395 54.461809 3836.600125
-87.901221 51.859430 3836.644500
-82.263844 51.812093 3837.022339
-78.182635 51.477910 3836.838537
-83.392801 51.220726 3836.706408
-80.814413 49.527259 3836.713695
-75.496198 48.987793 3836.749322
-80.269106 48.384914 3837.013680
-75.394861 47.359838 3836.852950
-78.797751 46.337813 3836.601461
-72.483733 44.407796 3837.052763
-72.962736 44.299723 3837.518589
-72.094379 43.958903 3838.373649
-67.750294 42.143687 3838.726405
-67.854601 42.193474 3840.456531
-65.501962 40.992646 3841.596708
-61.091329 37.460933 3842.298516
-57.230071 35.114066 3842.147902
-58.533982 34.654078 3842.289378
-56.962616 34.911248 3841.969638
-54.474464 28.750329 3842.225567
-51.862286 26.791250 3842.279123
-51.146570 24.782874 3842.251349
-53.633806 23.873606 3841.938846
-52.438430 19.345432 3841.859596
-51.490179 15.170256 3841.571792
-52.294701 16.917058 3839.179054
-51.150674 14.090917 3838.082292
-50.948128 13.509133 3837.040074
-50.710331 12.794655 3835.579365
-49.676725 8.855820 3836.331766
-49.812019 9.481856 3833.755432
-50.022952 10.372276 3832.367166
-49.179382 5.865564 3831.321829
-49.364232 7.152505 3829.390473
-48.971904 3.755340 3830.129984
-49.120252 5.371549 3827.318046
-48.897475 2.327755 3828.115364
-49.022594 4.398170 3825.803062
-48.876255 1.287398 3825.251477
-48.884195 0.230202 3826.951717
-48.890119 -0.010362 3824.032742
-49.082715 -2.956876 3823.596881
-48.886259 0.109942 3820.150431
-49.075294 -2.890619 3821.435052
-49.053078 -2.661168 3819.152945
-49.214007 -4.069936 3818.131006
-49.792465 -7.330122 3820.157038
-49.461798 -5.668005 3816.610224
-49.991808 -8.182520 3817.537948
-50.188919 -8.952135 3814.863899
-49.868017 -7.663596 3813.420895
-51.351093 -12.570337 3813.193958
-50.875656 -11.231365 3811.366368
-50.862991 -11.194011 3811.270980
-51.611556 -13.362224 3809.783529
-51.097104 -16.581809 3809.534027
-52.259752 -20.152192 3809.524471
-53.669838 -23.389492 3809.477376
-52.497052 -24.516773 3809.307530
-52.940005 -26.972307 3809.251550
-55.776460 -31.117691 3809.248129
-58.368436 -34.073234 3809.797252
-58.713804 -34.352849 3811.126449
-60.872882 -36.002149 3812.507378
-64.010018 -38.065193 3813.569961
-64.862346 -38.556123 3814.393260
-68.097574 -40.240832 3814.107374
-69.045561 -41.991052 3815.290485
-67.550263 -42.375044 3815.088152
-59.410848 -34.906317 3813.429304
-56.667913 -32.585662 3812.088961
-52.418577 -28.124448 3809.596449
-51.179185 -23.505090 3809.268764
-50.938749 -20.261905 3809.401491
-50.200945 -16.497864 3809.477352
-49.351533 -14.741570 3809.475391
-50.406083 -9.731214 3810.957202
-49.839570 -7.540530 3812.671825
-49.552907 -6.167254 3814.039551
-49.192120 -3.900089 3815.708528
-49.029130 -2.404445 3817.246144
-48.928173 -0.986392 3819.325061
-48.964244 -1.586775 3816.934401
-48.875625 1.072354 3819.508856
-48.917022 2.827301 3824.567118
-49.022696 4.395055 3820.564075
-49.168779 5.780657 3825.550749
-49.307546 6.791390 3827.834171
-49.556380 8.250596 3826.482035
-49.912609 9.919794 3829.594065
-50.150798 10.869911 3831.485518
-50.442856 11.921175 3829.340755
-51.200925 14.229642 3832.723124
-51.603720 15.286114 3834.933005
-52.250909 16.817964 3836.106930
-53.410410 19.186641 3837.693639
-53.897703 20.072676 3838.952707
-53.437778 20.494241 3841.850954
-50.694727 23.046935 3842.205243
-53.775189 31.753784 3841.363795
-56.914936 34.873876 3839.851157
-59.644631 37.152603 3839.797104
-61.712750 38.655911 3839.150159
-63.061492 39.541843 3837.822352
-66.621557 41.635747 3837.344875
-68.687692 42.798926 3836.829109
-68.218600 44.620799 3836.831894
-70.251184 43.644735 3836.636354
-71.529384 46.742446 3836.516761
-73.176635 45.855297 3836.604088
-71.243593 49.619988 3836.591987
-72.793473 48.685965 3836.501478
-73.260558 52.147221 3836.701576
-73.792100 51.955103 3836.453712
-75.938821 52.782744 3836.766759
-76.024644 50.742581 3836.624650
-71.599846 54.174506 3836.761994
-72.545943 55.985645 3836.841363
-68.355024 54.494483 3836.958922
-69.513454 56.494407 3836.948542
-69.117300 58.823858 3837.169310
-70.784881 58.735804 3836.714741
-71.769690 58.358509 3836.739062
-73.217396 56.598071 3836.774002
-65.760375 59.768616 3839.346085
-67.779237 61.708987 3839.751941
-64.147636 61.129276 3839.929577
-65.539565 63.709619 3839.907074
-62.987450 64.576866 3839.897004
-66.804986 63.647624 3839.942890
-62.627378 65.938829 3839.904844
-63.109027 68.866614 3838.841622
-66.604626 65.702732 3839.362839
-62.475030 69.427907 3838.194626
-63.404861 69.136069 3837.172187
-64.162280 57.688540 3837.545810
-66.610618 57.983164 3837.318341
-66.387302 55.864556 3836.464710
-64.380210 56.369282 3836.863877
-66.422274 54.095675 3836.864969
-63.841121 52.615931 3836.876947
-69.248737 52.254128 3836.678222
-65.730424 50.027630 3837.047576
-63.364202 49.229048 3836.728894
-67.634196 49.143923 3836.734362
-64.330086 46.803730 3836.662755
-62.497413 46.441981 3836.870829
-63.290340 45.130343 3837.117242
-61.485201 43.679484 3836.518731
-61.749876 41.324138 3836.802884
-63.576096 41.251943 3836.614001
-58.921490 37.335153 3836.535003
-60.566376 37.830607 3837.416854
-60.213012 37.583983 3838.297853
-56.702421 34.680505 3839.756859
-63.612623 40.493246 3836.636448
-66.061796 44.567780 3836.527178
-69.436539 47.579993 3836.861273
-70.140787 50.079279 3836.704779
-89.042389 59.394443 3836.711574
-90.032312 59.207242 3836.920297
-89.420587 60.989920 3837.210167
-94.115863 61.756203 3837.534977
-91.905763 59.458797 3836.915494
-94.995319 60.582337 3836.661786
-98.399302 62.720374 3838.297294
-100.068546 61.737438 3837.072025
-102.229790 65.019759 3837.870187
-103.384148 66.114055 3837.979468
-104.736603 67.071408 3837.439204
-106.602142 69.727250 3837.450237
-108.045600 68.082833 3836.908997
-104.545161 65.402339 3836.702853
-110.117048 72.715272 3836.702816
-110.684379 70.811914 3836.559197
-108.402576 66.244624 3836.677477
-112.705399 71.732825 3836.490336
-109.964335 67.640377 3836.977705
-109.325769 65.610915 3836.900193
-112.586843 76.024635 3836.735256
-113.563426 75.760024 3836.713598
-112.513740 77.521517 3836.457893
-113.063154 81.023040 3836.943497
-114.953317 81.499305 3836.518360
-114.303248 82.133455 3836.825456
-115.833084 83.343254 3836.607100
-113.113639 83.246817 3836.509141
-112.802299 85.609777 3836.514316
-110.943366 82.807527 3836.555230
-109.638099 87.693283 3836.723505
-110.011127 83.724883 3836.719945
-108.824149 87.474000 3837.758591
-107.152689 91.195047 3837.612901
-108.080833 87.949957 3839.286356
-105.434961 92.892688 3839.621022
-105.520947 91.389338 3839.912625
-104.056134 91.012439 3839.970322
-102.399913 93.244320 3839.976926
-101.311536 91.524337 3839.970924
-99.205579 93.736398 3839.989387
-96.146192 94.021718 3839.992117
-94.054743 93.718810 3839.375357
-93.362173 93.045614 3837.883537
-94.195720 91.729489 3836.877820
-91.539668 91.339291 3836.724556
-89.211847 91.149192 3836.689521
-86.962784 88.986241 3836.623399
-85.697069 87.462952 3836.763696
-86.354450 85.860803 3836.736695
-85.697199 85.008353 3836.846469
-87.881359 85.307687 3836.919645
-90.415298 86.276986 3837.096822
-90.087354 84.033453 3837.018604
-92.119289 82.353853 3836.765181
-90.642601 80.188132 3837.537973
-89.956936 78.564995 3839.308273
-89.199599 78.560925 3839.878183
-87.931899 77.776601 3839.996762
-84.958988 77.152996 3839.889346
-86.147861 76.015166 3838.935843
-81.374732 75.837200 3839.353188
-83.949209 74.474515 3837.096120
-82.092775 75.464806 3838.480204
-82.756607 73.841188 3837.156982
-80.601019 72.344121 3839.762066
-80.268118 75.848441 3839.898803
-78.738709 77.948929 3839.936502
-81.539131 77.722376 3839.940544
-83.006235 79.407722 3839.942984
-82.793578 82.192854 3839.788526
-85.665629 79.137454 3839.945757
-83.248248 83.190101 3838.684306
-79.137164 81.933736 3839.897122
-83.277209 74.174927 3837.159358
-85.017724 75.473773 3837.264279
-85.346583 72.975307 3836.700212
-87.646266 71.918229 3836.899322
-89.605374 73.357427 3836.672317
-91.036663 72.374641 3836.762800
-88.653138 71.284073 3836.611922
-89.272047 69.474483 3836.978413
-87.695227 68.975508 3837.936305
-87.813632 68.248151 3839.200942
-88.917945 66.074165 3839.935777
-83.598078 67.440944 3839.932885
-84.826671 64.956980 3839.929838
-83.629918 64.350876 3839.944393
-82.855818 63.435880 3839.633242
-80.137425 63.884376 3839.300055
-87.171585 61.577590 3838.791777
-82.400443 62.566016 3837.572362
-88.506149 61.504541 3839.017465
-93.655132 63.282416 3839.947985
-94.278785 62.418021 3839.585013
-96.455341 62.231460 3838.526557
-99.176257 63.825036 3839.411374
-99.919385 64.608753 3839.703714
-102.075233 68.044164 3839.938949
-103.370293 66.704164 3839.346946
-105.199519 70.879420 3839.895711
-106.266158 72.767527 3839.917002
-107.437182 71.728916 3838.498943
-105.416325 68.218764 3838.687784
-108.927486 76.769144 3837.992836
-108.014177 72.631430 3837.544847
-109.236890 77.801978 3837.701740
-111.361097 80.687286 3836.550543
-110.912111 74.595514 3836.721831
-109.908488 83.216000 3836.786961
-108.900500 78.577749 3838.994238
-109.188546 82.829533 3838.385917
-108.604569 81.978531 3839.650988
-107.470041 82.852862 3839.965576
-106.593898 84.620678 3839.954998
-105.731818 86.898870 3839.951803
-104.028619 86.215977 3839.949138
-103.075053 90.394106 3839.962147
-101.396495 88.779481 3839.986625
-100.888950 87.431075 3839.523737
-98.118652 90.647131 3838.895766
-98.277880 89.781499 3837.893410
-97.089436 90.019906 3837.038194
-95.613903 91.091768 3837.404255
-95.407271 87.510398 3836.932717
-92.447243 86.617931 3836.800806
-91.632340 88.214717 3836.853769
-94.752876 85.020394 3836.838346
-93.265830 82.752774 3836.550279
-93.281830 82.310301 3836.483096
-95.917013 80.153861 3836.658256
-93.527774 77.998601 3836.658229
-92.527305 76.987967 3836.803793
-90.422484 77.742109 3838.765085
-88.087762 75.769260 3838.253067
-88.416284 75.656920 3837.294838
-92.805903 75.577630 3837.067305
-93.780631 73.314349 3836.769349
-92.592020 70.712576 3836.800801
-92.290838 69.849972 3836.791397
-92.913115 68.922924 3837.250813
-93.747384 67.888596 3839.647453
-94.405540 67.370111 3839.927288
-94.353467 66.278234 3839.931254
-89.790509 64.617030 3839.920299
-90.134727 64.221874 3839.925448
-94.553442 63.994530 3839.958075
-96.327411 64.984247 3839.934516
-100.386440 67.041924 3839.925956
-101.362036 68.802626 3839.920662
-103.014990 71.626508 3839.923187
-103.510001 73.454838 3839.925332
-105.679010 74.869924 3839.940648
-105.690445 72.205620 3839.938341
-107.465449 78.015679 3839.954578
-108.279039 76.726834 3839.576533
-106.663248 79.645920 3839.945989
-104.407336 81.145194 3839.937268
-103.707578 80.299641 3839.942593
-102.589674 85.397206 3839.983825
-102.152487 84.270719 3839.921485
-100.859543 84.411110 3838.795305
-100.517093 85.933722 3838.316460
-99.077923 85.070310 3836.925699
-98.005109 88.885969 3836.843562
-96.504172 87.574869 3836.888910
-97.400259 84.606672 3836.698578
-98.696468 84.064440 3836.544136
-98.378203 81.666850 3836.963375
-98.306753 80.330767 3836.727924
-96.514174 80.050899 3836.673831
-96.852856 78.329682 3837.101125
-95.586023 77.536663 3836.622223
-93.870404 76.538418 3837.041335
-97.434128 74.444482 3836.671131
-98.293832 72.748661 3837.591793
-96.708519 70.501948 3838.840692
-97.137922 70.577160 3839.120316
-95.397539 69.417882 3838.868886
-95.588305 68.045158 3839.915456
-99.423836 73.709386 3838.753913
-100.141760 74.860385 3839.060129
-101.928343 77.174311 3839.879463
-100.601093 78.633243 3838.499774
-100.323009 77.226181 3837.362037
-102.784124 79.851147 3839.961426
-100.957130 80.895386 3838.338013
-100.723433 79.753916 3837.038978
-102.973035 78.992224 3839.961446
-99.862121 75.416591 3837.806298
-98.016764 76.714458 3836.814030
-86.089293 63.444031 3839.943882
-86.206110 80.810830 3839.972095
-84.730721 88.496753 3836.713790
-87.513464 92.530137 3837.083263
-86.580157 89.981518 3836.486318
-89.316671 93.687725 3838.277786
-91.145421 94.238434 3839.306537
-93.124387 95.188803 3840.016186
-94.741394 95.150162 3840.019975
-98.399632 95.477405 3839.987930
-99.664537 95.866928 3839.997540
-100.866635 96.736739 3839.953069
-103.253818 94.796757 3839.903121
-103.938752 95.745344 3838.276422
-105.010208 93.762530 3839.509928
-107.328394 94.151720 3836.657930
-107.126878 91.401066 3838.576590
-109.230230 93.958872 3836.554798
-109.137453 91.466087 3836.746677
-110.938952 92.581930 3836.341304
-112.634481 91.783133 3836.647961
-111.231525 90.167510 3836.676631
-114.686595 90.819782 3836.575285
-116.065944 91.813835 3836.948190
-117.146389 88.668924 3836.699994
-114.916542 86.587770 3836.522531
-117.971401 90.624493 3836.486291
-118.934837 90.568190 3836.577793
-119.567111 89.922366 3836.907805
-118.692884 87.169195 3836.476324
-118.149384 86.192573 3836.549869
-116.598498 85.927243 3836.532216
-120.184430 93.573951 3836.670875
-120.226926 90.733142 3836.709707
-122.872520 92.068617 3836.584947
-123.999762 93.001919 3836.396930
-124.243103 95.853495 3836.423779
-125.060599 91.056006 3836.677485
-126.952582 91.711405 3836.316986
-123.084036 89.633122 3836.825205
-122.659353 85.581185 3836.848075
-125.632688 88.939562 3836.366926
-128.652928 90.477599 3836.252121
-127.466172 88.257241 3836.447578
-126.143815 86.451074 3836.589137
-123.578119 85.957661 3836.650017
-128.560269 94.769319 3836.658098
-129.048966 94.992736 3836.528145
-130.353176 95.671011 3836.450411
-130.121496 93.089805 3836.232543
-129.890039 98.712996 3836.472185
-131.501105 97.070933 3836.824566
-131.968696 96.043079 3836.467712
-133.015134 100.250181 3836.416086
-135.623561 98.112186 3836.651818
-136.333110 97.171573 3836.728791
-135.236508 95.248982 3836.506760
-138.192505 97.879275 3836.528256
-139.181964 97.261355 3836.350226
-137.121977 94.198185 3836.720744
-140.165918 96.775649 3836.363069
-142.425888 95.940452 3836.392474
-141.267300 93.506657 3836.476077
-142.141198 94.555046 3836.360710
-141.690852 92.546666 3836.281160
-142.261208 90.351128 3836.394049
-139.695707 90.158363 3836.345354
-137.672355 91.548072 3836.357697
-141.580939 88.048194 3836.588145
-138.760337 89.576659 3836.479961
-137.773524 89.678472 3836.287645
-132.854132 85.190031 3836.508254
-134.502506 88.369718 3836.447854
-136.847047 85.434108 3836.527187
-136.623468 84.311222 3836.422398
-133.767637 83.071242 3836.396564
-132.108988 82.146608 3836.673107
-132.183975 83.386045 3836.401062
-134.907585 82.219535 3836.511951
-133.022841 80.559909 3836.631056
-128.935791 76.809224 3836.348203
-130.677760 77.430116 3836.546743
-129.761965 75.864898 3836.371182
-126.420105 71.149460 3836.548426
-130.600520 74.668965 3836.682752
-126.270265 70.609930 3836.738553
-128.609533 71.184261 3837.333499
-124.850730 64.976855 3837.997528
-126.466318 68.011155 3838.712902
-124.207955 63.198896 3838.161955
-125.353075 64.846571 3839.473778
-124.486907 56.578227 3839.857067
-124.751054 57.943066 3839.923503
-125.797792 57.758490 3839.897574
-126.247219 53.866561 3839.912169
-127.595853 60.084368 3839.888326
-129.105048 60.336920 3839.898125
-130.052906 59.551402 3839.882848
-130.321337 54.863169 3839.798456
-131.194562 55.207852 3837.957267
-132.938396 51.664192 3837.284566
-133.863635 50.515965 3837.246489
-136.402017 50.483250 3836.481242
-138.505429 48.810588 3836.588488
-141.630942 48.657842 3837.002076
-144.253268 47.901586 3838.081537
-146.580417 47.603547 3839.788161
-147.522959 47.784556 3839.857006
-145.300665 47.107665 3839.814899
-150.717094 46.838168 3839.877723
-154.758763 49.522419 3839.872935
-152.726601 46.364982 3839.895182
-157.975382 50.028142 3839.711036
-158.928175 48.946854 3836.976259
-155.100692 46.509758 3839.583583
-160.791799 51.372598 3837.092901
-161.764483 49.773863 3836.262655
-157.944030 47.598508 3837.132766
-162.804285 54.332377 3836.587471
-163.315034 51.429913 3836.459078
-165.690911 56.696055 3836.277655
-162.022170 56.410069 3837.244854
-163.700534 58.277356 3836.590472
-161.628643 56.473737 3839.286918
-162.355603 60.193961 3838.954621
-161.071517 57.698001 3839.806852
-161.401698 62.841312 3839.760470
-159.878089 61.748698 3839.842052
-159.189949 61.794241 3839.838714
-157.343398 64.995825 3839.837818
-155.109367 66.562223 3839.857148
-152.649924 68.444469 3839.515666
-152.327210 67.572673 3836.733542
-150.955044 67.488793 3836.571826
-149.281656 65.872732 3836.514063
-147.542297 64.085003 3836.300870
-149.238939 61.486281 3836.370876
-147.389044 60.384669 3836.384855
-150.264499 57.279083 3836.368060
-147.487036 58.081213 3836.724665
-146.648315 59.605155 3836.960213
-147.521695 55.653890 3836.587131
-144.853059 55.756118 3836.321007
-142.938437 58.032149 3836.280353
-142.682278 54.685794 3836.438132
-142.745420 53.728264 3836.683230
-141.904860 51.529974 3836.450280
-140.367231 51.722667 3836.806531
-138.711839 56.776586 3836.651318
-141.325615 56.418075 3836.336210
-139.863493 59.492619 3836.672460
-141.772501 60.295492 3836.589793
-142.918293 60.583909 3836.800956
-144.181207 59.304604 3836.258721
-144.957102 60.402306 3836.741888
-147.188184 61.110972 3836.225652
-146.090221 63.380519 3836.417721
-147.231797 65.625216 3836.329359
-147.784196 68.318203 3836.448796
-147.484140 69.969593 3836.784280
-150.015058 68.982244 3836.805719
-150.322107 69.540966 3838.410086
-151.527006 68.838606 3838.964176
-155.119783 70.441324 3839.829777
-158.289365 68.615924 3839.862664
-160.423082 67.708721 3839.262413
-160.986720 67.261937 3838.778518
-161.043176 65.458883 3839.596882
-162.149591 63.628085 3837.656097
-162.268291 63.888375 3838.732766
-164.908725 61.156248 3836.299302
-165.663920 61.335251 3836.560847
-167.177741 59.253864 3836.348222
-164.608266 57.232396 3836.699137
-168.967740 59.968157 3836.319421
-170.059888 55.804486 3836.188939
-166.758830 55.564617 3836.551347
-170.491517 58.682208 3836.427786
-172.157169 56.401510 3836.296510
-170.370862 54.310224 3836.491642
-172.252985 53.327868 3836.565424
-170.912950 51.309849 3836.551901
-173.145102 56.914642 3836.432982
-175.219240 54.650779 3836.212769
-174.845831 56.465843 3836.506476
-175.662623 54.193098 3836.373338
-177.832394 57.619522 3836.317759
-178.468074 56.749036 3836.248037
-180.487885 55.787265 3836.286866
-181.906836 56.420165 3836.231704
-180.126343 54.934565 3836.454903
-178.382627 54.155901 3836.843602
-184.306183 54.261640 3836.338010
-184.089605 52.451258 3836.436301
-186.520672 52.655973 3836.719518
-183.445094 50.092151 3836.702799
-186.876272 49.930168 3836.665522
-184.112720 48.427743 3836.498486
-188.339338 51.443952 3836.347402
-189.579794 48.015254 3836.409014
-186.941783 47.830690 3836.541271
-188.970382 46.342590 3836.912974
-190.991282 45.256124 3836.533926
-190.326978 43.691915 3836.674714
-192.362767 43.242635 3836.644258
-190.974356 41.237899 3836.527076
-194.058882 39.907447 3836.774090
-191.076009 38.514295 3836.502835
-192.658484 36.979976 3836.473789
-190.559266 36.407603 3836.640739
-189.121823 38.795336 3836.532770
-194.447813 33.791790 3836.235553
-191.511101 33.912087 3836.306707
-196.284387 34.387698 3836.567155
-196.453278 32.098779 3836.569840
-198.866165 30.643200 3837.068933
-196.438959 30.559746 3836.323585
-201.430283 28.675902 3836.756001
-202.078973 28.169862 3837.148933
-201.858524 27.383786 3836.846426
-204.153451 26.960958 3836.903722
-203.732138 23.027836 3836.839710
-205.332952 21.886020 3838.706722
-205.202517 22.610704 3839.323466
-205.754580 19.339921 3839.982440
-206.411179 14.415727 3841.138995
-206.873248 9.764273 3842.019982
-207.215077 6.403877 3842.266923
-209.412517 3.718468 3842.291603
-209.356303 1.876347 3842.291601
-210.702872 -1.588392 3842.291603
-209.671973 -1.566645 3842.291603
-211.577114 -6.575572 3842.291603
-212.911471 -5.104728 3842.291603
-211.497928 -10.378548 3842.291603
-213.355392 -12.509893 3842.291603
-213.908308 -11.108661 3842.291603
-213.025209 -14.978968 3842.291603
-214.363048 -17.823517 3842.291599
-213.184667 -17.789671 3842.291603
-214.465210 -23.395967 3842.292857
-215.677524 -22.246109 3841.767704
-213.616317 -27.324008 3842.292720
-214.267061 -28.974055 3840.905422
-214.518250 -27.883530 3840.542010
-213.625398 -31.568363 3840.927020
-212.736561 -34.825230 3839.028802
-212.777003 -34.684921 3840.281834
-211.799436 -37.950909 3837.262600
-211.607635 -38.562738 3839.422389
-210.318552 -42.393614 3836.761257
-210.064371 -43.107918 3837.429734
-210.647211 -41.452649 3834.346591
-208.396817 -47.492428 3834.229946
-209.030225 -45.879547 3836.520856
-208.530283 -47.156039 3832.666513
-207.213738 -50.338464 3832.661785
-207.127509 -50.538989 3835.448842
-207.792195 -48.970687 3830.669372
-206.784155 -51.330251 3830.678103
-206.907164 -51.049342 3832.268058
-206.642645 -51.653369 3833.388044
-206.587562 -51.778518 3827.569948
-204.756001 -55.728855 3827.682834
-205.161970 -54.882386 3830.277592
-205.278708 -54.633874 3831.243184
-205.089540 -55.035318 3825.102790
-203.213240 -58.812976 3825.180771
-203.611884 -58.032242 3827.575525
-203.614675 -58.026784 3828.833884
-203.528452 -58.196174 3822.832086
-201.758502 -61.543990 3822.669325
-202.256503 -60.627558 3824.917876
-202.017989 -61.068567 3825.990491
-200.638162 -63.547932 3820.749067
-199.253208 -65.919268 3820.647562
-199.640344 -65.266004 3823.191400
-200.577861 -63.653492 3819.271219
-198.467295 -67.213166 3817.920160
-197.648666 -68.525933 3819.759505
-198.326921 -67.440698 3817.683707
-195.764950 -71.423765 3816.646677
-195.247111 -72.193055 3818.824857
-195.398391 -71.968784 3815.336858
-194.764798 -72.896808 3816.628175
-194.750113 -72.918055 3813.824009
-192.117866 -76.599303 3815.235908
-190.712360 -78.458594 3813.070812
-189.236634 -80.339944 3812.521564
-187.635571 -82.302352 3812.405495
-185.610182 -84.678338 3810.995109
-184.372912 -86.074686 3810.976623
-182.376339 -88.248039 3810.425729
-179.600425 -89.378065 3809.252248
-174.832710 -92.860424 3809.252285
-172.467838 -94.971453 3809.252279
-169.873953 -96.634669 3809.252281
-166.797521 -96.006409 3809.252281
-162.198391 -98.281408 3809.252280
-159.289061 -100.083163 3809.252281
-156.947720 -101.164556 3809.252280
-153.695623 -100.029306 3809.252211
-148.739129 -101.910652 3809.374886
-145.546205 -103.627526 3809.501555
-142.975891 -105.005675 3809.939181
-140.987427 -106.027228 3811.323938
-138.379233 -107.292037 3813.652755
-136.837543 -107.698517 3814.500191
-134.371397 -108.108968 3814.705966
-132.979449 -107.460177 3814.713218
-129.780291 -107.653608 3814.564508
-130.085838 -106.918598 3814.628235
-128.001507 -106.207249 3814.830142
-129.319521 -108.128630 3814.727784
-125.753566 -106.333115 3814.956413
-125.750983 -106.921382 3814.885208
-124.648719 -104.081383 3814.977487
-120.887988 -103.517171 3815.014450
-121.334726 -106.062317 3814.931093
-120.638486 -101.689384 3814.689932
-118.491677 -101.616495 3814.947765
-117.635282 -103.686201 3815.185761
-118.685551 -99.609308 3815.123169
-116.281013 -98.521618 3815.115468
-115.294371 -100.671158 3814.720821
-114.608374 -97.125312 3815.011859
-113.514838 -96.873284 3814.803308
-113.439651 -98.044098 3815.083356
-117.053729 -97.501776 3815.110386
-116.298470 -95.470003 3815.272420
-118.714208 -94.097522 3815.095698
-116.766204 -92.723759 3815.172659
-120.089353 -98.158949 3815.176300
-124.090904 -98.633942 3814.920916
-119.606452 -98.459212 3815.131317
-122.242869 -99.099276 3814.987058
-125.442097 -100.427552 3815.200510
-123.203681 -101.250766 3815.256582
-125.048375 -100.959445 3815.066362
-127.264791 -100.997674 3815.180721
-127.247209 -102.970197 3814.928060
-128.748237 -103.342033 3814.998955
-133.620839 -103.321886 3814.898981
-128.930766 -105.281859 3814.815339
-132.999148 -103.741799 3814.896681
-134.589243 -105.029131 3814.910622
-136.861710 -105.356443 3814.799314
-137.013565 -106.053675 3814.583380
-141.124726 -105.345561 3814.564244
-141.983214 -104.253928 3814.791208
-141.794578 -105.619265 3813.595840
-143.201470 -104.890570 3813.072506
-145.910765 -103.421408 3812.752243
-148.755253 -101.778820 3811.147461
-152.907265 -99.186428 3810.229486
-152.860569 -99.825655 3809.248925
-155.925845 -99.190567 3809.252282
-161.182604 -96.684774 3809.252283
-165.577111 -94.349400 3809.252283
-166.126881 -95.630779 3809.252283
-168.920459 -94.811079 3809.252280
-173.839946 -91.512219 3809.252285
-178.223048 -87.889707 3809.252283
-178.564489 -89.565945 3809.252277
-181.555235 -87.760676 3809.251388
-186.274399 -83.798032 3809.359450
-188.372167 -81.411585 3809.634195
-190.718599 -78.450422 3810.574442
-191.439704 -77.504330 3811.802912
-193.186031 -75.140019 3812.211427
-195.626784 -71.630417 3812.655946
-195.059907 -72.467559 3813.678767
-197.547266 -68.686942 3813.119639
-198.418028 -67.293884 3814.439208
-197.133237 -69.337073 3815.230481
-200.413578 -63.940710 3816.181895
-201.266628 -62.434806 3815.237389
-200.743348 -63.363265 3816.413447
-203.067511 -59.094403 3817.808959
-201.799583 -61.469205 3818.032279
-202.620030 -59.943807 3818.426022
-203.841049 -57.581531 3818.561507
-204.533610 -56.183927 3818.762137
-203.062520 -59.103427 3822.157137
-204.368057 -56.521908 3821.364278
-205.501893 -54.158702 3821.640508
-205.608133 -53.930862 3820.690665
-204.582032 -56.085114 3824.520001
-205.911196 -53.278223 3824.098656
-207.021801 -50.784790 3824.487039
-206.964001 -50.919201 3823.100036
-206.165820 -52.715561 3827.078827
-207.460001 -49.762252 3826.451748
-208.557349 -47.087657 3826.806255
-208.561931 -47.076429 3825.667825
-207.561049 -49.524971 3829.544441
-208.669869 -46.803883 3829.345418
-209.793490 -43.851201 3829.320135
-209.415565 -44.870754 3830.174770
-209.278244 -45.237653 3831.440013
-210.366488 -42.256589 3830.317020
-211.512653 -38.857529 3830.663414
-209.815376 -43.791990 3833.929904
-211.473103 -38.979230 3833.762932
-212.730860 -34.845119 3833.191947
-210.970567 -40.503918 3835.533819
-212.717786 -34.890339 3834.987108
-212.634440 -35.178294 3836.411140
-213.232161 -33.044589 3836.972443
-214.212165 -29.211106 3836.259357
-214.173355 -29.374902 3838.438516
-214.063119 -29.820570 3838.624521
-215.541358 -22.949159 3839.448818
-215.388658 -23.751314 3839.980587
-216.028206 -20.188169 3840.129592
-216.230064 -18.930011 3840.970106
-215.480999 -20.969401 3842.284118
-216.953045 -12.053908 3842.204899
-215.471294 -13.499188 3842.291573
-215.148201 -13.569590 3842.291595
-215.120250 -6.315803 3842.291604
-214.660065 -7.171562 3842.291604
-214.701598 -3.001664 3842.291603
-213.848872 -2.030940 3842.291603
-212.151726 -4.033005 3842.291603
-212.224465 4.282942 3842.291603
-211.065590 3.826604 3842.291603
-210.729670 3.846026 3842.291603
-210.002594 8.659378 3842.291603
-208.204950 9.620212 3842.291601
-206.703352 14.858271 3842.279603
-205.526004 20.756326 3841.336797
-205.088328 23.216596 3840.941811
-204.927558 24.059510 3839.356832
-203.600502 30.013323 3838.588154
-203.844596 29.035599 3837.329975
-203.201243 29.956413 3836.874001
-201.433927 33.225555 3836.783065
-201.393178 30.750704 3836.673408
-198.224836 36.920239 3836.694156
-197.899063 33.941194 3836.663374
-198.969272 39.585453 3836.958783
-198.604236 38.579345 3836.682385
-196.681092 39.571612 3836.725215
-195.486831 39.568562 3836.744768
-197.930456 44.020866 3836.717936
-195.763485 42.513089 3837.076971
-195.733931 44.970687 3836.478386
-193.183806 44.279869 3836.379878
-195.410919 48.194245 3836.656169
-193.365235 47.925026 3836.757705
-192.406076 47.404911 3836.705604
-191.086894 48.831694 3836.470020
-193.503654 51.672853 3836.440469
-191.651252 52.527101 3836.499557
-190.865658 51.146427 3836.359309
-188.360614 54.486648 3836.559168
-187.896131 53.725846 3836.582758
-186.529911 53.779331 3836.639764
-188.380268 58.510320 3836.696694
-186.323881 57.988022 3836.415881
-185.248377 57.748881 3836.227552
-184.166491 58.691821 3836.676384
-183.205947 62.610112 3836.681819
-182.471702 58.633592 3836.328280
-180.518890 61.649224 3836.465842
-179.924930 59.539131 3836.473005
-179.495262 61.304022 3836.366561
-177.480751 63.327665 3836.257218
-177.139170 60.804564 3836.714126
-177.073053 62.655338 3836.293102
-176.067756 64.723598 3836.437031
-175.475130 65.351213 3836.324869
-173.636931 62.164431 3836.478588
-173.478676 65.254195 3836.303380
-171.952944 67.432333 3836.125033
-170.876389 62.287203 3836.391622
-169.153692 66.702209 3836.527060
-169.329844 68.536212 3836.424255
-167.802318 66.691007 3836.351210
-164.697486 70.355472 3836.534418
-164.642046 67.616335 3836.352105
-162.486525 71.531175 3836.480529
-161.348725 69.993920 3836.554629
-161.280685 69.813641 3836.605806
-157.839651 72.930236 3836.677970
-157.937729 72.184850 3837.060951
-155.956744 73.965706 3837.072778
-154.596239 74.633774 3839.256243
-151.315401 75.081721 3839.861257
-149.786330 75.018042 3839.840487
-149.263697 72.311919 3839.864471
-145.993143 71.672590 3839.378821
-143.823885 71.038807 3838.626938
-143.767306 70.417575 3837.317698
-139.159169 69.667848 3837.914025
-140.836075 69.018733 3836.752252
-141.525095 68.630355 3836.263801
-138.291447 66.094231 3836.835559
-138.769113 65.317059 3836.334250
-137.491268 64.633735 3836.632826
-137.865410 62.698640 3836.406720
-139.134871 61.037100 3836.819283
-135.477283 62.487229 3836.811475
-137.376598 59.224740 3836.536983
-136.454384 56.608135 3836.722575
-136.110841 54.644461 3836.823682
-135.670265 51.840442 3836.372252
-138.286359 51.878550 3836.633011
-137.747257 53.792255 3836.743115
-134.851121 58.234608 3836.349751
-131.736564 58.220744 3836.952506
-131.840316 60.737619 3837.783203
-134.588949 61.738024 3836.655386
-135.262954 64.824927 3837.005897
-136.586051 64.224273 3836.705528
-137.127659 67.737023 3837.607710
-135.553817 67.970103 3839.817082
-138.325073 69.033543 3837.536547
-139.210316 71.433558 3839.875088
-138.438002 72.438216 3839.867745
-142.055559 74.289298 3839.852858
-143.494299 75.482658 3839.848072
-144.583337 74.012121 3839.849436
-147.909969 76.182979 3839.865519
-149.185898 77.436847 3839.325581
-149.686104 77.625351 3839.032647
-151.851656 76.420877 3839.305820
-153.756900 76.353417 3837.212496
-153.480039 76.033317 3838.558732
-156.769230 75.304007 3836.505831
-157.711605 77.255033 3836.471758
-158.545855 73.639199 3836.321261
-161.470707 74.652929 3836.416568
-161.253250 72.311328 3836.376881
-164.132060 73.476951 3836.221773
-164.613121 71.848149 3836.382695
-166.725090 74.447473 3836.454895
-169.134217 72.270448 3836.386909
-166.099455 71.424561 3836.227391
-170.761058 72.468558 3836.469644
-172.649491 70.099832 3836.409445
-170.141975 68.141971 3836.476426
-173.478280 72.987493 3836.522920
-174.344220 68.501373 3836.670606
-172.726231 67.684795 3836.364645
-176.559683 70.682647 3836.378372
-176.188649 67.242053 3836.419628
-179.542842 67.941218 3836.427424
-180.281877 67.020841 3836.433452
-178.808745 64.306601 3836.336869
-182.415524 65.390069 3836.422564
-181.936884 64.042036 3836.519611
-185.015636 63.985880 3836.849213
-184.698165 61.428603 3836.715712
-188.178639 62.521285 3836.836597
-189.494100 61.516525 3836.611274
-190.246992 59.876888 3836.704075
-192.579247 57.471923 3836.780000
-193.043689 55.778813 3836.712828
-193.278396 56.982804 3837.297334
-194.061052 54.375498 3836.630982
-195.951064 51.622547 3837.551406
-197.073951 49.135481 3837.925780
-197.570577 47.983231 3838.278097
-196.635698 47.303759 3836.751932
-198.640913 43.414260 3836.517977
-200.178525 41.229602 3837.082709
-200.642022 39.757206 3837.385695
-201.547131 37.275363 3837.992078
-202.478289 34.188799 3838.838145
-201.975759 35.888041 3839.448242
-202.682456 33.480080 3838.383706
-203.911000 28.750000 3841.241565
-204.850845 26.012628 3842.261170
-206.755927 20.193997 3842.292255
-207.033408 18.239325 3842.292019
-209.583057 14.749371 3842.291603
-211.234574 12.126826 3842.291603
-211.550553 11.382408 3842.291603
-211.883441 8.033717 3842.291603
-213.754167 4.811085 3842.291603
-212.614799 5.212723 3842.291603
-215.221487 0.069453 3842.291603
-216.363597 1.395213 3842.291598
-215.350902 -4.174670 3842.291603
-217.228037 -5.543592 3842.266281
-217.649477 -4.392184 3842.020215
-217.235667 -7.962060 3842.249264
-217.161213 -11.530398 3840.690271
-217.116112 -11.771600 3841.901645
-216.604786 -16.336122 3839.604837
-216.698989 -15.614301 3838.303098
-215.911340 -20.878042 3839.545815
-215.742289 -21.870823 3836.590492
-215.406395 -23.659297 3836.426396
-215.245660 -24.489604 3835.382119
-214.885706 -26.220087 3837.240196
-214.907914 -26.114448 3833.316605
-214.507491 -27.930532 3834.837525
-213.946670 -30.289505 3832.225592
-213.389786 -32.458991 3831.943671
-213.395223 -32.438701 3833.072009
-213.148167 -33.355872 3830.402163
-212.846171 -34.446741 3830.681558
-212.020573 -37.237992 3830.515352
-212.508045 -35.614235 3832.472410
-212.785046 -34.657820 3826.585836
-211.512000 -38.859458 3826.542063
-211.748117 -38.116042 3829.163251
-210.811400 -40.980424 3825.668615
-210.849192 -40.866973 3824.570709
-210.063755 -43.109480 3824.623916
-210.118845 -42.956485 3826.340648
-209.702417 -44.097381 3823.225633
-209.709470 -44.078286 3822.002850
-208.968416 -46.038633 3821.934184
-208.842423 -46.361762 3823.805153
-208.335020 -47.647304 3821.032583
-208.739033 -46.626800 3819.665116
-207.209828 -50.347515 3819.413957
-207.461142 -49.759681 3822.187470
-208.230330 -47.903382 3818.724821
-206.766999 -51.369346 3817.497890
-206.659274 -51.615173 3819.191790
-206.171741 -52.702600 3816.659469
-205.382609 -54.412782 3815.498700
-204.004145 -57.257813 3817.209546
-205.167388 -54.870875 3814.542075
-202.998824 -59.225308 3814.585634
-203.023437 -59.178441 3813.350278
-202.160810 -60.804576 3814.048805
-200.959153 -62.984472 3812.311490
-198.927025 -66.458791 3813.632584
-197.594226 -68.612400 3811.514912
-198.701012 -66.830122 3810.934126
-196.068682 -70.969684 3811.439353
-194.970581 -72.603287 3809.952754
-194.788365 -72.797863 3809.353183
-192.484018 -76.103907 3810.395285
-189.210398 -78.304960 3809.252335
-185.130749 -81.977842 3809.252280
-181.554418 -84.643775 3809.252283
-179.293307 -86.803961 3809.252285
-176.236249 -86.997771 3809.252284
-172.276006 -90.017426 3809.252285
-168.731151 -92.152602 3809.252282
-166.976599 -93.191149 3809.252280
-163.944441 -92.911159 3809.252338
-160.069888 -94.748365 3809.249676
-156.606158 -96.667527 3809.806631
-154.114541 -98.388019 3810.290339
-151.842594 -99.874894 3811.119959
-149.196152 -101.514883 3813.688079
-150.455449 -100.349202 3814.600729
-147.253102 -102.661087 3813.589290
-144.779974 -102.410404 3814.563119
-145.366876 -103.524264 3814.402503
-139.708835 -101.759475 3814.520071
-139.482695 -101.440868 3814.797901
-136.617354 -101.390780 3815.060372
-136.920465 -101.040080 3814.957854
-135.523070 -99.752559 3815.139105
-133.927929 -102.818750 3814.761839
-132.853114 -98.920764 3815.178194
-130.523389 -99.913501 3814.802339
-130.282103 -98.320422 3814.757675
-129.057211 -98.767714 3815.018682
-127.638924 -98.937978 3814.862292
-128.567671 -96.216655 3814.769225
-124.507912 -94.984882 3815.101888
-124.467679 -98.445836 3814.958863
-124.874707 -93.575234 3815.013498
-122.457991 -93.841001 3814.783930
-121.772555 -95.561484 3815.122620
-126.271210 -91.736624 3815.173167
-122.432797 -91.930701 3815.182155
-125.508197 -90.479675 3814.226169
-123.479443 -89.149318 3813.699967
-122.413491 -88.010690 3812.696486
-120.518690 -86.966604 3813.761444
-120.496816 -85.805738 3812.402580
-118.251913 -84.492672 3813.969801
-117.775593 -82.239310 3812.483910
-116.670381 -81.165800 3814.251681
-114.949024 -82.459002 3815.091322
-116.317888 -80.118969 3814.224483
-114.022304 -77.555113 3814.799834
-111.924276 -79.402793 3815.304740
-113.353000 -76.330750 3814.834157
-111.203632 -74.486741 3815.358658
-114.406236 -77.183148 3814.665408
-114.072157 -73.495606 3814.718494
-112.942314 -72.031960 3815.106956
-111.811603 -73.319040 3815.050780
-115.376546 -66.677677 3814.579283
-112.021128 -67.191967 3815.226541
-114.713114 -64.741799 3815.071701
-113.288141 -65.738303 3814.792902
-112.903798 -63.010632 3815.072349
-114.740669 -61.660442 3814.929321
-114.450989 -60.930017 3814.945255
-118.154325 -59.414411 3814.653011
-117.875072 -57.039996 3815.405965
-120.668583 -55.896577 3815.150476
-124.594558 -54.383252 3814.618592
-126.510228 -53.605979 3814.578092
-125.404048 -52.509208 3815.125134
-130.089497 -51.532429 3815.154332
-129.302246 -49.830437 3815.157336
-133.897795 -49.267790 3815.087393
-135.518043 -49.721503 3814.927947
-139.766088 -50.605828 3815.094005
-141.408548 -50.071765 3815.022031
-143.234687 -48.948322 3814.862426
-141.623024 -48.573766 3814.947688
-146.435763 -49.353839 3815.001448
-145.793939 -46.908969 3815.480628
-149.758704 -49.820979 3814.926337
-148.367970 -46.721832 3815.028447
-149.161954 -45.864917 3815.012315
-152.003166 -47.471299 3815.180147
-154.380253 -45.699991 3815.376781
-155.103763 -46.916177 3814.845134
-155.334197 -46.871568 3814.786426
-155.908510 -45.063555 3814.923190
-156.690418 -44.388197 3815.056086
-159.402889 -47.681352 3815.249416
-160.872616 -44.781397 3814.943625
-160.608787 -42.209086 3815.399348
-162.170978 -47.822491 3815.128324
-164.167956 -44.520984 3815.063881
-165.142112 -41.948267 3815.293168
-164.897647 -46.477973 3815.154807
-165.850755 -43.400944 3815.140127
-169.060521 -42.238688 3814.892815
-166.957670 -42.143343 3815.288586
-169.783623 -44.591874 3815.201143
-171.104946 -41.736026 3814.999848
-171.698291 -38.778228 3814.866653
-172.377567 -44.158800 3815.052084
-173.300595 -41.149380 3815.345676
-175.441948 -39.765689 3815.121943
-174.316967 -39.733299 3815.023343
-176.107252 -43.801458 3814.873329
-178.002329 -41.105737 3814.872842
-179.256322 -38.017036 3815.246112
-178.185312 -37.317049 3815.307691
-179.732198 -41.816992 3815.156795
-181.186162 -39.515244 3815.056423
-182.628575 -36.361492 3814.894670
-181.583916 -35.788145 3815.168933
-183.203418 -40.053855 3815.216999
-184.289903 -37.849631 3814.956458
-185.685599 -35.056051 3814.840627
-184.206354 -33.932236 3814.975524
-186.507819 -37.649492 3815.144651
-186.962786 -35.623703 3815.191101
-186.756828 -32.575348 3815.251581
-187.292758 -30.657230 3815.233963
-188.935564 -35.353417 3815.306352
-190.375434 -33.358750 3815.162608
-191.565243 -30.551975 3814.870813
-191.022077 -28.847883 3815.238888
-192.227718 -33.581977 3814.548050
-193.378559 -29.915432 3815.099467
-194.269197 -25.450655 3814.970869
-194.506082 -30.289741 3815.106151
-195.216274 -27.457116 3815.147607
-196.646134 -24.257190 3815.112172
-197.220187 -27.254670 3815.126671
-197.761364 -25.677191 3814.655793
-199.064399 -21.356521 3815.028971
-198.890731 -24.927365 3814.713622
-200.233194 -21.069979 3814.407476
-200.329280 -19.392846 3814.654607
-201.560548 -19.495658 3814.618524
-202.316453 -14.556836 3814.721621
-203.149760 -16.036282 3814.655131
-204.039703 -14.576708 3814.786524
-204.963743 -12.000301 3814.457839
-205.378469 -13.142067 3814.768393
-206.430368 -8.721098 3814.783929
-206.688900 -9.542347 3814.378133
-206.991060 -5.357071 3814.371326
-207.001424 -5.163985 3812.756931
-207.162666 0.637492 3813.252779
-207.152704 -0.472843 3811.889420
-207.133154 -1.684912 3811.252328
-207.087606 5.288494 3810.470693
-207.114562 4.422995 3810.143149
-207.164541 6.370838 3809.291749
-207.309676 9.089096 3809.259796
-208.522110 8.757915 3809.252291
-207.731849 14.203802 3809.252086
-209.054356 13.729645 3809.252282
-209.927166 12.443458 3809.252282
-209.660477 19.292163 3809.252280
-210.149564 19.101848 3809.252280
-210.572724 20.410693 3809.252282
-210.228036 23.044748 3809.252281
-211.385591 22.952318 3809.252280
-209.720507 28.530391 3809.252280
-211.105332 28.229517 3809.252282
-212.077975 27.148422 3809.252280
-210.707734 33.676003 3809.252282
-211.462598 33.429888 3809.252285
-212.608259 33.108776 3809.251623
-211.458334 37.955609 3809.250350
-210.394498 41.936616 3809.249155
-211.558796 40.745464 3809.645052
-209.864949 44.883148 3809.266209
-209.675294 46.240431 3810.127074
-210.354812 44.354007 3811.233729
-207.723473 51.200596 3811.119469
-208.277610 49.851105 3812.480024
-207.447094 51.857677 3813.256427
-205.849190 55.477514 3813.893110
-206.749226 53.476800 3814.400418
-204.955310 57.381128 3815.161951
-204.598470 58.115435 3814.197624
-204.276943 58.771593 3815.892883
-202.713431 61.831542 3816.616619
-204.609765 58.092374 3818.958925
-202.355217 62.506919 3819.052088
-201.181231 64.654087 3817.739506
-202.930300 61.420908 3820.996599
-200.843847 65.250708 3821.002352
-199.390538 67.753027 3820.265051
-201.502174 64.074459 3822.651551
-200.204813 66.367295 3822.723683
-198.014821 70.007148 3822.886893
-200.446310 65.948584 3824.204084
-199.111069 68.218920 3824.975352
-197.673076 70.551373 3825.046261
-198.360965 69.449525 3826.821894
-197.545919 70.752981 3826.663812
-196.204497 72.827228 3828.197893
-195.995429 73.142496 3826.330547
-196.859715 71.824801 3830.050035
-195.393975 74.039751 3828.882598
-194.656342 75.118254 3829.039788
-195.119010 74.445779 3831.777513
-193.558622 76.682503 3830.681451
-191.938564 78.904210 3830.750630
-193.894279 76.209668 3834.308790
-190.701861 80.536255 3833.470702
-192.889467 77.611824 3834.385362
-190.313232 81.039272 3835.596861
-189.148077 82.513780 3834.941406
-189.612524 81.930676 3836.968337
-187.272407 84.800844 3836.230051
-186.671416 85.511634 3838.281714
-187.274663 84.798308 3838.791451
-187.732820 84.249254 3839.603658
-186.487118 85.727730 3841.013505
-186.774172 85.398134 3841.728304
-184.464617 88.045207 3841.734496
-184.163851 86.993967 3842.292664
-184.046517 85.769762 3842.291603
-177.056871 92.355208 3842.291599
-178.649328 90.497727 3842.291603
-177.045834 90.497120 3842.291603
-173.940882 93.707320 3842.291603
-173.860889 91.919879 3842.291603
-168.609735 97.483549 3842.291603
-168.073600 95.792490 3842.291603
-168.386316 94.827600 3842.291603
-161.384298 99.915294 3842.291603
-162.676593 98.533798 3842.291603
-161.679208 98.308355 3842.291603
-158.241335 100.741738 3842.291603
-158.317439 99.237444 3842.291571
-152.717464 103.586937 3842.291603
-151.897580 102.330738 3842.278157
-152.750378 101.360480 3841.997449
-145.746047 105.574829 3841.455239
-146.914173 104.916785 3841.121708
-146.580249 105.107051 3840.176060
-142.948184 107.088487 3840.119961
-144.065282 106.496816 3838.486995
-137.683295 109.679342 3838.505050
-139.577298 108.783810 3837.521063
-142.354972 106.681803 3836.776761
-137.378462 107.601185 3836.487211
-139.260283 105.243149 3836.519507
-139.013739 104.492685 3836.800712
-136.291577 104.922576 3836.422140
-132.849831 107.767605 3836.825355
-134.572248 104.059004 3836.428688
-132.288036 106.587244 3836.644807
-132.013199 104.034921 3836.566452
-131.388401 105.029917 3836.476686
-127.900117 104.982086 3836.799793
-127.609899 106.953526 3836.492659
-128.021891 102.575462 3836.463816
-126.012305 104.082012 3836.665453
-123.012460 105.801092 3836.661911
-126.360508 102.282148 3836.432147
-124.404897 103.558325 3836.477522
-122.860511 104.474299 3836.795828
-119.904157 105.880207 3836.442129
-122.543787 101.625677 3836.515389
-120.498892 101.093561 3836.702950
-118.265513 103.171239 3836.483707
-115.791695 104.696875 3836.499049
-117.447090 101.278707 3836.585269
-116.857034 100.229590 3836.706743
-114.377953 102.262601 3836.618683
-111.533497 103.890144 3836.749444
-114.581641 101.497536 3836.622738
-113.268198 100.463258 3836.554673
-110.824402 101.842959 3836.349452
-107.736790 104.031021 3836.839753
-110.905272 101.088805 3836.400141
-108.434266 101.889174 3836.977006
-105.016642 102.846247 3836.617067
-105.925600 101.316461 3836.461878
-104.369243 101.678648 3836.431588
-100.207407 102.783759 3836.702387
-103.408821 100.082982 3836.782403
-100.284630 102.263739 3836.782871
-99.097247 100.720740 3837.117978
-94.249238 101.998050 3837.085959
-96.061358 100.397962 3838.137739
-94.382928 100.680609 3838.781807
-90.796503 100.414824 3839.154114
-91.781111 99.630274 3839.805641
-88.292536 99.892384 3839.626822
-86.633019 98.399234 3840.039687
-85.897310 97.592415 3840.011023
-84.977270 95.129880 3840.000269
-85.332807 94.460729 3840.018370
-89.000508 97.648577 3840.009959
-90.835488 99.210610 3839.974222
-93.346349 96.974182 3840.000094
-97.015366 98.785745 3839.895154
-96.971051 100.158428 3838.677407
-99.788039 97.612303 3839.858370
-101.038888 98.517372 3837.356158
-101.220594 97.486144 3839.319845
-104.710564 97.868019 3836.575874
-106.125491 97.827456 3836.649019
-107.062605 98.113160 3836.501140
-106.858464 95.468820 3836.488040
-109.241963 99.650175 3836.580897
-112.105886 96.621599 3836.762071
-110.447442 94.439074 3836.591477
-112.231968 99.487149 3836.481136
-114.781805 97.914242 3836.349872
-112.961607 95.972735 3836.702805
-112.377014 93.927645 3836.652894
-116.008197 99.173735 3836.746203
-117.924307 97.398898 3836.306646
-119.174692 95.352461 3836.716352
-116.491082 93.184198 3836.866751
-119.327442 97.542761 3836.428317
-120.866100 97.697335 3836.445143
-124.660186 98.929095 3836.488795
-121.960533 97.362366 3836.586190
-121.766866 96.332702 3836.777515
-128.088764 100.644805 3836.509385
-125.717114 98.122888 3836.265881
-124.979481 98.006337 3836.328738
-131.817691 100.294240 3836.383190
-136.137530 101.801669 3836.590767
-137.659357 103.695124 3836.471651
-138.699825 100.900960 3836.673841
-140.080954 102.781473 3836.631966
-140.343611 100.232202 3836.674396
-143.101346 100.853090 3836.492636
-142.379517 98.564513 3836.266684
-147.707393 99.455930 3836.571151
-145.877358 96.619779 3836.562777
-148.713430 97.093377 3836.708705
-147.321137 94.747265 3836.358813
-144.174963 94.773363 3836.585432
-149.496349 93.022841 3836.191652
-148.593798 92.314664 3836.416087
-147.991180 93.010550 3836.456804
-146.297432 93.849193 3836.545983
-149.303007 89.201447 3836.480251
-146.360232 89.728648 3836.323534
-146.946993 88.510764 3836.269169
-146.466490 87.212225 3836.463226
-143.409775 88.088572 3836.488035
-147.590049 85.140466 3836.401477
-143.442537 85.742010 3836.384871
-139.362432 85.299712 3836.598882
-143.110001 84.102467 3836.354297
-141.190831 84.499837 3836.524029
-137.704557 82.833351 3836.446415
-139.784668 82.503040 3836.236422
-138.030190 81.493471 3836.143930
-134.895937 79.050802 3836.595248
-138.628086 79.869647 3836.499132
-134.013015 77.403783 3836.618778
-133.158972 77.615975 3836.638695
-134.026414 75.593226 3837.579871
-129.450357 72.527067 3836.885605
-131.051658 73.472855 3838.079270
-127.878517 70.061986 3838.745897
-129.248632 70.909661 3839.335024
-127.148955 68.493131 3839.109171
-127.270803 66.376831 3839.915468
-128.981209 65.725319 3839.885245
-129.974151 65.745263 3839.883197
-130.456970 64.783442 3839.883421
-131.565172 64.905343 3839.902675
-132.108346 63.725296 3839.788148
-133.451516 63.503330 3838.213173
-133.537735 65.943830 3839.848688
-132.195754 65.475457 3839.907382
-135.456043 67.434363 3839.643143
-134.385677 69.702377 3839.874259
-134.986321 71.056464 3839.870987
-136.047014 71.357303 3839.868696
-136.324221 73.986543 3839.871645
-138.104895 73.074911 3839.863122
-141.922262 76.962646 3839.850434
-140.464369 77.559469 3839.645703
-144.141361 76.961662 3839.881923
-144.239079 78.764886 3838.053711
-144.791608 77.807436 3839.628706
-148.217031 78.732184 3837.234712
-147.270545 79.745845 3836.570377
-149.691546 78.255111 3837.101775
-151.234361 80.499391 3836.202642
-153.568125 77.670969 3836.572739
-155.090831 79.598820 3836.118263
-155.610339 77.770817 3836.427430
-158.011503 80.790799 3836.357142
-158.316207 78.122001 3836.386410
-160.263743 81.073555 3836.524300
-163.332491 79.122459 3836.314973
-160.674429 77.660342 3836.487610
-164.478017 79.809962 3836.286670
-166.576910 77.189573 3836.313063
-167.436035 77.804214 3836.548713
-168.984259 77.182238 3836.422575
-167.419112 76.861973 3836.502513
-171.210908 77.136802 3836.595810
-172.785074 75.994990 3836.607269
-172.021148 73.358622 3836.509682
-174.561019 75.641164 3836.383981
-174.284146 74.420685 3836.622847
-176.317195 74.647979 3836.706352
-178.170086 71.861278 3836.488388
-179.608724 71.661751 3836.663396
-181.588999 69.713931 3836.678169
-181.425174 71.598220 3836.587416
-183.281655 68.037632 3836.564619
-184.711230 69.790640 3836.617964
-184.478838 67.805972 3836.499813
-187.864757 66.078338 3836.745215
-187.178608 65.144687 3836.829447
-190.032399 62.738097 3838.740923
-191.182057 60.784835 3839.091108
-192.079183 59.199758 3838.763727
-191.764230 59.762635 3839.368768
-193.108293 57.308421 3838.752733
-194.629468 54.355897 3839.103862
-195.529133 52.508260 3839.196160
-196.776201 49.802857 3839.266570
-198.089855 46.744947 3839.376004
-199.355168 43.556617 3838.864872
-200.534157 40.311272 3839.948747
-201.869879 36.231241 3840.089644
-202.598048 33.773426 3841.002372
-203.183917 31.638348 3841.086884
-205.025520 30.336767 3842.291569
-206.999067 24.602240 3842.291603
-208.540849 20.702618 3842.291603
-208.911512 18.576334 3842.291603
-211.838279 15.843355 3842.291603
-211.869305 14.175372 3842.291603
-213.903559 12.108186 3842.291603
-212.864410 10.601535 3842.291603
-215.828311 5.943490 3842.291594
-216.228835 8.134689 3842.291836
-216.042588 3.620967 3842.291572
-217.771807 1.632773 3841.638053
-217.759123 -0.446707 3841.081030
-217.717653 -2.603040 3841.335911
-217.686561 -3.572590 3839.449312
-217.603503 -5.483019 3840.802243
-217.254976 -10.503436 3838.527669
-217.452049 -8.014965 3837.473909
-217.150376 -11.651872 3838.557096
-217.043402 -12.686667 3835.639626
-216.515683 -17.006229 3836.598012
-216.656829 -15.938300 3834.872542
-216.043068 -20.100815 3833.844418
-216.351679 -18.119103 3836.364260
-215.910682 -20.881931 3832.301606
-215.356375 -23.920618 3832.427916
-215.781008 -21.644018 3834.763245
-215.304112 -24.195931 3830.125221
-214.756345 -26.829153 3829.905126
-214.633125 -27.378459 3833.100675
-214.970484 -25.817410 3828.009100
-214.452304 -28.170154 3827.058419
-214.371288 -28.522145 3829.533212
-213.863786 -30.620995 3826.504078
-213.932786 -30.345063 3825.324761
-213.277380 -32.876961 3825.332883
-213.249901 -32.978776 3827.208195
-213.189931 -33.201095 3824.302958
-213.283206 -32.855420 3823.292125
-212.264000 -36.440037 3822.139934
-211.931877 -37.524191 3824.277274
-212.347439 -36.161349 3821.714355
-212.230858 -36.550981 3820.167767
-211.171229 -39.899619 3821.566290
-211.262871 -39.621923 3823.334480
-211.846729 -37.798616 3819.374924
-210.779466 -41.072860 3818.275867
-210.802529 -41.006693 3820.074739
-209.818876 -43.782705 3816.984828
-209.547749 -44.514627 3817.167377
-209.140085 -45.595020 3817.303416
-208.531906 -47.151835 3815.201439
-208.316755 -47.692558 3814.435920
-207.484176 -49.705669 3816.193774
-208.228132 -47.908731 3813.104168
-205.986005 -53.112787 3814.171021
-206.135509 -52.782694 3812.107301
-204.396892 -56.463073 3813.677153
-203.033272 -59.159889 3811.075552
-203.206114 -58.826870 3810.686680
-200.898582 -63.090837 3811.334998
-199.853198 -64.908249 3810.249127
-199.546429 -65.371235 3809.502012
-197.442861 -68.838727 3809.601329
-196.348514 -69.499054 3809.249274
-195.284432 -69.400581 3809.252306
-192.251855 -72.419573 3809.252280
-190.490363 -74.234106 3809.252279
-189.196462 -77.157201 3809.252279
-184.401509 -79.123002 3809.252282
-181.309532 -80.769068 3809.252283
-176.144047 -85.241723 3809.252285
-174.458538 -87.195988 3809.252284
-171.532742 -87.167291 3809.252285
-168.861262 -87.804858 3809.249573
-164.274676 -90.811612 3809.498293
-162.554639 -92.432280 3809.296808
-161.195590 -93.259276 3811.664904
-159.562255 -94.512896 3812.271705
-157.215721 -96.238536 3811.824370
-154.916071 -97.572522 3814.424984
-153.884379 -97.775094 3814.853341
-151.648449 -99.320585 3814.976175
-152.072949 -96.888231 3814.454841
-148.446900 -99.819803 3815.055260
-146.051585 -99.187308 3814.463227
-147.487798 -100.142928 3814.503702
-141.434457 -98.523786 3814.832349
-142.980720 -97.735111 3814.950286
-139.418948 -98.096466 3814.824583
-139.010757 -97.019611 3814.648372
-136.926690 -96.909111 3815.038523
-136.834350 -99.248899 3814.993495
-134.962327 -95.600916 3815.273656
-132.572444 -97.829592 3815.145524
-131.614605 -94.790280 3815.034818
-129.985501 -96.377444 3814.907641
-128.731604 -93.741392 3814.985473
-127.987051 -94.937916 3814.899232
-129.317508 -92.150195 3814.728521
-131.789062 -91.362136 3812.517315
-130.171233 -90.866198 3812.342467
-127.594589 -90.998713 3812.931852
-127.847641 -87.987008 3811.667581
-124.416946 -88.002642 3811.734089
-122.262315 -84.835896 3811.656023
-120.905043 -83.567485 3811.635793
-119.865074 -84.146982 3811.842600
-118.850114 -80.366336 3811.650260
-118.394320 -78.993976 3811.647125
-117.265693 -77.529270 3811.716957
-115.716388 -77.878069 3813.977776
-116.650630 -75.286770 3811.727791
-115.226801 -74.884714 3813.138479
-116.187459 -71.816626 3811.723972
-114.951854 -71.002954 3813.015141
-116.355897 -69.978682 3811.759844
-115.446714 -67.381486 3813.262645
-117.533040 -66.096649 3811.656199
-116.087424 -64.507089 3813.399808
-119.232458 -62.294073 3811.643191
-116.803912 -62.709956 3813.237425
-117.104535 -61.894157 3813.777825
-119.952172 -58.330402 3812.977745
-121.185884 -57.296912 3812.817878
-122.757221 -55.549651 3813.618411
-123.534185 -55.148149 3813.226561
-128.772460 -53.634543 3812.530063
-129.391414 -53.426179 3812.638586
-129.714482 -52.866348 3814.297107
-133.696305 -52.402732 3813.619850
-136.042336 -52.360125 3813.978936
-139.077483 -52.085158 3814.792000
-140.735309 -52.592927 3814.978042
-140.836713 -51.140013 3815.245010
-144.440017 -51.930080 3815.180744
-147.342504 -53.030450 3814.933863
-147.652325 -50.675446 3815.102430
-150.511277 -52.569359 3815.347384
-151.124407 -49.671728 3815.068831
-152.568931 -51.460633 3815.116328
-154.259478 -50.693336 3815.155552
-155.242609 -52.756393 3815.385579
-157.695012 -51.146246 3815.287312
-157.371597 -48.009844 3815.224468
-159.126032 -53.611064 3815.148612
-161.314342 -50.300946 3815.397929
-161.786416 -47.894391 3815.160726
-162.157134 -52.561738 3815.349017
-163.759890 -50.720920 3815.069811
-165.378089 -47.412585 3815.386420
-164.853333 -51.873905 3815.014849
-166.974099 -50.828194 3815.257281
-168.597208 -47.472577 3815.106817
-169.048286 -49.195626 3815.089868
-170.298077 -50.705928 3815.392913
-170.866814 -48.130176 3814.899983
-171.512958 -44.888755 3814.965232
-172.858506 -50.131557 3815.042155
-174.568308 -48.515361 3815.291421
-174.931467 -45.831608 3814.940211
-173.937672 -45.582434 3815.247509
-177.116867 -48.153360 3815.364209
-178.587151 -46.643443 3814.837650
-180.238165 -43.147641 3815.405845
-178.976942 -46.620840 3814.867227
-179.985045 -47.339833 3814.697055
-182.177767 -44.503938 3814.888509
-182.861127 -42.205452 3815.130225
-182.530195 -44.176368 3814.901558
-183.764115 -45.752864 3815.098042
-185.411865 -42.922803 3815.224865
-186.753816 -39.719490 3815.131953
-185.836631 -42.841473 3815.244008
-187.911093 -43.138350 3815.209188
-187.263534 -39.999958 3815.213360
-188.789553 -37.183327 3815.353090
-189.199428 -42.788867 3814.993594
-190.318024 -40.166049 3814.865610
-191.537643 -36.688097 3815.256853
-191.689383 -39.179515 3814.742581
-192.437480 -37.519492 3815.209521
-193.324634 -35.062317 3815.068517
-193.867991 -33.607418 3815.233244
-195.559006 -36.976645 3815.015318
-197.151166 -31.194007 3814.773558
-196.848415 -34.235835 3815.084040
-198.340462 -30.864691 3814.887579
-198.541603 -29.078083 3814.742718
-200.077177 -28.446987 3814.839511
-200.778239 -23.907983 3814.972840
-201.499491 -26.433672 3814.570161
-202.141529 -23.683427 3814.573225
-203.458253 -23.775009 3814.674352
-203.713870 -19.849211 3814.909192
-205.300705 -20.059788 3814.284786
-205.500109 -16.143142 3814.981931
-205.968034 -15.841962 3813.366913
-205.872984 -16.487326 3812.722049
-206.737051 -9.058309 3812.397665
-206.605811 -10.515157 3812.314935
-206.664392 -9.869548 3811.463738
-207.102467 -2.737388 3810.846047
-207.084062 -3.303684 3810.131320
-207.029740 -4.162745 3809.365945
-207.912151 3.218272 3809.250899
-208.129805 1.624940 3809.250141
-209.030045 2.304136 3809.252284
-209.060299 5.662377 3809.252281
-210.365395 5.097266 3809.252282
-209.791148 10.829042 3809.252281
-211.546300 11.094041 3809.252282
-211.974868 10.089120 3809.252280
-211.732693 17.628765 3809.252280
-212.326370 16.072330 3809.252280
-213.083702 16.995659 3809.252281
-212.508051 20.351962 3809.252280
-213.935675 19.868052 3809.252280
-212.191393 25.850609 3809.252280
-212.503299 28.801136 3809.252280
-212.927421 30.216232 3809.252287
-213.366255 34.064844 3809.312934
-213.844266 32.771833 3810.149199
-212.800241 36.441398 3809.461467
-212.669908 37.131747 3810.074206
-213.042721 35.807421 3811.792949
-210.734896 43.266087 3811.107801
-211.142554 42.050179 3812.607469
-211.049397 42.332062 3812.952514
-209.043981 47.908206 3813.617975
-209.698081 46.172999 3815.025522
-207.908212 50.753221 3815.201218
-209.422650 46.915477 3815.679204
-207.721695 51.205032 3817.107584
-206.739470 53.499149 3816.237747
-207.398386 51.971682 3818.859813
-205.837021 55.504830 3819.164822
-206.664182 53.669740 3819.496552
-205.995432 55.156446 3819.764385
-204.899649 57.497922 3819.749441
-204.359386 58.603331 3819.741352
-205.457345 56.317835 3822.832276
-203.922497 59.485223 3821.963624
-202.632428 61.984337 3821.507873
-204.745057 57.816016 3825.924231
-202.767380 61.729765 3825.995114
-201.166728 64.680173 3824.402502
-203.148487 61.001775 3826.955514
-201.732333 63.655767 3828.366119
-199.336394 67.845137 3828.092830
-201.604508 63.888282 3828.792116
-200.351399 66.113572 3828.810957
-198.599054 69.061599 3829.522609
-199.918976 66.856746 3831.062284
-199.244114 67.998774 3830.670535
-197.937839 70.130086 3830.935027
-197.651387 70.585751 3830.600404
-197.417278 70.956502 3832.699860
-195.200322 74.326682 3833.583520
-197.332330 71.089752 3836.095539
-195.008132 74.607085 3834.855963
-195.703125 73.580243 3836.249903
-192.721190 77.842660 3836.905830
-193.498027 76.767219 3838.327348
-191.151263 79.950150 3837.690605
-190.018365 81.416127 3838.950378
-191.483864 79.510180 3840.045435
-191.467231 79.532482 3840.880741
-191.533628 79.443732 3841.952257
-190.953086 79.384742 3842.293565
-191.252887 78.034795 3842.292057
-186.311229 83.024674 3842.291607
-185.886428 82.332290 3842.291603
-183.622555 85.098496 3842.291602
-181.710367 85.299509 3842.291603
-181.443744 83.390881 3842.291603
-175.573348 90.560169 3842.291603
-175.879381 88.366915 3842.291603
-176.189741 87.368857 3842.291603
-171.084198 92.300549 3842.291603
-170.840228 91.441949 3842.291603
-168.093037 94.203108 3842.291603
-166.622157 94.125163 3842.291603
-166.416476 92.660400 3842.291692
-159.763250 98.298796 3842.291594
-160.836000 96.284459 3842.295088
-161.480972 95.269072 3842.156898
-155.669250 99.413736 3841.857925
-156.014056 99.153097 3841.081677
-152.958835 101.215914 3841.396151
-151.690235 102.034919 3840.188220
-152.205581 101.706468 3838.767641
-145.689626 105.608028 3838.806219
-147.624658 104.507818 3837.977896
-143.303237 106.334818 3836.880679
-146.257120 104.005496 3836.717864
-143.302406 106.145250 3836.877081
-143.909135 104.246398 3836.426525
-145.858778 101.409065 3837.040618
-141.005935 102.958488 3836.857616
-148.230419 101.271770 3836.964348
-149.638882 100.676928 3836.786172
-151.104967 99.136919 3836.905287
-153.304142 97.886555 3836.754720
-151.478899 96.636485 3836.523830
-148.427556 99.161044 3836.603688
-153.252262 94.563279 3836.551078
-151.749779 94.437193 3836.368956
-156.774383 92.702900 3836.480167
-156.431489 90.063608 3836.477566
-153.077991 92.005346 3836.489115
-156.296490 88.707819 3836.323782
-152.649958 89.218923 3836.260042
-153.125573 88.346473 3836.278529
-152.557150 88.383903 3836.228189
-150.685241 89.851047 3836.425965
-152.166761 84.814875 3836.459077
-150.070143 87.075072 3836.136840
-151.813447 83.876032 3836.547535
-148.520596 85.314609 3836.405480
-149.936394 82.682950 3836.513343
-145.630413 83.022119 3836.450735
-149.744698 81.222328 3836.417368
-144.866414 81.740546 3836.201775
-144.286583 82.515080 3836.514014
-143.460960 80.173086 3836.490113
-141.652054 80.540127 3836.728772
-140.709859 78.566477 3837.554216
-138.679580 78.828093 3837.068711
-138.578832 77.828876 3839.091307
-136.489395 77.342694 3838.711683
-135.223068 75.156385 3839.831070
-136.187494 75.133637 3839.904867
-130.804541 70.047051 3839.909794
-131.893377 70.958501 3839.895810
-132.182257 69.715226 3839.877250
-129.978959 66.926336 3839.882546
-156.557455 82.995014 3836.475735
-157.053064 84.891314 3836.472973
-158.149613 85.908890 3836.380282
-160.144500 82.842144 3836.322073
-157.161961 82.151142 3836.476595
-161.604559 85.528625 3836.285574
-163.198513 82.431426 3836.321089
-160.979873 81.561724 3836.763565
-164.905616 83.199556 3836.367094
-164.637895 81.967831 3836.573155
-165.851593 84.327650 3836.710719
-170.163597 81.443246 3836.593709
-167.806280 80.789346 3836.757835
-171.614778 80.829988 3836.589025
-172.282116 78.342231 3836.642601
-174.240573 80.309156 3836.677869
-175.421718 76.014033 3836.474803
-177.357465 77.499879 3836.531002
-176.849518 76.442411 3836.374951
-180.536974 74.577664 3836.858951
-179.504949 74.294396 3836.559842
-184.186739 71.547503 3837.822978
-182.662007 73.592021 3838.141727
-184.263215 71.442516 3837.672973
-185.626162 69.529402 3839.821105
-186.589642 68.127335 3838.535459
-188.734050 64.844897 3840.653785
-189.609541 63.433870 3840.787344
-190.818796 61.410566 3840.639250
-190.547239 61.871607 3841.149851
-191.835421 59.636175 3840.840016
-193.360203 56.832579 3840.753028
-194.377249 54.860463 3840.461548
-197.469393 48.217750 3840.554397
-199.005098 44.461500 3841.186994
-200.379094 40.749207 3841.352443
-201.185931 38.352933 3841.887567
-204.816835 35.425040 3842.291603
-206.647606 30.379125 3842.291603
-208.543400 28.862137 3842.291603
-209.459147 25.469771 3842.291603
-210.937892 23.547632 3842.291605
-211.921802 20.822173 3842.291603
-211.872082 19.236204 3842.291603
-213.111489 17.647625 3842.291603
-212.365994 16.568187 3842.291603
-214.898372 13.345341 3842.291604
-216.555601 14.654118 3842.293812
-215.759705 10.131574 3842.291572
-217.575150 8.119725 3840.884117
-217.598647 7.642775 3840.588531
-217.710837 4.853423 3841.059069
-217.759701 2.356358 3839.480900
-217.767536 1.584076 3840.315956
-217.690055 -3.470529 3837.387144
-217.723430 -2.352104 3837.116625
-217.561495 -6.303249 3836.211201
-217.522720 -6.990616 3835.424938
-217.406366 -8.662399 3835.392256
-217.264878 -10.393425 3835.698907
-217.414994 -8.541694 3833.367093
-217.100908 -12.145019 3832.093697
-216.934189 -13.678138 3834.225457
-217.085196 -12.293237 3831.041053
-216.721004 -15.445175 3830.026251
-216.459290 -17.391744 3832.113964
-216.546674 -16.777733 3829.069318
-216.519800 -16.966579 3827.911853
-215.911256 -20.878457 3828.090724
-215.912140 -20.873252 3830.865355
-216.361445 -18.053667 3826.660780
-215.730680 -21.924360 3826.399960
-215.462671 -23.363029 3826.295259
-215.326109 -24.080667 3829.416126
-215.665655 -22.284610 3824.477109
-215.098997 -25.205371 3824.397425
-214.725475 -26.965313 3824.368355
-214.827933 -26.493716 3826.695406
-215.122964 -25.090732 3821.689666
-214.292774 -28.862675 3822.050769
-214.518217 -27.883779 3822.684576
-214.458620 -28.142782 3823.687973
-214.461682 -28.129333 3818.742510
-213.165251 -33.292539 3818.334999
-213.201527 -33.158077 3820.636673
-213.557852 -31.828709 3817.967390
-212.559544 -35.436549 3817.713783
-212.580119 -35.365596 3818.525981
-212.250105 -36.487043 3815.868925
-211.825538 -37.866809 3814.979108
-211.145673 -39.977012 3816.803657
-211.797373 -37.957565 3813.857651
-209.946011 -43.437145 3813.746131
-210.073112 -43.083517 3812.956091
-208.674432 -46.792461 3812.663272
-208.664524 -46.817700 3811.380277
-208.159633 -48.075752 3811.979682
-207.334906 -50.064873 3810.065755
-206.769245 -51.364152 3811.356714
-204.190593 -56.835110 3809.520842
-204.156993 -55.561846 3809.249623
-202.613191 -59.966359 3809.697859
-201.164324 -60.349572 3809.251963
-199.950880 -61.534774 3809.252298
-198.270181 -65.507925 3809.251847
-196.392473 -65.972397 3809.252280
-195.985247 -65.169075 3809.252280
-193.744671 -70.380995 3809.252280
-190.932286 -71.361051 3809.252280
-191.144312 -70.837753 3809.252280
-189.325849 -73.816132 3809.252280
-186.746247 -75.243481 3809.252281
-187.272191 -76.061202 3809.252280
-182.860392 -79.438826 3809.252281
-181.476085 -79.996020 3809.252282
-177.622695 -80.399726 3809.252285
-173.252854 -83.713410 3809.249972
-171.064578 -85.901698 3809.249007
-169.037169 -87.119386 3809.268691
-167.336015 -88.118167 3811.796947
-163.904173 -91.076823 3812.503989
-163.454365 -91.448578 3813.769080
-160.700361 -93.643701 3812.790796
-159.244114 -94.296825 3815.043354
-160.098450 -94.105497 3813.724379
-155.514182 -94.681463 3814.656225
-156.341839 -93.092717 3814.925257
-154.828735 -95.473461 3814.799905
-151.111068 -95.143641 3814.649625
-151.434087 -96.438579 3814.473365
-145.688328 -95.584619 3815.126524
-147.797453 -94.327863 3815.115842
-145.113945 -96.124222 3815.035776
-142.621640 -93.805824 3814.981495
-140.707464 -96.672256 3814.714988
-139.091630 -93.613214 3815.086566
-137.726252 -92.744587 3814.866610
-137.070938 -93.590199 3814.798139
-136.349470 -91.983342 3813.792468
-134.832946 -92.646727 3815.049796
-134.456683 -91.701757 3812.822058
-135.241501 -89.917945 3811.649844
-133.815023 -88.925442 3811.660441
-131.262305 -91.045090 3812.306490
-130.044791 -87.004474 3811.666898
-130.853356 -86.505896 3811.645134
-127.123611 -86.300690 3811.674577
-125.731611 -85.385917 3811.675041
-124.479498 -84.509874 3811.676734
-123.410191 -82.909685 3811.676043
-121.671290 -78.656986 3811.670808
-120.776741 -77.130821 3811.673657
-120.673616 -74.416216 3811.671248
-117.904428 -74.081042 3811.668026
-119.591485 -72.277491 3811.672720
-116.842663 -71.519176 3811.638330
-118.030652 -69.584006 3811.667232
-120.127335 -66.996277 3811.670438
-118.481865 -65.923303 3811.655443
-120.815274 -62.193093 3811.658412
-123.030891 -60.555614 3811.666887
-121.325096 -58.865559 3811.734555
-124.463540 -58.486900 3811.664730
-121.151215 -58.357377 3812.009062
-126.233968 -54.992408 3811.965778
-129.537439 -54.224447 3811.927621
-131.155686 -54.104501 3811.797240
-133.292001 -53.652183 3812.060323
-135.735232 -53.005229 3812.719772
-136.105624 -52.370347 3813.735154
-138.255284 -52.831524 3813.705565
-142.602481 -53.668060 3814.273135
-144.012451 -54.524764 3814.521569
-146.317987 -56.170964 3814.803328
-147.667699 -55.810730 3815.017078
-148.654044 -54.672996 3814.992901
-150.268164 -55.578265 3815.092584
-150.405061 -54.202414 3814.987314
-153.543838 -55.053771 3815.265004
-155.253816 -56.662898 3815.211027
-156.768986 -56.008459 3815.185263
-157.608666 -52.809332 3815.273400
-159.023967 -56.934238 3815.148602
-161.323214 -55.205059 3814.980294
-161.316896 -56.154411 3814.979648
-163.022578 -55.481512 3815.024213
-165.231806 -54.502660 3815.171090
-164.810642 -55.628490 3815.339336
-166.540751 -56.884581 3814.893492
-167.010693 -54.014865 3815.023526
-167.511982 -52.759695 3814.966905
-169.445540 -57.286540 3815.119700
-171.619287 -54.282296 3815.082324
-171.434411 -51.778667 3815.234523
-171.232307 -56.808743 3815.171104
-172.806947 -53.353075 3815.060105
-175.794523 -51.758372 3815.325606
-174.303915 -51.517464 3814.870816
-176.617078 -55.761005 3815.210336
-177.821636 -52.633613 3815.170855
-179.723726 -50.051391 3815.291054
-178.683852 -53.282752 3815.247735
-180.406447 -53.942315 3814.902973
-181.652435 -50.444195 3815.294441
-182.298272 -48.359588 3815.228598
-181.910752 -52.176044 3814.867732
-183.767356 -50.019136 3815.101056
-184.115815 -48.380598 3815.290720
-184.579825 -45.548094 3815.274250
-186.097168 -52.198047 3814.910745
-187.575730 -46.953625 3815.220703
-188.773280 -44.634171 3815.265391
-188.517623 -49.221937 3814.855389
-190.148991 -46.245969 3814.945587
-191.804548 -42.153678 3814.904533
-192.048275 -46.425635 3814.913160
-193.748046 -41.779279 3814.660800
-193.531273 -40.363857 3815.115031
-195.026422 -41.253734 3814.601304
-197.110704 -36.585188 3815.038256
-196.795327 -41.116578 3814.755071
-198.765277 -34.935931 3814.558968
-198.658590 -39.153580 3814.996171
-199.187593 -34.936697 3814.517123
-201.263108 -34.132988 3814.867535
-202.550122 -31.090953 3814.767898
-202.408607 -32.209005 3814.354229
-203.456239 -28.306835 3814.127351
-203.012795 -30.210152 3813.342193
-204.449492 -24.313686 3813.250541
-204.574228 -23.722375 3812.513383
-205.211771 -20.500447 3812.770055
-205.553805 -18.526554 3812.090863
-205.869322 -16.512491 3810.730900
-206.253421 -13.696735 3810.533745
-206.469669 -12.153189 3809.513899
-206.845116 -8.012909 3809.563951
-207.338435 -5.970304 3809.250597
-208.946428 -4.354088 3809.252281
-209.254490 -5.021132 3809.252280
-210.199256 0.607765 3809.252281
-210.881734 1.001339 3809.252282
-210.825359 3.795659 3809.252282
-212.050783 5.439943 3809.252282
-213.209778 4.637573 3809.252282
-212.856202 12.125763 3809.252280
-213.984510 10.111316 3809.252280
-214.475175 9.514002 3809.252280
-214.492556 15.758735 3809.252279
-215.049044 18.743334 3809.252326
-215.129102 21.140359 3809.251563
-215.841309 22.881281 3809.420597
-215.705109 24.148387 3810.193480
-215.279499 26.387743 3810.511494
-214.209355 31.285640 3810.469061
-214.062723 31.887078 3811.527696
-214.323366 30.794475 3812.815331
-212.287804 38.430670 3812.159450
-212.863658 36.450348 3813.562839
-212.978028 36.040866 3814.295757
-211.693241 40.356988 3814.686593
-211.846609 39.863450 3815.699497
-210.911589 42.747053 3816.553963
-210.438053 44.116086 3816.213347
-210.738705 43.254281 3818.588418
-209.658765 46.279267 3817.576470
-209.604780 46.425105 3819.439795
-209.614945 46.397604 3821.045211
-208.565821 49.131785 3820.248883
-207.874475 50.835516 3820.062142
-208.561713 49.142181 3822.640087
-207.413997 51.935453 3823.104776
-206.265007 54.560061 3821.886594
-208.200760 50.039128 3824.958306
-206.570065 53.880560 3825.372204
-205.249003 56.761150 3825.221433
-207.239918 52.341523 3826.951266
-205.906802 55.351507 3828.274051
-204.122367 59.084296 3827.920851
-204.944293 57.403035 3829.114625
-204.299633 58.725127 3829.582153
-202.904390 61.469765 3830.453961
-203.587013 60.145337 3830.676738
-203.736469 59.852143 3832.515639
-202.412995 62.398036 3831.608305
-201.552247 63.983219 3831.305726
-202.073040 63.033345 3832.753844
-199.746602 67.149977 3834.162086
-201.492329 64.092126 3835.558720
-199.999425 66.721391 3834.850749
-199.295971 67.913067 3836.338073
-197.872214 70.234783 3837.245762
-198.655993 68.968267 3838.269480
-195.141840 74.412110 3838.499043
-195.874578 73.324159 3838.719137
-195.272004 74.220935 3839.860010
-191.856506 79.013788 3840.148521
-195.346749 74.110723 3841.152276
-196.274651 72.721794 3840.942914
-198.321398 69.513747 3839.942262
-199.423238 67.697138 3839.733512
-201.778450 63.571494 3839.882715
-202.828205 61.614164 3840.786314
-203.131137 61.042905 3841.525313
-202.569766 61.567044 3842.263546
-199.284260 66.010027 3842.292462
-199.017820 65.533173 3842.291564
-197.295394 68.459817 3842.291539
-196.047842 68.808631 3842.291603
-195.444541 66.663850 3842.291603
-192.251808 72.659525 3842.291603
-191.202733 71.483501 3842.291603
-191.056714 71.401907 3842.291603
-187.016009 76.131525 3842.291603
-187.324930 74.814864 3842.291603
-184.764314 77.805052 3842.291603
-183.365371 78.023845 3842.291603
-183.126249 75.953134 3842.291603
-178.274257 82.058482 3842.291602
-178.028374 80.469591 3842.296363
-177.690604 80.429593 3842.294016
-173.121630 84.970934 3842.248947
-173.221628 84.614304 3841.999892
-170.814966 87.050594 3842.077737
-170.174180 87.554408 3841.230653
-171.188669 86.574574 3839.705140
-165.127560 92.111810 3840.268194
-165.467184 91.821167 3838.945055
-165.352166 91.920416 3838.712505
-162.017072 94.674450 3838.461205
-163.570120 93.446919 3837.054696
-158.985432 96.612060 3836.836737
-158.315737 97.505826 3837.291069
-157.239935 97.013616 3836.488558
-159.326065 93.714028 3836.536198
-154.540307 96.139353 3836.719349
-162.084509 90.871705 3836.631313
-158.254464 93.340651 3836.756574
-162.801552 89.467379 3836.443624
-162.400372 87.433433 3836.468198
-158.785572 91.536995 3836.487206
-159.091806 88.636431 3836.474260
-165.123743 87.654206 3836.336917
-165.647794 84.852952 3836.811489
-167.446888 85.982110 3836.570660
-168.341894 84.255392 3836.454494
-169.823218 86.223819 3836.591654
-170.778585 83.445215 3836.639656
-171.734389 86.039693 3837.326992
-175.670225 80.747429 3836.560285
-174.622181 83.074570 3837.881053
-176.258359 81.157559 3836.965351
-177.268770 80.169757 3839.282283
-179.626639 77.416036 3837.222022
-181.670969 74.874383 3839.971670
-181.009328 75.710272 3840.357301
-184.030693 71.760524 3839.997427
-184.852212 70.624863 3840.990816
-185.325363 70.006844 3841.994671
-187.280982 67.165027 3842.044854
-188.674934 65.588641 3842.277197
-190.798905 62.782010 3842.294665
-190.151594 65.389654 3842.291538
-190.790313 62.174923 3842.270597
-191.931565 59.684726 3842.170108
-196.718747 53.857253 3842.291592
-197.417746 50.760085 3842.292539
-198.182753 46.814476 3842.183279
-200.766857 41.930480 3842.295640
-203.898701 39.741303 3842.291603
-203.246049 38.533079 3842.291603
-206.386592 35.334907 3842.291603
-207.470294 34.387960 3842.291603
-206.634739 33.523935 3842.291603
-209.220508 30.369589 3842.291603
-210.778132 31.742807 3842.291603
-209.979713 27.597241 3842.291603
-212.583449 25.939891 3842.291603
-212.975135 25.529878 3842.291603
-212.827114 22.818684 3842.291603
-214.625691 20.688011 3842.291569
-213.786354 20.122825 3842.291603
-216.431219 16.373449 3842.294702
-216.675730 17.856884 3840.381003
-217.123116 13.626314 3841.944305
-217.378562 11.122393 3838.838640
-217.385616 11.021812 3838.457779
-217.668324 6.152822 3837.727744
-217.556574 8.465527 3836.844662
-217.755340 2.796861 3835.926911
-217.747097 3.413459 3835.668459
-217.762707 2.056115 3834.706730
-217.763991 0.145019 3836.364274
-217.768452 1.302065 3832.952035
-217.729932 -2.127949 3832.918110
-217.697053 -3.236433 3834.843006
-217.724452 -2.314285 3830.768820
-217.613572 -5.281308 3830.892065
-217.504368 -7.254485 3833.020910
-217.603711 -5.478610 3829.670652
-217.462052 -7.871959 3829.767641
-217.317894 -9.792276 3829.460493
-217.246952 -10.592684 3831.977750
-217.421072 -8.456434 3826.920167
-217.147505 -11.687017 3827.106151
-216.966668 -13.384251 3827.261263
-216.970249 -13.351671 3829.594078
-217.127631 -11.879322 3824.378214
-216.726058 -15.405854 3824.882517
-216.554836 -16.713997 3824.785434
-216.642543 -16.047827 3827.430636
-216.761864 -15.129124 3821.837512
-216.296041 -18.489805 3822.557846
-216.047562 -20.076305 3822.543589
-216.134446 -19.540037 3824.660559
-216.436304 -17.554139 3819.358334
-215.602213 -22.628422 3819.205081
-215.349169 -23.960442 3821.041641
-215.639269 -22.433327 3817.872607
-215.282302 -24.300275 3817.747884
-215.167538 -24.877346 3818.633591
-215.168264 -24.872051 3820.364574
-214.510772 -27.916045 3815.877435
-214.498756 -27.968223 3817.062986
-213.932224 -30.347240 3814.513079
-213.390293 -32.458420 3813.986787
-213.205029 -33.145169 3815.960784
-213.363614 -32.557719 3812.421627
-212.642628 -35.150231 3813.818852
-212.909312 -34.224797 3811.273607
-211.066839 -40.215008 3812.593674
-210.581784 -41.640559 3810.853661
-210.279709 -42.504614 3811.855228
-208.845780 -46.362964 3809.725682
-208.400788 -43.983286 3809.252236
-207.578692 -49.499767 3809.679084
-204.626563 -51.405198 3809.252279
-204.504948 -51.032819 3809.252280
-203.432510 -55.138600 3809.252317
-201.295301 -56.889235 3809.252284
-201.787338 -57.978125 3809.252304
-198.635401 -60.995730 3809.252280
-198.050306 -58.828563 3809.252280
-196.887192 -64.154871 3809.252280
-194.133749 -64.877286 3809.252282
-193.820398 -65.009011 3809.252282
-192.294138 -68.373694 3809.252280
-189.990468 -69.588286 3809.252280
-190.051647 -71.067891 3809.252280
-186.396779 -73.213695 3809.252281
-186.164735 -71.284112 3809.252278
-184.277893 -75.407225 3809.252280
-181.889710 -76.544376 3809.252284
-179.140480 -78.932831 3809.252284
-175.155627 -80.492035 3809.624924
-173.518774 -82.167203 3810.768084
-169.838485 -85.811572 3812.079941
-167.888582 -87.620118 3811.925093
-172.154292 -83.555064 3813.228446
-175.052746 -80.550567 3812.034181
-176.082021 -79.431289 3811.378320
-177.211362 -78.169684 3810.418428
-180.698066 -74.120347 3809.422219
-182.401327 -72.375818 3809.251927
-185.049264 -70.352878 3809.252290
-186.252072 -70.243568 3809.252281
-187.917181 -68.968935 3809.252279
-190.563991 -65.585203 3809.252280
-190.805598 -66.983556 3809.252280
-192.939193 -62.603840 3809.252280
-195.095004 -60.955939 3809.252280
-195.078541 -62.519794 3809.252280
-198.309381 -55.396668 3809.252280
-198.018728 -57.975278 3809.252280
-199.290154 -56.455854 3809.252280
-201.401422 -52.338470 3809.252280
-201.634837 -53.967767 3809.252280
-203.154190 -48.814814 3809.252280
-205.283002 -46.556792 3809.252280
-205.101816 -48.649078 3809.252280
-207.937789 -40.829104 3809.252280
-208.164540 -42.962256 3809.252288
-209.370403 -41.541107 3809.252088
-211.502837 -37.118630 3809.244789
-211.577891 -38.667117 3809.902280
-212.948340 -33.812181 3809.434492
-213.815897 -30.811979 3811.085468
-213.274129 -32.889153 3811.918940
-215.316639 -24.125220 3812.057605
-214.402849 -28.384969 3813.050532
-215.629596 -22.482055 3813.638500
-214.799754 -26.624047 3813.629120
-215.780519 -21.641065 3814.860347
-216.165941 -19.346504 3814.289954
-216.049080 -20.064340 3815.332284
-216.681656 -15.747514 3815.948346
-216.181897 -19.240027 3817.033227
-216.624736 -16.185832 3816.993508
-217.063475 -12.501487 3817.674995
-216.788158 -14.926498 3819.093090
-216.928576 -13.731176 3818.930553
-217.189601 -11.230327 3818.887830
-217.385330 -8.958658 3818.768958
-216.965932 -13.390952 3822.403786
-217.378973 -9.050390 3822.640915
-217.577297 -6.002530 3822.436307
-217.537232 -6.737882 3820.752146
-217.330647 -9.642063 3825.247678
-217.583282 -5.884125 3824.761653
-217.694523 -3.317754 3824.413431
-217.695599 -3.282243 3823.119519
-217.577064 -6.006161 3827.686622
-217.696788 -3.244792 3827.130165
-217.761539 -0.109326 3826.635301
-217.761892 -0.073357 3825.699381
-217.704430 -2.989074 3829.848251
-217.767206 0.482383 3829.250842
-217.735798 4.006269 3829.969942
-217.768952 1.046480 3830.311375
-217.757806 2.549438 3830.389481
-217.710326 4.856830 3830.391462
-217.620838 7.199711 3830.099420
-217.721726 4.475985 3833.252390
-217.615900 7.298991 3832.259459
-217.375219 11.172178 3832.566880
-217.573862 8.136072 3835.302363
-217.326826 11.753742 3834.529555
-217.371613 11.222425 3836.050974
-217.265554 12.449975 3837.154847
-216.712941 17.570678 3836.671241
-217.003827 15.110420 3838.730072
-216.291532 20.583639 3838.572131
-216.659362 17.982917 3840.154886
-215.766704 23.786293 3837.004638
-216.514208 19.080227 3836.967280
-216.110549 21.756685 3835.745530
-216.359524 20.130863 3834.827509
-216.345050 20.227168 3833.775377
-216.766263 17.158779 3832.352330
-216.921750 15.857730 3834.640467
-216.763038 17.183418 3831.557387
-217.138775 13.832489 3830.107277
-217.299384 12.074460 3832.554422
-217.115346 14.069364 3829.858697
-217.321273 11.819875 3828.788166
-217.450336 10.103144 3829.339109
-217.313107 11.916997 3831.179299
-217.337867 11.622231 3825.846154
-217.558146 8.435374 3825.352274
-217.600249 7.612225 3828.127505
-217.605522 7.506383 3829.016472
-217.540223 8.777983 3823.292132
-217.716293 4.657571 3823.004443
-217.723262 4.425919 3826.263672
-217.719393 4.553249 3827.664589
-217.723379 4.421868 3821.101598
-217.768871 0.685848 3821.212844
-217.760607 -0.203514 3824.075534
-217.764309 0.174870 3820.037233
-217.752768 -0.956378 3820.001698
-217.753680 -0.866532 3820.760010
-217.737584 -1.837441 3822.344947
-217.728402 -2.189817 3816.934987
-217.556817 -6.403412 3817.117692
-217.525988 -6.919480 3819.711151
-217.627623 -5.000041 3815.082206
-217.334625 -9.616720 3816.179538
-217.419956 -8.473988 3817.646596
-217.193478 -11.187425 3814.912817
-217.089383 -12.261485 3815.108757
-217.175023 -11.384227 3812.793652
-216.887984 -14.090216 3813.730183
-216.820708 -14.663668 3811.927124
-216.183193 -19.234463 3812.754578
-216.104301 -19.732028 3810.807458
-215.497093 -23.182034 3812.162250
-214.905583 -26.070755 3809.629833
-214.764438 -24.331730 3809.246904
-213.982550 -29.375609 3809.308064
-212.100638 -31.206848 3809.252316
-210.678904 -33.132945 3809.252281
-209.524844 -35.990171 3809.252280
-208.275305 -36.199278 3809.252280
-208.640305 -39.571431 3809.252283
-205.679972 -41.297439 3809.252280
-205.629156 -39.451473 3809.252280
-204.306949 -44.349587 3809.252280
-202.395897 -46.764351 3809.252280
-201.206312 -48.302932 3809.252280
-200.872915 -50.145727 3809.252280
-198.795813 -52.664517 3809.252280
-197.965112 -52.900953 3809.252280
-197.433585 -54.706831 3809.252280
-195.216940 -55.837669 3809.252280
-195.671044 -57.509924 3809.252280
-192.041369 -61.526854 3809.252280
-190.614449 -61.632115 3809.251025
-190.240766 -64.802680 3809.252280
-186.965007 -66.509302 3809.249242
-185.615211 -67.474001 3809.908518
-183.624028 -70.248149 3810.498591
-182.325055 -71.968070 3811.192689
-181.399531 -73.155195 3812.389901
-178.912196 -76.200665 3811.218619
-177.164813 -78.226033 3813.680561
-177.510977 -77.837452 3814.155765
-175.828019 -79.715966 3813.896878
-174.618736 -78.865280 3814.775978
-171.352897 -83.109905 3814.979682
-169.363459 -83.803427 3814.974815
-171.009869 -84.688777 3814.201602
-168.314359 -82.697003 3814.883277
-167.199626 -82.106859 3815.120988
-165.990553 -84.934922 3814.943403
-162.294166 -85.983805 3814.454881
-162.433889 -88.149517 3814.780036
-163.378778 -88.495400 3814.890450
-164.395302 -90.575607 3814.777516
-159.203274 -90.331855 3814.768122
-160.015374 -89.170385 3814.877566
-158.072444 -91.494894 3814.740701
-155.324646 -89.879279 3815.076331
-154.618624 -93.443842 3814.546640
-151.337530 -92.023507 3814.712704
-151.601800 -93.643920 3814.873640
-148.913708 -92.282034 3814.583493
-149.439196 -93.619691 3814.691874
-144.438803 -91.630025 3815.014057
-145.440280 -90.025825 3814.509485
-143.315007 -92.183554 3814.737701
-141.089834 -91.406519 3813.751487
-140.885543 -92.214879 3814.788306
-137.872630 -91.364568 3812.695395
-139.913208 -88.842690 3811.636857
-139.977539 -87.275286 3811.664779
-135.914428 -88.258049 3811.669742
-134.172613 -86.183031 3811.681080
-132.591644 -85.581385 3811.971969
-130.481086 -84.543882 3812.550639
-128.961564 -84.978051 3811.725852
-126.415439 -83.732138 3811.691285
-125.501722 -82.511601 3811.706020
-124.324586 -80.138154 3811.860453
-123.802661 -78.529675 3811.961015
-122.894947 -77.001616 3811.771425
-122.750684 -74.884500 3811.814777
-123.109719 -70.978036 3812.068485
-120.918166 -72.372203 3811.666697
-120.330254 -68.227119 3811.670228
-121.335783 -66.309497 3811.663715
-123.146751 -63.805307 3811.640998
-124.427516 -62.470212 3811.635601
-125.474267 -61.000831 3811.626746
-126.450340 -59.376378 3811.648204
-126.252099 -58.013234 3811.664091
-128.165564 -57.273933 3811.662699
-132.518015 -55.725504 3811.647866
-134.475376 -55.726628 3811.646421
-137.670080 -56.236524 3811.652746
-138.398609 -56.066717 3811.646506
-141.241671 -56.185122 3811.620013
-142.684524 -56.355128 3811.614743
-143.687832 -55.235170 3812.516471
-144.958439 -56.027382 3812.532895
-146.830883 -57.036431 3813.411042
-148.590404 -59.374267 3814.705268
-149.745172 -59.005722 3814.894580
-151.431954 -58.134385 3815.063505
-152.366290 -59.323188 3815.361047
-153.425611 -58.306064 3814.862862
-156.311628 -59.612997 3814.798583
-156.670628 -58.103796 3814.924888
-158.352567 -60.214185 3814.977944
-161.261385 -58.723591 3814.818880
-160.302897 -62.330352 3815.115925
-162.587511 -60.879046 3815.163488
-163.482447 -58.464649 3814.939305
-163.348172 -61.959402 3814.856471
-165.730824 -61.352122 3814.979088
-168.037741 -58.571516 3814.920973
-166.026379 -61.821721 3815.030050
-168.232465 -60.393265 3814.793560
-171.048992 -58.776415 3815.230826
-169.332978 -58.734160 3815.189636
-171.114024 -61.871634 3814.953082
-173.989190 -59.081469 3814.904625
-174.477587 -56.805230 3815.044775
-173.466963 -61.757854 3814.945010
-175.108628 -58.501047 3815.039164
-178.407134 -57.230088 3815.029227
-176.249876 -56.642317 3814.953558
-178.694728 -59.961023 3814.915212
-178.925991 -56.972665 3815.140437
-181.215846 -53.844016 3815.097130
-181.006610 -58.785781 3814.981983
-183.972238 -56.506592 3814.875617
-185.788688 -52.295626 3814.929769
-184.116268 -56.947948 3814.960739
-186.215084 -55.861136 3814.806553
-188.218179 -50.887616 3814.857059
-187.594763 -55.518703 3814.759415
-188.961672 -51.429880 3814.914984
-189.454401 -49.604387 3814.980530
-191.290159 -51.219949 3814.978815
-193.324640 -46.027989 3814.930207
-193.855801 -48.964103 3815.077196
-196.017471 -43.371617 3815.059664
-195.882215 -48.004002 3815.170496
-197.969001 -41.914857 3814.609844
-197.102518 -46.674578 3814.646929
-199.339916 -41.073349 3814.564536
-199.602619 -40.818067 3813.937270
-200.435845 -38.543160 3814.155011
-200.170688 -39.279557 3812.579339
-202.635010 -31.579502 3812.795890
-202.052169 -33.573224 3811.977587
-202.457961 -32.194855 3811.481010
-204.335299 -24.832764 3811.936537
-204.275053 -25.102121 3810.461019
-205.542163 -18.596010 3810.252725
-205.657084 -19.213908 3809.279177
-206.237340 -21.256787 3809.252185
-206.693445 -13.973959 3809.247178
-208.528390 -12.391065 3809.252280
-209.338611 -7.967302 3809.252280
-210.115078 -9.406644 3809.252280
-210.193674 -4.298549 3809.252280
-211.569270 -3.092672 3809.252281
-212.001708 -5.889089 3809.252281
-212.963113 1.715860 3809.252280
-213.920631 0.267135 3809.252280
-214.425936 2.576482 3809.252281
-215.079967 7.775484 3809.252284
-215.975715 5.516893 3809.252308
-216.161207 8.084203 3809.252119
-216.497425 13.678713 3809.248199
-216.746343 13.913102 3809.271026
-217.152808 13.743161 3809.906095
-216.483475 19.321829 3810.008495
-215.800037 23.600006 3810.527651
-215.777752 23.723452 3811.876395
-216.167948 21.401781 3812.760957
-214.762018 28.864000 3812.583383
-215.006715 27.708939 3814.126476
-214.569609 29.723505 3814.688134
-213.724689 33.240012 3815.258444
-214.207328 31.294073 3816.516578
-213.414199 34.434261 3815.781701
-213.167111 35.349424 3817.138540
-212.784784 36.723533 3817.301988
-211.644385 40.514055 3818.982241
-213.042701 35.807393 3819.201755
-212.251318 38.552493 3820.584195
-211.193929 41.894682 3820.318025
-211.716707 40.280621 3821.970554
-211.313130 41.533527 3822.406239
-210.261054 44.621909 3823.676039
-210.388219 44.258382 3821.830935
-210.828536 42.991005 3825.663735
-209.761788 46.000516 3824.600638
-209.362290 47.076209 3824.788724
-210.176003 44.863395 3828.311814
-208.450681 49.422646 3828.134585
-207.285723 52.234755 3827.028559
-209.145220 47.648995 3829.744708
-207.825107 50.956014 3829.778910
-206.108804 54.906943 3829.741137
-208.348759 49.677672 3830.863330
-207.156362 52.535813 3832.632046
-205.113211 57.049695 3832.506792
-207.026899 52.836885 3833.241238
-204.965095 57.359324 3834.535963
-204.341370 58.640025 3833.030885
-204.245396 58.835746 3835.300872
-202.281888 62.643834 3835.637627
-204.432405 58.454445 3837.278311
-204.647361 58.015670 3837.607964
-205.188910 56.889098 3838.613657
-204.607730 58.096600 3839.354673
-204.956157 57.378380 3840.906575
-205.396111 56.454642 3841.766917
-204.711092 55.285562 3842.291721
-204.204676 54.677704 3842.291595
-200.902643 61.314865 3842.291598
-200.432307 59.405949 3842.291603
-199.244916 60.614091 3842.291603
-196.570066 64.780719 3842.291603
-196.659956 62.479105 3842.291603
-194.816494 66.892534 3842.291603
-193.273043 66.995015 3842.291603
-193.487512 64.812216 3842.291603
-189.453265 71.205191 3842.291603
-189.608133 68.956134 3842.291603
-187.886546 70.353926 3842.291603
-185.025290 73.632926 3842.291603
-184.946577 71.948378 3842.294699
-182.260261 76.069198 3842.291593
-180.831760 76.156203 3842.205355
-182.085323 74.341689 3841.223746
-176.787656 80.708582 3841.448573
-178.076273 79.242712 3840.326690
-176.557776 80.968138 3839.924628
-172.765807 85.002842 3839.637325
-174.238421 83.479673 3838.634982
-170.327365 87.409809 3839.141292
-169.985818 87.735562 3837.865152
-170.315681 87.398348 3836.866909
-168.085517 88.790154 3836.458093
-164.775506 92.416455 3837.458661
-166.418632 88.713343 3836.588082
-188.512932 68.415891 3842.291603
-189.011017 67.472357 3842.291597
-191.726586 65.259082 3842.291603
-193.105777 62.734751 3842.291603
-194.874022 59.398664 3842.291603
-194.828515 58.831650 3842.291603
-198.136227 53.633339 3842.291603
-200.127899 50.577395 3842.291603
-199.625227 48.878812 3842.291602
-203.071908 44.951409 3842.291603
-203.051244 43.371318 3842.291603
-205.064194 41.593504 3842.291603
-206.464653 40.769350 3842.291603
-207.284569 37.996304 3842.291603
-208.696923 38.828836 3842.291603
-207.974945 35.998781 3842.291603
-211.348675 33.914837 3842.291603
-211.655190 34.258981 3842.291592
-212.057170 30.162586 3842.291600
-213.468840 28.523465 3842.291625
-214.621249 28.050811 3842.278390
-215.089968 24.687107 3842.287244
-214.277450 30.991017 3840.657718
-213.844768 32.774021 3841.893560
-214.871000 28.355542 3839.470682
-214.722081 29.046356 3838.431883
-214.895106 28.240652 3836.873348
-215.321463 26.167856 3838.184598
-214.816558 28.612401 3835.435813
-215.467811 25.400219 3836.262121
-214.944806 28.003504 3833.238053
-215.487303 25.297670 3834.441762
-215.294474 26.309581 3830.303422
-216.105793 21.786926 3830.475943
-216.115641 21.724637 3833.681558
-215.908158 22.960920 3828.442737
-216.333179 20.306194 3828.458358
-216.581622 18.578296 3830.972211
-216.303130 20.506286 3827.217917
-216.633318 18.183156 3825.999910
-216.748705 17.294772 3828.305215
-216.832894 16.638042 3824.684373
-217.009501 15.058748 3825.127799
-217.251202 12.609051 3824.823212
-217.213071 13.033317 3827.514525
-217.131571 13.905891 3821.656759
-217.417693 10.568396 3821.700825
-217.527271 8.988051 3823.485816
-217.493829 9.478449 3819.932407
-217.593622 7.743964 3819.717753
-217.612998 7.356631 3821.129756
-217.651437 6.580464 3818.132784
-217.688806 5.574151 3817.905200
-217.713870 4.738899 3818.868965
-217.752767 3.039273 3816.578927
-217.759777 2.350274 3815.849491
-217.768019 0.645927 3817.386041
-217.770314 1.201931 3814.367966
-217.754817 -0.772342 3815.254599
-217.752700 -0.985967 3813.337127
-217.659234 -4.317729 3814.089556
-217.640831 -4.730456 3811.768487
-217.341155 -9.532782 3813.178190
-217.200977 -11.112992 3810.491782
-217.162881 -11.562591 3810.233910
-216.815621 -14.701025 3810.805577
-216.219695 -16.990332 3809.272151
-216.338468 -18.223716 3810.285509
-214.251599 -22.289394 3809.252298
-213.203095 -19.720450 3809.252280
-213.463259 -25.760810 3809.252309
-210.651384 -27.223766 3809.252280
-210.439315 -27.131761 3809.252281
-209.798208 -31.111270 3809.252282
-207.986366 -32.896670 3809.252280
-208.377478 -34.329901 3809.252281
-205.671086 -37.382112 3809.252280
-203.884769 -38.986843 3809.252282
-202.540961 -42.080172 3809.252280
-199.700867 -46.945785 3809.252280
-198.564814 -50.250632 3809.252280
-197.181424 -52.063814 3809.252280
-193.452586 -55.057751 3809.262873
-191.969711 -57.320999 3809.773536
-190.396627 -60.062313 3810.405668
-188.325611 -63.426767 3811.278420
-187.161178 -65.210916 3810.529589
-185.266754 -67.977520 3812.198490
-185.913869 -67.051081 3812.904427
-183.157381 -70.873292 3812.260970
-181.405348 -73.151443 3814.098436
-181.699579 -72.773945 3812.847761
-178.634021 -74.289935 3815.024047
-178.314827 -76.901913 3814.083695
-176.716682 -76.216827 3815.026532
-176.091335 -77.767941 3814.626601
-174.060970 -76.202622 3814.999282
-173.555553 -78.118469 3814.836999
-171.482896 -76.814267 3814.952420
-168.649559 -80.046690 3814.853656
-167.671335 -78.693378 3814.853910
-166.596899 -79.630994 3814.742108
-164.684499 -81.588201 3814.714556
-163.257406 -81.981731 3814.867592
-164.227882 -82.698973 3814.773645
-161.486532 -82.771305 3815.090131
-163.090403 -84.136203 3815.039473
-158.714893 -83.502580 3814.964923
-159.239967 -87.290697 3814.839452
-156.486214 -86.785343 3815.064758
-158.556037 -88.022617 3815.018409
-155.134083 -85.909840 3814.789669
-153.671207 -88.642480 3815.258552
-153.515551 -86.283550 3814.810150
-151.310092 -87.563642 3815.005653
-152.927659 -88.533275 3815.077492
-149.368856 -87.220449 3813.273338
-149.002340 -89.307862 3814.962037
-147.236923 -88.616071 3813.170391
-146.175545 -90.167633 3814.295431
-143.739574 -87.857043 3811.621607
-142.509434 -87.919519 3811.640184
-142.269834 -88.890923 3811.665367
-140.649381 -86.906893 3811.663455
-138.724283 -85.283794 3811.677580
-136.542193 -85.037532 3812.353585
-137.913283 -83.545614 3814.142339
-141.169544 -83.171048 3812.400250
-142.947795 -82.015777 3811.999215
-143.414771 -81.933317 3811.780702
-145.829518 -85.157897 3811.651228
-148.947482 -83.223602 3811.668814
-145.204953 -80.384666 3811.638147
-147.668325 -80.935525 3811.629547
-146.907855 -79.973885 3811.641314
-148.522067 -78.722989 3811.624771
-147.373567 -78.505322 3811.634417
-144.846490 -75.093748 3811.642039
-144.553606 -74.818130 3811.642665
-143.248414 -74.573501 3811.642389
-140.076101 -71.805778 3811.685842
-141.559714 -74.796835 3811.632678
-138.640930 -72.820126 3811.634946
-136.262840 -72.087906 3811.611783
-135.872017 -74.555266 3811.638133
-134.855599 -74.752306 3812.036934
-134.260985 -75.600145 3812.634899
-139.012397 -77.839529 3813.358855
-139.281365 -78.141709 3814.606752
-137.388877 -78.996872 3815.202026
-138.540373 -80.304330 3815.126556
-137.960012 -82.662796 3814.734375
-134.260889 -83.854292 3814.703737
-134.048537 -83.229649 3814.796219
-131.202936 -84.093763 3813.695428
-128.580791 -81.063640 3814.898724
-127.091023 -80.472185 3814.825491
-125.791688 -79.274320 3815.037651
-125.928826 -76.743470 3814.804652
-124.957686 -75.639257 3814.857737
-125.042418 -74.172781 3815.049163
-124.133565 -72.097182 3814.737172
-123.866899 -72.522456 3813.072978
-123.826938 -70.543689 3813.627062
-124.478334 -67.423667 3814.812975
-124.949567 -65.850080 3813.732435
-125.567518 -64.592343 3814.281569
-124.866861 -64.404863 3812.491873
-126.853668 -62.389106 3812.792012
-128.856090 -60.780355 3812.602036
-131.066922 -60.442615 3813.523215
-132.449584 -60.030324 3813.089467
-133.872094 -59.765100 3812.779431
-136.580673 -59.699774 3812.445992
-138.036567 -59.845784 3811.998827
-138.259666 -58.474933 3811.625174
-141.151074 -58.987046 3811.647840
-143.295184 -60.891845 3811.643291
-144.708847 -60.988255 3811.647088
-145.777810 -61.480866 3811.645380
-143.990790 -62.925176 3811.617506
-147.109364 -62.722962 3811.593729
-147.681252 -63.917003 3811.955111
-147.003731 -65.229327 3814.668472
-150.494104 -64.962372 3815.018947
-150.804677 -67.217499 3814.949668
-150.611918 -67.555657 3815.072533
-154.641802 -68.671386 3815.024793
-152.958020 -69.695240 3814.965412
-156.006361 -70.411227 3815.040035
-157.352216 -67.991445 3814.987074
-156.939144 -72.830710 3814.747749
-159.999742 -71.890912 3814.971432
-161.639277 -69.661269 3815.161504
-160.096059 -73.663629 3815.253997
-162.118276 -73.630655 3815.166111
-164.648180 -72.961610 3814.646617
-163.989924 -71.693210 3814.783316
-163.942553 -75.229387 3815.083603
-165.678130 -74.116816 3814.996896
-168.573570 -71.976922 3814.800748
-167.234675 -71.501999 3815.232923
-168.745283 -75.127354 3815.155127
-169.754215 -72.251123 3815.208538
-172.061173 -69.698058 3815.056553
-171.762450 -74.957111 3815.129466
-173.481769 -71.265236 3814.992997
-175.365980 -69.628816 3814.945592
-176.491869 -71.699501 3814.759473
-180.637335 -67.513856 3814.844455
-178.022630 -72.207310 3815.055965
-180.997559 -67.535257 3814.964876
-180.463394 -70.736041 3814.964130
-185.045984 -65.627554 3814.858568
-183.892151 -68.781595 3814.807617
-188.329540 -62.632241 3814.789645
-186.356346 -66.392286 3814.054142
-190.550442 -59.806387 3813.823821
-189.972592 -60.772806 3813.595670
-191.981272 -57.313003 3813.652915
-192.318553 -56.701578 3812.589194
-191.483166 -58.193937 3811.157558
-195.423993 -50.664191 3811.700062
-196.584906 -48.164568 3811.063295
-196.206226 -48.984392 3809.601892
-199.065432 -42.684541 3809.310331
-201.394630 -37.963376 3809.248326
-203.579611 -32.600321 3809.252143
-204.946390 -33.867214 3809.252282
-207.035847 -28.750442 3809.252280
-207.816853 -25.824502 3809.252280
-208.797015 -25.791162 3809.252280
-209.777910 -19.602406 3809.252280
-210.742236 -20.540991 3809.252281
-211.112837 -21.993095 3809.252282
-212.944274 -13.996183 3809.252280
-213.120464 -14.870729 3809.252281
-214.182625 -13.043444 3809.252280
-214.732708 -9.815875 3809.252282
-215.813758 -10.369769 3809.252313
-216.222309 -3.708409 3809.252314
-217.556245 -4.414527 3809.369752
-217.562268 -6.365105 3809.841039
-217.765915 1.729986 3810.867887
-217.769837 1.200243 3811.260961
-217.756900 2.641265 3811.996369
-217.682293 5.775428 3812.322292
-217.676716 5.964072 3813.570782
-217.336046 11.652630 3813.262420
-217.457976 9.993971 3815.294558
-217.368601 11.248062 3816.036242
-217.208058 13.087906 3816.655646
-216.644901 18.094298 3815.632768
-217.126564 13.956761 3817.828595
-216.505356 19.142310 3818.303547
-216.657468 17.997531 3819.454240
-216.498672 19.187563 3819.474735
-215.997057 22.437575 3820.441423
-216.204733 21.162516 3821.210514
-216.208498 21.137409 3822.861239
-215.765956 23.790335 3821.361618
-215.500044 25.230535 3821.511464
-215.725385 24.024072 3824.411492
-215.231864 26.621468 3824.387572
-214.634070 29.442325 3823.325085
-215.615780 24.618742 3826.909503
-214.813301 28.627262 3827.095879
-214.149678 31.535870 3827.328988
-215.089513 27.314844 3829.061851
-214.460428 30.198765 3830.005312
-213.413870 34.435514 3830.261539
-213.846397 32.754495 3831.600332
-213.585974 33.783810 3831.322146
-212.804641 36.655158 3832.281900
-213.098673 35.602763 3833.180961
-213.013800 35.911294 3833.343278
-211.732587 40.229727 3834.473631
-212.800676 36.668779 3835.231043
-211.465772 41.066952 3835.806612
-211.241637 41.750129 3834.719833
-211.111260 42.145066 3837.264610
-210.195076 44.809433 3836.574236
-209.733013 46.078629 3838.192928
-210.161424 44.905504 3839.784393
-207.279658 52.248741 3839.437023
-207.797749 51.022525 3840.611255
-208.297481 49.806894 3841.259344
-206.863903 51.943378 3842.294507
-206.540797 50.626020 3842.291598
-204.941950 54.184736 3842.291615
-204.179284 52.892662 3842.291603
-203.075296 51.604575 3842.291603
-200.570931 58.354285 3842.291603
-200.118127 56.358296 3842.291603
-199.966658 55.495768 3842.291603
-196.933361 60.603858 3842.291603
-196.358010 60.016650 3842.291603
-197.669952 56.575416 3842.291603
-199.209994 53.610614 3842.291603
-200.429430 50.517217 3842.291603
-202.042116 47.244046 3842.291603
-204.538714 46.872239 3842.291603
-204.722782 47.823933 3842.291603
-205.400814 44.940070 3842.291603
-208.014104 43.324257 3842.291603
-206.847820 42.756114 3842.291603
-210.364440 39.085484 3842.291571
-211.389161 40.647047 3842.233209
-211.437225 35.634009 3842.291553
-213.324286 34.776666 3841.547003
-212.302254 38.383389 3841.103595
-212.953754 36.127515 3839.600502
-212.724743 36.930863 3838.804349
-213.637193 33.589684 3838.955041
-213.256774 35.017221 3836.391251
-213.394224 34.508291 3834.749013
-214.388272 30.512519 3836.269092
-211.372931 41.351598 3838.519737
-210.653951 43.499214 3839.930726
-210.902088 42.776783 3840.371497
-210.626585 43.579385 3841.091840
-209.424226 46.919359 3841.563044
-208.939085 46.346949 3842.294681
-208.485185 44.087702 3842.291598
-210.459762 42.428410 3842.297112
-205.988751 47.208277 3842.291603
-201.738946 52.130295 3842.291603
-207.681509 51.301195 3838.329742
-207.014887 52.864829 3837.362695
-207.948611 50.654627 3836.662213
-207.919764 50.725038 3835.386607
-208.884328 48.318276 3836.529230
-208.736519 48.697090 3833.600347
-210.002234 45.346184 3834.238795
-210.301969 44.504626 3832.708934
-210.189674 44.824405 3831.171969
-211.318596 41.516985 3832.148793
-211.367911 41.367615 3830.399795
-211.375488 41.344600 3828.882933
-212.111263 39.008210 3830.083901
-211.630759 40.555559 3831.908918
-212.249973 38.557264 3826.901257
-212.938761 36.181740 3826.820884
-213.005730 35.940751 3830.440598
-212.360338 38.183145 3824.380572
-213.524500 34.018145 3824.386219
-213.527804 34.005569 3826.689587
-213.230567 35.114229 3822.248931
-213.863665 32.685382 3821.541460
-214.243157 31.140220 3823.689846
-214.433894 30.314196 3819.996028
-214.782485 28.769083 3820.279803
-214.680011 29.239476 3821.265502
-215.121317 27.163593 3818.741743
-215.129424 27.124697 3817.747062
-215.628187 24.553096 3819.667399
-215.404541 25.732991 3816.294441
-216.131880 21.623534 3816.050757
-215.730634 23.993132 3818.653195
-216.467145 19.404230 3814.910073
-216.586829 18.536819 3813.721135
-216.804479 16.864987 3814.431183
-216.903904 16.019233 3812.449855
-217.075091 14.457464 3813.893401
-217.489807 9.539062 3811.539338
-217.295398 12.115285 3810.930134
-217.607651 7.463336 3811.735354
-217.684854 5.351950 3809.514799
-217.640206 4.680834 3809.349126
-217.724548 2.207364 3809.464060
-216.415106 -0.657615 3809.252256
-217.321834 -1.040194 3809.244151
-214.938670 -5.023216 3809.252282
-213.610380 -3.842894 3809.252280
-214.369130 -8.315748 3809.252280
-211.789391 -10.844775 3809.252280
-211.520357 -10.642111 3809.252282
-211.606685 -13.638741 3809.252281
-210.066271 -16.187406 3809.252280
-210.637528 -17.071668 3809.252281
-208.520024 -21.129828 3809.252280
-207.262516 -20.119544 3809.252284
-206.181120 -23.705715 3809.252284
-204.990359 -25.517423 3809.249920
-203.653156 -27.955451 3809.501666
-202.235233 -32.956935 3810.157911
-200.222462 -39.134396 3810.573650
-199.011935 -42.381331 3810.846725
-198.407804 -43.904915 3811.750450
-198.207853 -44.393282 3812.562036
-196.199353 -49.015378 3811.765869
-195.789667 -49.891473 3813.535324
-195.038925 -51.394928 3814.277322
-193.305364 -54.798899 3814.499973
-192.659204 -54.033988 3815.046324
-190.759452 -56.109659 3814.919185
-192.811610 -55.786644 3814.288981
-188.622308 -57.940582 3814.925130
-189.991319 -59.443543 3814.855978
-186.300547 -60.250057 3814.939666
-187.521577 -61.069574 3814.924533
-183.790318 -62.076059 3814.948070
-183.115362 -64.327766 3815.083678
-182.025561 -60.682164 3814.760000
-178.756606 -65.512808 3814.878035
-181.741271 -65.725469 3814.793395
-177.597505 -63.964740 3815.198017
-176.879954 -67.121772 3815.057369
-178.071704 -67.240594 3814.874036
-173.914515 -65.522554 3815.130329
-171.613278 -67.466189 3814.975752
-174.188245 -69.617657 3814.983376
-171.186221 -65.449663 3815.235920
-168.499015 -67.027620 3815.147016
-171.294357 -68.340113 3814.757922
-167.833280 -66.581479 3814.905175
-166.250249 -65.396520 3815.133711
-165.669710 -68.852310 3815.084106
-166.775964 -71.105324 3815.120925
-164.004117 -65.684688 3814.905857
-161.091210 -66.254371 3815.008799
-161.645446 -68.753465 3815.005291
-159.515665 -66.043988 3815.296750
-159.100434 -66.815697 3815.220308
-158.312358 -68.146490 3815.223857
-157.471662 -64.349904 3815.003721
-155.642964 -65.839826 3815.258641
-154.193269 -63.925291 3814.950988
-152.580932 -64.541513 3815.269216
-151.783048 -62.252963 3814.780423
-150.047758 -61.770954 3814.070983
-149.945314 -63.720799 3813.203961
-148.903677 -61.308969 3812.411574
-155.430353 -63.570829 3814.937613
-158.646443 -63.162686 3815.390642
-161.913997 -63.597354 3814.869807
-166.350898 -63.900860 3814.869313
-170.487566 -63.855037 3815.190612
-172.197150 -64.672858 3815.146180
-177.025659 -63.679851 3815.320927
-175.366632 -62.598167 3815.085723
-179.263666 -60.947127 3814.952477
-182.406446 -59.469860 3815.005138
-189.211897 -56.449464 3815.081228
-191.946657 -52.609886 3814.869001
-193.392376 -50.601898 3814.934465
-197.888256 -45.168574 3813.096264
-200.084626 -39.520691 3811.538470
-202.510574 -32.013475 3810.743098
-205.646216 -23.324367 3809.251424
-207.899353 -16.250750 3809.252282
-210.529551 -10.354015 3809.252281
-213.264960 -3.727292 3809.252280
-215.333435 0.251583 3809.252281
-217.582595 7.260932 3809.458970
-217.254462 12.573008 3811.335280
-216.568849 18.672276 3812.805550
-215.482718 25.321833 3815.215269
-214.600363 29.589089 3815.531543
-214.210207 31.281421 3817.801985
-213.493811 34.135094 3819.592776
-212.891474 36.352405 3822.106034
-211.646610 40.507056 3823.745615
-210.554272 43.784218 3826.650414
-209.584984 46.478525 3829.469897
-208.683284 48.833592 3831.632766
-207.361424 52.057996 3833.524383
-206.850258 53.244550 3835.398572
-214.434140 30.313134 3833.891185
-214.783206 28.765870 3832.018545
-215.179509 26.879134 3829.737196
-216.033266 22.224478 3827.664904
-216.571258 18.656725 3824.930264
-216.950213 15.598340 3821.760308
-217.198719 13.191597 3819.665093
-217.498139 9.416494 3818.479648
-217.539178 8.771895 3816.065781
-217.762034 -0.061959 3813.121919
-217.577544 -6.010711 3810.612265
-216.485162 -11.611636 3809.246533
-213.582272 -17.052135 3809.252280
-212.757293 -21.281367 3809.252281
-209.575100 -26.643193 3809.252281
-206.095431 -33.131188 3809.252280
-198.543721 -46.163210 3809.251895
-192.612917 -56.164216 3810.965982
-188.602282 -62.989282 3812.420810
-185.148544 -68.147957 3814.243109
-182.751047 -71.023712 3814.617915
-176.002334 -73.640334 3814.980773
-173.190764 -75.662041 3814.812391
-169.002726 -77.063084 3815.194059
-165.161710 -77.979089 3814.980406
-161.604136 -75.583049 3814.765594
-164.140507 -77.580301 3815.092982
-160.707731 -77.894609 3815.043762
-159.791963 -78.486820 3815.008978
-160.860704 -79.757620 3815.183235
-159.078331 -75.534769 3815.316666
-156.179449 -75.205627 3814.951907
-157.196994 -76.894161 3815.244803
-156.898584 -79.522053 3815.055791
-153.707007 -74.039642 3814.999802
-153.781484 -76.750814 3814.814794
-155.968943 -79.328398 3815.120925
-151.304353 -75.698715 3814.671421
-151.366200 -78.388625 3814.628959
-150.354687 -76.371630 3812.672139
-150.508998 -78.597660 3812.834584
-152.098429 -81.328252 3814.884185
-150.391328 -80.336523 3812.704464
-151.388675 -82.538790 3814.511004
-150.059493 -83.157182 3812.364444
-150.698485 -85.414161 3813.971816
-150.290991 -74.205902 3812.597678
-147.478658 -71.764563 3811.665346
-147.316709 -75.516770 3811.633530
-147.258954 -70.429877 3812.929507
-144.104685 -70.659638 3812.634472
-142.688254 -70.325776 3813.072639
-142.012332 -70.897479 3812.327480
-139.654570 -69.137618 3814.764522
-141.230335 -71.395454 3811.872225
-138.247400 -70.136165 3813.300016
-136.949238 -70.143695 3814.463418
-134.693418 -70.583357 3814.228903
-135.978942 -70.965002 3812.261254
-131.757057 -71.787836 3815.193781
-132.395912 -72.516152 3815.101494
-132.395536 -73.554252 3815.364006
-132.157498 -74.763149 3814.479670
-133.928809 -76.428755 3814.543423
-133.809511 -77.632539 3815.109558
-133.722093 -79.672870 3815.325139
-134.829526 -80.564300 3815.216828
-132.119920 -82.289286 3814.745593
-129.686224 -80.740990 3815.275862
-128.003351 -79.041003 3814.689813
-127.800320 -75.170903 3814.934562
-127.779270 -73.220725 3815.309602
-128.011608 -72.067180 3815.085417
-127.960393 -70.667812 3815.250053
-128.578988 -68.403703 3814.876362
-124.816976 -68.448638 3814.700200
-126.440775 -65.505937 3814.765349
-126.464803 -65.428474 3814.754877
-130.169466 -63.670379 3815.010213
-132.759588 -63.341430 3814.982856
-130.763560 -61.494493 3814.723681
-132.958637 -60.122842 3813.869316
-135.176059 -60.435265 3814.128919
-136.490878 -60.387236 3814.681863
-139.019853 -62.121397 3814.799546
-140.289397 -62.892122 3813.845802
-139.792879 -61.969381 3812.905906
-142.580618 -64.518148 3812.268615
-144.102283 -64.161183 3811.713471
-143.132684 -65.111962 3812.610663
-145.686187 -65.391913 3813.922497
-145.376495 -65.773919 3814.763547
-146.177313 -67.702066 3815.425574
-148.262768 -67.689906 3814.870410
-148.199307 -70.300141 3813.120143
-151.667166 -70.970384 3815.223571
-150.734953 -71.834145 3813.657264
-152.880670 -72.631943 3814.860351
-149.836363 -72.018698 3812.171061
-147.692562 -70.140015 3813.356489
-144.029760 -69.997978 3814.364682
-142.063142 -68.461536 3815.052662
-140.750417 -68.288732 3815.204817
-138.840574 -66.995474 3814.698917
-135.893815 -65.373614 3814.977756
-135.009794 -65.357760 3814.733531
-132.753212 -67.707994 3815.102284
-131.120393 -69.048018 3815.149193
-131.742092 -69.734220 3814.786669
-129.584080 -66.224512 3815.432838
-131.440400 -71.013058 3815.007356
-131.158953 -72.097993 3815.098549
-129.621514 -74.951469 3815.186133
-131.462213 -76.430115 3815.028364
-133.771910 -64.926198 3815.055887
-135.840355 -64.255922 3815.238642
-137.660658 -64.479735 3814.771667
-141.988573 -66.379776 3815.082316
-131.926135 -78.564102 3814.594550
-154.482948 -71.312859 3814.898837
-140.299521 -80.671430 3814.751521
-141.350052 -79.470855 3814.736171
-148.917792 -85.971827 3811.845148
-143.554299 -84.436255 3811.641600
-141.412648 -80.946353 3814.916825
-154.607100 -83.859543 3815.221876
-205.719856 55.758869 3837.334321
-135.786739 -85.225193 3812.278315
-216.480511 19.320385 3841.178932
-164.243076 90.265687 3836.441150
-160.954363 93.829780 3836.894840
-155.454007 99.541617 3838.617020
-155.474623 98.637034 3836.621938
-155.031278 99.831844 3839.452294
-158.151016 97.625372 3840.294643
-161.278379 95.257241 3839.011077
-162.907077 93.958396 3841.125299
-161.639430 94.972244 3841.737350
-165.375808 91.899412 3841.231212
-167.724709 90.690854 3842.295411
-169.428295 89.970535 3842.291528
-172.020209 87.724763 3842.291525
-172.402315 88.720954 3842.291603
-174.295813 84.718154 3842.295175
-177.044596 84.853619 3842.291603
-176.414603 86.484600 3842.291603
-179.930869 81.945438 3842.291603
-182.432162 81.210211 3842.291603
-183.964442 80.473296 3842.291603
-186.632994 78.167481 3842.291603
-187.236966 79.359980 3842.291603
-188.323059 75.382715 3842.291603
-191.931386 75.196091 3842.291603
-151.419303 102.105119 3837.207195
-150.933948 101.004690 3836.643249
-153.571095 98.922624 3836.675488
-196.291650 72.614620 3842.043043
-195.265769 71.240954 3842.291585
-165.382268 -89.834180 3813.966849
-167.152303 -88.282339 3812.316361
-157.573245 87.881425 3836.324479
-132.128427 67.342308 3839.878862
-139.800007 108.675060 3841.106916
-138.398013 109.344929 3839.764819
-145.274622 105.865882 3842.026078
-148.133393 105.671187 3842.291584
-150.387949 105.021762 3842.291602
-153.093674 104.435272 3842.291603
-156.460398 102.588308 3842.291603
-159.113380 102.016495 3842.291603
-161.759286 101.678188 3842.291603
-163.957478 100.768269 3842.291603
-166.683913 100.177651 3842.291603
-168.923982 99.248632 3842.291603
-172.815736 96.974747 3842.291607
-175.880534 94.899956 3842.291517
-180.701544 91.433478 3842.290268
-113.680439 -84.837636 3814.968963
-112.570654 -81.389532 3815.205648
-109.843857 -80.172569 3814.711076
-110.578520 -77.811103 3815.248160
-108.471868 -77.032388 3814.763535
-108.435224 -79.429844 3814.287551
-106.636970 -75.876311 3814.586201
-109.346162 -82.054003 3812.500548
-109.423928 -80.661618 3814.438108
-105.928284 -78.800802 3811.710462
-105.913409 -75.867447 3812.888655
-107.634403 -84.140166 3811.681917
-105.471132 -79.928357 3811.661603
-104.782544 -77.528221 3811.676966
-104.968807 -83.699076 3811.690219
-104.281469 -82.032257 3811.689783
-107.112993 -85.168132 3811.688563
-109.543525 -88.529314 3811.677161
-108.263930 -85.100563 3811.683571
-112.179949 -89.020054 3811.649681
-111.889297 -91.171308 3812.708459
-109.514952 -92.566499 3814.962315
-111.273307 -91.958019 3814.731708
-110.617186 -93.533400 3814.769150
-108.029902 -90.324233 3811.970878
-110.753362 -85.398011 3811.889256
-111.844602 -84.837539 3813.269613
-112.785420 -86.191197 3813.664735
-112.551098 -84.686073 3814.772040
-108.593646 -72.761678 3815.167519
-114.983191 -88.415214 3814.940133
-131.648416 58.281943 3837.009993
-131.566586 56.271918 3837.257386
-133.536811 54.006753 3836.642386
-140.610464 61.346456 3836.853639
-141.254278 62.534460 3836.384339
-144.024689 63.628724 3836.267720
-142.927229 67.556142 3836.252260
-143.246119 68.876631 3836.164608
-143.676690 70.219616 3836.952834
-146.192094 70.768298 3837.488673
-149.019325 70.589135 3838.975506
-151.820330 71.565407 3839.855061
-157.240889 71.341472 3839.640995
-157.464906 70.844073 3839.721556
-159.585286 69.677714 3838.929487
-161.292242 66.378329 3837.484407
-162.924685 65.395379 3836.653606
-166.166753 63.538806 3836.364843
-169.223951 62.726331 3836.479369
-167.503610 61.243403 3836.327979
-173.044601 60.423613 3836.500343
-170.248872 58.936377 3836.440904
-175.283602 59.197263 3836.340589
-173.298276 58.266570 3836.376556
-194.030425 38.155912 3836.508877
-141.385494 50.251351 3836.645449
-144.311397 50.278276 3836.645534
-147.375478 49.883116 3837.448456
-147.958070 50.463973 3837.439017
-147.364043 49.613104 3838.681373
-151.440765 50.787739 3839.901136
-149.063954 49.464004 3839.786019
-155.107122 50.739471 3839.867071
-156.889819 53.157487 3839.860408
-156.239917 50.088638 3839.897083
-159.313871 54.623288 3839.880549
-161.022057 53.770699 3837.692478
-158.922419 50.105370 3839.078346
-160.857972 56.935240 3839.822291
-158.483287 57.745484 3839.849237
-160.126512 57.418762 3839.871991
-156.592697 57.704987 3839.867547
-155.498123 56.242860 3839.888607
-153.720304 54.065457 3839.874127
-152.918313 55.618363 3837.921305
-151.016246 53.250381 3837.182147
-150.159540 52.439597 3837.331077
-147.627116 54.639836 3836.797202
-146.870093 52.835044 3836.607551
-144.688645 52.436619 3836.513419
-150.892085 56.956085 3836.566305
-150.119193 55.799035 3836.688139
-154.477135 58.255820 3837.534400
-153.146627 55.832067 3837.290141
-157.089973 60.862296 3839.866030
-155.502547 62.161254 3839.637288
-154.775345 62.176429 3838.231766
-154.010310 62.061581 3836.487069
-152.444036 63.761291 3836.331524
-151.087233 63.166863 3836.467773
-150.411878 62.284197 3836.391815
-151.347869 58.934006 3836.407296
-153.651482 60.445306 3836.461976
-153.211180 61.068213 3836.338989
-154.645698 63.967715 3839.022568
-150.499167 58.870663 3836.303634
-152.336517 52.445253 3839.889653
-158.691179 59.660648 3839.844693
-125.663201 74.926314 3836.444444
-125.036925 75.672177 3836.514621
-128.133682 80.178736 3836.512457
-127.187949 74.350286 3836.440672
-125.068661 77.789423 3836.840363
-124.021771 76.686553 3836.571348
-126.277604 81.156105 3836.471434
-127.686998 80.685587 3836.682828
-122.264659 76.385021 3836.565930
-124.364031 80.892420 3836.852035
-126.015770 81.472640 3836.507802
-126.421197 85.762741 3836.498163
-129.532942 83.206535 3836.365081
-131.400966 86.306214 3836.533872
-132.291221 85.489673 3836.519978
-92.819827 90.325378 3837.042132
-77.410027 65.626152 3839.500795
-74.089034 69.154076 3839.709631
-81.408733 88.538180 3839.113481
-80.448948 99.008948 3837.179728
-81.510499 98.767975 3839.096304
-82.228287 101.200775 3836.655158
-84.821559 102.304061 3836.714870
-85.595005 103.848851 3836.619145
-87.907469 105.041104 3836.908090
-88.942949 105.890671 3836.841658
-90.660077 106.705842 3837.048601
-90.518512 104.356270 3836.692694
-91.242842 108.821862 3836.954187
-95.281525 107.290141 3836.692349
-94.370912 109.594781 3836.914924
-96.531550 109.616583 3836.489438
-98.304650 108.675325 3836.826669
-95.609144 107.306465 3836.690332
-98.500914 111.604851 3837.115023
-101.090057 109.996644 3836.818267
-100.628144 108.134513 3836.752858
-100.176349 113.367058 3836.937738
-105.999046 112.373298 3836.789011
-105.572817 109.641877 3836.726626
-104.080527 114.041911 3836.875477
-108.890244 111.751334 3837.027733
-108.465695 109.875685 3836.695842
-109.387187 113.898537 3836.713911
-111.075971 112.461335 3836.996852
-112.902999 113.883808 3836.895132
-115.047034 113.453718 3837.034170
-116.398143 110.523444 3836.720816
-116.985878 114.161260 3836.567076
-119.463643 112.041294 3836.710301
-118.649535 114.462920 3837.037456
-123.902299 112.400868 3836.827920
-123.147002 113.693020 3837.020185
-125.986038 113.826221 3836.855298
-126.309444 111.830013 3837.117248
-178.749181 93.791700 3842.253093
-184.070425 88.474090 3839.591342
-110.075742 -64.243078 3815.076076
-103.007483 -66.163779 3813.598857
-105.977363 -62.842651 3813.012321
-103.434252 -62.649015 3811.649272
-107.784297 -60.294499 3812.484443
-102.163500 -63.026371 3811.668843
-102.623855 -65.194673 3811.983984
-99.656983 -63.303599 3811.682611
-100.809051 -65.336712 3811.649634
-97.137411 -65.694552 3811.685782
-97.662912 -62.417417 3811.687777
-102.889186 -82.595713 3811.665177
-100.448381 -83.419467 3813.263634
-100.972257 -85.475541 3814.677932
-111.939260 -97.708700 3814.998534
-165.986675 48.973998 3836.419083
-162.219411 48.708040 3836.572225
-133.541827 45.803731 3839.889359
-140.196300 42.497079 3839.903495
-171.318659 43.820087 3839.851522
-176.136456 44.198551 3839.917984
-177.425842 40.662034 3839.742156
-173.583668 42.590079 3839.877807
-114.140039 70.455801 3836.642349
-114.678001 72.333484 3836.374724
-72.511827 -43.928200 3814.799544
-61.316328 70.963638 3837.392369
-56.586000 73.769495 3838.041307
-66.803506 71.764887 3837.029912
-73.676825 72.055397 3839.139518
-72.537418 88.037030 3836.629919
-69.744890 87.068938 3836.861794
-73.875007 97.441221 3836.829690
-74.055180 96.219774 3836.794334
-74.713345 94.194168 3837.308373
-70.868039 94.347389 3837.199285
-72.501890 92.114889 3836.736596
-74.385258 98.869419 3836.763040
-72.507768 100.896356 3836.642078
-75.913822 102.469242 3836.461376
-74.958780 103.539862 3836.658724
-76.663022 106.142869 3836.589031
-78.786432 103.855346 3836.653044
-76.181001 107.644079 3836.617591
-80.042803 109.175945 3836.553511
-80.022833 105.631421 3836.986109
-78.369307 110.629299 3836.676608
-83.409452 111.902779 3836.808550
-82.961662 108.915287 3837.116693
-80.693955 112.950282 3836.788386
-86.339637 113.291665 3836.731063
-85.726972 110.564250 3836.804993
-84.721151 115.406404 3836.944431
-88.365478 114.864236 3837.166895
-87.528303 112.915283 3836.832644
-90.558088 116.493261 3837.072447
-92.985314 115.811200 3836.779714
-90.594739 118.221329 3837.028913
-94.672829 116.483088 3836.811113
-94.512753 118.756935 3836.873443
-99.468371 117.782099 3836.879211
-99.843266 119.143242 3836.970078
-102.424167 119.184352 3836.629491
-101.750805 117.605877 3836.569878
-104.494692 119.503150 3837.666860
-104.136621 118.402068 3836.587877
-109.783241 118.618585 3838.397853
-110.749890 118.434224 3838.404684
-114.360569 117.657437 3838.475313
-111.677840 118.243639 3839.756306
-116.252266 117.205583 3838.659085
-117.903249 116.785246 3840.655028
-120.219079 116.150892 3841.207976
-121.242274 115.855206 3840.778913
-122.970715 116.251724 3842.293366
-123.945569 115.026573 3841.235009
-127.386586 114.975749 3842.292342
-126.528044 117.007055 3842.291603
-129.752866 116.108562 3842.291603
-132.677547 114.606028 3842.291603
-135.313733 114.921677 3842.291603
-136.875481 115.437403 3842.291603
-139.670922 114.401748 3842.291603
-140.049330 115.739314 3842.291603
-142.054660 113.332492 3842.291603
-145.744351 114.415757 3842.291603
-145.491583 115.220603 3842.291603
-149.239317 112.697886 3842.291603
-151.226690 112.814130 3842.291576
-152.854439 112.879508 3842.295783
-156.120614 110.706879 3842.293736
-156.145954 111.763939 3841.459667
-158.084833 109.507983 3842.293088
-161.614289 108.175557 3840.388196
-160.901030 108.665918 3839.888091
-164.504519 106.117272 3840.286834
-166.172485 104.874260 3839.084061
-167.092264 104.170814 3837.892019
-168.342332 103.193856 3836.922904
-169.876970 101.959984 3838.623064
-169.994242 101.864337 3834.903866
-170.725519 101.261540 3836.996593
-170.362230 101.562667 3834.674709
-172.750694 99.544876 3833.669686
-172.787264 99.513100 3835.118926
-172.863739 99.446369 3832.495043
-175.310599 97.269085 3831.151110
-175.381963 97.203875 3833.495470
-176.237284 96.415436 3829.558872
-177.488167 95.235500 3829.324719
-177.905544 94.835398 3830.626527
-177.891270 94.848828 3832.213528
-178.660221 94.101753 3825.809306
-180.616670 92.145263 3827.110667
-179.732601 93.039036 3829.612869
-180.169468 92.598873 3823.518673
-183.576316 89.016880 3823.216664
-183.585862 89.006208 3826.963644
-182.254754 90.438574 3821.761308
-184.240877 88.285336 3821.875574
-185.439196 86.937631 3824.065676
-183.682166 88.900900 3820.724344
-185.860118 86.455087 3819.768705
-185.855776 86.460108 3821.653566
-187.151314 84.945056 3818.581196
-187.977784 83.953823 3818.124173
-188.674825 83.100617 3820.076262
-187.897997 84.050181 3815.815676
-190.931970 80.236438 3816.663526
-190.284716 81.076161 3814.966863
-192.357120 78.339423 3814.003833
-191.915096 78.935774 3816.370316
-194.544337 75.280433 3812.795507
-194.282115 75.658248 3812.321600
-196.203503 72.829558 3812.006224
-194.858244 74.825808 3810.615821
-197.058192 71.518233 3811.657739
-197.443695 70.014839 3809.256651
-198.361203 67.455068 3809.251505
-199.218412 66.981818 3809.253062
-198.491720 64.597436 3809.252280
-200.459531 63.877983 3809.251089
-200.508168 60.122127 3809.252280
-200.341895 58.414590 3809.252280
-200.721449 56.198202 3809.252280
-200.941909 53.605033 3809.252280
-202.062371 49.115648 3809.252280
-203.178412 46.797107 3809.252280
-203.761279 43.990961 3809.252280
-202.040937 40.002125 3809.252167
-203.216234 34.624150 3809.249429
-203.894749 31.891260 3809.248207
-204.202567 29.588536 3809.263650
-204.271633 27.185651 3811.266534
-204.990419 23.731215 3811.030869
-205.381527 21.605362 3812.963331
-205.276836 22.212076 3813.559421
-205.809931 18.971786 3813.369133
-204.431308 17.723743 3814.814418
-205.780184 15.758711 3814.702060
-204.030379 14.078589 3814.615069
-205.735754 14.770672 3814.634107
-202.869748 9.768635 3814.869849
-201.615356 11.631077 3814.703676
-201.677200 7.557728 3814.570684
-200.591070 7.346258 3814.748611
-200.425454 6.498934 3814.751257
-202.838160 5.299816 3815.025535
-198.512871 5.651371 3815.095028
-199.292204 2.549806 3815.035293
-197.696623 3.367838 3814.544230
-197.792407 1.388599 3815.136523
-197.839181 -0.123258 3814.712830
-200.152674 0.753175 3814.789960
-193.917167 1.147624 3814.694485
-194.347351 -2.270624 3814.966339
-197.150681 -2.790471 3814.892919
-193.856867 -0.345350 3814.715829
-193.596187 -3.579807 3815.277242
-193.698261 -5.048646 3815.024249
-195.928434 -3.735405 3815.097386
-190.417409 -3.813504 3814.858432
-190.661659 -6.274268 3814.970477
-192.465556 -6.074363 3815.231710
-193.542812 -6.587535 3814.903607
-188.749549 -6.574108 3814.865495
-189.306055 -9.718341 3815.210027
-189.306844 -11.107404 3814.870570
-191.740483 -10.293859 3814.818823
-185.760181 -9.066338 3815.021866
-186.820317 -11.823848 3815.293090
-186.753979 -13.278126 3815.013897
-189.527185 -13.268088 3814.763325
-183.237883 -11.417330 3815.290118
-183.520881 -14.239831 3815.077932
-183.452662 -15.768586 3815.321953
-185.629320 -15.781083 3814.584662
-181.241559 -13.221147 3815.065242
-180.403848 -15.688423 3814.902059
-180.322027 -17.122079 3814.864407
-182.924285 -17.753167 3815.243742
-178.830858 -16.357416 3814.967532
-178.594849 -18.655741 3815.268338
-178.360665 -19.981619 3814.711310
-179.991072 -19.984182 3814.683671
-175.620436 -18.313137 3815.161894
-175.623337 -20.258017 3815.251410
-175.165811 -21.704143 3815.155697
-177.325288 -22.541954 3815.225349
-172.580138 -20.771938 3814.888539
-171.320180 -22.757799 3814.912773
-171.620178 -23.657237 3815.114629
-173.974808 -24.218640 3815.178090
-169.796516 -21.931317 3815.005973
-168.634643 -24.371201 3815.402199
-167.956102 -26.194215 3815.436101
-171.724319 -26.438330 3815.011952
-164.885931 -24.016105 3815.046836
-163.440508 -26.014925 3814.889189
-166.565764 -27.221856 3815.160046
-168.202749 -27.512558 3815.267832
-160.606684 -25.769239 3815.025818
-160.864518 -28.369212 3815.002150
-162.314677 -29.378891 3815.067432
-158.947048 -28.543680 3815.077150
-156.939184 -28.177180 3815.418704
-156.342563 -30.784216 3815.018199
-160.362935 -31.479936 3814.963227
-155.420890 -28.540964 3814.796919
-154.042659 -31.610083 3815.221898
-154.205346 -32.703237 3815.412364
-157.055598 -31.289142 3815.086835
-150.177812 -30.137653 3815.253795
-147.895721 -32.383123 3815.248742
-152.127782 -33.356666 3815.254945
-154.016293 -33.587132 3815.208174
-144.985906 -31.307908 3815.175462
-143.840253 -33.492632 3815.280426
-148.270574 -34.643256 3815.270507
-149.923812 -35.151111 3815.251313
-140.510559 -32.242662 3814.670799
-139.352069 -34.539693 3815.333270
-141.045446 -36.642405 3815.280483
-144.678903 -37.161382 3815.425922
-139.191819 -32.514127 3815.141009
-137.698634 -34.328595 3815.259575
-134.717964 -36.399285 3815.054207
-136.530758 -31.982712 3815.288536
-134.007504 -33.548059 3815.256545
-131.673061 -35.287823 3815.278521
-133.136800 -30.546686 3815.146450
-130.408734 -32.793463 3815.134041
-128.029175 -34.127132 3815.418126
-126.473627 -32.894986 3815.067689
-126.206220 -35.679770 3815.056566
-127.624656 -36.432280 3815.417020
-123.657835 -37.317044 3815.296465
-125.055019 -37.344988 3815.212054
-124.544117 -39.470077 3815.135552
-120.098788 -39.171933 3815.080754
-120.749877 -40.345281 3815.216527
-123.653731 -40.167831 3815.363219
-118.053428 -43.382183 3815.146745
-117.432033 -45.907623 3814.925780
-121.462452 -42.011831 3815.013967
-123.241157 -41.777569 3815.060793
-113.356022 -45.601985 3814.997320
-115.307179 -47.218358 3815.248991
-112.635892 -45.938559 3814.783572
-111.278510 -48.387098 3814.716744
-112.453392 -45.445309 3814.812994
-108.397462 -47.069650 3815.078421
-108.311400 -49.437004 3815.107492
-107.006316 -45.812063 3815.211501
-105.378234 -48.113942 3814.821367
-105.529378 -46.292805 3814.746646
-100.329166 -47.742679 3814.973451
-101.498948 -49.764656 3815.176320
-95.410114 -50.050977 3815.100630
-97.651257 -50.996230 3814.918291
-100.550883 -46.780724 3814.842375
-96.916359 -48.855492 3815.011546
-98.059010 -45.908423 3815.132188
-99.882268 -44.551373 3815.122350
-96.976273 -44.961428 3815.242552
-93.288648 -45.363652 3815.038002
-94.697042 -43.991759 3814.060740
-90.446258 -45.271617 3815.280645
-89.259784 -44.533352 3813.473267
-88.027165 -44.564651 3812.681699
-86.280258 -44.552744 3813.153996
-83.093328 -44.356536 3811.714114
-82.079067 -44.247755 3811.510215
-79.382857 -43.843632 3811.193662
-76.373549 -42.063000 3809.251124
-71.647752 -40.176012 3809.254529
-70.049414 -39.553298 3809.254727
-67.740561 -38.155438 3809.261459
-66.793767 -33.850711 3809.620166
-64.124766 -31.078563 3809.670903
-62.652502 -28.841343 3809.729775
-62.498223 -28.400107 3811.047526
-61.099040 -27.152695 3812.994111
-59.123811 -25.163481 3813.427888
-58.414464 -24.375599 3812.748664
-57.679543 -23.509285 3815.177452
-57.568600 -23.372329 3812.977359
-55.864759 -21.123002 3817.016462
-56.014454 -21.333794 3820.251087
-54.979557 -19.803012 3817.029094
-54.556197 -19.124953 3821.960681
-54.760879 -19.456711 3822.824252
-54.090312 -18.344549 3822.092073
-53.223498 -16.766627 3825.951618
-52.573164 -15.456023 3824.593638
-53.238544 -16.796043 3829.050693
-51.739158 -13.558253 3828.478442
-51.917522 -13.987675 3830.325891
-51.205823 -12.178414 3831.516993
-50.983158 -11.547146 3827.909656
-50.795749 -10.993080 3831.892101
-50.386968 -9.663874 3831.079831
-50.022493 -8.308548 3834.236147
-49.947639 -8.002560 3832.048765
-49.309352 -4.736503 3836.101820
-49.388425 -5.236477 3837.386844
-49.094946 -3.075670 3837.893516
-49.007602 -2.152811 3838.975269
-48.888298 2.000868 3840.078847
-48.933913 3.161502 3840.918647
-47.406459 2.805195 3841.905110
-46.617830 5.834842 3841.982672
-45.655409 7.333915 3842.138417
-44.430086 9.643814 3842.279185
-43.828120 13.840664 3842.215265
-44.531974 16.118680 3842.174217
-45.560307 18.982890 3839.610282
-46.420286 20.861034 3837.903304
-46.777858 22.007892 3836.565258
-47.406255 25.285617 3836.639756
-49.481298 26.546419 3836.693634
-48.945867 27.827733 3836.383072
-49.454259 31.730624 3836.753807
-49.130428 32.974070 3836.588905
-50.502415 32.993487 3836.757459
-50.117411 37.162207 3836.809204
-48.312864 37.269894 3836.641451
-50.526163 40.396717 3836.965909
-48.634384 40.906361 3836.906019
-48.602941 42.481833 3836.661652
-51.160751 41.903130 3836.951837
-47.277853 43.472391 3836.546446
-48.249549 45.862782 3836.830718
-50.700180 45.849032 3837.228333
-47.650892 46.778535 3836.785301
-46.264225 47.439706 3837.364581
-47.958864 50.331918 3836.873185
-50.992817 49.441885 3836.627427
-47.323525 51.099021 3836.913448
-46.093977 51.911001 3837.271599
-47.989092 53.975453 3836.844002
-50.394940 53.155783 3836.782404
-46.180017 44.747294 3836.760251
-45.530851 42.271009 3836.753666
-47.123316 42.155873 3836.519876
-40.450873 41.010214 3836.814656
-42.412490 40.712189 3836.696049
-41.346211 38.056660 3836.581637
-45.669488 39.044640 3836.699296
-43.411667 35.909823 3836.786845
-45.408200 37.416503 3836.652194
-44.314154 33.666609 3836.361016
-46.968494 34.803851 3836.853604
-43.282268 31.693652 3836.317403
-46.190608 31.279578 3836.520190
-46.181213 29.794932 3836.310983
-45.270098 27.128628 3836.872007
-46.365263 26.641885 3836.541087
-44.133721 24.094711 3836.401125
-44.689892 21.362922 3836.539951
-45.162773 21.667098 3836.538489
-46.538533 21.162617 3837.204607
-44.814986 17.132927 3838.643890
-43.635866 13.569103 3839.854309
-42.586562 9.065411 3841.421219
-43.194973 8.319284 3842.296546
-44.482249 5.985610 3842.243089
-45.335232 2.532994 3842.130663
-46.712212 -1.531572 3841.996488
-47.860617 -2.144420 3841.935778
-49.181158 -4.286783 3841.550208
-49.853618 -7.600379 3840.821079
-50.917310 -11.354751 3839.897195
-51.156169 -12.041098 3838.749555
-51.645744 -13.328161 3836.847306
-52.833999 -15.996695 3835.995333
-53.342378 -16.993645 3834.772953
-54.581136 -19.165905 3835.459551
-55.061484 -19.929043 3833.551716
-55.061078 -19.929279 3829.951003
-57.051669 -22.726317 3831.322648
-56.701149 -22.270274 3828.621609
-57.427310 -23.199104 3829.485432
-57.833774 -23.694694 3827.622536
-59.532631 -25.599326 3826.624692
-58.058472 -23.961571 3823.263441
-60.108486 -26.192012 3825.486828
-60.165626 -26.248733 3822.286393
-60.804604 -26.873283 3821.671869
-62.352367 -28.275491 3822.726925
-61.563348 -27.579566 3819.042132
-64.140481 -29.718761 3819.676711
-63.325427 -29.082298 3818.344886
-65.909272 -30.983592 3818.575363
-64.816664 -30.218909 3814.940730
-66.313766 -31.252179 3814.690882
-67.791220 -32.174059 3814.168501
-68.189721 -32.406570 3812.233071
-71.769354 -34.230372 3813.081109
-71.429125 -34.076110 3811.133549
-70.762109 -33.790702 3810.095179
-75.455853 -35.803396 3809.803989
-74.354505 -36.380594 3809.676347
-74.495588 -37.320415 3809.629756
-78.152722 -39.251518 3809.542304
-81.758145 -40.522738 3809.461347
-87.215439 -41.002121 3809.434377
-84.962571 -42.673595 3809.266037
-87.595685 -43.974089 3809.247555
-95.144491 -42.113431 3809.262817
-94.217114 -43.867473 3809.342820
-93.028840 -44.231864 3810.335123
-100.377160 -42.707635 3810.526385
-99.106626 -43.061198 3810.965389
-100.553694 -42.654378 3811.764666
-103.728758 -41.574443 3811.824336
-103.563990 -41.636524 3813.008570
-108.966554 -39.187766 3811.965259
-108.195804 -39.590280 3813.536536
-107.199038 -40.202024 3814.432467
-113.396720 -36.499548 3814.159768
-112.087312 -37.405808 3814.973780
-114.993006 -35.330981 3814.387752
-117.260200 -35.178283 3814.970828
-117.564382 -35.769364 3815.182946
-119.336104 -34.185660 3815.338390
-119.087103 -36.074341 3815.378283
-124.012679 -32.728197 3815.167907
-124.067171 -32.981075 3815.162558
-125.752505 -31.905751 3815.181446
-120.913752 -36.226502 3815.268142
-117.980289 -36.590989 3815.206820
-117.833135 -39.916104 3815.155602
-115.079240 -40.044687 3815.202317
-114.327207 -42.359145 3814.826026
-114.895737 -43.191765 3815.287536
-116.187077 -41.757148 3814.953584
-112.418441 -41.878519 3815.022510
-108.983318 -43.322099 3815.139203
-111.222578 -44.438286 3815.130898
-105.354465 -44.427328 3815.176356
-105.863564 -43.403660 3815.104729
-102.168512 -45.152223 3814.999787
-106.496187 -41.808998 3815.160168
-105.267231 -41.249419 3815.184188
-102.693036 -42.482193 3815.120139
-98.957855 -43.108470 3814.088205
-98.479561 -43.220879 3813.431948
-97.373627 -43.481005 3813.781302
-95.530244 -43.852073 3811.906300
-94.597909 -44.009878 3813.548064
-90.218240 -44.485279 3811.466526
-92.216766 -44.324877 3810.327866
-88.011946 -44.565022 3811.571109
-86.238186 -44.329853 3809.295401
-84.134235 -43.618360 3809.247246
-81.299748 -43.779912 3809.274718
-78.574602 -43.093135 3809.245326
-77.750068 -39.820619 3809.455833
-73.035312 -37.547601 3809.560709
-70.490941 -36.879175 3809.517076
-68.385385 -34.073247 3809.660399
-67.967515 -32.416804 3809.769618
-67.868694 -32.220001 3811.013833
-64.888141 -30.437643 3809.821241
-64.415135 -29.924920 3812.740893
-63.514232 -29.232123 3813.621928
-62.618992 -28.501374 3812.773923
-61.829902 -27.819053 3816.444261
-61.299259 -27.337786 3813.672731
-59.771485 -25.848728 3817.760866
-59.248900 -25.300383 3818.502955
-58.790065 -24.799092 3820.126221
-58.179793 -24.104406 3816.731361
-57.497290 -23.285648 3820.642418
-56.799336 -22.400063 3819.594278
-56.746071 -22.329168 3825.194282
-56.250612 -21.662158 3821.702237
-54.925739 -19.718362 3827.543779
-55.209201 -20.155383 3829.304734
-54.205941 -18.543085 3826.601251
-53.836640 -17.900853 3831.283778
-53.443821 -17.184627 3832.594943
-53.049181 -16.426706 3831.857835
-52.947525 -16.225972 3835.433184
-51.828880 -13.777053 3832.754682
-51.076579 -11.816319 3835.732046
-50.938922 -11.420169 3836.908175
-50.276345 -9.272988 3835.506807
-50.044679 -8.394536 3836.945287
-49.509085 -5.933176 3840.363254
-48.980302 -1.692565 3841.179977
-107.239127 -40.720203 3814.853741
-110.991990 -39.635283 3815.216401
-114.420151 -38.319355 3815.400235
-47.612468 38.797989 3836.956348
-39.482431 38.449630 3838.490579
-41.490968 36.402130 3836.779958
-39.691659 42.684983 3836.931874
-38.362131 43.942299 3837.057338
-41.743565 44.063805 3838.238920
-40.625277 45.263638 3839.918958
-40.567020 46.092895 3839.913208
-41.216881 48.893491 3839.862557
-42.202910 46.952308 3839.883520
-40.666319 51.032683 3839.861806
-39.011958 54.111155 3839.884712
-41.985728 53.507459 3839.861397
-38.766955 55.186968 3839.881786
-40.706038 57.517187 3839.858803
-36.932789 59.087536 3839.760719
-39.950577 60.273675 3839.857132
-38.111975 62.540424 3839.857498
-40.897249 62.646374 3839.868652
-42.591582 59.196583 3839.861930
-37.479710 56.897876 3839.756525
-37.242274 54.738133 3839.220606
-36.988836 54.213312 3838.254230
-37.678232 49.866469 3838.086462
-38.830509 48.302845 3839.638182
-38.153318 47.654980 3838.069556
-35.936363 45.055379 3836.991437
-36.704732 44.688757 3837.010571
-38.065288 42.323959 3836.997513
-127.780164 -30.204260 3814.814452
-128.643324 -30.859872 3815.269022
-131.412696 -29.438808 3815.274387
-132.542152 -29.361900 3815.419612
-135.485228 -27.756017 3815.333773
-135.488905 -29.590963 3814.939480
-136.627829 -30.035452 3815.159292
-139.031224 -27.677954 3814.974712
-138.413676 -25.526929 3815.178164
-140.089486 -29.054155 3815.103598
-141.890744 -27.343928 3815.459179
-143.886794 -24.767000 3815.324403
-141.253921 -24.942131 3815.045651
-145.848981 -26.789793 3815.127660
-147.047764 -25.388493 3815.160027
-146.789152 -22.884008 3815.329806
-147.445886 -26.359500 3815.231766
-149.162938 -24.032696 3815.340717
-148.414219 -22.367296 3815.449095
-149.840512 -21.972501 3814.915469
-153.661015 -25.447897 3815.105531
-153.203363 -22.709062 3815.052198
-154.745601 -19.223323 3814.943974
-155.762634 -22.233043 3815.306388
-157.231703 -22.053940 3815.081455
-155.635429 -19.891458 3815.278541
-156.825674 -17.320350 3815.292700
-159.165996 -21.251784 3815.191444
-160.679743 -19.680483 3815.361016
-161.303232 -16.559117 3815.147653
-159.064387 -16.267887 3815.117440
-163.829886 -19.861445 3815.031245
-163.792004 -17.085911 3814.930094
-164.484614 -14.019375 3815.271997
-164.870511 -16.335486 3814.925252
-166.644293 -17.133284 3814.997208
-167.702426 -14.794026 3815.216891
-167.759234 -11.574329 3814.945647
-168.353701 -15.049750 3815.019655
-169.860865 -14.701106 3815.200840
-170.236574 -11.951266 3815.054021
-169.397485 -9.157848 3814.719524
-172.034310 -12.953950 3815.397045
-172.268229 -12.777491 3815.428468
-173.137807 -9.990019 3814.872860
-173.029973 -6.926906 3814.966421
-173.730775 -9.964673 3814.919614
-175.178308 -10.367596 3814.998275
-175.504094 -7.670963 3815.229236
-175.397520 -4.818646 3815.138961
-176.279457 -8.056203 3815.011113
-177.598328 -7.734945 3814.813307
-178.231009 -5.162654 3815.159431
-178.138011 -2.340676 3815.040766
-179.203818 -5.627736 3815.361660
-180.721004 -5.452114 3815.190573
-180.743378 -2.892635 3815.259146
-180.335305 0.261091 3814.841841
-181.203098 -2.956220 3815.276018
-182.617762 -2.876671 3815.052441
-183.144300 0.292271 3815.111093
-181.615575 2.246719 3815.316694
-184.264959 0.019599 3814.635752
-185.563772 -0.100536 3815.088589
-183.340697 2.025765 3815.056665
-183.222016 4.985390 3814.891235
-187.111244 0.510956 3814.948056
-185.664788 3.751358 3814.808043
-188.830682 1.837144 3815.095997
-189.833334 1.720145 3815.132529
-189.836194 4.833152 3815.095417
-193.186337 0.331019 3814.924205
-192.946018 3.594725 3814.826064
-187.276756 -0.156726 3814.734888
-188.956504 -0.122334 3814.620902
-190.206354 -0.301613 3814.909041
-185.254289 -4.249796 3814.967269
-187.169529 -4.364004 3815.052244
-183.595469 -5.328773 3814.885510
-183.869415 -6.634545 3814.836455
-186.225858 -6.635586 3815.239641
-179.998939 -7.392759 3815.455302
-181.678720 -9.488943 3815.135277
-184.060204 -9.110773 3815.236823
-177.560953 -10.774798 3815.289621
-179.951442 -10.237715 3815.291908
-181.342565 -10.495657 3814.967306
-174.034742 -14.499352 3815.253184
-177.069812 -14.860093 3814.730901
-172.208119 -15.241365 3815.083929
-172.140377 -16.470266 3815.329815
-175.838164 -17.276037 3815.142518
-168.217932 -17.073885 3815.206735
-171.277901 -17.631547 3814.939465
-173.039149 -17.928714 3815.361403
-165.613799 -20.413076 3815.097722
-168.578384 -20.724407 3815.216204
-163.933402 -21.543908 3815.067041
-164.317786 -21.058983 3815.124693
-165.802250 -22.239121 3815.441833
-157.823993 -24.266081 3815.088988
-161.483145 -24.222093 3815.190888
-155.497554 -24.344661 3815.069175
-157.317642 -24.944046 3814.753125
-159.067123 -25.551578 3814.932921
-150.776705 -26.614997 3815.157320
-154.291834 -27.849001 3815.348278
-149.060075 -27.866142 3815.330945
-148.613707 -28.733418 3815.125563
-151.588327 -27.720492 3815.298874
-143.483489 -29.835154 3815.258953
-145.096610 -30.604126 3814.994631
-140.109022 -29.963651 3815.101399
-140.978292 -31.264658 3815.187938
-143.265426 -31.629948 3815.246727
-195.769306 3.108932 3814.833163
-197.387459 6.441270 3815.013485
-198.896671 8.938079 3814.931013
-200.500696 11.655859 3814.807158
-200.391504 14.181694 3814.835552
-203.454487 19.455157 3814.381985
-203.535535 20.598995 3814.812124
-204.342760 26.866165 3813.205646
-202.187136 35.169183 3810.009968
-201.421138 44.695261 3809.252281
-200.065282 53.197806 3809.252280
-196.967459 66.500586 3809.252280
-196.363994 71.367089 3809.251308
-194.020668 76.030776 3810.968757
-191.009399 80.135895 3813.973047
-187.805362 84.161706 3814.466140
-185.200101 87.209460 3818.901039
-183.050821 89.587625 3820.202961
-180.490068 92.273887 3822.399545
-178.592546 94.167952 3825.100050
-176.797615 95.891258 3828.003093
-176.755125 95.931079 3826.247059
-173.892160 98.545159 3828.820628
-171.696745 100.446920 3831.802152
-169.630750 102.160608 3833.575287
-167.055551 104.199042 3835.091718
-159.793601 109.412580 3839.168404
-156.220838 111.714201 3840.940298
-149.756711 114.529349 3842.293676
-147.510343 115.570849 3842.292444
-139.922503 116.666421 3842.291603
-133.209756 117.472477 3842.291603
-126.748420 117.706683 3842.291603
-121.422973 117.329512 3842.291569
-114.452425 117.636157 3841.063763
-110.591496 118.463296 3839.747510
-103.200656 119.678264 3838.011061
-100.387100 120.018379 3837.655351
-92.394643 118.377134 3837.018216
-87.056793 117.377702 3836.630435
-84.388589 116.467177 3836.529630
-82.182236 114.657624 3836.935947
-79.450654 112.170330 3836.901562
-77.223388 109.792262 3836.701561
-73.393618 106.743825 3837.198384
-73.200056 103.719263 3836.878570
-72.095960 101.217664 3836.592320
-125.330907 114.573973 3837.795084
-138.291625 -37.196795 3815.284078
-139.766446 -39.141495 3814.853756
-114.635678 -49.682583 3815.089409
-98.125178 -60.443101 3812.342843
-102.847228 -54.302012 3814.184251
-94.815102 -55.336660 3815.010586
-95.862937 -57.191503 3815.251121
-95.578844 -53.743944 3815.004136
-94.259880 -57.954932 3814.656390
-93.267455 -61.056039 3814.906193
-95.686097 -59.607883 3815.016225
-97.228242 -67.876502 3811.686088
-93.305129 -86.087947 3814.736330
-103.520560 -88.864358 3813.311807
-178.884024 26.925338 3839.154175
-176.947596 27.926245 3837.002480
-177.810080 29.774801 3836.847412
-174.790692 30.300906 3836.440186
-122.878829 47.660194 3836.860867
-119.791895 51.113371 3836.561497
-96.847482 51.765595 3836.945485
-85.878955 -51.450337 3814.822091
-85.644442 -51.936406 3814.898314
-85.030562 -53.251092 3813.731470
-84.811385 -75.551119 3811.702502
-86.015433 -78.864625 3811.704683
-86.883685 -81.080485 3811.690753
-86.857908 -83.794544 3811.694975
-86.180024 -87.753429 3811.712517
-86.907808 -88.628250 3811.684172
-89.181067 -87.910295 3812.748894
-85.651817 -91.361684 3813.996972
-88.636134 -91.189674 3813.346079
-90.231107 -90.130629 3815.048915
-87.091929 -94.568064 3815.398731
-90.272842 -94.354587 3814.964473
-86.972334 -97.758756 3815.356776
-90.112618 -97.566686 3815.394739
-87.331290 -100.042929 3815.034568
-89.519564 -100.156403 3815.441169
-92.443364 -100.671843 3815.157528
-89.453384 -101.068506 3815.253390
-91.872487 -101.208273 3815.324450
-94.031968 -102.860182 3815.266228
-93.133639 -101.332254 3815.202513
-92.356775 -106.817226 3815.117867
-94.770060 -105.407614 3815.281891
-95.470656 -105.559061 3814.964276
-94.106057 -109.323675 3815.197854
-97.487330 -108.910380 3815.180431
-99.569908 -107.400710 3815.236791
-97.644671 -111.089316 3814.771671
-100.030353 -109.850062 3814.918153
-100.818485 -112.407606 3814.947153
-101.698615 -112.416202 3814.671391
-104.057884 -112.247915 3815.150585
-104.443501 -113.732946 3814.645024
-104.771601 -114.565251 3814.788826
-110.108444 -114.508213 3814.792938
-109.044714 -116.442104 3814.960759
-113.960887 -114.816858 3814.874351
-112.675751 -115.971730 3813.578883
-114.072721 -115.659525 3812.703770
-118.023847 -114.689391 3811.593240
-116.678961 -115.034888 3810.814625
-120.722479 -113.942200 3810.814001
-123.102689 -113.617998 3809.275042
-121.524873 -114.631389 3809.250471
-127.921368 -112.962261 3809.252240
-127.493782 -114.411048 3809.252282
-128.007635 -114.561910 3809.252281
-135.364066 -112.538039 3809.252280
-133.121402 -114.089341 3809.252280
-134.031444 -114.695581 3809.252280
-137.476002 -113.715777 3809.252280
-142.147977 -113.089124 3809.252280
-143.888612 -113.532531 3809.252280
-149.851389 -111.336351 3809.252281
-154.220039 -109.897612 3809.250373
-156.582377 -109.028008 3809.253245
-157.355232 -108.936607 3811.100682
-161.810714 -105.975918 3811.953270
-166.202718 -102.787496 3812.807769
-166.183396 -102.802313 3813.723556
-165.596769 -103.243705 3814.080714
-170.088104 -99.723567 3814.789760
-170.235972 -99.602793 3815.633841
-173.059914 -97.212036 3815.693028
-172.794112 -97.442522 3817.071426
-176.224758 -94.362830 3817.491782
-171.988233 -98.135031 3819.644791
-176.090291 -94.487732 3819.457201
-177.752104 -92.918521 3818.392642
-174.881909 -95.594366 3821.841776
-178.536810 -92.159575 3821.737857
-180.549018 -90.148867 3820.810209
-177.255946 -93.393056 3823.638005
-179.185444 -91.520682 3823.398726
-182.491900 -88.122880 3823.618207
-178.990890 -91.712891 3825.099526
-181.493957 -89.174054 3825.153517
-182.864738 -87.723570 3824.813534
-184.069937 -86.410420 3825.024077
-181.370913 -89.302404 3828.515513
-183.226044 -87.333701 3828.350417
-185.940294 -84.298720 3828.832438
-185.407961 -84.908997 3827.410227
-183.985309 -86.503647 3831.672972
-186.101875 -84.112098 3830.386538
-187.387811 -82.598887 3830.278229
-185.620200 -84.666495 3833.604371
-188.805328 -80.875483 3833.698912
-190.904657 -78.207989 3832.757316
-187.048011 -83.003837 3834.950158
-190.456886 -78.788772 3833.931174
-191.331955 -77.647267 3833.932546
-191.900302 -76.890959 3836.093445
-194.975299 -72.591812 3836.458328
-192.191280 -76.499932 3837.947443
-196.451224 -70.388887 3837.807767
-195.144623 -72.343028 3839.142113
-196.478233 -70.347190 3839.924477
-199.165026 -66.067411 3840.418721
-198.366018 -67.382761 3841.425335
-200.960750 -62.981663 3841.041134
-201.666557 -61.400009 3842.242753
-199.706822 -62.968951 3842.291986
-203.496179 -55.042904 3842.291576
-201.913480 -56.206489 3842.291603
-202.664303 -53.224929 3842.291603
-203.722005 -48.493083 3842.291603
-202.405862 -49.711229 3842.291603
-204.479256 -44.942439 3842.291603
-203.981168 -42.702590 3842.291603
-202.589716 -44.498096 3842.291603
-205.059575 -36.544476 3842.291603
-203.558628 -37.993356 3842.291603
-204.061211 -35.083283 3842.291603
-206.104131 -28.998147 3842.291603
-204.245771 -29.319587 3842.293791
-204.154461 -25.948003 3842.149715
-205.317063 -19.905521 3841.403238
-206.137706 -14.593321 3840.454575
-206.544011 -11.128092 3839.768739
-206.380116 -12.633787 3838.811089
-206.392977 -12.517515 3838.502285
-206.862198 -6.399661 3837.505806
-205.799782 -10.110635 3836.805851
-207.006916 -4.369800 3837.184365
-205.702298 -6.664843 3837.034891
-204.749984 -0.854141 3836.744632
-204.328630 -1.231266 3836.824103
-203.515699 2.050273 3836.737208
-202.941377 2.234230 3836.725972
-202.146549 3.974684 3837.108266
-202.591357 8.204537 3836.729675
-200.546499 4.357881 3836.696846
-199.790796 9.580551 3836.699444
-199.720729 6.148150 3836.693267
-197.393283 9.146418 3836.842473
-196.839284 13.032668 3837.027188
-195.893287 10.770247 3836.571556
-195.733325 11.952821 3836.597270
-193.787066 14.298282 3836.861373
-193.772629 12.289163 3836.602002
-193.502632 13.994796 3836.836300
-192.986923 15.438965 3836.602905
-190.427147 14.955094 3836.696492
-189.544422 15.101081 3836.563303
-188.360271 12.538246 3836.891262
-186.303452 14.608321 3836.961958
-183.295599 11.991060 3836.526855
-183.596204 15.062376 3836.655631
-181.850274 13.402800 3836.640003
-179.435845 16.011585 3837.919989
-178.068577 13.509621 3837.008877
-177.524028 15.642862 3839.060153
-178.946670 16.212490 3839.093754
-174.510486 14.902859 3839.398289
-174.721411 17.924925 3839.953235
-172.709075 15.682074 3839.975895
-171.198417 18.489663 3839.959644
-173.128668 19.442359 3839.951211
-169.797100 19.408071 3839.826447
-168.601029 21.113578 3838.059933
-166.880565 18.785319 3839.677622
-167.864729 20.922331 3837.136831
-165.763904 21.852968 3837.595224
-167.357984 21.945346 3838.635437
-164.942280 21.907978 3836.850056
-165.098957 22.531136 3838.737891
-164.490492 23.470756 3839.642181
-160.664026 22.241039 3837.218338
-160.236440 23.672509 3838.478569
-163.141818 25.898894 3839.920122
-157.894619 22.791487 3836.721509
-158.760906 24.744458 3839.566654
-160.519268 27.306968 3839.911636
-155.648944 24.498867 3837.401830
-155.960116 26.468099 3839.952819
-157.525154 27.663802 3839.911022
-153.149450 26.522030 3839.849780
-153.370226 29.333113 3839.905457
-152.067828 27.824314 3839.937403
-151.141543 29.402044 3839.904472
-151.830178 31.787583 3839.901933
-147.280707 29.546119 3839.906367
-145.981373 32.257926 3839.899416
-148.069181 33.660045 3839.898049
-143.509968 32.121199 3839.809192
-145.250175 33.498940 3839.920742
-143.327892 35.043684 3839.302540
-144.015882 31.094741 3839.881841
-144.636268 28.423411 3839.843584
-143.244946 28.483994 3838.365289
-142.853774 30.008477 3837.972869
-140.703750 31.893153 3836.965039
-139.104632 28.845877 3836.573204
-137.865625 30.203469 3836.581996
-136.569687 29.281069 3836.666191
-134.456794 28.596441 3836.810392
-134.524382 30.776773 3836.778416
-132.244079 33.331022 3836.692922
-132.918820 29.052292 3836.513103
-129.666749 30.735545 3836.569433
-126.878281 33.783704 3836.446496
-127.523684 31.769871 3836.679654
-125.858724 32.202764 3836.579116
-123.670986 35.479130 3836.820963
-124.114204 32.771154 3836.947110
-119.144703 36.596759 3836.754486
-120.586579 34.298908 3836.474536
-115.644526 38.605450 3836.640388
-115.774889 36.900962 3837.106389
-115.779174 36.789286 3837.373769
-110.941235 40.134182 3837.923315
-110.777261 40.232300 3839.190188
-107.934795 41.786525 3839.686457
-104.655736 43.273260 3840.631819
-103.162807 43.853859 3841.377843
-102.911755 43.876151 3842.121277
-96.294886 45.611274 3842.213533
-93.253750 44.910268 3842.288898
-91.732898 44.459304 3842.281282
-90.994458 42.375447 3842.219798
-85.402614 41.650535 3842.193822
-81.256517 40.288980 3842.130941
-77.344565 39.227125 3842.041722
-79.393170 38.778982 3840.876367
-74.186221 37.275212 3840.030215
-71.554237 36.198526 3838.876783
-71.979028 36.386430 3837.383962
-66.856915 33.665684 3836.801121
-68.462911 34.626692 3835.677595
-67.808679 34.248016 3834.448178
-65.718979 32.919226 3834.423162
-66.686630 33.558684 3831.399640
-63.620271 31.380368 3830.911462
-65.029685 32.437013 3828.321448
-61.862630 29.913025 3826.788449
-64.838782 32.299668 3826.014535
-61.939261 29.980796 3825.998570
-62.739823 30.666344 3823.663796
-61.516783 29.600818 3822.047332
-59.157434 27.263498 3822.842626
-61.033028 29.154085 3820.107711
-58.582837 26.630314 3819.463892
-60.476957 28.620291 3818.912371
-58.157676 26.142078 3818.565202
-58.625562 26.679175 3816.718164
-55.727771 22.989628 3815.414733
-55.884112 23.213730 3814.836159
-54.440626 20.998818 3814.510850
-53.259980 18.899896 3813.154121
-53.277024 18.933195 3810.816566
-51.453743 15.336087 3809.385445
-48.522622 11.673444 3809.332180
-47.494511 9.817733 3809.320691
-45.549453 9.479522 3809.267713
-43.839684 5.697344 3809.254346
-42.511608 1.382223 3809.247751
-42.061244 -0.692254 3809.384289
-41.932308 -1.182356 3811.103151
-42.300183 -5.161342 3811.994438
-43.054777 -9.260497 3813.159736
-43.990184 -12.685634 3813.160940
-43.781300 -13.183397 3815.354010
-42.392104 -12.390379 3815.022702
-43.991082 -15.956844 3815.271112
-41.800649 -16.266954 3815.322975
-41.155269 -17.284737 3814.931507
-41.089642 -19.849421 3815.320203
-40.273082 -19.331584 3815.268494
-39.635335 -21.419188 3814.816830
-42.298628 -24.082356 3815.050211
-37.532815 -22.026051 3815.148036
-39.317109 -25.202324 3814.884760
-42.072026 -27.323430 3815.166259
-36.733879 -24.137043 3814.857484
-38.260994 -27.414195 3815.178251
-39.769992 -30.597471 3815.064524
-36.591476 -27.665252 3815.083027
-36.961013 -29.548178 3815.240801
-37.992805 -31.016309 3815.283747
-40.281827 -33.220640 3815.211763
-35.005400 -29.427827 3815.138387
-35.318617 -32.265418 3815.239220
-35.704422 -33.379069 3815.204351
-37.594219 -36.039131 3815.222719
-33.014338 -34.008095 3815.204585
-31.319488 -33.831355 3814.862783
-32.568518 -36.383906 3815.185302
-34.184327 -39.046224 3815.239856
-31.748979 -36.775543 3815.078994
-29.860910 -36.965447 3815.034963
-30.875695 -38.267438 3814.997546
-31.222164 -39.912948 3815.227295
-33.271755 -39.543783 3815.285342
-27.897447 -39.676150 3815.214446
-29.034823 -41.360089 3814.936864
-29.141181 -43.663555 3815.044701
-26.714249 -42.163423 3815.197183
-27.144502 -42.463900 3815.044846
-26.188934 -44.814410 3815.026211
-28.662058 -44.357531 3815.082350
-23.038080 -44.446441 3815.089783
-25.201061 -46.066119 3814.974012
-26.263926 -47.427713 3814.915193
-21.208782 -46.872337 3814.907118
-22.378724 -49.634309 3815.210424
-24.190974 -49.464340 3815.319738
-20.439417 -50.499923 3814.953146
-22.274306 -51.765361 3815.117150
-20.570983 -52.251258 3815.077054
-19.735421 -53.652156 3815.268080
-21.939425 -56.147211 3815.226132
-17.645109 -55.229365 3814.954744
-20.669680 -56.735829 3815.215801
-21.093194 -57.808008 3814.783488
-19.238694 -59.541748 3815.187969
-20.875953 -61.989571 3815.245753
-16.221303 -60.964277 3815.010546
-18.723500 -63.396607 3815.068867
-20.321709 -63.386575 3815.357118
-18.196040 -64.670901 3815.259803
-19.364023 -67.216887 3815.044101
-16.697253 -66.539528 3815.280705
-17.080149 -68.515154 3815.129522
-19.440366 -71.759218 3815.324692
-15.654088 -69.598418 3815.319521
-16.512999 -72.150717 3815.439919
-18.975870 -73.714091 3815.398661
-16.702943 -73.539467 3815.358287
-17.732333 -74.214137 3815.424354
-18.991226 -75.518243 3815.125384
-19.675451 -76.188866 3815.206106
-15.949108 -77.888442 3815.126712
-18.562632 -78.371877 3815.230934
-19.496762 -79.734461 3815.012193
-16.314777 -81.180826 3814.958191
-18.770467 -83.728320 3815.218861
-17.310811 -84.245309 3815.376002
-17.759501 -85.575516 3815.003438
-21.353808 -86.608270 3815.268549
-17.682764 -87.171303 3814.554761
-16.841871 -87.488774 3814.592070
-18.480181 -89.891634 3814.797283
-18.273594 -90.780573 3814.915414
-20.138143 -92.434555 3814.945485
-19.064767 -93.299257 3814.629843
-23.977245 -95.566601 3814.846980
-22.298635 -96.541944 3814.775206
-21.030600 -96.855895 3814.597377
-26.953568 -99.917600 3815.066087
-24.585382 -99.822076 3814.638625
-25.521121 -101.206701 3814.505164
-28.772242 -103.235901 3814.401829
-27.839125 -102.735921 3813.328732
-32.253101 -105.148062 3814.157690
-34.034734 -106.058757 3812.365358
-35.404941 -106.731981 3811.963459
-39.977684 -108.822839 3810.845361
-39.753199 -108.800956 3809.382582
-41.990597 -110.981445 3809.251611
-47.457104 -113.963921 3809.252282
-51.321757 -115.995666 3809.252280
-50.794023 -116.349841 3809.252280
-51.644310 -117.574774 3809.252280
-55.154499 -118.365900 3809.252281
-53.975174 -119.685180 3809.252280
-59.839250 -120.423515 3809.252280
-59.800305 -122.016446 3809.252280
-59.033475 -122.549579 3809.252280
-65.865029 -124.101701 3809.252280
-64.343360 -123.919822 3809.252281
-65.054476 -125.010938 3809.252281
-68.843471 -125.438852 3809.252280
-68.027312 -126.673615 3809.251400
-73.808357 -126.707525 3809.252296
-73.900612 -128.458162 3809.356262
-73.422958 -128.499692 3809.987165
-80.534304 -129.071021 3810.598485
-78.874955 -128.972008 3810.921547
-79.671524 -129.024229 3811.945433
-83.174926 -129.185041 3811.881687
-82.800372 -129.173382 3813.565727
-88.100987 -129.255830 3813.227407
-86.935952 -129.256336 3815.473090
-91.266321 -129.200488 3814.427542
-89.672222 -129.239196 3816.457876
-94.780810 -129.052650 3817.536154
-90.538632 -129.221691 3818.692958
-94.334688 -129.075527 3819.379841
-97.515837 -128.870954 3818.457273
-92.536118 -129.160495 3821.426626
-97.089541 -128.901578 3821.785165
-100.164130 -128.639759 3820.610463
-96.080329 -128.972322 3822.781097
-99.719231 -128.680648 3823.732889
-103.963883 -128.208980 3824.102678
-99.250213 -128.722780 3824.548437
-102.473591 -128.392068 3824.629021
-105.571273 -127.996763 3825.632746
-103.214345 -128.304432 3826.704691
-104.603504 -128.125852 3827.182500
-106.963427 -127.790689 3826.897499
-108.665286 -127.523164 3827.164616
-106.320137 -127.887091 3830.350150
-109.285109 -127.418063 3829.421409
-112.044713 -126.919300 3829.381988
-107.771799 -127.668053 3832.930982
-112.642311 -126.805679 3833.048103
-115.555601 -126.198374 3831.785939
-111.298252 -127.061198 3833.829358
-115.998808 -126.097955 3835.011298
-117.289514 -125.801135 3834.124607
-116.995135 -125.869105 3835.307173
-121.366392 -124.772283 3836.639822
-117.372792 -125.781947 3837.701188
-121.122669 -124.838073 3836.950606
-121.521510 -124.730337 3838.583581
-125.558904 -123.568663 3839.082957
-124.302676 -123.945339 3840.396465
-128.651908 -122.580460 3839.645171
-130.855495 -121.827376 3841.447154
-129.702303 -122.084990 3842.177983
-136.374266 -119.530378 3842.215614
-134.302022 -119.362826 3842.292197
-135.324416 -117.920921 3842.291601
-138.925153 -115.822222 3842.291603
-137.557103 -115.375836 3842.291603
-141.434150 -114.085325 3842.291603
-142.614823 -111.750087 3842.291603
-141.571871 -111.545089 3842.291603
-146.409786 -109.238125 3842.291603
-145.493165 -107.547220 3842.291603
-149.529564 -104.569193 3842.291603
-152.250672 -101.982703 3842.291603
-154.771129 -99.444188 3842.291881
-153.763091 -98.621457 3841.468610
-157.791926 -95.822966 3841.101562
-160.372711 -93.895950 3840.585876
-163.585597 -91.340651 3839.904185
-164.378185 -90.683867 3837.960445
-166.291827 -89.042746 3837.738675
-165.556758 -88.844024 3836.805859
-170.047189 -85.178448 3836.733522
-167.684563 -85.204705 3836.572818
-168.016962 -83.935157 3836.408868
-170.712719 -80.379612 3836.480829
-168.707985 -80.614025 3836.576578
-172.885648 -77.696575 3836.768418
-170.400437 -77.917445 3836.861075
-173.144207 -73.680551 3836.759917
-168.751730 -76.816025 3836.391730
-171.800549 -73.021959 3836.460785
-173.724435 -72.339690 3836.811049
-169.717018 -72.102322 3836.492199
-172.655783 -70.197163 3836.314297
-173.842815 -68.966710 3836.581928
-170.307665 -68.895399 3836.305680
-172.460127 -66.018551 3836.555388
-174.789539 -64.866481 3836.352434
-169.115445 -66.648658 3836.486011
-171.265116 -63.581191 3836.628125
-172.928407 -60.013255 3836.465591
-170.541936 -61.912335 3836.231512
-170.959901 -60.872577 3836.256887
-171.356596 -58.462425 3836.365658
-172.981590 -58.223589 3836.481282
-167.765547 -58.621466 3836.605256
-169.920523 -55.624151 3836.638407
-172.622345 -53.342659 3836.657813
-169.438675 -54.930961 3836.404726
-169.848223 -53.856755 3836.350503
-171.297200 -52.703801 3836.530346
-172.546109 -51.260737 3836.449186
-167.611547 -52.076452 3836.517273
-168.178811 -49.675103 3836.418033
-169.852609 -48.213470 3836.368724
-170.801689 -48.646289 3836.179325
-166.214282 -47.616074 3836.495791
-168.457292 -45.257522 3836.246056
-169.557626 -43.274982 3836.231267
-166.954887 -44.225286 3836.479732
-167.037384 -43.928066 3836.402054
-167.595350 -42.480119 3836.538583
-169.208858 -39.187357 3836.375036
-165.270243 -42.735180 3836.518727
-166.164962 -39.891597 3836.336810
-166.406082 -38.491971 3836.431409
-168.461998 -35.825950 3836.324766
-162.959159 -38.952100 3836.574322
-164.370140 -36.008197 3836.453371
-164.869299 -34.802839 3836.594182
-167.080075 -32.741441 3836.394959
-161.300436 -35.944649 3836.479175
-162.576365 -32.879622 3836.577543
-162.983091 -31.927154 3836.535912
-165.285993 -29.342647 3836.459026
-159.604466 -33.028912 3836.649890
-161.142787 -30.181251 3836.456841
-161.122175 -28.763598 3836.557500
-163.007552 -26.098281 3836.605732
-157.480440 -29.924568 3836.359925
-158.804058 -27.037001 3836.388350
-159.145134 -25.492040 3836.255122
-160.632822 -23.192661 3836.411363
-155.489681 -26.856914 3836.499949
-156.572525 -23.918785 3836.457096
-156.713357 -22.469300 3836.544377
-158.574580 -20.407235 3836.634857
-153.528432 -23.906084 3836.658235
-154.296020 -21.126655 3836.798229
-154.374635 -19.873704 3836.658523
-155.567373 -17.166946 3836.609831
-151.394613 -21.032269 3836.962257
-153.023118 -17.997448 3836.573312
-150.836608 -15.367267 3836.427665
-153.106591 -15.547231 3836.326951
-148.338482 -16.526986 3836.508060
-149.271587 -13.814745 3836.516079
-150.083216 -11.885575 3836.329843
-147.818109 -15.356963 3836.672473
-146.781695 -12.942967 3836.600727
-146.768592 -9.713126 3836.363385
-145.197809 -10.817267 3836.558697
-143.560938 -10.392820 3836.423189
-145.118132 -7.800767 3836.681550
-145.154659 -7.779409 3836.686704
-142.098417 -7.676520 3836.550786
-143.440250 -6.160551 3836.406884
-142.762179 -4.883558 3836.662153
-139.372009 -5.074939 3836.436038
-140.293383 -1.269607 3836.382473
-138.441728 -4.407261 3836.668157
-138.892891 -0.721194 3836.410590
-137.203224 0.057357 3836.311408
-136.642339 2.377201 3836.521318
-134.865415 1.140104 3836.583359
-134.609356 7.178591 3836.506504
-133.113844 5.568130 3836.475507
-132.897882 4.976321 3837.285004
-131.863189 11.456630 3837.189422
-131.831690 11.624443 3839.124982
-131.172837 14.082855 3840.415009
-129.875839 17.834243 3841.402706
-127.542681 22.040935 3842.281598
-126.639296 21.957495 3842.289161
-124.490634 23.305974 3842.234758
-121.303864 26.441930 3842.140463
-117.531892 29.540110 3842.014412
-116.512052 29.150070 3841.915866
-113.682044 30.123040 3841.877501
-109.967903 32.404867 3841.094956
-106.715424 34.501106 3839.952366
-107.254818 34.184843 3838.653629
-105.421965 35.212461 3837.877530
-102.734126 36.493214 3837.399942
-103.272837 36.256799 3835.887806
-100.616582 37.332168 3836.701411
-99.450130 37.732290 3834.556117
-100.399454 37.408957 3833.209452
-97.315335 38.360997 3832.609298
-96.406807 38.588405 3833.648217
-95.963335 38.691153 3831.560791
-93.001918 39.238915 3830.931145
-96.228106 38.630453 3828.074032
-92.710377 39.278878 3829.558221
-93.002763 39.237697 3826.727842
-91.547942 39.420000 3826.194877
-88.896541 39.609062 3827.761693
-90.612418 39.507444 3823.217309
-87.635431 39.634451 3824.040475
-89.869065 39.561545 3822.204915
-86.362494 39.619255 3821.600754
-85.361705 39.576745 3822.919100
-85.195594 39.567597 3820.530245
-82.130926 39.263696 3819.274663
-84.227097 39.497861 3817.245432
-80.494907 38.998289 3817.169572
-80.802434 39.053433 3816.500839
-80.552819 39.008764 3815.175382
-77.717231 38.381026 3815.075814
-76.629627 38.079082 3812.986108
-74.285193 37.312128 3812.004024
-72.435965 36.582613 3810.789986
-70.675517 35.818630 3810.057803
-65.489845 33.391319 3809.562807
-66.464991 35.690216 3809.576746
-61.794175 33.151610 3809.467837
-58.446539 31.094472 3809.330873
-53.471412 27.557691 3809.259725
-51.081931 27.223079 3809.249217
-51.000978 28.398421 3809.703160
-49.984821 26.989397 3810.403759
-47.165761 22.344058 3810.748217
-46.952653 21.939485 3812.729418
-45.706836 19.320090 3813.454860
-45.642354 19.185402 3814.261018
-44.447481 16.137677 3814.429237
-42.219715 16.199512 3814.977334
-42.079457 17.631982 3814.990325
-39.272158 12.706381 3815.137554
-38.767213 14.910222 3815.023603
-38.425298 11.546443 3815.314824
-36.646653 11.317210 3815.214040
-34.669137 11.236315 3814.724262
-34.060685 8.095853 3815.084471
-33.714474 9.943233 3815.131904
-31.586443 9.797292 3814.812829
-33.319501 7.068769 3815.132072
-32.834587 4.482074 3815.195666
-29.531089 8.458931 3815.196492
-28.828871 4.735123 3815.084544
-28.462627 1.930232 3814.949556
-26.966910 4.259668 3815.140702
-27.769188 2.916416 3814.971282
-27.074796 1.060767 3815.174076
-27.341266 0.389844 3814.989469
-23.392790 2.226681 3814.807186
-23.455101 -1.556761 3815.097543
-23.894842 -4.772312 3814.876803
-22.699544 -0.395589 3815.025616
-21.752920 -3.486068 3815.258122
-20.443593 -5.452054 3815.170188
-22.367889 -6.163457 3815.105339
-18.515535 -5.245091 3815.033079
-17.539766 -7.074051 3815.297854
-18.478006 -10.431670 3815.167313
-16.697799 -6.046224 3815.048023
-16.542393 -9.127700 3815.110580
-14.621821 -11.310616 3815.090032
-16.013909 -11.741511 3814.798104
-11.626092 -9.036679 3815.092597
-13.045837 -11.980042 3815.090531
-12.214249 -15.557812 3814.849963
-11.226588 -12.814836 3815.035823
-9.039134 -13.178421 3814.958518
-9.624750 -16.632619 3814.876176
-10.707925 -18.221715 3815.169410
-7.853460 -16.429774 3814.897543
-9.324170 -17.151620 3814.859274
-9.198048 -18.599164 3815.079013
-9.373302 -21.828780 3814.787746
-6.355438 -17.344146 3815.061191
-5.746319 -20.773059 3814.839447
-6.159235 -21.808989 3815.242740
-7.260239 -24.622945 3814.909721
-3.339915 -20.572497 3815.053787
-3.939024 -24.199639 3814.998617
-4.110686 -25.453832 3815.035095
-5.506329 -27.419634 3815.035193
-0.950079 -24.135454 3814.981987
-2.477657 -26.823886 3815.181176
-2.809208 -28.153144 3814.831976
-3.610230 -29.893337 3815.165710
0.628816 -27.278528 3815.199182
-0.745435 -29.856180 3815.167468
-0.893548 -31.359280 3814.849469
-1.923203 -34.027227 3815.185396
2.617055 -30.638971 3814.988412
1.719496 -33.935810 3815.258737
1.317133 -35.245951 3814.954156
-0.573964 -37.348996 3814.999416
4.732913 -33.837455 3814.719874
3.521770 -36.990347 3815.156792
3.082250 -38.359035 3815.080520
0.921253 -40.656623 3815.122818
6.176214 -37.116214 3814.969812
4.980113 -40.483590 3815.290863
4.272442 -41.478204 3815.015244
3.130742 -44.792552 3814.893758
6.530862 -40.773832 3815.104641
5.989058 -43.358697 3815.021256
5.531179 -45.101605 3815.129863
4.140137 -48.199386 3814.912985
7.818293 -43.870097 3815.003966
7.014625 -47.695521 3815.201260
6.029607 -49.396364 3814.878222
4.583118 -50.584146 3814.960035
9.801510 -49.194673 3814.810405
8.780093 -51.597882 3814.986183
6.982345 -55.607888 3815.081753
9.616864 -53.112764 3815.017263
8.245682 -53.881197 3814.932877
7.158891 -56.207818 3814.932720
6.080074 -57.397432 3815.059546
10.582548 -56.921654 3814.742386
7.372538 -59.743950 3814.935232
9.241470 -59.625457 3814.865767
9.314099 -61.135819 3814.904220
6.315387 -64.725650 3815.032953
9.496740 -64.003973 3814.799579
4.990539 -68.445073 3814.777542
8.119002 -67.974027 3814.886170
7.247732 -69.835238 3814.785511
4.931464 -73.529667 3814.792077
7.212731 -72.173335 3814.070864
2.376485 -76.927638 3814.448333
3.196669 -77.091818 3813.574791
4.370345 -75.704931 3812.578167
1.574990 -78.931890 3811.925210
-2.241013 -82.988643 3811.074319
-6.892337 -87.459205 3810.547787
-6.207230 -86.822022 3809.717868
-7.677757 -88.935743 3809.250754
-11.324310 -93.214409 3809.252327
-15.979520 -97.708322 3809.252282
-14.544655 -97.773557 3809.252280
-16.197758 -100.593773 3809.252280
-20.053589 -104.417423 3809.252281
-21.510575 -105.643532 3809.252282
-23.648470 -106.693367 3809.252280
-24.321702 -108.309422 3809.252280
-23.339032 -109.568264 3809.252280
-29.737621 -112.489181 3809.252281
-27.733502 -112.751131 3809.252289
-26.943332 -113.029201 3809.251922
-31.785558 -115.914229 3809.250788
-31.719583 -116.676343 3809.361498
-34.520911 -117.803776 3809.331425
-35.536129 -118.456863 3810.614331
-35.396596 -118.395947 3812.095217
-42.006384 -121.064472 3811.512883
-40.428630 -120.465358 3812.817753
-39.796292 -120.218723 3813.625563
-45.532398 -122.322210 3813.934067
-45.029533 -122.148677 3815.607679
-51.133977 -124.084422 3814.580572
-48.120537 -123.171139 3817.079352
-51.422566 -124.168138 3816.517312
-49.414870 -123.573434 3817.772281
-53.669440 -124.793257 3818.002317
-54.556198 -125.030320 3817.149088
-54.167458 -124.927727 3820.601816
-56.575626 -125.539807 3819.237961
-58.426561 -125.975836 3818.997779
-55.962737 -125.386982 3822.107875
-59.332361 -126.182887 3820.937637
-62.198271 -126.782021 3821.284878
-57.964456 -125.869484 3824.703417
-62.134770 -126.769463 3825.335379
-65.333162 -127.360320 3823.792140
-61.370739 -126.614919 3826.173740
-64.627250 -127.239242 3827.563899
-68.929818 -127.930926 3827.778884
-64.214034 -127.164511 3827.996022
-67.592361 -127.730294 3828.484293
-70.507782 -128.145749 3829.734506
-68.243943 -127.828101 3830.353218
-69.630060 -128.029870 3830.904000
-71.986514 -128.334831 3831.043155
-73.333393 -128.485504 3830.918601
-72.746281 -128.420879 3832.740178
-76.180647 -128.765343 3833.870476
-72.490550 -128.392699 3834.876830
-76.849859 -128.823858 3836.121694
-79.064316 -128.985096 3835.439381
-78.725279 -128.961603 3837.426149
-81.725057 -129.130359 3836.973104
-83.318598 -129.189312 3838.889217
-81.427944 -129.115747 3840.055507
-88.631935 -129.250496 3840.016646
-86.900697 -129.257889 3841.270055
-89.707274 -129.243131 3841.695578
-93.480581 -128.919109 3842.260335
-92.435117 -127.944262 3842.291753
-96.534924 -128.150602 3842.295721
-97.973486 -126.702362 3842.291602
-96.090828 -125.962844 3842.291605
-102.890871 -124.732245 3842.291604
-101.567028 -123.693182 3842.291603
-103.761369 -122.668319 3842.291603
-107.686464 -121.520575 3842.291604
-106.374191 -120.790027 3842.291603
-107.573878 -120.371773 3842.291603
-112.745923 -118.648485 3842.291603
-117.213371 -116.997020 3842.291603
-122.243568 -114.871719 3842.291784
-121.393473 -113.826671 3842.172811
-126.143213 -112.233699 3841.515644
-129.828376 -110.910472 3840.627939
-133.277133 -109.543992 3838.791538
-132.436159 -109.889047 3837.899354
-136.389251 -108.202743 3838.025309
-136.919234 -106.954663 3836.737148
-135.951515 -106.684488 3836.707006
-141.798074 -103.093678 3836.745818
-140.769782 -103.495391 3836.619384
-140.660035 -102.338820 3836.717510
-143.218583 -100.771267 3836.926965
-141.994932 -99.476504 3836.404928
-146.826112 -97.866110 3836.674690
-146.037619 -96.389847 3836.801947
-145.372371 -95.630810 3836.372816
-149.778397 -92.726253 3836.479056
-149.004094 -91.336558 3837.188271
-145.634308 -94.007214 3836.409502
-143.591027 -92.859054 3836.603348
-144.132163 -92.027609 3836.621561
-143.802817 -91.068939 3838.793233
-143.422711 -90.352287 3839.544213
-146.154714 -90.212324 3839.626057
-147.428166 -88.054832 3839.868465
-145.689352 -86.760391 3839.829744
-148.192161 -85.307162 3837.575178
-147.660396 -84.391403 3838.889491
-148.636714 -83.718683 3836.467032
-145.740433 -81.182659 3837.322656
-145.410690 -79.766285 3836.474718
-146.010766 -77.968457 3836.236750
-143.818768 -76.462249 3836.603432
-147.424009 -75.260404 3836.601652
-144.035831 -73.068306 3836.341472
-146.224535 -72.992543 3836.445771
-144.516993 -70.420958 3836.341640
-146.204873 -70.043881 3836.632245
-144.616507 -66.794298 3836.500943
-143.575601 -66.238739 3836.957784
-144.925463 -65.075549 3838.753924
-144.285369 -64.625746 3839.510829
-144.439495 -62.879739 3839.882174
-143.176872 -62.445638 3839.902511
-145.236092 -59.021384 3839.902182
-143.849110 -58.201434 3839.881858
-142.513993 -58.086351 3839.873570
-143.795337 -55.287771 3838.987921
-141.025120 -54.899715 3839.698894
-140.101174 -53.910467 3839.132229
-139.300198 -53.381880 3836.931169
-136.649366 -53.166249 3838.284529
-138.767137 -52.299198 3836.453010
-134.791727 -52.758601 3836.588108
-133.657596 -52.917180 3836.924642
-132.905704 -51.535900 3836.450424
-129.577572 -53.208086 3836.740602
-128.174942 -53.687680 3836.349545
-129.504962 -54.922357 3836.871676
-126.870051 -57.273425 3837.734847
-125.757675 -58.077252 3837.193905
-123.677241 -60.610666 3836.717394
-122.626657 -63.690150 3836.412951
-123.485635 -58.236166 3836.310277
-120.547334 -61.688021 3836.405069
-122.957019 -57.753747 3836.402569
-120.015915 -60.782349 3836.399200
-118.966701 -59.933592 3837.170778
-118.740664 -58.941922 3837.261324
-118.970344 -57.230565 3836.464840
-120.670495 -55.752760 3836.421955
-117.002952 -61.785083 3839.951917
-117.498060 -57.719900 3839.529006
-115.868579 -60.061500 3839.926587
-113.277499 -60.414700 3839.939025
-114.991818 -57.928209 3839.924034
-110.722956 -61.323300 3837.824308
-110.342428 -58.081105 3839.935547
-107.041871 -61.094757 3838.683568
-106.869676 -57.985365 3839.939204
-111.889002 -56.529900 3839.939017
-109.592100 -55.313150 3839.898856
-111.875814 -55.592096 3839.936898
-108.310846 -53.585014 3838.228376
-110.899523 -53.622286 3837.134486
-114.581858 -53.342200 3836.858310
-114.661808 -53.804881 3838.683591
-111.377242 -52.008535 3836.511617
-114.144370 -51.309076 3836.509234
-118.804550 -49.361695 3836.572103
-115.689158 -49.284336 3836.566138
-117.166286 -48.513458 3836.695673
-118.699474 -48.873397 3836.647041
-121.863957 -47.503255 3836.325514
-117.169303 -46.722204 3836.597291
-119.460720 -44.762762 3836.577076
-121.671640 -44.520055 3836.368030
-117.265967 -43.634758 3836.462445
-120.148957 -43.002946 3836.246642
-123.341671 -40.094379 3836.445023
-118.386534 -41.877120 3836.310858
-119.937297 -39.319104 3836.414201
-123.055452 -36.713895 3836.445695
-120.361645 -37.973009 3836.387621
-121.348783 -36.126763 3836.558866
-124.874225 -33.068551 3836.349226
-120.521324 -34.271828 3836.597932
-123.740429 -30.823034 3836.647768
-121.551380 -31.622127 3836.475352
-124.892802 -27.007779 3836.298030
-122.811196 -27.951871 3836.960127
-125.902289 -24.659637 3836.330746
-125.398769 -24.295615 3838.017803
-124.730261 -25.269576 3839.037182
-127.035005 -21.656300 3840.270779
-129.327667 -17.091390 3841.412154
-130.077961 -15.243741 3841.775564
-128.436484 -14.848584 3842.280377
-128.763931 -10.749983 3842.242431
-128.917190 -6.393548 3842.225322
-128.845584 -4.304323 3842.220662
-126.971235 -4.160173 3842.146171
-126.288043 -0.623823 3842.165448
-125.973442 3.887598 3841.353108
-125.758083 6.024773 3840.894599
-125.728353 6.251532 3838.311127
-125.205505 9.214136 3837.583095
-124.842477 10.736190 3837.088568
-124.711524 11.230326 3835.124359
-123.589250 14.678878 3836.203658
-123.695474 14.396103 3833.671375
-123.961320 13.650690 3832.259317
-122.757819 16.705832 3830.818972
-122.460840 17.355876 3832.390360
-122.270779 17.758846 3830.132495
-120.901364 20.350235 3829.018782
-122.170432 17.965631 3826.318464
-120.542317 20.957363 3827.932243
-120.658586 20.764857 3824.947257
-119.892941 21.998193 3824.488855
-118.565293 23.919274 3825.331812
-119.370160 22.784612 3821.721806
-117.847151 24.864917 3821.841115
-118.762189 23.650870 3820.281423
-116.514714 26.473338 3819.552648
-116.230432 26.792908 3820.942356
-116.362924 26.644987 3817.522070
-114.921442 28.183384 3818.142234
-114.089511 28.999265 3815.458650
-114.419053 28.681568 3814.798801
-110.173377 32.259369 3814.441684
-111.272440 31.431285 3813.186449
-109.338813 32.850394 3812.249896
-105.594602 35.120945 3811.732744
-103.723663 36.050684 3811.263002
-104.721489 36.192672 3809.589222
-100.875335 38.795497 3809.585443
-97.035306 40.685429 3809.528136
-94.706052 41.499262 3809.487182
-96.084342 43.291754 3809.300916
-90.366996 44.955139 3809.260901
-85.639221 45.574321 3809.250499
-83.515005 45.877636 3809.243341
-84.306367 46.521660 3810.865906
-79.074311 45.850879 3811.803116
-74.363989 44.707107 3812.505201
-70.872499 43.501294 3812.808277
-71.863990 43.874717 3813.918908
-72.337431 45.433592 3815.091486
-66.197320 42.304485 3814.950679
-66.982715 43.959127 3814.851385
-64.577845 42.416307 3814.937262
-63.312149 43.786419 3814.702701
-60.924051 42.037980 3814.907890
-61.181503 44.232724 3814.785199
-55.681580 41.071069 3814.823461
-57.995634 43.337142 3814.735424
-56.141342 41.760712 3814.563992
-53.290662 40.268407 3814.873939
-51.998402 39.635937 3814.761035
-53.947688 43.365288 3814.659591
-48.944959 40.154294 3814.658949
-45.287568 38.265370 3815.107578
-49.204489 41.080225 3815.038963
-46.882538 39.859785 3815.042126
-44.501863 38.574758 3815.029199
-51.647439 44.088909 3814.800360
-51.019163 45.374400 3815.053623
-47.045806 42.659359 3815.044730
-48.123115 44.572714 3814.934890
-45.974502 43.833304 3814.514252
-54.168533 44.903774 3815.025137
-53.044031 45.190527 3815.019715
-52.969183 46.809039 3814.858648
-46.169955 37.117078 3815.120846
-45.879681 37.232831 3815.100152
-41.835011 35.405933 3815.009613
-43.793226 38.063086 3814.812783
-40.079751 36.121704 3815.273640
-42.463895 32.684498 3814.958029
-43.409636 35.138429 3815.062126
-38.830085 32.556126 3815.140460
-38.866925 34.560496 3814.963673
-37.389185 32.464126 3815.183557
-38.122884 29.096063 3814.926212
-39.817815 31.086162 3814.701403
-35.695350 28.927791 3815.186338
-39.287756 27.870363 3814.839669
-40.753563 30.389414 3814.932389
-43.331950 28.277724 3815.190212
-43.236805 30.565484 3815.137796
-46.206690 31.360351 3815.058399
-45.309713 33.822588 3814.967077
-48.871072 34.160716 3814.972818
-49.655702 35.524419 3815.053126
-50.544857 36.286885 3815.141943
-54.734163 38.029063 3815.102472
-52.716610 39.017528 3814.869029
-56.890223 38.819807 3814.554730
-57.133198 40.395476 3814.832759
-60.428134 38.685237 3815.098897
-60.334291 40.652432 3815.061932
-65.802660 41.134914 3814.101143
-63.648249 39.909324 3813.722203
-68.066753 42.305763 3814.130075
-70.127184 43.202667 3813.429040
-71.754360 43.835550 3812.383676
-73.301951 44.378664 3809.997285
-78.193451 45.252039 3809.254296
-81.045053 45.645814 3809.252764
-83.321217 45.413156 3809.251638
-84.920312 43.092927 3809.401252
-89.345657 42.079433 3809.521360
-92.333296 41.873475 3809.494706
-94.108436 41.190530 3809.519395
-95.442933 38.799992 3810.109521
-99.472105 37.724884 3811.158023
-101.868555 36.853657 3811.269828
-103.356835 36.218544 3811.570128
-104.618522 35.621706 3814.616486
-107.592449 33.981257 3814.081781
-109.147566 32.980059 3816.368176
-108.299047 33.539505 3817.785165
-111.239709 31.457019 3817.869586
-110.873277 31.740738 3819.715993
-113.156190 29.858345 3820.148063
-112.867831 30.112121 3821.615318
-114.138494 28.951181 3823.030650
-114.903941 28.200565 3819.084396
-114.686819 28.417377 3825.162659
-115.662843 27.411351 3822.694206
-115.526741 27.556803 3826.281558
-118.055632 24.597360 3827.658760
-117.183735 25.687128 3823.843779
-118.748148 23.670136 3828.888858
-119.319982 22.859819 3827.257024
-118.440021 24.088978 3832.306686
-120.550303 20.944732 3831.538385
-120.171496 21.561845 3833.288701
-121.641882 19.007725 3833.376422
-121.112867 19.979166 3834.825970
-122.025251 18.259295 3834.039060
-122.762762 16.692521 3836.554631
-123.049045 16.033276 3834.888346
-124.109642 13.214377 3836.347448
-124.368882 12.404640 3837.879906
-124.912699 10.449583 3841.594701
-126.236811 6.841554 3842.142116
-126.754855 4.836541 3842.150461
-127.384604 2.785843 3842.172725
-130.242260 0.501971 3842.268299
-130.797028 -3.336754 3842.282473
-130.684913 -5.515424 3842.283975
-130.638029 -7.571150 3842.287064
-131.634972 -10.355406 3840.933994
-130.555605 -13.928282 3840.003855
-129.732897 -16.114955 3839.814489
-128.232362 -19.426517 3837.545553
-128.207524 -19.735550 3837.058842
-128.545494 -21.116204 3836.550592
-126.992995 -23.671812 3836.497609
-129.188814 -24.090065 3836.283931
-125.960344 -26.118379 3836.627818
-129.407458 -27.468100 3836.476710
-127.207879 -27.195320 3836.563295
-129.532900 -29.583823 3836.462307
-127.766942 -32.107423 3836.372045
-125.314727 -31.778971 3836.287469
-131.281830 -32.043480 3836.616720
-128.690836 -35.310431 3836.590952
-126.738600 -33.962686 3836.467390
-130.506815 -33.738028 3836.493907
-132.136172 -34.277505 3836.500337
-129.545474 -37.032940 3836.491502
-134.067981 -34.654236 3836.392896
-135.355845 -34.854148 3836.466027
-133.155068 -37.764894 3836.361270
-137.634295 -34.897040 3836.705269
-137.606347 -35.465565 3836.384677
-136.573828 -37.608927 3836.461479
-139.035846 -37.773145 3836.371308
-140.709298 -38.154216 3836.479483
-138.574018 -40.511883 3836.443893
-136.048530 -38.886414 3836.614693
-134.095922 -39.945789 3836.354896
-137.752658 -42.413197 3836.523435
-133.661371 -41.965992 3836.324816
-132.587463 -42.277771 3836.334311
-136.491042 -44.692489 3836.164390
-133.664693 -44.008805 3836.077298
-131.312229 -45.337033 3836.364736
-133.218878 -48.102557 3836.553818
-127.941070 -49.344226 3836.222234
-129.642653 -46.924505 3836.425364
-127.415188 -46.087762 3836.500030
-124.853325 -49.302474 3836.430905
-122.771010 -50.712504 3836.499177
-123.811183 -47.549200 3836.501893
-122.445885 -50.679827 3836.401506
-120.377682 -51.313344 3836.542309
-119.882296 -49.112003 3836.274997
-133.114302 -48.714148 3836.464659
-127.992932 -49.913696 3836.160866
-127.181054 -50.812926 3836.450212
-136.751671 -46.107915 3836.310531
-136.527404 -48.854475 3836.380641
-138.997934 -48.963598 3836.351233
-136.421502 -49.526719 3836.367040
-140.741659 -49.436546 3836.603226
-138.800526 -50.720862 3836.372853
-144.133518 -52.236577 3836.412745
-139.869349 -52.151523 3836.324530
-144.335480 -54.813241 3836.748034
-146.655597 -55.071241 3836.697853
-143.603601 -54.932644 3837.962707
-147.144892 -58.858008 3837.127010
-147.572721 -58.770247 3836.768482
-147.546264 -59.274085 3838.300376
-147.722750 -56.332636 3836.570041
-153.115191 -59.504904 3836.276852
-151.336479 -57.838003 3836.585565
-152.553005 -55.573134 3836.104455
-150.648522 -55.024773 3836.092765
-152.421000 -53.261236 3836.345808
-149.287602 -52.377736 3836.235910
-149.792588 -50.192539 3836.313801
-145.870573 -50.473277 3836.439463
-146.822826 -48.506926 3836.349082
-145.565908 -48.564919 3836.307391
-144.199376 -47.837585 3836.111362
-145.552284 -46.290906 3836.282961
-142.753439 -46.591529 3836.505277
-143.610913 -45.004998 3836.346521
-142.888794 -42.791529 3836.663500
-144.300617 -42.951218 3836.626737
-138.029502 -44.891609 3836.475536
-140.032630 -42.668707 3836.296740
-147.672701 -42.243034 3836.403415
-146.674437 -42.274922 3836.319828
-146.371600 -43.876625 3836.455305
-143.974851 -39.682969 3836.477849
-146.316422 -37.491402 3836.576677
-141.982823 -39.852416 3836.235131
-140.131526 -40.161565 3836.522815
-141.825792 -37.298166 3836.587529
-150.655214 -36.212096 3836.430500
-149.004769 -38.634995 3836.511683
-148.763410 -40.083310 3836.519936
-146.541453 -35.560660 3836.679233
-148.652656 -33.146860 3836.300018
-144.344003 -35.794164 3836.297806
-144.081197 -35.433569 3836.324665
-144.726851 -32.927562 3836.419599
-145.900620 -30.324535 3836.342947
-143.549250 -32.834447 3836.334439
-142.074896 -32.957211 3836.715679
-142.382421 -30.325208 3836.529844
-143.842054 -27.336512 3836.678894
-141.790072 -29.796002 3836.405843
-140.329905 -29.580810 3836.285928
-141.659740 -26.968777 3836.303377
-143.188634 -25.225812 3836.350193
-139.244626 -28.065680 3836.505840
-139.325906 -25.854807 3836.419977
-140.552088 -22.817623 3836.376101
-138.532879 -24.511394 3836.697944
-138.918859 -23.214839 3836.589009
-139.646098 -21.665707 3836.585866
-140.159921 -20.481617 3836.657728
-137.562526 -20.236755 3836.674943
-137.470830 -17.292673 3836.458841
-135.402921 -19.470330 3836.364318
-135.986861 -15.435544 3836.423526
-137.342227 -15.338694 3836.279493
-134.562423 -13.075598 3836.387544
-133.709892 -14.017410 3836.437926
-134.325654 -8.187718 3836.471655
-133.624965 -9.482990 3836.217073
-132.261090 -8.685826 3836.613501
-132.664492 -5.898799 3836.574674
-132.749981 -4.440281 3838.387680
-133.062433 -0.214308 3839.630940
-133.077482 0.640321 3840.771958
-132.994728 2.949504 3842.005084
-131.998908 6.567459 3842.295751
-130.207279 10.758404 3842.283152
-128.996833 11.478031 3842.244120
-127.087523 13.358540 3842.111497
-125.255306 16.464794 3842.008560
-122.466794 19.618856 3841.938528
-121.158037 19.969553 3841.488455
-119.986851 21.853615 3840.224213
-118.069115 24.580651 3839.206289
-116.786470 26.158298 3838.556006
-115.967967 27.081900 3837.355357
-114.654915 28.449182 3837.123393
-114.276247 28.820699 3834.979476
-111.126405 31.544523 3835.720647
-112.328094 30.573912 3833.917080
-109.723450 32.582340 3832.464609
-111.466138 31.278787 3830.504758
-109.501821 32.737301 3831.864479
-108.723209 33.263828 3829.594060
-108.401606 33.473681 3828.560478
-105.715143 35.057142 3829.056783
-106.713720 34.502157 3826.207235
-104.475629 35.692746 3825.892393
-105.644240 35.094330 3824.842649
-103.625167 36.096487 3824.064308
-102.599532 36.550769 3824.839120
-102.100200 36.759570 3822.748403
-100.087365 37.518411 3823.106428
-100.138503 37.500815 3819.616036
-99.216093 37.808682 3820.712393
-98.137735 38.134336 3818.039369
-98.645539 37.984813 3816.437926
-93.272766 39.197519 3815.775340
-94.750667 38.944451 3815.224957
-94.233391 39.040568 3813.938906
-88.673342 39.616421 3813.252480
-86.339596 39.618483 3812.636672
-88.450799 39.622693 3810.962753
-84.380483 39.509508 3809.929659
-81.656004 39.946548 3809.576965
-77.147523 40.205208 3809.562905
-78.532722 41.671712 3809.444527
-73.849597 41.595217 3809.311203
-69.965738 40.724920 3809.265109
-64.687335 38.348229 3809.257416
-63.894443 38.329624 3809.253659
-60.150474 37.510332 3809.425212
-61.280000 38.355266 3810.588040
-58.004090 35.829278 3810.234614
-56.896292 34.856761 3811.567743
-58.163549 35.960965 3812.351450
-53.137335 31.033954 3812.945176
-53.948774 31.931340 3814.119317
-52.087187 30.546885 3814.868833
-49.040953 28.137569 3815.118698
-48.635486 29.529481 3815.068546
-47.155103 26.710160 3815.271348
-44.514678 26.536495 3815.001101
-43.294257 24.594258 3814.939429
-42.840809 25.822326 3814.762650
-38.917958 23.548153 3814.846804
-41.042615 23.934825 3815.332660
-39.010302 26.145332 3814.919278
-35.510243 23.023722 3815.248206
-39.185435 19.851485 3814.886969
-42.351049 22.557686 3815.018204
-36.465598 20.362926 3815.023562
-34.953417 17.076450 3815.111931
-35.118636 20.162575 3815.346244
-33.825236 21.273181 3814.893168
-32.119947 17.898871 3814.993189
-31.443163 14.702715 3815.211423
-31.056488 18.996446 3815.342279
-29.767090 18.440294 3815.167248
-29.050923 16.903628 3814.739472
-28.577034 19.244738 3815.004671
-27.766773 19.412420 3814.922241
-27.098370 17.893279 3813.172937
-27.241694 16.215632 3814.645462
-24.386327 19.900979 3814.347177
-24.135311 18.506548 3811.886643
-24.143210 16.390090 3811.524967
-22.820378 17.951191 3811.541497
-20.860638 17.873519 3811.542457
-20.046107 15.860546 3811.548790
-19.977142 17.051313 3811.555415
-17.856568 15.312865 3811.589892
-17.824858 14.223427 3812.337989
-14.327892 15.548842 3812.671870
-16.194296 14.343609 3814.404310
-13.621161 15.046642 3814.575999
-12.707329 14.584171 3814.798154
-10.946888 12.499285 3815.074458
-10.587035 14.763942 3815.059391
-7.744031 12.514277 3814.839937
-6.651354 9.106440 3814.937622
-7.063973 12.908387 3815.155881
-4.729360 10.784180 3815.157133
-3.686492 8.247819 3814.770146
-5.314892 8.837018 3814.870323
-0.706715 9.808706 3815.156450
-0.371225 6.625677 3814.980401
0.144212 4.506630 3815.217633
1.956934 6.470400 3814.947613
3.076344 6.638027 3814.789457
2.669319 4.134036 3814.998124
3.015158 2.196816 3815.069047
4.980184 3.896763 3814.953990
6.523796 3.981131 3815.204473
6.047450 1.475587 3814.842355
6.013223 -0.645075 3815.167302
8.553574 0.927230 3815.132240
9.918074 1.254839 3814.706487
8.966796 -1.752262 3814.999880
9.228050 -3.375424 3815.124250
10.918985 -1.540695 3814.748795
12.576760 -1.555512 3815.162264
12.370401 -4.628958 3814.928075
12.120455 -6.961495 3815.135143
13.755370 -4.845938 3815.022920
15.253630 -4.811155 3815.075065
14.873906 -7.606672 3814.763029
14.584166 -10.452234 3815.154834
16.959921 -7.461805 3815.096399
17.873660 -7.112613 3815.045110
17.937045 -11.181954 3815.080392
17.239788 -13.974577 3815.120338
18.536803 -10.662979 3815.017070
19.825080 -10.751562 3814.968209
19.770831 -13.849365 3814.809966
18.962612 -17.916506 3815.004409
21.158061 -13.918357 3814.926605
20.653271 -15.881231 3814.616481
20.606340 -18.105478 3814.972317
20.668551 -18.968525 3815.065111
23.888284 -16.620481 3815.022327
23.250008 -21.793167 3814.938952
21.929054 -24.531370 3814.701080
24.914627 -19.557408 3814.604373
23.326584 -24.098555 3814.606783
22.521447 -26.651122 3815.059323
24.664749 -26.447786 3814.434347
24.201234 -31.776539 3814.759261
26.251041 -26.191729 3814.886143
24.298029 -31.915966 3814.757207
26.413808 -30.131986 3814.678670
25.264846 -35.920557 3814.830816
26.016560 -35.865251 3814.977600
25.928232 -37.051043 3813.991155
23.732290 -41.742935 3814.619953
24.929085 -40.063824 3813.198653
24.269997 -41.823521 3812.384092
22.519063 -46.136155 3811.858320
22.928409 -45.173873 3811.063219
20.872466 -49.805124 3811.258524
20.842628 -49.855137 3809.897325
19.045715 -54.790026 3809.251313
17.739123 -58.725472 3809.252196
14.801448 -64.713007 3809.252280
13.065155 -67.553175 3809.252281
14.842093 -67.914314 3809.252280
11.367194 -72.879498 3809.252281
10.042683 -75.582707 3809.252280
9.705455 -77.768992 3809.252283
9.630515 -79.059156 3809.252285
3.287534 -84.220948 3809.252284
4.143623 -85.209279 3809.252285
6.437416 -84.302545 3809.252285
0.769100 -90.004238 3809.252284
3.160865 -89.566774 3809.252280
1.969724 -91.544071 3809.252320
-1.290587 -95.257455 3809.251855
0.757866 -94.824385 3809.582448
-2.878701 -97.750762 3809.273104
-3.909895 -98.928918 3810.614518
-1.821303 -97.145244 3811.630613
-7.986203 -102.199664 3811.546896
-6.322396 -100.897632 3813.153789
-8.081164 -102.272862 3813.667462
-11.890516 -105.091737 3814.062683
-9.045970 -103.006862 3815.891693
-13.055279 -105.912411 3814.461371
-11.954842 -105.137361 3815.978289
-15.260550 -107.412920 3816.850996
-16.044006 -107.930746 3816.304298
-15.086154 -107.296141 3819.023904
-18.433226 -109.460421 3817.344792
-18.032534 -109.208115 3819.346640
-18.006601 -109.191754 3820.833302
-20.385269 -110.657556 3820.093740
-21.707810 -111.439912 3819.793166
-20.762601 -110.881688 3822.517476
-23.537782 -112.490804 3822.467857
-25.759059 -113.713772 3821.388298
-21.617152 -111.386512 3824.889783
-25.276746 -113.452140 3824.523831
-27.866523 -114.821342 3824.625385
-24.218099 -112.870313 3826.484577
-26.940952 -114.341118 3827.546362
-30.590384 -116.182641 3827.273565
-28.889385 -115.342275 3828.501761
-30.235758 -116.009307 3828.369701
-32.605958 -117.139936 3829.276772
-31.571851 -116.653995 3829.998553
-31.581615 -116.658669 3831.727100
-34.101006 -117.821465 3830.386611
-35.655474 -118.507901 3830.290341
-33.936886 -117.747582 3833.190011
-36.917154 -119.048529 3832.218369
-38.302080 -119.620307 3832.332773
-37.681774 -119.366142 3834.034864
-42.198241 -121.135540 3835.505850
-38.289999 -119.615463 3836.055093
-42.835591 -121.370817 3837.109388
-44.170037 -121.848467 3835.896414
-44.282589 -121.887880 3837.907911
-48.584439 -123.316193 3838.250591
-45.893112 -122.443770 3839.739289
-50.629133 -123.938120 3839.372860
-51.772757 -124.269425 3840.819422
-49.441482 -123.580995 3841.811879
-56.953986 -125.638633 3841.800427
-55.626923 -124.195653 3842.292328
-58.114405 -124.446881 3842.291575
-62.324168 -124.710237 3842.291603
-61.397267 -123.683176 3842.291604
-65.617830 -124.913621 3842.291605
-67.415811 -123.771442 3842.291603
-65.167622 -122.421318 3842.291604
-72.279621 -123.252598 3842.291603
-71.140640 -121.782319 3842.291603
-72.677414 -121.440774 3842.291603
-77.055629 -121.711244 3842.291603
-75.637483 -120.317498 3842.291603
-79.998572 -121.497782 3842.291603
-81.291049 -120.180436 3842.291595
-79.121046 -118.942490 3842.296465
-86.002871 -119.443536 3842.294090
-84.243634 -118.608552 3841.474530
-86.809879 -118.649120 3841.193375
-91.144514 -118.594990 3841.086049
-91.546688 -118.582613 3840.176597
-89.791296 -118.630982 3839.176819
-96.722543 -118.295266 3839.158314
-95.540354 -118.379264 3837.742970
-97.217092 -118.258927 3837.017257
-100.421579 -117.511811 3837.082904
-98.987971 -117.265964 3836.665762
-102.740982 -116.761971 3836.809423
-100.325133 -115.340280 3836.911916
-107.527228 -114.458972 3836.839896
-103.892849 -113.615487 3836.859025
-110.123836 -112.738931 3836.761121
-106.822107 -111.523613 3836.558893
-111.053162 -112.106316 3836.830445
-110.124511 -110.547167 3836.494854
-111.482324 -109.149812 3836.700085
-116.544011 -108.695080 3836.511505
-111.761778 -108.409910 3836.483192
-114.295975 -106.666971 3836.408453
-118.930539 -106.332895 3836.678918
-113.824984 -105.947222 3836.475685
-116.582906 -103.794134 3836.671317
-120.539725 -103.141726 3836.836719
-118.519504 -102.401784 3836.537443
-119.510710 -102.297753 3836.539472
-121.711469 -100.379321 3836.678373
-120.268720 -100.298995 3836.478439
-121.610883 -99.056191 3836.515857
-125.061992 -97.417371 3836.767678
-121.916379 -97.331092 3836.485866
-125.499061 -95.244961 3836.625783
-127.069877 -96.614617 3836.655746
-126.429969 -94.107324 3836.481787
-130.757164 -92.605590 3836.618814
-126.516835 -92.222969 3836.976331
-130.515017 -91.403979 3837.944491
-132.071958 -91.469200 3837.024530
-131.536900 -90.907279 3839.125823
-133.568503 -90.838263 3839.190852
-135.509861 -88.431975 3839.869892
-134.269285 -87.660701 3839.866150
-139.515658 -86.829228 3839.848339
-137.665241 -85.712394 3839.870785
-137.954449 -84.253298 3839.618216
-139.632954 -82.741480 3839.858518
-137.072375 -81.355837 3839.483734
-139.981120 -81.304571 3839.854697
-137.853278 -78.229706 3839.861087
-135.716198 -77.087416 3839.876630
-139.029312 -75.134830 3839.456471
-136.032213 -74.224527 3839.904148
-138.164587 -73.820679 3839.052827
-135.905768 -71.536440 3838.759510
-135.073049 -70.340937 3838.264200
-135.970462 -69.973754 3836.997565
-133.736871 -67.868135 3836.847758
-137.990060 -66.868655 3836.453931
-136.063386 -65.379599 3836.723422
-135.456537 -65.047367 3836.487357
-138.081649 -61.535914 3836.543054
-137.327440 -61.020139 3836.457378
-137.053624 -59.803427 3836.992461
-135.811592 -59.556598 3839.068339
-134.057472 -58.228921 3839.910306
-132.795706 -58.018871 3839.900660
-129.191507 -59.397895 3839.898651
-133.284142 -54.967406 3839.868501
-130.368093 -56.766432 3839.934329
-130.190560 -57.545638 3839.908242
-126.307722 -59.216401 3839.629343
-125.894073 -58.491212 3838.792881
-125.639927 -62.097337 3839.810903
-124.577875 -62.776673 3838.062283
-124.872485 -66.405500 3837.904898
-124.367688 -62.065226 3836.914146
-123.813793 -67.375859 3836.856200
-123.098573 -67.833144 3836.590106
-123.013953 -64.569640 3836.430190
-121.846154 -65.732588 3836.458615
-120.708635 -66.959031 3837.048158
-120.638449 -69.172500 3838.636031
-119.696707 -66.479367 3839.173997
-117.820699 -66.658333 3839.944607
-118.540325 -62.611337 3839.402350
-119.432344 -64.288109 3838.220205
-117.121865 -63.874120 3839.945351
-114.788961 -66.395206 3839.937863
-112.884812 -63.555130 3839.517365
-112.461023 -65.085490 3837.880092
-112.377692 -63.230957 3837.304974
-110.338097 -61.471213 3837.330234
-114.198117 -61.712486 3839.949978
-109.800686 -66.029238 3837.508926
-110.320089 -63.508199 3836.610323
-108.881707 -62.678240 3836.683397
-104.423491 -65.062404 3837.024906
-104.535496 -62.714458 3836.754411
-108.342300 -61.233857 3837.787555
-109.216615 -61.597648 3837.509042
-102.295085 -66.926335 3836.930434
-101.601415 -64.944072 3836.451098
-102.418382 -67.367684 3837.733775
-100.783209 -68.034629 3837.788418
-100.643426 -67.747939 3837.327984
-98.512767 -71.064918 3838.841877
-97.552260 -73.048144 3838.139254
-96.663696 -76.908575 3838.688207
-97.048301 -72.080639 3837.096390
-95.476998 -76.551913 3836.676733
-96.432245 -70.765564 3836.609257
-94.857845 -71.837029 3836.734145
-94.992734 -66.496223 3836.886428
-93.815607 -71.975449 3837.623694
-94.278362 -66.755870 3837.358255
-93.405895 -66.814199 3839.158537
-94.097842 -65.009695 3837.193484
-97.202839 -62.294945 3836.684317
-93.677223 -62.730747 3837.449659
-96.623686 -60.881593 3836.846444
-93.766639 -73.077595 3838.152479
-92.647664 -69.544981 3839.848965
-91.616611 -72.648007 3840.015504
-91.803566 -66.900281 3840.008181
-90.624281 -68.912520 3839.980846
-92.403577 -74.564654 3839.953297
-90.941950 -75.185221 3839.999630
-91.913277 -80.066478 3840.032222
-91.811567 -82.495604 3840.037688
-90.698144 -79.603450 3840.002335
-88.319785 -82.221063 3840.013631
-88.266020 -82.563006 3840.016242
-87.015960 -77.145309 3840.002784
-85.614026 -78.693494 3839.586159
-86.311959 -74.153609 3839.992942
-83.489609 -71.263653 3839.995092
-85.747554 -71.321572 3839.989447
-84.457554 -67.783187 3838.858505
-90.333436 -86.530039 3840.014971
-91.521787 -85.976910 3840.042149
-92.955209 -85.566724 3839.684672
-93.171228 -84.950719 3839.470224
-93.641595 -81.411830 3837.612470
-93.798718 -87.045379 3838.266607
-94.486375 -84.699636 3836.934740
-95.617260 -84.753440 3836.710546
-96.983972 -91.617952 3836.678926
-94.297923 -89.196226 3836.743308
-95.213971 -91.484001 3836.632203
-96.308376 -94.426416 3836.480589
-94.669390 -95.974420 3836.366804
-94.783452 -98.174925 3836.486935
-91.312085 -97.527223 3836.367071
-93.092934 -93.626362 3836.435974
-91.379441 -95.654237 3836.680312
-88.913774 -95.386864 3836.560365
-89.744149 -94.705214 3836.354183
-87.582565 -94.853971 3836.737394
-87.818113 -91.395092 3837.177659
-89.469251 -91.415956 3838.148087
-86.803502 -97.184318 3836.627489
-85.027012 -98.613585 3836.369149
-83.787805 -98.426389 3836.625925
-83.549219 -97.146326 3836.517225
-85.214961 -94.522454 3836.644299
-80.834905 -98.173710 3836.512157
-82.029180 -94.913815 3836.488851
-79.542638 -97.620480 3836.759161
-79.394558 -95.615181 3836.582425
-79.122444 -94.781113 3836.478759
-80.040436 -91.761486 3836.635928
-81.243281 -90.833743 3836.562921
-80.274293 -88.768504 3836.414255
-82.379347 -88.153400 3836.388103
-81.583116 -84.800957 3836.594971
-84.220072 -85.149143 3836.728709
-83.911385 -83.807315 3836.648551
-85.608403 -85.535891 3838.015925
-85.621566 -83.790350 3837.752709
-85.510534 -82.338759 3838.412312
-79.632501 -87.839116 3836.870930
-79.923379 -84.044309 3836.454732
-77.307889 -90.822717 3836.598619
-78.092407 -87.231451 3836.925457
-75.546424 -92.492624 3836.419877
-73.632467 -90.460584 3836.371602
-73.082278 -91.835190 3836.677820
-71.390006 -92.338169 3836.441878
-70.039086 -92.409316 3836.782854
-70.904205 -91.131281 3836.577766
-70.289283 -95.917927 3836.519820
-73.500873 -95.592500 3836.510488
-76.247999 -96.931578 3836.532298
-77.002164 -92.878633 3836.406906
-78.342245 -96.826916 3836.668655
-77.570741 -100.334889 3836.766609
-77.513400 -101.475097 3836.909391
-75.118547 -99.887567 3836.660851
-78.013174 -103.630644 3836.668394
-75.935263 -103.660583 3836.474394
-76.301798 -105.222023 3836.529943
-76.079788 -107.221166 3836.432156
-74.538353 -104.629073 3836.527894
-74.398471 -109.360296 3836.735551
-70.619735 -108.132491 3836.679547
-71.341599 -104.923455 3836.765122
-69.675060 -108.323586 3836.673715
-69.297678 -105.799159 3836.793566
-67.831480 -108.119447 3836.556211
-66.240413 -106.164898 3836.632615
-65.512014 -105.547483 3836.470585
-65.678992 -103.119290 3836.477928
-67.157434 -102.698451 3836.600690
-68.516758 -103.329908 3836.474830
-62.976557 -107.444238 3836.748067
-61.766850 -106.211335 3836.940246
-62.654303 -109.020119 3836.367965
-58.230099 -109.640272 3836.664866
-59.954315 -106.431586 3836.695469
-55.849324 -110.770588 3836.771034
-57.797314 -108.206225 3836.325362
-52.759271 -111.018879 3836.641618
-52.483234 -112.139056 3836.799579
-48.645794 -111.014401 3836.436210
-50.512261 -112.801717 3837.471782
-46.494859 -111.296179 3836.928736
-45.108626 -110.903116 3839.300515
-43.620660 -110.327109 3840.153915
-41.981821 -109.667563 3839.606402
-40.313084 -108.960906 3841.547154
-39.645949 -108.680008 3840.283079
-34.252345 -107.081078 3842.294746
-35.229852 -108.480134 3842.291587
-31.767593 -105.882809 3842.294152
-30.263858 -107.289737 3842.291603
-28.250065 -107.165377 3842.291603
-27.374442 -106.091129 3842.291603
-24.952574 -107.016395 3842.291603
-24.416331 -105.062467 3842.291603
-18.648864 -103.994237 3842.291603
-19.423281 -105.371081 3842.291603
-16.602267 -102.548184 3842.291603
-14.795878 -103.377556 3842.291603
-13.219936 -103.278134 3842.291602
-12.086603 -101.810778 3842.291603
-9.584616 -102.218214 3842.292407
-9.530328 -100.624826 3842.291600
-4.033803 -98.977640 3842.167389
-3.952625 -98.967043 3841.367780
-2.280099 -96.850403 3842.296968
0.257845 -95.291858 3840.397521
-1.241999 -96.637492 3839.336508
2.145468 -93.537960 3840.748501
5.117671 -90.629849 3838.311806
3.701911 -92.039552 3837.758830
7.240627 -88.434004 3838.359743
7.856712 -87.777221 3836.188536
8.547886 -87.030254 3835.533132
9.825483 -85.615691 3834.343876
10.586593 -84.753821 3836.671714
12.249100 -82.815430 3833.491223
13.535240 -81.260334 3834.792983
11.699923 -83.463670 3831.590658
14.894329 -79.562888 3831.078604
15.225817 -79.141210 3833.389257
13.932570 -80.770184 3828.999968
16.960323 -76.867191 3828.528747
16.946042 -76.886127 3831.807303
16.330088 -77.705530 3827.743027
18.065762 -75.363479 3826.518676
18.185611 -75.197381 3828.962770
19.368324 -73.529923 3825.675353
19.430557 -73.440954 3824.375883
20.554649 -71.800173 3824.623864
20.530051 -71.836958 3826.453700
21.258399 -70.745153 3823.465504
21.320752 -70.651239 3822.070256
22.675554 -68.550098 3822.147021
22.335415 -69.088409 3823.703180
22.869708 -68.241634 3821.300685
22.939383 -68.131035 3819.289203
24.328378 -65.862372 3820.473193
24.580686 -65.438585 3822.918097
23.834069 -66.681318 3818.230577
25.476582 -63.904220 3817.307961
26.221571 -62.592851 3819.734602
26.123853 -62.768089 3816.614659
26.659627 -61.800598 3816.350782
28.171025 -58.977036 3817.706427
26.871090 -61.415960 3815.445858
29.188407 -56.970826 3814.601966
28.513273 -58.308438 3816.817626
30.323067 -54.629081 3814.372655
30.850426 -53.502493 3815.638456
31.615082 -51.809141 3812.686916
32.074626 -50.759622 3812.243261
32.647720 -49.420930 3812.650445
33.420692 -47.535335 3810.888525
34.105418 -45.793822 3812.184289
36.187695 -39.986163 3810.052622
35.665783 -41.353902 3809.407711
37.189153 -36.835006 3810.270452
36.692100 -35.160587 3809.250703
36.550373 -33.877707 3809.252335
37.425387 -31.698194 3809.251907
36.338965 -29.877232 3809.252282
37.734702 -28.742826 3809.252332
36.891064 -22.288521 3809.252280
35.982602 -23.450849 3809.252280
37.568570 -18.848692 3809.252281
36.019829 -17.659895 3809.252280
35.631315 -15.372534 3809.252282
36.160030 -14.491135 3809.252280
34.650742 -12.100216 3809.252282
36.025027 -11.100062 3809.252282
34.146047 -5.085767 3809.252281
33.450689 -6.528821 3809.252287
34.385567 -1.887763 3809.252280
32.695380 -0.671708 3809.249631
32.221100 1.330903 3809.678441
32.153136 3.290307 3809.319438
32.025518 7.585726 3810.542281
31.858671 10.137311 3811.406016
31.616738 12.903375 3811.991043
31.415017 14.764674 3813.048197
31.424805 14.769095 3814.307805
30.894416 18.689357 3812.932163
29.827013 19.999009 3815.003615
28.714440 22.466936 3814.999093
27.974383 24.983727 3814.725780
26.908440 22.471311 3814.891739
27.243226 27.136507 3814.728677
25.082955 28.083722 3814.854146
23.008734 29.106256 3814.827595
21.934385 29.525074 3814.732224
24.547633 29.608256 3814.983134
20.086957 32.071153 3815.176195
21.305819 33.309850 3815.093248
17.094170 30.786945 3815.086156
17.639343 33.916861 3815.129310
15.678867 33.655092 3814.841916
15.656575 34.943539 3815.010107
15.585555 36.054200 3815.099801
11.396411 33.467988 3814.997629
12.711014 37.281581 3815.067124
10.457668 37.149883 3815.125715
8.913138 37.227223 3815.248386
12.203777 39.155990 3814.767296
6.149881 37.235460 3814.995422
7.918188 40.945346 3815.135623
5.097190 40.079022 3814.996884
3.541751 40.898402 3814.819663
7.478750 43.300731 3815.031772
1.536038 40.724549 3815.054849
4.268212 43.103723 3815.104303
-1.393716 42.814471 3814.850154
1.618114 45.551364 3814.947971
-0.680763 41.824770 3815.081297
-0.232312 40.759869 3815.016450
-1.990475 39.055304 3815.343094
-5.516086 38.746121 3814.667120
-3.675927 37.173740 3814.811876
-6.408234 36.992764 3814.995056
-7.851906 36.180335 3814.513907
-6.093140 35.654747 3813.116757
-9.447636 35.374810 3812.052047
-9.158947 33.706325 3811.471290
-11.299939 32.367889 3811.519965
-14.560395 31.664900 3811.526669
-13.057560 30.458973 3811.492574
-8.100052 32.165916 3811.510888
-9.037166 29.939786 3811.483515
-8.608119 28.452783 3812.075024
-10.048080 27.715384 3813.189861
-7.665662 27.943295 3812.247179
-9.478354 25.920239 3812.690186
-7.041240 26.666130 3812.090646
-4.104523 24.502154 3811.507413
-2.322207 26.739743 3811.498890
-3.534006 24.436060 3811.506451
-0.036721 24.157800 3811.471982
1.211767 24.079479 3811.474477
2.281160 22.199493 3813.379796
4.587705 24.643187 3811.793321
4.797454 23.016726 3814.625490
4.003846 22.332209 3814.926214
8.308362 24.289744 3814.744838
9.626500 21.986949 3814.742965
10.084578 22.969324 3814.739545
10.364824 21.755384 3814.755310
10.769203 20.589528 3815.131065
11.196020 19.530854 3815.136395
15.287430 21.666909 3814.673481
14.278318 19.469486 3815.188327
15.160541 17.311679 3815.100731
19.020797 21.105221 3814.905511
20.039946 17.844068 3814.976756
19.107217 14.881373 3814.835023
20.862320 18.688308 3814.956486
22.082775 15.602654 3814.809967
22.631835 12.162361 3815.080617
23.572991 15.808064 3815.030910
24.852400 11.860953 3814.735818
24.377608 10.189465 3815.112941
26.264656 10.963916 3815.121829
27.434806 5.685411 3815.017676
28.261825 10.900990 3814.586801
28.550218 2.577611 3814.775651
29.351137 4.573427 3814.771813
30.227011 2.901724 3814.865090
30.486162 -0.497286 3814.788074
31.837630 2.322451 3814.861705
31.943459 -7.251446 3814.502839
32.050415 -5.027477 3813.543317
31.933240 -7.016464 3812.889045
31.665005 -10.328878 3812.301122
31.706441 -9.869941 3811.332249
31.354834 -13.216865 3810.826463
31.147187 -15.205188 3809.476656
31.331955 -19.326496 3809.250431
30.820329 -24.725315 3809.252324
31.436906 -23.922507 3809.252287
30.217369 -31.001886 3809.252280
30.888177 -30.913795 3809.252280
29.516660 -34.784204 3809.252280
30.250327 -36.229012 3809.252280
31.669736 -35.731424 3809.252281
28.235383 -44.252231 3809.252280
30.003989 -42.311782 3809.252280
30.683757 -42.083164 3809.252280
28.562452 -48.783757 3809.252280
29.371912 -48.434412 3809.252280
27.472916 -52.299956 3809.252280
28.023633 -53.994538 3809.252281
29.544891 -53.320761 3809.252249
25.089442 -60.980103 3809.252289
26.825515 -60.067345 3809.249212
27.655822 -59.261299 3809.264070
24.236070 -65.915419 3809.416346
24.634031 -65.353265 3809.940166
22.642704 -68.608393 3809.651763
22.011374 -69.592082 3810.817470
22.183886 -69.324158 3812.117489
17.430718 -76.233781 3811.541054
18.772485 -74.376340 3812.856463
19.200040 -73.771209 3813.423903
15.476872 -78.818470 3813.638785
17.149620 -76.612697 3814.736573
14.129165 -80.525862 3816.024040
12.546030 -82.460475 3815.147902
13.728857 -81.021990 3817.559550
11.006966 -84.270340 3817.192474
13.243509 -81.616993 3818.074743
11.432316 -83.777117 3819.042295
9.303149 -86.198837 3819.380395
10.060045 -85.351651 3820.538977
9.003319 -86.530247 3820.639219
6.880855 -88.813712 3821.992944
7.125271 -88.556359 3820.410542
8.080967 -87.535970 3823.896706
5.740616 -89.997208 3823.149747
4.824037 -90.925475 3823.168777
6.354474 -89.363648 3826.355224
3.291212 -92.438813 3826.241710
1.257070 -94.372019 3825.253594
4.374126 -91.374786 3827.792888
2.057738 -93.621490 3828.063707
-1.291354 -96.680478 3828.098326
2.580560 -93.123859 3828.796398
0.657163 -94.926518 3829.919877
-1.712083 -97.049692 3830.165059
-0.796149 -96.241348 3831.723754
-1.483200 -96.849963 3831.343987
-4.519733 -99.435235 3832.154984
-2.650267 -97.862205 3832.976122
-4.138492 -99.119364 3834.310524
-8.345360 -102.475866 3832.915862
-5.081751 -99.896881 3835.302836
-9.244706 -103.156472 3835.381419
-6.196082 -100.796489 3835.865829
-10.794592 -104.302423 3835.748615
-8.912485 -102.906395 3837.687163
-14.750975 -107.071595 3837.810894
-13.717683 -106.369462 3839.057166
-15.878942 -107.822686 3839.483570
-19.364510 -110.036154 3840.071591
-18.364680 -109.417526 3840.954140
-21.933888 -111.571506 3840.499042
-23.429746 -112.434132 3841.705405
-21.587726 -110.597734 3842.296930
-28.429705 -114.248931 3842.294002
-27.609254 -112.662170 3842.291595
-30.305323 -113.336347 3842.291602
-34.624069 -114.544268 3842.291603
-33.890067 -113.096626 3842.291603
-37.730868 -114.934206 3842.291603
-39.630529 -114.414312 3842.291603
-38.336250 -112.904964 3842.291603
-44.836855 -114.905083 3842.291603
-44.087702 -113.616040 3842.291603
-46.394720 -113.797513 3842.291602
-50.538362 -114.718040 3842.291597
-50.015600 -113.661169 3842.292742
-53.289603 -115.250929 3842.291608
-55.373209 -114.399244 3842.223073
-53.660090 -113.774949 3841.061808
-60.053748 -115.468000 3840.885691
-58.725479 -115.146536 3839.569895
-60.723077 -115.622389 3838.779598
-64.927261 -116.507456 3838.357806
-63.551588 -116.131350 3836.707049
-67.595231 -116.990593 3837.730813
-67.009545 -115.575115 3836.723788
-69.433673 -116.202673 3836.675898
-70.701418 -114.436064 3836.941509
-70.268902 -113.795942 3836.652322
-75.518202 -113.719647 3836.614336
-72.822713 -111.816415 3836.383807
-76.815266 -113.209960 3836.893315
-76.831826 -111.255322 3836.725074
-77.927328 -110.699311 3836.398637
-81.794278 -112.501363 3836.662588
-78.854630 -108.577344 3837.040126
-81.297488 -109.939533 3836.540600
-82.244591 -110.627183 3836.811942
-81.900930 -106.139538 3836.504527
-84.322935 -108.261929 3836.532851
-86.156652 -108.986382 3836.502530
-83.995897 -103.621545 3836.598228
-86.852424 -104.490031 3836.339814
-89.115244 -106.251148 3836.627519
-87.034477 -102.664668 3836.444200
-88.913988 -101.901644 3836.569207
-92.018010 -102.480549 3837.008581
-89.133926 -100.875969 3836.726120
-91.247448 -101.054391 3836.471742
-92.944015 -106.075273 3836.635623
-92.167240 -105.778980 3836.657221
-92.931356 -104.087630 3836.544675
-94.130436 -103.666335 3836.503489
-95.783696 -104.417161 3836.875635
-94.357268 -100.406398 3836.468820
-96.537127 -100.755778 3836.347774
-98.832343 -101.992259 3836.544188
-95.633675 -98.141679 3836.603531
-98.063408 -98.406689 3836.500163
-101.444864 -99.036406 3836.477686
-97.739061 -97.061093 3836.408139
-99.759793 -95.367182 3836.649495
-102.413727 -96.696300 3836.468103
-101.379971 -94.739393 3836.400099
-103.325780 -95.299615 3836.483410
-106.288050 -95.110038 3836.538460
-103.283735 -93.761727 3836.674518
-107.208328 -94.253086 3836.550832
-107.455672 -92.980479 3836.721530
-110.168135 -93.607070 3836.478745
-108.646422 -91.696428 3837.623510
-114.761111 -91.021790 3837.778682
-112.303934 -91.070259 3839.206229
-116.850200 -89.709392 3837.789539
-115.857208 -88.884845 3839.915523
-115.581727 -88.742030 3839.963649
-119.575109 -85.486990 3839.793217
-118.852540 -85.180731 3839.948159
-120.721720 -83.291306 3839.679390
-120.062559 -81.726066 3839.731786
-117.596581 -80.732619 3839.127869
-117.387178 -78.863262 3836.680164
-120.469601 -80.152434 3836.701063
-120.488541 -78.566927 3836.432743
-120.285913 -76.462477 3836.555367
-120.079771 -75.469747 3836.767575
-121.490849 -76.585374 3836.386570
-122.126681 -72.801694 3837.068309
-121.016702 -71.757926 3837.532719
-124.516140 -75.477556 3836.577852
-123.032328 -75.536615 3836.378448
-124.997312 -73.922582 3836.377878
-124.957324 -70.121997 3836.599430
-127.601177 -76.617020 3836.421361
-127.699745 -74.350173 3836.769345
-125.908558 -72.100723 3836.480213
-126.697012 -71.395868 3838.229354
-125.566413 -69.076669 3838.181256
-126.281108 -68.577581 3839.714707
-125.283968 -64.564596 3839.757482
-128.729954 -65.468493 3839.895439
-128.093614 -62.835213 3839.897564
-128.138649 -61.681480 3839.898787
-130.289000 -64.975012 3839.922125
-130.516277 -63.932556 3839.914714
-131.838649 -64.182182 3839.179282
-132.226711 -61.317497 3839.457523
-133.890327 -61.320344 3836.709227
-134.670252 -60.495403 3836.839297
-130.287292 -66.834848 3839.911607
-131.230843 -70.157538 3839.891643
-128.881180 -67.231057 3839.893745
-129.722839 -73.706564 3839.781459
-131.501284 -74.424199 3839.915535
-129.122429 -74.643176 3838.653076
-131.352389 -76.779276 3838.461211
-132.803765 -78.092362 3837.440777
-129.555726 -75.725045 3837.359897
-134.219992 -79.495281 3838.129048
-132.950821 -79.104237 3836.685232
-135.775456 -82.150891 3837.325186
-133.470095 -81.301065 3836.522260
-136.288187 -83.260980 3837.660302
-133.564625 -83.284757 3837.329742
-132.744147 -84.945290 3839.825227
-131.355544 -84.583857 3839.658430
-131.623431 -83.837263 3838.431987
-129.240064 -83.395713 3838.382334
-129.514873 -83.365622 3836.923989
-126.452035 -82.416937 3836.927605
-124.219121 -81.747799 3836.641356
-121.510805 -83.591357 3838.056284
-120.627918 -81.324692 3839.227915
-121.208737 -84.085197 3839.003816
-120.722267 -86.963850 3837.207048
-119.874709 -88.275499 3837.238055
-117.667616 -89.009591 3837.363130
-124.029973 -85.993363 3838.159627
-121.804604 -86.948508 3836.660979
-124.267521 -88.964637 3837.865969
-125.002116 -86.524534 3839.662679
-124.655836 -85.730375 3839.326240
-127.050502 -85.969114 3839.917655
-127.649549 -88.966660 3839.910031
-126.202045 -89.989389 3839.805380
-127.223260 -86.739594 3839.893898
-128.758073 -85.927859 3839.909216
-131.741358 -87.329846 3839.874759
-133.381985 -86.714403 3839.871206
-125.609680 -90.521727 3839.438040
-124.580718 -90.472958 3837.207574
-124.420152 -84.494124 3837.551403
-134.433998 -86.230094 3839.878059
-136.324717 -83.040280 3837.380310
-136.088886 -80.414162 3839.488748
-132.816747 -76.728914 3839.792176
-134.641432 -76.165507 3839.880883
-134.750649 -74.036844 3839.888786
-134.596953 -70.938127 3839.435956
-133.588566 -68.528750 3837.620540
-132.674091 -67.301607 3837.374502
-132.110931 -64.996433 3838.857279
-127.312457 -60.242921 3839.937603
-120.742485 -70.887412 3839.007593
-119.991031 -72.605535 3839.632887
-117.800967 -71.254209 3839.925681
-116.857988 -68.564407 3839.922707
-119.209600 -70.001249 3839.879959
-115.866198 -69.514676 3839.926177
-113.602399 -70.484730 3839.947179
-112.044320 -68.100684 3839.940233
-108.956431 -67.351507 3839.955919
-108.436408 -65.633421 3838.381207
-111.804309 -65.776769 3838.471222
-106.566416 -68.996516 3839.948122
-105.799253 -66.129487 3839.136116
-104.125521 -69.020799 3839.981157
-103.840412 -66.933585 3839.266372
-101.516199 -69.456463 3839.869404
-101.414860 -73.238844 3839.962185
-98.241388 -73.427014 3839.609181
-99.261677 -76.926050 3839.999825
-97.846708 -78.472640 3839.898703
-97.319409 -79.765538 3839.561058
-97.603881 -73.547082 3839.052457
-97.932955 -83.658145 3839.220980
-96.552147 -79.183873 3838.425795
-97.614433 -83.861319 3837.762933
-96.586045 -78.895856 3837.502990
-96.192154 -79.238419 3836.970873
-94.955859 -83.242435 3836.711667
-98.663275 -85.287695 3839.256133
-99.519953 -87.141684 3838.255570
-102.631481 -89.040280 3839.607700
-100.966561 -88.687843 3837.779793
-103.312670 -90.183599 3838.925308
-106.874460 -91.511724 3838.383563
-106.515457 -90.133103 3839.850893
-106.337578 -89.421510 3839.996485
-110.489351 -89.387037 3839.992942
-110.843080 -88.289151 3839.959668
-112.873998 -88.280557 3839.953273
-113.292821 -86.015213 3839.964586
-112.345612 -84.314989 3838.551725
-112.264033 -84.260567 3837.516422
-114.525823 -82.008616 3839.346675
-114.126376 -81.980029 3837.783301
-113.947923 -79.891239 3836.555861
-112.808286 -78.619690 3836.852532
-113.395807 -77.675090 3836.699730
-112.832739 -75.586486 3836.473526
-117.793719 -77.902553 3836.729657
-117.048944 -75.718571 3836.587914
-115.803266 -74.071597 3838.042577
-117.984927 -74.480180 3837.078314
-116.951504 -73.910423 3839.371414
-113.240993 -73.625207 3837.840973
-112.320190 -71.081946 3839.904472
-110.219250 -72.050568 3838.017158
-108.471150 -70.924023 3839.842703
-106.365760 -69.426277 3839.947542
-110.992057 -70.063705 3839.963004
-104.289944 -70.298401 3839.952012
-103.532813 -72.911871 3839.976614
-103.095212 -73.605953 3839.977408
-102.689234 -76.901518 3839.991115
-102.895699 -78.351791 3839.994339
-100.389391 -78.104874 3839.972250
-100.428075 -82.814421 3839.987650
-99.713600 -77.398253 3839.980076
-100.631603 -85.422440 3840.025274
-98.519557 -81.080552 3839.999519
-102.809137 -88.126228 3840.007167
-103.681938 -86.212402 3839.978123
-105.915519 -87.653745 3839.974650
-107.091210 -86.738484 3839.999647
-105.319800 -82.753697 3838.763921
-106.492183 -84.322607 3838.837228
-105.589235 -81.998476 3836.819972
-107.904855 -83.353343 3836.502942
-108.649683 -80.681347 3836.360227
-107.501610 -79.268219 3836.654350
-111.574604 -79.820752 3836.779684
-110.964040 -76.960785 3836.336075
-110.558675 -75.498464 3836.703823
-109.661957 -73.310091 3836.480155
-107.271892 -74.587302 3836.585420
-107.972135 -72.962890 3836.784291
-107.502470 -75.654243 3836.263332
-105.722638 -77.184735 3836.708441
-104.882504 -76.566092 3837.577472
-103.949279 -78.051396 3839.617780
-105.697398 -80.232941 3836.821031
-104.286196 -79.938258 3839.292459
-108.947422 -85.059610 3837.342198
-111.790111 -84.871912 3838.881529
-103.141459 -81.530210 3839.976519
-112.270371 -73.990698 3836.972081
-116.541839 -84.266319 3839.930982
-108.872540 -86.837085 3839.933564
-114.533755 -88.948200 3839.973881
-109.609305 -91.837087 3838.505878
-116.697150 -80.262834 3837.737960
-116.603136 -90.224529 3837.202236
-116.456436 -91.959290 3836.867109
-117.328844 -92.898150 3836.490155
-113.827580 -94.742352 3836.419208
-112.801539 -96.003271 3836.499518
-112.244404 -93.775255 3836.576121
-108.817841 -97.166344 3836.660360
-107.946014 -96.245339 3836.576016
-109.660531 -99.751721 3836.494389
-105.330383 -100.092169 3836.629204
-105.678901 -97.185880 3836.699430
-106.160583 -102.281987 3836.633919
-103.607221 -102.181543 3836.365267
-102.595846 -99.768822 3836.736297
-103.702270 -103.343678 3836.536654
-100.801397 -103.628050 3836.828046
-101.070572 -102.544156 3836.372069
-100.055082 -105.588515 3836.447001
-100.161381 -107.738705 3836.658431
-97.330323 -106.167417 3836.504234
-98.713765 -103.411554 3836.769722
-98.727814 -109.525963 3836.828077
-94.779937 -108.986173 3836.532059
-95.006668 -105.395923 3836.699948
-95.206319 -111.017203 3836.750143
-94.147254 -109.510160 3836.521681
-91.604970 -110.166367 3836.802494
-91.073341 -109.006018 3836.652479
-88.751597 -110.204904 3836.892070
-89.556089 -108.813516 3836.819948
-87.254026 -112.043381 3836.879610
-86.117653 -112.599000 3837.048320
-84.890700 -109.160823 3836.381990
-85.181904 -114.284667 3836.769495
-84.225734 -112.422276 3836.536880
-83.567866 -115.353709 3836.772662
-80.483535 -114.096963 3836.820084
-79.277598 -116.417479 3836.983423
-77.039813 -113.876152 3836.505154
-76.027197 -117.129872 3836.735523
-76.520217 -115.201585 3836.755664
-72.505430 -117.586942 3836.971890
-72.915039 -117.763444 3838.741189
-69.386204 -117.277211 3837.757335
-67.803841 -117.023415 3839.423485
-67.218608 -116.923916 3840.476824
-63.554170 -116.237275 3840.530273
-64.514823 -116.438878 3841.964806
-61.974437 -115.904072 3840.525643
-58.811406 -116.814320 3842.291593
-59.377066 -117.350159 3842.291601
-55.519560 -116.041387 3842.291595
-53.768390 -116.692145 3842.291603
-52.994276 -117.397298 3842.291603
-49.227906 -116.149976 3842.291603
-49.663930 -117.837864 3842.291603
-47.292967 -115.639542 3842.291603
-43.321342 -117.024008 3842.291603
-44.302346 -117.750307 3842.291603
-39.688652 -115.785039 3842.291603
-37.641390 -116.361564 3842.291603
-36.978795 -117.242039 3842.291572
-33.006248 -115.868557 3842.291548
-33.442203 -117.520986 3841.917458
-30.894177 -115.177888 3842.292287
-27.512727 -114.639194 3840.254673
-28.578029 -115.184514 3839.818840
-24.283394 -112.906340 3840.201506
-23.010126 -112.190599 3838.907201
-22.183219 -111.716328 3837.853847
-19.068837 -109.854987 3837.945821
-20.705420 -110.847940 3835.573167
-16.167502 -108.011019 3836.713580
-17.254183 -108.715783 3834.597027
-14.178919 -106.685049 3835.425373
-13.967227 -106.541159 3833.458192
-12.435126 -105.477628 3832.772350
-11.625321 -104.902992 3835.351071
-12.436609 -105.478654 3830.567903
-8.715670 -102.757549 3831.083495
-9.777487 -103.555020 3833.948222
-9.209912 -103.130393 3829.006024
-6.870041 -101.330378 3830.275309
-8.350299 -102.479574 3831.861943
-7.708995 -101.985501 3826.538672
-4.091009 -99.079817 3826.697556
-4.151513 -99.130124 3829.727017
-4.999058 -99.830016 3824.958283
-2.738125 -97.937620 3825.220116
-2.016771 -97.315440 3827.281057
-3.403069 -98.502895 3823.649132
-1.245161 -96.639418 3822.989016
-1.150300 -96.555575 3824.730973
0.085196 -95.448637 3821.381076
1.164149 -94.458297 3821.281365
1.015977 -94.595665 3822.136308
0.836831 -94.761871 3823.808980
2.397312 -93.298631 3818.323242
4.604713 -91.145660 3818.994222
3.866827 -91.876531 3821.333484
5.165201 -90.582161 3817.851540
5.495585 -90.247018 3818.686151
6.513671 -89.197500 3815.839117
7.816817 -87.820423 3815.004868
9.100336 -86.422930 3817.736395
8.413840 -87.175403 3813.583893
10.107491 -85.297952 3815.121114
9.323826 -86.175983 3812.340711
12.881550 -82.056707 3813.276766
12.717745 -82.253862 3811.321078
14.743726 -79.754034 3813.043145
16.835089 -77.037030 3810.292401
16.298228 -77.753851 3809.914964
19.173846 -73.810588 3810.357863
19.986159 -72.609755 3809.445858
19.691915 -71.587812 3809.249472
22.103842 -68.147482 3809.248230
20.781443 -68.032494 3809.252284
23.481358 -65.811290 3809.250821
23.526582 -61.967160 3809.252279
22.645728 -62.649092 3809.252280
25.235628 -58.726831 3809.252280
25.480454 -56.217556 3809.252280
24.899742 -55.637963 3809.252280
26.885523 -51.369330 3809.252280
25.413466 -51.494950 3809.252280
27.711208 -49.275423 3809.252280
27.067231 -44.872639 3809.252280
26.163990 -46.076612 3809.252280
28.110424 -41.484021 3809.252280
27.964546 -39.488015 3809.252280
27.519552 -37.991656 3809.252285
28.792916 -35.370080 3809.252280
28.733909 -30.496109 3809.248833
28.443140 -29.199996 3809.394296
29.422084 -24.629088 3810.379417
29.920030 -22.246774 3810.902010
30.226464 -20.642998 3812.073806
30.675332 -18.048909 3812.434348
31.198577 -14.449101 3812.563384
31.001223 -15.900681 3814.327674
31.575025 -11.241195 3813.301307
30.125455 -10.624655 3814.693984
31.799674 -8.584371 3814.062466
29.260229 -6.836330 3814.622581
28.993057 -5.127939 3814.901937
28.537372 -1.477141 3814.516256
27.518103 -1.081602 3814.491514
26.958156 0.973371 3814.838899
28.950451 -0.434256 3814.336888
25.514518 3.365116 3814.694174
26.328727 4.787874 3815.025800
24.033588 3.340350 3814.949150
22.398825 6.528237 3815.096779
24.440597 7.379588 3814.990473
21.653685 6.161713 3815.186051
20.284165 9.390519 3814.882417
22.639245 9.259207 3815.002128
18.539482 10.520684 3814.933322
18.354492 12.019281 3814.997298
17.618934 13.588225 3815.019758
20.453212 12.552994 3815.085484
13.983003 12.377008 3815.043424
13.140135 15.451509 3815.083888
17.091697 15.395909 3814.713774
11.930714 14.840016 3815.323855
9.092271 17.083606 3814.837330
11.722282 18.119824 3814.905123
7.819044 18.003527 3815.016413
7.409090 18.524698 3814.875628
9.888246 18.581817 3814.917055
3.904450 19.236285 3814.959112
2.913121 19.722862 3814.896359
7.041825 20.777183 3814.944558
-1.141081 20.215995 3814.715596
1.093291 20.998590 3815.034812
-2.155587 20.731649 3812.756757
-4.505060 20.807038 3811.710178
-0.653492 22.243387 3811.881032
-6.729393 21.595986 3811.500537
-5.793510 23.076058 3811.514446
-8.595092 22.441751 3811.522556
-11.738090 24.900362 3812.710347
-7.787625 24.555557 3811.491311
-13.744909 24.476442 3814.253716
-10.819200 26.010570 3813.315527
-14.616771 24.859952 3814.912316
-14.968694 28.136265 3814.853863
-16.916105 23.468062 3814.470407
-17.970330 26.163668 3814.905705
-15.962067 23.690945 3814.520702
-21.128286 24.250621 3815.069456
-20.298873 26.740627 3814.875674
-24.736187 26.933846 3815.057890
-23.078373 28.761961 3814.860626
-19.288163 28.549167 3814.633928
-25.117706 29.856732 3814.088297
-21.727374 29.924503 3812.756293
-18.859738 28.975901 3814.127577
-26.111851 28.626335 3815.006366
-27.877105 26.759709 3815.116316
-26.920213 25.418430 3814.913875
-24.312583 24.148047 3815.100845
-26.968707 21.185456 3815.100639
-22.441408 21.634576 3815.097621
-21.690236 20.060691 3812.263969
-21.096322 21.761038 3814.922972
-21.245563 21.086134 3814.090806
-20.983348 20.314971 3812.230972
-18.044256 20.455528 3811.563274
-17.001726 19.930925 3811.522831
-16.609809 17.106672 3811.530329
-13.606935 19.147629 3811.536039
-12.011378 16.806431 3812.285019
-11.392907 17.702013 3811.727126
-9.594761 17.460513 3812.747121
-9.132189 15.228588 3814.905801
-8.475256 17.616728 3814.307753
-6.957005 15.714657 3815.050474
-6.607717 13.579557 3815.138548
-3.885518 16.030545 3815.049057
-3.340881 13.924175 3814.985192
-3.388504 12.866256 3814.847638
-0.199853 13.741796 3814.837921
1.073915 11.363045 3815.109619
1.002582 8.958528 3814.995780
3.085312 12.656789 3815.148450
5.249036 10.198603 3815.181380
4.978491 8.713167 3814.852575
3.514607 8.332953 3815.139754
7.555886 9.441729 3815.129786
8.091734 7.206178 3814.905202
9.257271 4.537440 3814.640323
9.161094 6.773664 3815.207400
10.634050 6.419450 3814.981466
11.386033 4.477968 3815.037822
12.202863 1.456109 3815.190001
12.585879 4.002525 3815.143185
13.829024 3.904043 3815.203557
13.992594 2.462618 3815.065002
14.160183 0.544630 3814.816197
13.202223 0.545889 3815.075195
17.725302 2.045694 3814.923302
17.059925 -0.306928 3814.773687
17.001169 -3.176783 3815.191867
15.704975 -2.654994 3814.955519
19.555184 -2.082537 3814.762914
19.639861 -4.938187 3814.924039
20.295546 -7.451577 3814.851443
21.216537 -5.840239 3814.771589
22.934320 -4.809849 3814.736897
21.514779 -7.926526 3814.917783
20.608737 -11.001458 3814.823015
24.453930 -6.284317 3814.643689
24.375868 -11.697471 3814.661099
23.236544 -14.086989 3814.723247
25.917765 -10.418501 3815.041585
25.472985 -15.398281 3814.511996
24.883096 -16.772797 3815.140071
26.161297 -16.484117 3814.933264
26.278893 -22.239105 3814.780250
27.841578 -16.763223 3814.815830
26.704100 -22.793793 3814.713215
28.220735 -22.320360 3814.792834
27.811780 -25.460068 3814.566140
27.218865 -26.912821 3814.455455
28.265315 -26.715214 3814.520873
27.302848 -32.832471 3814.216831
28.221371 -29.591086 3813.190251
26.221138 -36.338349 3813.626374
26.948200 -34.049592 3812.025406
26.199390 -36.404417 3811.591663
24.744640 -40.563183 3811.131830
24.755933 -40.533050 3810.467238
22.961637 -45.087952 3810.080395
21.199305 -50.584896 3809.254810
19.539253 -54.849261 3809.251215
19.067105 -57.948497 3809.252280
19.912834 -57.551836 3809.252279
21.620125 -56.562233 3809.252280
16.374535 -63.827630 3809.252280
18.060881 -63.834938 3809.252281
19.134945 -63.839741 3809.252280
13.867698 -70.276725 3809.252280
15.248720 -69.882978 3809.252280
16.757059 -69.109961 3809.252280
12.265069 -75.095884 3809.252285
12.947679 -74.824600 3809.252284
12.446367 -76.333813 3809.252280
10.575799 -78.541162 3809.252282
11.329179 -79.593854 3809.252284
6.518168 -83.776846 3809.252285
8.080673 -84.221711 3809.252281
9.856739 -83.525455 3809.252103
5.000928 -89.230590 3809.251761
5.517201 -89.326575 3809.249982
5.122385 -90.634356 3809.644999
2.743168 -92.975695 3809.990437
2.919388 -92.798588 3811.456129
-1.461212 -96.829665 3811.108190
-1.053725 -96.470455 3812.739003
0.151153 -95.388725 3813.335890
-3.490712 -98.577107 3813.965581
-2.444068 -97.684754 3814.688442
-5.501025 -100.237391 3815.491552
-6.430269 -100.982858 3815.125973
-6.444943 -100.994382 3816.119248
-9.882960 -103.633542 3817.316207
-7.088692 -101.502450 3818.807309
-10.244263 -103.899532 3818.698131
-12.419959 -105.466820 3818.156784
-9.059200 -103.016933 3820.833547
-12.491659 -105.517543 3820.511489
-14.901497 -107.172485 3820.811090
-11.361618 -104.713146 3822.299898
-13.802821 -106.427856 3823.364288
-17.743034 -109.025483 3823.502780
-15.757396 -107.742141 3824.175149
-16.878671 -108.473132 3824.332179
-19.424524 -110.072775 3825.678851
-18.075853 -109.235351 3825.856490
-18.226399 -109.330125 3827.552452
-21.063519 -111.060230 3826.797099
-21.737200 -111.457167 3826.527747
-20.919977 -110.975043 3829.116388
-23.550181 -112.497482 3828.998515
-25.845390 -113.760064 3828.347787
-21.602783 -111.377994 3831.070788
-25.579373 -113.616649 3831.232550
-27.997869 -114.888513 3831.307844
-24.596433 -113.079150 3832.629984
-28.715080 -115.253626 3833.327139
-30.464492 -116.121434 3832.399330
-29.563163 -115.678571 3833.837245
-33.932461 -117.745638 3834.972219
-30.272580 -116.027374 3836.271819
-33.490348 -117.546619 3835.602763
-34.488915 -117.995643 3837.056859
-35.801856 -118.570997 3837.863378
-39.200579 -119.985260 3837.377179
-38.655498 -119.764565 3839.229498
-39.218843 -119.992585 3840.095074
-44.601166 -121.999316 3840.656209
-43.778932 -121.713704 3841.353933
-47.278000 -122.903595 3841.423352
-48.111264 -122.895974 3842.267894
-47.733589 -120.615288 3842.291603
-54.590616 -123.529186 3842.291589
-54.037068 -121.775047 3842.291604
-54.492503 -121.705853 3842.291605
-60.028333 -122.599389 3842.291603
-59.231446 -121.885966 3842.291603
-62.913085 -122.621936 3842.291603
-63.825798 -121.640090 3842.291603
-63.157060 -119.740013 3842.291603
-69.781701 -121.266567 3842.291604
-68.893528 -119.614550 3842.291603
-69.169075 -119.275240 3842.291603
-74.392452 -119.458638 3842.291597
-73.818677 -118.904396 3842.292664
-76.940307 -119.334842 3842.291632
-77.833252 -118.477451 3842.222103
-78.141122 -118.288325 3840.734689
-79.870783 -118.410400 3839.743872
-86.512300 -118.647127 3840.298797
-86.043681 -118.642373 3838.568787
-85.117779 -118.635034 3838.101702
-91.926777 -118.570471 3837.734722
-90.644884 -118.444961 3836.813478
-92.523964 -118.541076 3837.001693
-92.766953 -116.722269 3836.666645
-97.000784 -117.075472 3836.832447
-95.636486 -115.650254 3836.744007
-98.082627 -115.994811 3836.629682
-98.312433 -113.869051 3836.523877
-99.636911 -113.232382 3836.815082
-100.157726 -112.335030 3836.675139
-104.586844 -112.743167 3836.682751
-100.544898 -110.030367 3836.992877
-104.527015 -111.588449 3836.778213
-106.278458 -111.523787 3836.540662
-103.914381 -108.071677 3836.734384
-107.246979 -108.860234 3836.960919
-108.662988 -108.769099 3836.371971
-105.656517 -105.531019 3836.650721
-109.600871 -105.107314 3836.775817
-112.525816 -106.155580 3836.517376
-108.144197 -104.168947 3836.482921
-110.583482 -102.732822 3836.467518
-113.671333 -102.881606 3836.498355
-111.845077 -101.522893 3836.773450
-113.074694 -101.903157 3836.758918
-115.417151 -101.246495 3836.596954
-116.682188 -101.000763 3836.817282
-114.563992 -97.935401 3836.637606
-119.488282 -96.519107 3836.355323
-115.819706 -97.435103 3836.582892
-119.795978 -95.395766 3836.587254
-121.496500 -95.338700 3836.837528
-120.960827 -92.648403 3836.576618
-118.035478 -94.261519 3836.658608
-113.657246 -97.448326 3836.327563
-110.412164 -98.954943 3836.640189
-107.658949 -101.526261 3836.605948
-105.957254 -104.514449 3836.908049
-102.477689 -106.980444 3836.575478
-99.708461 -109.842203 3837.084383
-98.297478 -111.692297 3836.610365
-95.721469 -113.032693 3836.680310
-92.828770 -114.209099 3836.680433
-91.279834 -114.113249 3836.518322
-90.651463 -112.349562 3836.789950
-88.647418 -115.554214 3836.912198
-89.204919 -114.081362 3836.689958
-86.050645 -117.283416 3836.910311
-85.076496 -117.427620 3836.748460
-81.771481 -118.269070 3836.671009
-83.816812 -118.593693 3837.505857
-81.323747 -118.042946 3836.898022
-79.428379 -118.380102 3839.249069
-77.914140 -118.249188 3837.524225
-74.748059 -117.972300 3839.697871
-74.448117 -117.938952 3841.161620
-72.980320 -117.771626 3839.555292
-69.348511 -117.268591 3841.406645
-71.040881 -118.653881 3842.292595
-66.703999 -116.835410 3841.826791
-64.524532 -118.809234 3842.291602
-64.819351 -118.999906 3842.291600
-61.954176 -118.205688 3842.291603
-59.381587 -119.028234 3842.291603
-59.047558 -118.148682 3842.291603
-55.085108 -119.089274 3842.291603
-56.255214 -121.094303 3842.291603
-52.466722 -118.509398 3842.291603
-49.339640 -120.012595 3842.291603
-49.231994 -120.119133 3842.291603
-46.537132 -118.803627 3842.291603
-43.914154 -119.440659 3842.291603
-43.642984 -118.376815 3842.291603
-39.557086 -119.245911 3842.294113
-40.586168 -120.529572 3841.327002
-36.065592 -118.403648 3842.272033
-33.635524 -117.612121 3839.474515
-34.174583 -117.854720 3839.315720
-31.128279 -116.442814 3839.605058
-30.323571 -116.052333 3836.744489
-28.749902 -115.271541 3838.655124
-25.933137 -113.806842 3836.414083
-24.450030 -112.998503 3837.669158
-23.909035 -112.698992 3834.122148
-23.504955 -112.471504 3835.959745
-23.732234 -112.600577 3832.854328
-18.589761 -109.557937 3832.452962
-20.088106 -110.476883 3835.187924
-19.141610 -109.900069 3831.116312
-16.571382 -108.274173 3831.914614
-17.616508 -108.945115 3833.673389
-17.100237 -108.616862 3828.048678
-14.516195 -106.913384 3829.406096
-15.353296 -107.474594 3831.560565
-14.865286 -107.148213 3825.897128
-11.498593 -104.812187 3826.182685
-11.230420 -104.618440 3829.715387
-12.508094 -105.529248 3824.274013
-10.108646 -103.799697 3824.452778
-8.728444 -102.767410 3827.051389
-10.615329 -104.171517 3823.247837
-8.482237 -102.580455 3822.595944
-8.000199 -102.210548 3824.504390
-6.910680 -101.362526 3820.626960
-5.934777 -100.586951 3820.700663
-5.895431 -100.555349 3822.086489
-5.626061 -100.338743 3823.529962
-3.683829 -98.739385 3819.386799
-3.570028 -98.643586 3820.080717
-3.343144 -98.452436 3821.716060
-0.907614 -96.340468 3817.505062
0.679250 -94.907194 3818.663004
-0.904728 -96.337899 3815.449592
2.360129 -93.334068 3815.252589
0.930333 -94.674774 3817.842637
3.658226 -92.080850 3814.612040
4.124136 -91.622865 3815.314876
5.468736 -90.274523 3812.730070
7.018424 -88.668947 3814.069558
7.232267 -88.443023 3811.130833
8.971244 -86.565470 3810.604083
10.999538 -84.279763 3810.390291
10.801318 -84.019750 3809.267852
12.990243 -81.924788 3810.973905
13.687096 -79.375698 3809.251767
12.122283 -80.045261 3809.252288
15.922949 -76.605910 3809.251539
16.056242 -74.477533 3809.252280
16.696084 -72.565581 3809.252281
18.395855 -70.180278 3809.252279
17.371665 -69.606858 3809.252280
20.702346 -67.438062 3809.252281
20.332200 -64.038734 3809.252280
18.812375 -65.220476 3809.252282
22.019769 -61.309437 3809.252280
21.907311 -58.848283 3809.252280
22.197581 -57.242048 3809.252280
23.595653 -53.985750 3809.252280
22.644053 -53.847442 3809.252281
25.269992 -50.913595 3809.252280
24.258374 -48.102614 3809.252279
23.080597 -49.457118 3809.252284
25.304968 -46.249018 3809.252278
26.275688 -41.861566 3809.252282
26.315835 -39.203047 3809.250848
26.714846 -34.803634 3810.602764
27.486236 -32.219328 3809.916796
28.800037 -27.314746 3811.635996
28.693744 -27.744879 3812.638032
29.322411 -25.082160 3811.330426
29.677699 -23.439345 3813.968698
29.801858 -21.039157 3814.371680
29.889933 -17.950993 3814.621783
30.709753 -17.841003 3813.385371
28.995771 -16.495730 3814.504074
30.356290 -14.770205 3814.966998
27.806367 -13.974704 3814.769886
28.940565 -10.535870 3814.460839
26.331874 -12.158250 3815.156859
27.515102 -6.675795 3814.813483
26.234998 -9.419223 3814.680369
25.258936 -5.457924 3814.685223
27.599635 -3.909566 3814.798248
23.112970 -5.641388 3814.888842
22.989807 -1.040539 3814.803704
25.993299 -0.688635 3815.059796
21.263072 -2.278137 3814.932513
21.543477 0.911782 3814.950363
23.080962 2.481913 3814.798828
20.347408 1.409241 3815.074671
19.520071 3.774052 3814.772443
19.286560 4.921015 3815.045943
22.200103 4.680103 3814.892178
15.899282 4.477107 3814.985215
15.998079 6.132615 3814.886146
17.415697 6.521157 3814.957452
18.796634 7.139774 3814.882319
12.707783 6.733150 3815.123614
11.384583 9.984040 3815.139953
15.220316 10.077290 3815.278297
16.855361 9.526766 3814.949002
9.163135 9.555619 3815.237516
8.975933 12.290460 3814.829194
10.854960 13.710128 3815.139136
5.813065 13.474002 3815.102734
6.321987 13.964875 3814.941557
7.878663 13.779953 3815.187891
9.900618 14.182159 3815.195263
1.260228 15.042666 3815.227732
2.433016 17.253231 3815.101297
5.711604 16.180894 3815.111415
-0.666440 17.322398 3815.023153
-0.193422 18.355018 3814.971614
-5.645484 17.753349 3815.117288
-6.250431 18.724834 3813.003378
-1.815305 19.965456 3814.791970
-9.091739 18.340715 3812.050857
-6.587941 19.828028 3811.871397
-11.050266 18.935393 3811.495045
-13.517705 22.165868 3811.512203
-8.375284 21.381018 3811.516711
-14.959915 23.028267 3812.207324
-13.608521 23.419134 3812.079541
-18.446673 22.429701 3813.509098
-104.010624 -91.838026 3836.513622
-98.334476 -92.904159 3836.504937
-87.453825 -99.760449 3836.395894
-84.310196 -102.423606 3836.710575
-82.571761 -105.638799 3836.412992
-82.003736 -102.877938 3836.678729
-80.083049 -103.469101 3836.288122
-80.948968 -102.763042 3836.555510
-81.351991 -100.587735 3836.353116
-79.351249 -105.763044 3836.979404
-77.574595 -108.785580 3836.556721
-73.962030 -109.950330 3836.723232
-72.201896 -110.611035 3836.527951
-67.856873 -112.323079 3836.661324
-69.407553 -109.650072 3836.412876
-67.516800 -110.197680 3836.430462
-62.922307 -111.522034 3836.897991
-65.414553 -108.771556 3836.698668
-60.517329 -112.174429 3836.326087
-60.994829 -113.475412 3836.561273
-57.042042 -112.312765 3836.570678
-55.858134 -114.120236 3836.643851
-55.165971 -112.173187 3836.478792
-51.887747 -113.237387 3838.911987
-53.050540 -113.594757 3839.139611
-49.202587 -112.367992 3839.234834
-46.920473 -111.571515 3840.805551
-45.551099 -111.062825 3841.525550
-42.635155 -109.930701 3841.887498
-41.989734 -110.634760 3842.294205
-39.837730 -108.751454 3841.789485
-36.794010 -109.838770 3842.291603
-37.741292 -111.016967 3842.291603
-33.907324 -109.037967 3842.291603
-31.562974 -109.656285 3842.291603
-29.451189 -109.559466 3842.291603
-26.671712 -108.302118 3842.291603
-25.888939 -109.327683 3842.291603
-24.491738 -106.859710 3842.291603
-21.200727 -107.512078 3842.291603
-21.836734 -108.853664 3842.291603
-18.460385 -106.128638 3842.291603
-15.578360 -105.782319 3842.291561
-13.786787 -105.542065 3842.293878
-11.428167 -104.047233 3842.294712
-11.273472 -104.655702 3841.606591
-9.290074 -102.365013 3842.293024
-6.678656 -101.179506 3840.633138
-8.017151 -102.223433 3840.000752
-4.544505 -99.455691 3840.260881
-2.735484 -97.934861 3838.938556
-1.417867 -96.792832 3838.299494
0.568674 -95.007494 3838.036831
0.376901 -95.183466 3836.655843
3.030501 -92.691173 3838.071150
3.623330 -92.116250 3835.836111
4.973402 -90.775350 3836.363290
4.235872 -91.512535 3833.636733
6.278373 -89.442484 3834.663340
6.286177 -89.434442 3832.409227
7.523095 -88.134828 3831.399352
9.318460 -86.181666 3832.659646
8.110666 -87.503888 3830.215093
10.563861 -84.779705 3829.143801
11.271610 -83.963825 3830.686472
9.668834 -85.791695 3828.639138
11.855898 -83.279978 3827.153422
11.758578 -83.394575 3829.226176
13.019134 -81.890810 3825.720094
13.950858 -80.747773 3825.295537
15.199154 -79.174951 3825.948884
14.489887 -80.074210 3828.495240
14.681906 -79.832409 3822.331928
16.973966 -76.849331 3823.691574
17.034228 -76.768690 3825.277259
15.783413 -78.420768 3821.354777
17.697772 -75.868075 3820.055758
18.338898 -74.983795 3822.637017
17.593325 -76.011641 3823.661579
18.545526 -74.696224 3817.676183
20.693176 -71.593912 3818.425682
19.700253 -73.051529 3820.510374
20.762634 -71.490486 3816.361145
21.507033 -70.366226 3817.686144
21.722155 -70.036962 3819.202401
23.545596 -67.154098 3815.255599
24.352454 -65.823570 3816.324133
23.908547 -66.559235 3813.631236
26.342525 -62.374221 3814.733684
26.317749 -62.418721 3812.231289
26.671613 -61.778699 3813.890039
29.026399 -57.295748 3811.456093
28.782388 -57.780673 3811.020128
30.988045 -53.200745 3811.682332
31.812758 -51.364058 3810.564827
31.987291 -50.984914 3809.824820
33.899309 -46.345762 3809.681243
32.472544 -47.582647 3809.250859
34.671100 -44.315925 3809.841153
33.956580 -40.127532 3809.252281
33.267776 -40.959024 3809.252280
35.444486 -35.911170 3809.252289
34.853451 -33.869815 3809.252280
34.199323 -33.381435 3809.252280
35.292678 -29.144260 3809.252282
33.905980 -29.384775 3809.252280
35.890624 -26.241973 3809.252282
34.257094 -22.053281 3809.252280
33.746247 -23.181085 3809.252280
34.902108 -17.999984 3809.252282
34.067807 -15.995752 3809.252280
33.369453 -15.227091 3809.252282
33.618681 -11.035660 3809.252282
32.811807 -9.424650 3809.251777
32.205089 -8.223556 3809.278805
32.551647 -6.896135 3809.248118
32.137424 -3.011199 3810.178687
32.122950 -3.424666 3811.329278
32.196089 -0.344012 3811.829635
32.142100 4.885171 3811.803367
32.051621 7.066773 3813.191360
32.086820 6.428489 3814.136872
31.777476 11.147233 3813.276678
30.812923 11.756919 3814.851978
29.939291 13.035582 3814.837425
30.408851 15.007736 3815.063257
27.957607 15.813585 3815.075448
29.328138 17.820997 3814.879850
25.833041 20.862231 3814.769267
24.369651 21.791332 3815.028254
23.574683 23.389458 3815.084717
26.365545 22.514723 3814.820676
21.741254 24.927183 3814.918012
22.714660 26.581379 3815.051734
18.726333 24.082739 3814.858746
17.750257 27.676874 3815.096940
21.135821 27.168438 3814.951450
15.561820 27.434371 3814.875112
14.188450 29.520521 3814.907851
18.739417 30.159221 3815.022328
16.176632 23.940761 3814.708235
17.415328 21.430152 3814.823465
21.227047 21.989131 3815.076181
19.763004 19.386178 3814.586815
22.637430 20.440666 3814.976533
24.644138 19.003305 3814.940230
26.522287 14.399593 3815.132146
26.750757 15.064796 3814.817177
29.222980 13.625598 3815.000792
30.052923 11.133044 3814.868941
31.196998 7.458601 3814.935702
31.294656 5.166799 3814.972372
32.207994 0.781702 3814.039024
32.129958 -3.223504 3813.028142
31.925262 -7.131567 3811.716979
31.748564 -9.278023 3809.828797
31.752792 -16.159362 3809.249199
33.095422 -18.009109 3809.252280
32.702859 -21.928400 3809.252279
33.171120 -24.879168 3809.252281
32.288486 -28.036935 3809.252280
32.180612 -32.514205 3809.252280
31.390373 -37.140059 3809.252280
30.981221 -41.523117 3809.252280
31.280677 -44.200834 3809.252280
30.695855 -48.573054 3809.252279
30.785774 -49.865211 3809.252329
30.221120 -53.708503 3809.249420
29.775974 -55.223090 3809.276929
28.854058 -57.642992 3810.223457
26.661233 -61.797447 3811.113559
25.569765 -63.741607 3812.102155
24.028789 -66.360509 3812.816649
22.992303 -68.047238 3814.057106
20.485132 -71.903468 3814.906504
17.479789 -76.166364 3815.337569
18.120089 -75.287564 3817.455937
16.349658 -77.679378 3816.043853
16.047631 -78.077241 3819.000515
13.718109 -81.035188 3817.857189
14.212626 -80.422026 3821.285878
12.128500 -82.958093 3820.372834
13.092878 -81.801875 3823.079868
9.990672 -85.430315 3823.545671
11.478570 -83.722591 3826.211010
8.404954 -87.185855 3826.135362
8.988474 -86.547034 3826.506870
6.555139 -89.154402 3828.080533
7.178030 -88.500200 3829.472884
5.276512 -90.469838 3830.489157
5.246903 -90.499793 3829.133565
3.207473 -92.520106 3831.238936
2.700202 -93.008823 3831.211629
0.089053 -95.444924 3833.917292
0.141251 -95.397619 3835.752454
-3.317195 -98.430295 3834.642141
-5.085922 -99.900176 3836.961337
-6.576651 -101.098928 3838.173513
-7.831743 -102.080876 3838.682250
-9.747502 -103.532562 3839.353188
-12.852086 -105.771087 3841.054161
-14.661462 -107.019223 3841.688845
-17.058276 -107.507590 3842.292660
-19.249700 -108.335644 3842.291521
-23.491415 -110.073044 3842.291603
-25.850569 -110.404267 3842.291603
-29.253237 -112.133122 3842.291603
-32.086164 -112.044169 3842.291603
-37.050157 -112.996102 3842.291603
-39.902160 -112.804096 3842.291603
-44.042029 -112.811785 3842.291602
-46.425923 -112.441398 3842.292837
-49.030368 -112.533046 3842.265003
-50.869181 -112.916593 3841.035846
-52.913113 -113.553149 3840.335077
-54.752943 -114.091635 3839.495788
-58.538039 -115.014366 3837.168653
-59.455011 -114.747019 3836.490334
-62.811100 -113.941020 3836.995623
-64.325067 -114.697681 3836.507626
-68.402898 -113.860058 3836.670664
15.157877 24.296499 3815.001049
7.500684 24.664078 3813.113851
-0.880492 25.914171 3811.497262
3.380668 27.401671 3811.484704
1.471395 27.517146 3811.488940
1.808610 29.594955 3811.485823
5.066731 30.661670 3811.475273
4.178183 28.097486 3811.481295
8.148168 30.247835 3811.902959
7.069249 27.882154 3811.449002
7.733248 32.843859 3812.799788
10.210463 32.474559 3814.583183
10.117918 29.950164 3814.812443
11.597472 32.456413 3814.774861
12.374305 30.720169 3814.880720
6.405139 34.034000 3813.036054
8.871589 34.781347 3815.129063
4.263749 35.048553 3814.866972
7.714910 36.639372 3815.026359
4.021753 33.497815 3812.170262
3.294369 34.374760 3812.888233
4.593491 32.042548 3811.461644
0.837863 34.759447 3812.773502
0.977556 34.915377 3812.959727
0.772454 34.549739 3812.540121
-3.331508 32.428504 3811.478150
-0.557776 31.458567 3811.488737
-3.491316 32.078517 3811.491389
-4.557570 30.099359 3811.501616
-4.901876 29.328450 3811.498954
-0.609459 29.640557 3811.492470
-4.314188 34.877111 3812.413666
-1.834241 34.970593 3812.806403
0.024694 36.011182 3814.918664
1.283975 37.651331 3815.028337
-0.588819 38.429413 3814.976190
2.797280 38.302426 3815.146590
-1.507432 36.535019 3815.173748
-2.123808 28.678400 3811.496961
-14.869284 33.885066 3811.505623
-11.512444 35.804756 3812.223900
-14.377959 32.025593 3811.527988
-14.407786 36.615183 3813.016349
-10.275005 37.203740 3814.857266
-10.218381 38.747766 3814.865188
-9.582028 37.534865 3815.032112
-7.525096 40.579914 3815.057343
-5.828070 41.576823 3814.906783
-6.529548 39.641566 3815.105290
-4.290106 43.286718 3814.778921
-2.759065 43.239544 3815.178804
-8.930280 42.521757 3812.891139
-5.955559 43.477693 3813.856384
-10.202723 40.953772 3814.654720
-11.094450 40.226811 3815.023984
-15.472261 37.395885 3814.778974
-13.410363 36.669063 3814.141984
-16.529660 36.633265 3812.506241
-15.647583 35.299726 3811.558151
-17.423748 33.225565 3811.534928
-18.274734 30.934754 3811.521794
15.388643 30.192844 3814.926132
-93.711677 -76.346597 3837.726547
-93.825848 -77.333573 3838.368707
-93.629775 -74.982469 3838.866594
-93.204816 -76.644168 3839.419281
-106.570371 -65.183178 3837.211322
-131.775522 -53.851164 3838.078510
-130.348286 -54.594249 3838.854836
-135.391301 -54.231460 3839.566541
-137.881182 -54.655139 3839.783203
-139.810473 -56.983661 3839.880067
-140.994885 -58.250797 3839.881061
-140.026849 -60.521544 3839.203051
-140.921828 -62.231823 3838.117822
-139.632224 -62.682264 3836.487287
-141.398507 -64.148864 3838.439184
-138.762759 -64.435517 3836.415326
-139.254617 -66.793636 3836.533531
-140.017591 -68.757795 3836.511853
-138.243554 -69.722968 3836.538997
-140.787620 -71.809299 3836.532160
-137.548282 -70.383534 3836.523335
-140.284831 -75.393201 3837.294391
-141.240456 -76.082157 3837.252403
-141.602132 -77.438751 3839.234375
-142.357387 -77.750313 3838.877496
-142.687096 -79.773757 3839.824092
-144.325902 -80.705078 3839.566616
-140.694959 -80.181444 3839.853074
-143.673337 -83.657001 3839.838261
-143.804742 -85.253802 3839.834583
-142.414148 -84.822198 3839.840421
-142.678640 -88.097134 3839.837402
-141.036191 -86.326941 3839.843346
-137.886672 -90.533705 3839.436550
-139.065175 -91.026631 3838.852954
-136.522248 -91.450781 3838.441897
-136.907775 -91.740816 3836.690796
-133.272337 -92.719127 3836.747627
-134.818090 -93.512280 3836.350015
-131.795446 -95.179429 3836.938893
-133.009547 -92.551718 3836.850299
-130.674194 -96.307066 3836.567882
-129.111444 -95.876663 3836.465394
-129.752354 -99.319303 3836.432575
-126.648016 -99.062484 3836.370606
-128.204095 -96.496700 3836.300606
-125.097518 -102.317639 3836.685493
-124.793060 -101.060141 3836.880251
-125.667465 -104.306505 3836.640535
-121.662218 -105.982010 3836.473725
-123.455938 -102.836652 3836.818133
-122.490113 -108.078255 3836.689867
-120.811866 -106.225452 3836.765844
-122.023466 -108.766292 3836.450345
-117.855742 -110.809319 3836.509336
-118.073961 -108.504602 3836.624633
-116.999529 -112.328678 3836.996839
-116.382868 -110.416204 3836.583877
-113.723140 -113.754920 3836.793053
-112.808276 -112.823451 3836.921879
-112.559721 -115.980409 3837.178121
-110.084913 -114.351250 3836.892379
-108.660191 -116.764949 3838.152897
-108.499893 -115.731994 3836.714991
-104.718923 -117.403621 3838.459223
-105.721667 -117.253249 3839.967321
-101.604217 -117.816508 3838.425048
-97.809892 -118.204810 3840.311113
-97.505380 -118.229923 3841.454497
-95.387670 -118.457082 3842.149161
-94.303570 -118.458780 3840.881595
-90.637958 -119.448315 3842.292522
-91.421667 -120.790655 3842.291603
-86.923686 -119.522412 3842.294495
-85.642336 -121.766774 3842.291605
-86.497743 -122.240234 3842.291603
-83.545007 -121.676087 3842.291603
-81.200054 -123.268538 3842.291603
-80.797269 -122.028433 3842.291604
-76.849719 -123.896735 3842.291603
-77.405680 -125.526193 3842.291603
-73.096221 -123.399238 3842.291603
-71.549498 -125.564299 3842.291603
-72.606029 -126.123863 3842.291602
-69.573698 -125.385727 3842.291604
-66.491626 -126.892770 3842.297236
-66.678160 -125.590073 3842.291602
-61.650564 -126.676308 3841.798834
-62.968760 -126.929847 3840.148925
-58.245293 -125.938632 3841.727934
-57.053784 -125.657955 3839.051033
-57.811545 -125.834328 3838.426421
-52.507696 -124.477317 3837.705344
-54.728034 -125.075697 3837.182691
-50.144107 -123.794789 3835.733469
-50.824587 -123.994775 3838.169264
-48.876576 -123.406673 3835.660407
-49.078845 -123.469341 3836.310837
-48.348091 -123.242760 3833.481810
-45.934004 -122.457073 3832.686950
-43.983421 -121.783149 3834.104265
-45.424219 -122.285484 3831.525805
-42.987594 -121.427193 3830.563897
-42.830091 -121.368923 3832.594141
-41.412338 -120.842869 3828.392290
-39.850185 -120.239798 3828.761560
-40.232133 -120.388742 3829.756070
-40.175970 -120.366885 3831.578857
-38.066908 -119.523963 3825.564076
-35.476784 -118.430909 3826.883293
-37.350763 -119.229741 3828.834729
-36.281634 -118.777247 3823.380999
-31.824252 -116.773027 3823.626199
-32.354272 -117.022145 3826.599562
-33.180353 -117.405248 3821.891292
-30.558148 -116.167146 3821.887107
-29.581021 -115.687755 3824.258862
-31.284769 -116.518027 3820.827936
-28.876296 -115.336267 3819.560313
-27.400873 -114.581206 3821.468190
-28.898197 -115.347437 3818.793334
-24.724324 -113.149388 3818.120669
-23.724361 -112.595842 3820.486743
-25.913446 -113.795597 3815.881411
-21.086271 -111.073702 3816.883147
-21.843882 -111.519054 3815.492716
-19.964999 -110.402195 3814.802210
-20.571947 -110.768399 3816.683034
-16.913368 -108.495535 3813.406404
-16.462943 -108.203609 3812.806915
-14.099825 -106.631902 3812.564731
-13.963581 -106.538169 3811.262381
-11.549035 -104.848113 3813.064495
-9.651054 -103.462752 3810.229581
-10.900294 -104.351362 3809.438582
-6.950352 -101.399701 3809.897432
-6.299594 -99.531224 3809.251680
-5.762792 -98.116978 3809.252284
-3.364885 -95.464808 3809.252283
-4.114979 -94.807935 3809.252281
-1.045120 -93.667859 3809.252283
-1.378004 -90.498921 3809.252285
-2.436265 -90.391775 3809.252284
0.392169 -86.942740 3809.252281
-0.118009 -86.240517 3809.252282
4.235385 -80.909735 3809.252285
6.992357 -76.972315 3809.252287
8.838027 -75.249100 3809.252282
7.837042 -72.999991 3809.250710
11.380867 -67.807757 3809.249128
13.855474 -63.137489 3809.284045
15.437996 -61.173172 3809.254076
15.419374 -60.095945 3811.065194
17.773074 -55.947246 3811.948581
18.442308 -54.692701 3811.393194
19.901200 -51.826564 3812.677493
20.494513 -50.604986 3811.664160
21.741182 -47.916908 3813.995039
22.497759 -46.185708 3812.705934
22.001057 -45.135163 3814.634920
23.134227 -43.173993 3814.616120
20.438793 -43.830171 3814.659269
22.682432 -40.695942 3814.637283
20.035461 -40.834668 3814.755195
22.584751 -36.046232 3814.506628
21.053971 -37.888491 3814.632100
21.621657 -33.471954 3815.004324
23.581222 -34.034553 3814.579471
19.299822 -32.952160 3814.902711
20.705637 -28.733010 3814.869336
22.444271 -31.863175 3814.503855
18.914076 -28.222024 3814.928996
18.643647 -25.810377 3814.871434
21.983013 -26.070093 3814.668522
17.878641 -27.281603 3815.075374
18.056160 -23.039453 3814.893517
18.116872 -22.583240 3814.913507
21.132347 -22.378403 3814.920927
16.191861 -22.299598 3814.677497
16.739944 -19.898234 3815.230796
16.853789 -17.886512 3815.037998
19.665193 -19.037448 3815.065289
13.507733 -19.589912 3815.036403
14.517164 -16.365106 3814.621799
14.576649 -14.370973 3814.739772
17.472466 -14.809640 3814.709520
11.965496 -16.277306 3815.048312
11.842252 -13.763121 3814.738562
12.093426 -11.858383 3814.736343
14.514878 -11.728002 3814.920027
9.674039 -13.161617 3815.046868
9.413681 -10.426597 3814.859157
9.689217 -8.608950 3815.069118
12.356294 -8.404461 3815.283660
7.207611 -10.001706 3815.046622
6.968224 -6.692328 3814.814680
6.520921 -5.534921 3815.189518
9.374657 -4.903722 3815.109730
4.907070 -6.779658 3815.184895
4.608290 -3.913216 3814.784593
4.415165 -2.717603 3814.919549
6.340362 -2.829656 3814.835313
2.031467 -3.345125 3814.944065
1.197389 -0.939802 3815.045288
1.026609 0.291031 3815.190805
3.310063 0.304354 3814.977630
-0.970119 -0.852783 3815.055421
-1.906528 1.675314 3815.149125
-1.771193 2.940895 3814.990116
0.027106 2.929597 3815.240463
-4.682866 2.101263 3815.108117
-5.917815 4.424438 3815.326487
-5.936471 5.261195 3815.085270
-2.276460 6.094841 3815.122220
-9.653368 5.154330 3815.257615
-10.208753 7.311016 3815.135048
-7.968905 8.532309 3815.222883
-11.352714 7.344178 3815.115783
-11.782280 9.277060 3815.193816
-11.603054 10.258001 3814.871696
-14.692559 9.317953 3815.117755
-17.077356 11.923802 3814.836026
-13.427985 11.482415 3815.070316
-17.119620 9.007587 3815.350847
-13.931157 7.938448 3814.952805
-19.781127 7.539385 3815.135988
-20.672767 11.303855 3814.676836
-22.665247 9.265408 3815.058695
-21.085994 11.016862 3814.944571
-22.300561 7.371940 3814.823712
-19.281529 4.880872 3815.228993
-19.493289 2.689597 3815.126178
-17.182486 6.582368 3815.111633
-16.648137 3.396949 3814.946825
-15.363070 -0.694737 3815.118948
-13.983669 1.970129 3815.103795
-13.990049 0.553746 3815.261260
-14.197214 -0.589681 3815.279588
-13.439711 -1.241284 3814.981537
-10.164592 0.298486 3815.193798
-9.370105 -2.491382 3814.961978
-9.623913 -4.411944 3815.128791
-8.617938 -3.465881 3814.853816
-7.375545 -3.370638 3814.997908
-6.847821 -5.763552 3815.206783
-6.501032 -8.435465 3815.115521
-5.327945 -6.116230 3814.978340
-3.983547 -6.722238 3815.004366
-4.352910 -8.217275 3815.034370
-3.663280 -11.190150 3814.932628
-2.730027 -9.242105 3814.983736
-1.097290 -8.947159 3814.963697
-1.792785 -11.184100 3815.001924
-1.011602 -14.111473 3815.244250
0.069806 -12.416612 3815.278281
1.102918 -12.366433 3815.151379
0.760144 -14.228048 3814.733486
1.673320 -16.973181 3815.141631
2.593611 -15.464420 3815.225831
3.378856 -15.388738 3815.054825
3.590906 -17.560474 3814.604116
3.174815 -18.635741 3814.914978
2.147473 -18.670211 3814.776642
6.588458 -17.491644 3815.151474
5.880818 -19.730201 3814.992627
5.468994 -22.220763 3815.093961
3.881502 -22.141006 3814.956837
8.884685 -19.692413 3814.934219
8.513312 -23.247305 3815.172223
7.957879 -26.064349 3814.651999
6.599383 -25.077531 3815.084501
10.548431 -24.051905 3814.959128
10.289370 -26.159726 3814.902072
8.276015 -27.736374 3815.144599
7.636496 -30.294365 3814.778741
11.599463 -26.759532 3814.987672
10.790588 -30.216363 3814.873800
10.516987 -31.876320 3814.742149
8.750007 -34.573064 3815.093316
13.764011 -29.936424 3814.876342
12.956961 -33.655726 3814.903975
12.246675 -35.368520 3814.716064
10.769806 -37.947754 3814.899863
14.488864 -33.292562 3814.810571
14.099601 -37.574159 3815.071270
13.396486 -38.866305 3814.796050
11.998878 -41.006310 3815.124574
16.407284 -38.492415 3814.803327
15.335125 -41.087117 3814.854895
14.191616 -46.020911 3815.166370
16.702926 -41.479909 3814.877366
15.114002 -44.332100 3814.978569
15.122840 -47.042728 3814.954424
16.659849 -46.605705 3814.723884
16.360410 -48.786261 3814.678747
13.308085 -52.573874 3814.760749
17.629243 -49.390451 3814.704718
14.631990 -54.635223 3814.659707
16.757308 -52.175617 3814.597126
14.684166 -55.539644 3814.694902
15.945202 -56.257369 3814.768736
16.115992 -57.716470 3814.795634
12.871795 -61.322858 3814.968341
14.399831 -61.693139 3814.222093
13.079675 -63.908056 3814.267717
12.250387 -65.141297 3812.997180
13.472163 -63.261335 3811.927457
9.435993 -69.197849 3812.538248
9.870900 -68.593828 3810.941161
5.911554 -73.821218 3810.518156
3.069873 -77.229937 3810.033102
-0.812936 -81.506873 3809.795606
1.631934 -80.522070 3809.251942
-2.553372 -85.643508 3809.252283
-4.978860 -88.828380 3809.252284
-8.942749 -93.209222 3809.252284
-6.088081 -92.861694 3809.252284
-8.822181 -97.153805 3809.252280
-9.541271 -98.061034 3809.252280
-13.408727 -101.859483 3809.252282
-13.192319 -102.378168 3809.252283
-15.554377 -103.783914 3809.252280
-16.239707 -105.659965 3809.252280
-15.080674 -106.534504 3809.251186
-21.054992 -109.676044 3809.252178
-19.095541 -109.852864 3809.478289
-18.683129 -109.617922 3810.149249
-23.582733 -112.516220 3810.707559
-23.901779 -112.694452 3811.291825
-26.133846 -113.913474 3811.059006
-27.718001 -114.745431 3812.501918
-27.414510 -114.589188 3814.422235
-33.561129 -117.578547 3813.754674
-32.737020 -117.201568 3814.547210
-34.694839 -118.087662 3815.050347
-34.720757 -118.099087 3816.520608
-39.808676 -120.223566 3817.206766
-34.361457 -117.938709 3818.568382
-38.599719 -119.741919 3818.172886
-38.827268 -119.834285 3819.171971
-40.325891 -120.425359 3820.386666
-45.186532 -122.203121 3820.290658
-41.066679 -120.711901 3821.555776
-44.156729 -121.843710 3822.481135
-48.434415 -123.269431 3822.592228
-44.176885 -121.850762 3822.846947
-46.711945 -122.714564 3823.327388
-49.671102 -123.651899 3824.390232
-47.407893 -122.943198 3825.343758
-49.085846 -123.471591 3825.343785
-51.320843 -124.138722 3825.453758
-52.915764 -124.589523 3825.228013
-50.652969 -123.944814 3828.554004
-53.674976 -124.794757 3827.921854
-56.634201 -125.554877 3827.941164
-51.892215 -124.303795 3831.415608
-56.508426 -125.523390 3831.953334
-59.311354 -126.177105 3830.901982
-55.830907 -125.354076 3832.685983
-58.602121 -126.016178 3833.544777
-63.289307 -126.990747 3832.925745
-58.744730 -126.048877 3835.648557
-63.200279 -126.973873 3834.628312
-63.007451 -126.937228 3836.303568
-64.650962 -127.242944 3836.907294
-68.182025 -127.818831 3836.119586
-67.487072 -127.714607 3838.228834
-66.611125 -127.576876 3839.107060
-72.847663 -128.432071 3839.608480
-72.465680 -128.390069 3840.454270
-75.377301 -128.693071 3840.224741
-76.726590 -128.820405 3841.679399
-76.679917 -127.595768 3842.291830
-83.364993 -128.590268 3842.296266
-82.513546 -127.367898 3842.291587
-81.668262 -126.869601 3842.291601
-87.137678 -126.670150 3842.291604
-87.344731 -125.817826 3842.291603
-89.698281 -125.984383 3842.291605
-91.586038 -124.768293 3842.291603
-90.791885 -123.097531 3842.291603
-97.445492 -123.035736 3842.291603
-96.161500 -121.956845 3842.291603
-95.731647 -121.411967 3842.291603
-103.043882 -119.630845 3842.291601
-105.226471 -118.727097 3842.291630
-106.113898 -117.279039 3842.134955
-108.944616 -116.711534 3841.278090
-114.067652 -115.660652 3840.820183
-116.714195 -115.026064 3840.013362
-117.706949 -114.774126 3839.620579
-119.902766 -114.178231 3838.902173
-123.137307 -113.216690 3838.751737
-120.960817 -113.428620 3836.926868
-127.229828 -111.439036 3836.942914
-124.085244 -110.984625 3837.234750
-130.496770 -109.439406 3837.036745
-128.489626 -109.093562 3836.642123
-130.315989 -108.532545 3837.011889
-131.258595 -105.355627 3836.652817
-131.251796 -104.581399 3836.768847
-132.666893 -103.718268 3836.465082
-133.312635 -102.784167 3836.841309
-133.994153 -101.234250 3836.552404
-137.900890 -100.741304 3836.663546
-135.540508 -98.532743 3836.385114
-139.044514 -97.154273 3836.596011
-137.605717 -96.688594 3836.417111
-141.556765 -95.160592 3836.474447
-140.035754 -94.299250 3836.337844
-140.382531 -93.046664 3836.464802
-139.293890 -91.074213 3837.244626
-136.998971 -95.241769 3836.436004
-136.888668 -92.759065 3836.291888
-140.560475 -97.730930 3836.637225
-135.290302 -98.131654 3836.393149
-133.131930 -95.437848 3836.818718
-140.171570 -99.459243 3836.576060
-131.724699 -99.918591 3836.784904
-132.752244 -97.301104 3836.516056
-137.277923 -101.508112 3837.016212
-130.898338 -101.632512 3836.716498
-138.750905 -102.095023 3836.865164
-128.161439 -105.314347 3836.338609
-127.033331 -104.899315 3836.326694
-135.246789 -105.764783 3837.137032
-126.539963 -108.082935 3836.948991
-126.646369 -105.676170 3836.804254
-131.618475 -108.996372 3836.799650
-123.065915 -109.495277 3836.783221
-133.083239 -109.621492 3837.525979
-122.339486 -112.501202 3836.781246
-122.194633 -110.318122 3836.743621
-126.525858 -112.104625 3838.423315
-119.598208 -113.023386 3836.689627
-127.003825 -111.937145 3839.945254
-115.639647 -115.294195 3838.158146
-122.607422 -113.380819 3839.987421
-112.179187 -116.074706 3838.192051
-111.963099 -116.120048 3840.060973
-119.393531 -114.310539 3841.730440
-107.386652 -116.983938 3839.585920
-104.147943 -117.487708 3841.118175
-103.332279 -117.670063 3842.131261
-106.479613 -118.564123 3842.291613
-107.648027 -119.406952 3842.291603
-95.758574 -119.400749 3842.292773
-101.696911 -121.426676 3842.291603
-93.117439 -120.521334 3842.291603
-100.434415 -122.569355 3842.291603
-91.778075 -121.513997 3842.291604
-97.854008 -123.646228 3842.291603
-87.263286 -123.231928 3842.291603
-96.792442 -124.984993 3842.291603
-84.323487 -124.771323 3842.291603
-95.118033 -126.298416 3842.291603
-82.944460 -125.768002 3842.291603
-92.519822 -127.128174 3842.291600
-80.461438 -125.921766 3842.291603
-87.725246 -128.143161 3842.291989
-84.323002 -128.229212 3842.293035
-77.038982 -125.982581 3842.291603
-81.388570 -129.119028 3841.648601
-72.913031 -126.591294 3842.291593
-79.638341 -129.023436 3840.596336
-69.649853 -127.839088 3842.254766
-77.254848 -128.857104 3840.001672
-68.131013 -127.813667 3841.189020
-75.569839 -128.710358 3838.122207
-64.465386 -127.211240 3839.441587
-73.916589 -128.549268 3836.652388
-70.533847 -128.149179 3837.208721
-61.063342 -126.550562 3839.655199
-68.989986 -127.939276 3835.708875
-60.087223 -126.345673 3836.400299
-57.919530 -125.859194 3838.477635
-66.739127 -127.597128 3832.631892
-57.192960 -125.690422 3835.159069
-54.899300 -125.120480 3835.950943
-66.102671 -127.491124 3831.467229
-63.124895 -126.959515 3830.475117
-54.357868 -124.977893 3832.820152
-52.085584 -124.358982 3834.181520
-62.758728 -126.890036 3829.406480
-59.983815 -126.323537 3828.147212
-51.595150 -124.218316 3830.709561
-51.452235 -124.176799 3832.892674
-58.254609 -125.936260 3826.715977
-57.223521 -125.696965 3826.789279
-48.540560 -123.302379 3829.316012
-46.349235 -122.594703 3829.250697
-47.868003 -123.091186 3831.537573
-55.141934 -125.181767 3823.479280
-52.850929 -124.571782 3824.768364
-43.457276 -121.596666 3826.005350
-43.413438 -121.580573 3829.274017
-53.901168 -124.855813 3821.403189
-49.838467 -123.703663 3821.376548
-41.922393 -121.033238 3823.901288
-40.600447 -120.532454 3825.846347
-51.167728 -124.094263 3820.249645
-47.129756 -122.852175 3819.466267
-38.830998 -119.835631 3821.890710
-37.907849 -119.458696 3823.980767
-47.127937 -122.851476 3818.260010
-43.389770 -121.573724 3817.800192
-34.697610 -118.088589 3820.348339
-36.297357 -118.783906 3822.128039
-42.634401 -121.296891 3817.280979
-34.206077 -117.868871 3817.971515
-32.479577 -117.080418 3820.384314
-39.783192 -120.213695 3815.000434
-31.538638 -116.638756 3816.194214
-29.034865 -115.415736 3818.682407
-36.845344 -119.018231 3813.835150
-26.272708 -113.987029 3815.664561
-35.698837 -118.526660 3813.267311
-25.503819 -113.576534 3813.880867
-24.895356 -113.243433 3815.201278
-29.782651 -115.787086 3811.348215
-22.204657 -111.729704 3813.604622
-28.440674 -115.115855 3810.221227
-20.818986 -110.915230 3812.350519
-25.913899 -113.788168 3809.643574
-16.057401 -107.939469 3810.752535
-24.992894 -112.019709 3809.251815
-13.896682 -106.404329 3809.347059
-23.958425 -110.342003 3809.252281
-13.307647 -104.886730 3809.251627
-22.049627 -108.705231 3809.252280
-10.954759 -102.442820 3809.252301
-18.624600 -105.491572 3809.252280
-15.613829 -103.493272 3809.252280
-9.129364 -100.772446 3809.252288
-7.758975 -97.125089 3809.252283
-14.634150 -100.684092 3809.252280
-5.662064 -94.511914 3809.252280
-5.513768 -92.411212 3809.252284
-9.503911 -94.445047 3809.252284
-8.391441 -92.094474 3809.252282
-7.824366 -90.627161 3809.252295
-5.868804 -88.256059 3809.252384
-5.021610 -86.241242 3809.265807
-4.491037 -85.232883 3809.655573
-2.414743 -83.157126 3809.946789
0.480352 -80.135039 3810.416963
7.288455 -72.562948 3809.262366
9.724078 -68.863864 3809.473479
11.484140 -66.281955 3810.368123
12.370617 -64.959076 3811.089936
8.090696 -71.020380 3813.812141
14.642325 -61.384501 3811.855613
10.736474 -67.363049 3814.272566
16.596863 -58.068361 3812.636556
8.854629 -67.356406 3814.696032
12.687239 -63.355491 3814.815271
18.302847 -54.956870 3812.952072
11.959135 -61.474492 3814.481232
17.761119 -53.567463 3814.520852
18.540572 -54.530758 3814.191528
12.850458 -58.010234 3814.561334
17.883668 -50.008172 3814.773524
20.525583 -49.533985 3814.784843
11.069292 -56.205714 3814.931411
18.383997 -47.068556 3814.337063
19.517155 -45.644286 3814.484818
11.068166 -53.458795 3814.959417
12.720440 -51.039594 3814.931229
17.811546 -42.274539 3814.533174
19.807130 -43.963862 3814.838561
11.623928 -48.765187 3814.774732
12.520193 -46.412853 3814.779846
17.728807 -37.409975 3815.184260
19.286202 -40.863247 3814.905617
9.295491 -46.596477 3815.194922
11.452088 -43.449372 3814.886849
16.776428 -36.632311 3814.835368
18.612647 -36.512093 3814.751892
10.974738 -42.640293 3814.529246
9.592055 -42.240202 3814.982218
9.837212 -39.549447 3815.174112
14.754053 -32.802796 3814.825615
17.793316 -32.795921 3814.838875
9.294111 -39.184772 3815.109477
8.453023 -37.775675 3814.785744
9.108953 -36.238011 3815.035623
13.641480 -29.456712 3814.854814
15.614071 -29.463224 3815.036363
16.800914 -29.904105 3814.770910
6.507243 -35.933670 3814.839221
8.922761 -33.593980 3814.991859
8.934828 -32.142065 3814.690033
12.033923 -23.475595 3814.923663
15.115461 -23.972874 3814.605442
5.968225 -31.886044 3815.080528
4.224677 -31.500790 3814.981648
5.524249 -28.158329 3814.956316
9.330560 -21.340959 3814.729635
12.373659 -22.014201 3815.009775
13.220463 -21.753986 3814.648390
3.317881 -28.642765 3814.862059
3.891281 -27.016883 3815.165363
9.050207 -19.374178 3814.784060
9.191475 -17.707542 3814.729003
11.240942 -17.982107 3814.879388
2.772861 -26.199251 3814.801206
3.163254 -23.632389 3814.954807
3.098589 -22.693195 3815.199515
5.609202 -13.800685 3815.146554
7.674371 -14.241440 3815.124256
9.751946 -15.998894 3815.008339
-1.415687 -22.423902 3814.927012
-0.375504 -19.779411 3814.965646
4.408434 -11.797579 3814.971197
4.444609 -10.188987 3814.877797
7.153348 -11.456000 3814.914925
-2.312653 -19.631908 3815.195431
-1.503913 -16.913638 3815.103953
-1.198557 -15.174309 3815.123584
0.269903 -7.123241 3814.938840
3.592074 -7.633338 3815.154464
-4.297814 -15.641489 3815.179110
-6.207254 -15.220962 3815.043200
-5.197534 -12.538001 3815.297162
-2.097657 -5.729106 3815.197089
0.623091 -6.545670 3814.723856
2.199915 -6.032126 3814.912261
-8.580869 -13.628988 3814.959678
-8.077681 -10.698648 3815.161785
-3.859533 -2.860461 3815.215203
-4.181152 -1.716388 3815.122783
-1.393693 -2.189528 3814.907939
-9.813925 -10.547029 3814.796285
-10.571575 -8.310224 3815.086540
-7.841778 -0.866811 3815.071714
-7.419995 0.650461 3815.309924
-4.919638 0.824187 3814.930695
-12.285684 -8.662551 3815.272228
-13.522162 -5.878819 3815.121188
-10.866452 1.557022 3815.243921
-10.419554 3.509684 3815.244607
-8.203078 1.660875 3814.928912
-16.061962 -5.663589 3814.944095
-16.025799 -2.338846 3815.131874
-15.615940 4.840558 3815.330362
-12.831329 5.655776 3815.161119
-18.299337 -1.766493 3814.949280
-19.779580 -0.520260 3814.955905
-18.814626 1.373601 3814.883271
-22.537062 0.761785 3815.041900
-22.901993 4.617412 3815.224761
-24.429052 4.154720 3815.241115
-25.491088 6.535126 3815.013425
-140.721609 -90.421899 3839.506622
-143.779829 -86.984879 3839.833090
-144.630371 -81.577578 3839.743558
-145.341419 -80.925319 3838.189762
-142.834712 -75.041377 3836.556238
-141.296186 -69.712057 3836.405627
-141.887335 -65.140477 3837.384642
-141.951569 -63.936868 3839.394490
-140.594216 -55.175278 3839.845947
-135.255679 -53.395583 3838.793403
-134.587755 -64.607977 3836.448059
-16.171366 13.137361 3815.015497
-21.155307 12.127477 3812.996330
-23.160114 13.803249 3811.511874
-33.156838 13.543948 3814.980621
-34.211196 13.070846 3814.831842
-35.336215 16.445350 3814.942421
-31.123168 13.481741 3815.155847
-28.621175 14.007927 3814.750970
-26.415861 13.211070 3814.892320
-35.866758 14.013237 3814.920821
-38.381508 16.198911 3815.180542
-41.168793 19.275429 3814.925842
-42.507178 22.221457 3815.004620
-46.297209 23.982883 3815.091971
-47.299016 23.584643 3814.866880
-48.681386 25.930060 3815.142995
-48.882246 25.316225 3813.435086
-49.927416 27.633156 3814.758518
-52.621320 30.432662 3811.587365
-51.629241 29.213574 3811.131283
-54.312274 32.327143 3811.557335
-55.162926 33.111047 3809.457193
-56.527749 33.109919 3809.251983
-57.912478 34.782538 3809.250718
-62.048127 36.330526 3809.261961
-62.853515 36.638904 3809.269837
-65.140886 38.020432 3809.273667
-69.278658 37.855140 3809.516436
-73.077426 38.946512 3809.587515
-76.686547 38.726689 3809.594442
-67.407518 37.077002 3809.510922
-60.106673 33.445001 3809.320022
-51.778896 29.403374 3810.585992
-48.171755 24.149008 3813.109538
-45.059742 20.717779 3815.129629
-39.848483 18.357883 3814.645920
-46.208798 29.379007 3814.818665
-48.938535 30.804154 3814.891042
-51.427906 32.749899 3815.244968
-52.590514 34.292821 3814.793003
-51.875720 34.804907 3814.694525
-56.791649 35.636829 3814.773089
-56.151163 34.307795 3814.581301
-60.014914 37.469571 3814.439533
-61.143431 38.258602 3813.187028
-61.511546 38.505915 3814.278700
-63.613148 39.888161 3812.660522
-66.250958 41.390786 3810.466351
-71.255977 43.606099 3809.503188
-74.909797 44.156646 3809.247261
-77.754078 44.799691 3809.249358
-78.364014 42.935185 3809.300433
-82.634831 42.437277 3809.437583
-85.718426 41.750123 3809.552866
-88.750000 41.765516 3809.550348
-88.788018 39.635451 3809.708438
-93.291505 39.194584 3810.757302
-96.754707 38.504154 3811.542210
-99.120915 37.838390 3811.576320
-99.459195 37.729195 3814.194182
-102.363625 36.650826 3816.235672
-103.213077 36.283581 3815.328284
-104.748484 35.557419 3818.233786
-105.584372 35.126457 3819.536267
-107.015280 34.327015 3819.975748
-107.747776 33.886429 3820.990125
-108.491960 33.414964 3822.261075
-109.191322 32.950429 3819.776773
-109.756369 32.559330 3824.773420
-110.462257 32.048031 3822.850666
-110.736343 31.843641 3825.558263
-113.225511 29.796161 3827.150113
-112.246449 30.643175 3824.017173
-114.000545 29.083177 3828.338659
-114.898863 28.206575 3827.645888
-114.474736 28.626612 3831.491851
-116.439378 26.557423 3830.712371
-116.850776 26.082855 3832.623426
-117.179540 25.691451 3834.372444
-117.969797 24.708267 3830.413161
-118.955018 23.381886 3836.081675
-119.685606 22.314310 3836.226099
-120.832717 20.468715 3836.760032
-121.160236 19.895865 3837.854578
-121.376054 19.504382 3839.255131
-122.827489 16.547583 3840.599540
-124.071044 13.319161 3841.423465
-124.524257 11.851279 3841.595417
-127.323505 9.618007 3842.140143
-129.024636 7.540590 3842.233905
-130.047864 3.648914 3842.264306
-130.123963 2.017283 3842.265652
-132.285138 -1.132220 3842.297970
-132.874755 -3.324703 3841.617893
-132.301820 -7.359915 3841.045219
-132.044234 -8.638314 3841.023864
-131.360826 -11.368846 3838.156110
-130.802974 -13.330713 3837.136414
-130.363717 -14.470051 3837.530166
-130.225329 -16.877520 3836.429227
-131.612292 -17.757420 3836.615816
-130.593646 -20.230224 3836.364106
-132.616362 -21.275290 3836.335948
-130.572620 -21.436021 3836.367677
-134.446678 -22.343876 3836.347589
-131.331544 -25.730789 3836.254335
-133.661663 -26.269641 3836.215802
-132.715813 -27.814869 3836.489528
-130.927179 -27.352603 3836.468697
-134.149567 -29.648526 3836.208191
-133.479428 -30.807601 3836.255754
-132.665930 -29.836410 3836.262210
-131.085941 -29.789022 3836.441830
-138.962000 -29.542993 3836.526998
-136.595309 -32.215336 3836.314333
-136.152169 -25.319306 3836.368243
-135.016192 -22.679266 3836.507403
-134.874107 -20.568891 3836.435369
-132.288460 -16.119626 3836.626094
-132.703928 -13.379966 3836.314179
-132.596920 -5.584822 3839.370044
-132.302937 2.028007 3842.294517
-129.648207 8.243016 3842.261720
-123.703250 16.410652 3841.953279
-119.702355 22.288794 3837.986519
-117.100698 25.785963 3835.278943
-114.886879 28.218472 3834.271206
-113.812477 29.258740 3832.032210
-110.118566 32.299064 3826.272400
-107.179902 34.229428 3824.114197
-105.186903 35.334452 3823.100101
-101.789858 36.884809 3817.895631
-97.963779 38.184313 3814.595612
-91.535090 39.421748 3811.394735
-84.381544 40.978576 3809.587396
-77.935594 42.373935 3809.349428
-66.816130 41.321819 3809.262591
-60.294421 37.645507 3812.352859
-58.325943 36.096478 3812.637729
-52.649279 32.182657 3815.066114
-81.871308 39.220429 3810.262497
-84.897791 39.548486 3813.229799
-85.056406 39.559519 3814.862244
-86.951865 39.631378 3813.266030
-90.110515 39.545408 3815.429288
-89.125407 39.599625 3817.555843
-92.673949 39.283870 3818.148125
-91.587834 39.415471 3819.153170
-94.583158 38.976299 3820.054169
-93.740491 39.123627 3817.561274
-95.244574 38.845920 3821.717690
-97.175166 38.397753 3820.867470
-94.999066 38.896353 3824.805516
-98.541951 38.015803 3824.351675
-98.457277 38.041056 3826.069220
-99.380332 37.754581 3827.607681
-100.848230 37.246383 3824.090616
-100.097752 37.514968 3829.368006
-101.725179 36.910399 3827.277072
-101.061640 37.167306 3830.171927
-104.498654 35.681626 3831.907157
-103.665786 36.077755 3828.761859
-105.673262 35.078673 3832.443775
-106.171333 34.807686 3831.331385
-107.317015 34.147589 3834.089646
-108.573352 33.362771 3832.687952
-109.463918 32.763907 3836.563819
-110.232271 32.216786 3837.882237
-111.048330 31.605800 3837.015891
-113.072989 29.931588 3838.812854
-113.601455 29.454978 3840.032068
-115.529247 27.770890 3841.794682
-118.593017 24.988619 3841.888906
-119.506771 23.797569 3841.896369
-120.918430 22.095209 3841.906386
-125.356027 20.801385 3842.206083
-127.623076 17.263954 3842.249179
-128.334336 15.565312 3842.253826
-129.410387 13.732143 3842.278930
-131.955641 11.092641 3840.758638
-132.722275 6.725543 3840.135783
-132.891102 5.174611 3840.080922
-133.049255 2.686794 3839.794787
-133.016101 -1.365565 3837.666387
-133.882598 -2.045154 3836.464148
-135.283339 -3.095724 3836.647182
-134.354981 -3.961997 3836.514020
-136.943769 -6.171064 3836.611461
-134.715540 -6.200186 3836.771967
-137.442643 -9.484282 3836.457294
-135.478700 -9.967447 3836.227470
-138.465070 -11.759395 3836.445673
-137.667956 -11.170323 3836.505703
-141.269568 -12.133990 3836.224351
-142.004497 -15.221458 3836.377769
-138.166228 -15.211572 3836.183926
-143.772685 -15.981080 3836.617620
-142.977117 -18.070027 3836.465812
-140.408394 -18.833973 3836.459549
-145.660646 -17.912689 3836.486548
-145.401879 -20.353835 3836.566041
-142.267834 -19.766821 3836.250806
-146.385589 -22.004837 3836.575212
-148.236993 -22.731543 3836.365162
-146.452621 -24.280210 3836.602409
-142.540174 -23.084845 3836.790013
-150.357973 -24.672377 3836.280770
-150.116858 -25.876294 3836.492104
-146.829744 -25.901293 3836.407697
-144.687584 -25.860725 3836.445045
-153.035048 -26.492971 3836.359141
-151.812031 -29.328544 3836.468571
-148.242786 -29.011463 3836.637326
-146.344733 -28.527582 3836.303806
-155.513110 -29.666382 3836.598317
-154.051025 -32.505274 3836.508044
-150.207836 -31.756809 3836.281140
-148.365692 -31.510534 3836.307249
-157.373867 -32.766096 3836.510518
-156.045798 -35.572823 3836.379573
-151.959142 -34.308006 3836.535675
-150.387182 -34.090826 3836.344300
-159.291610 -35.611019 3836.660624
-157.821299 -37.860695 3836.505250
-154.109044 -37.572743 3836.219723
-152.331859 -36.936610 3836.303300
-155.920057 -41.838281 3836.378645
-152.551368 -40.452857 3836.374707
-153.015144 -42.225077 3836.229717
-152.256346 -41.801063 3836.538588
-150.334529 -41.748627 3836.215016
-153.072527 -45.700916 3836.117491
-149.333634 -44.674941 3836.633814
-152.094194 -46.728517 3836.642111
-149.183002 -46.797534 3836.337846
-153.913522 -46.638168 3836.440506
-154.337415 -49.466902 3836.206376
-151.143123 -48.238376 3836.450757
-155.309093 -51.368444 3836.509184
-154.666420 -52.269870 3836.516649
-152.564810 -51.200728 3836.465107
-156.096315 -53.643517 3836.631427
-156.035523 -55.556171 3836.520248
-153.320769 -54.741528 3836.161755
-158.325196 -56.946984 3836.237245
-156.415975 -59.682982 3836.162936
-153.850302 -56.855627 3836.283875
-158.054420 -60.749470 3836.350017
-155.547993 -61.896113 3836.471820
-155.491230 -62.775198 3836.303981
-153.937008 -62.308349 3836.406697
-155.602106 -65.562498 3836.295225
-154.938087 -66.673285 3836.356756
-154.065203 -65.493682 3836.432689
-153.068124 -66.887469 3836.214432
-151.998708 -68.234102 3836.362421
-151.503772 -65.464813 3836.301590
-150.399590 -69.457635 3836.352199
-148.151920 -69.023696 3836.170088
-146.598662 -68.663662 3836.443112
-148.336335 -65.016761 3837.062255
-149.999504 -71.787302 3836.353251
-148.083988 -71.618473 3836.538302
-149.923106 -73.540077 3836.430363
-149.695911 -76.266485 3836.241854
-146.501042 -74.050960 3836.351708
-151.590301 -78.728990 3836.160278
-148.505722 -77.781090 3836.567643
-152.079838 -81.096566 3836.404026
-149.000487 -80.545999 3836.575727
-151.591532 -84.661911 3836.371242
-149.089290 -82.103530 3836.347214
-152.294307 -87.005200 3836.412706
-153.947631 -88.277515 3836.533419
-156.359084 -88.939201 3836.611901
-154.894274 -91.590011 3837.015942
-151.861888 -91.911781 3836.646519
-150.303912 -93.374949 3836.419873
-149.711193 -96.434212 3836.510913
-148.330120 -98.312040 3836.892860
-147.722171 -98.724952 3836.830889
-147.860338 -100.236453 3836.843678
-144.554916 -101.299102 3836.524297
-144.842854 -103.439682 3836.898229
-144.026553 -104.445464 3837.175926
-141.251397 -105.940562 3836.805654
-140.989811 -106.025618 3838.923921
-138.392527 -107.283469 3839.446791
-137.563577 -107.670748 3840.326891
-132.195605 -109.984910 3841.437171
-129.102555 -111.732220 3842.295422
-125.904091 -112.808391 3842.277090
-126.117081 -114.890344 3842.291603
-120.392905 -117.635193 3842.291603
-118.205377 -118.860248 3842.291603
-118.593255 -119.880321 3842.291603
-113.349777 -119.903705 3842.291603
-111.182309 -122.169765 3842.291603
-112.534560 -122.973727 3842.291603
-108.341896 -123.151246 3842.291603
-106.137675 -125.149715 3842.291603
-104.552749 -126.310353 3842.291589
-102.141864 -127.107575 3842.291594
-101.607946 -128.425500 3842.092524
-98.965643 -127.259037 3842.291598
-97.028197 -128.906337 3840.913210
-98.116523 -128.823234 3840.107208
-93.969167 -129.093716 3840.715958
-91.345657 -129.198148 3839.147292
-89.728486 -129.239087 3838.209418
-87.293983 -129.258540 3837.123582
-89.420736 -129.242605 3836.621480
-84.793032 -129.230769 3835.520582
-84.553282 -129.226063 3835.002802
-83.591789 -129.197515 3833.927325
-81.671964 -129.127821 3835.511367
-82.643633 -129.168354 3832.051082
-79.612239 -129.020659 3831.738599
-79.231974 -128.996770 3833.579795
-79.589367 -129.019212 3829.641967
-76.728514 -128.813528 3829.043004
-75.049967 -128.663633 3831.444370
-77.376680 -128.866159 3828.382117
-74.358495 -128.596180 3826.594681
-74.496742 -128.610004 3829.265778
-73.297578 -128.481569 3824.791811
-71.847973 -128.318267 3824.676379
-71.552460 -128.280672 3825.876478
-71.383534 -128.259318 3828.013558
-70.161740 -128.100625 3821.312902
-67.513123 -127.718529 3822.096302
-68.392634 -127.850412 3824.696398
-67.740077 -127.752549 3819.264652
-63.447810 -127.020879 3818.956550
-63.335628 -126.999563 3822.120605
-65.960686 -127.466965 3817.288689
-60.543890 -126.441518 3818.027022
-61.920314 -126.726725 3820.259390
-59.881980 -126.301627 3816.824042
-58.533162 -126.000351 3817.184688
-58.773456 -126.055354 3814.394851
-55.384332 -125.242198 3815.740530
-55.222011 -125.201319 3813.484642
-51.291153 -124.130016 3815.543448
-50.096986 -123.780719 3812.366601
-50.698644 -123.958168 3812.007901
-47.582767 -123.000605 3812.585241
-44.679490 -122.026714 3810.770419
-44.895838 -122.102336 3811.962160
-40.384147 -120.452109 3809.929515
-41.782927 -120.046726 3809.250579
-37.059627 -119.112285 3809.716644
-36.540228 -116.861706 3809.252285
-37.569806 -116.883147 3809.252281
-34.083620 -115.921854 3809.252297
-32.239949 -113.092626 3809.252281
-31.946073 -114.122602 3809.252282
-29.205229 -110.264090 3809.252280
-30.371566 -109.489935 3809.252280
-26.082607 -108.717859 3809.252280
-24.375207 -106.822690 3809.252280
-23.680099 -103.297391 3809.252284
-22.096093 -100.981503 3809.252235
-17.418937 -97.242307 3809.251314
-14.939809 -95.687016 3809.252169
-14.191309 -93.589824 3810.104655
-11.784234 -91.678833 3811.148734
-7.564891 -88.066972 3811.778111
-5.325067 -86.006148 3811.409814
-3.344474 -84.093345 3811.781790
-1.644923 -82.380996 3813.861511
-2.351573 -81.867980 3814.879306
-0.458396 -81.139718 3813.633203
1.149119 -76.841319 3814.732101
-0.388664 -77.297363 3814.451929
2.954890 -75.001551 3815.029223
2.111505 -73.078290 3814.779739
3.803142 -73.451838 3814.677948
3.312333 -70.223836 3814.636040
5.812362 -69.255937 3814.950319
3.437830 -67.565606 3814.886608
4.409132 -67.796241 3814.979797
1.800481 -65.993414 3815.048472
2.411832 -63.354064 3815.051109
5.130618 -62.792447 3814.930203
1.408273 -63.186271 3814.746019
2.395860 -60.113014 3814.860644
4.830447 -60.592202 3815.065999
2.145053 -58.352285 3814.922333
1.072272 -57.354834 3814.923277
3.151397 -54.622557 3815.175437
5.770793 -55.947081 3815.234452
0.489433 -56.299226 3815.234140
2.680064 -53.128129 3815.095021
3.564415 -52.096695 3814.636829
3.886623 -54.790106 3814.967019
-0.917347 -51.913820 3815.025680
0.077952 -48.886276 3815.040580
3.137305 -50.124785 3814.950999
3.523128 -51.114896 3814.798868
-1.184813 -46.487117 3815.043183
-0.724886 -44.802507 3815.063809
1.883657 -45.076861 3815.118609
-1.012209 -44.435270 3814.922866
-3.230361 -43.177067 3815.110233
-1.151541 -40.713812 3815.273571
1.016677 -42.180852 3815.134626
-2.720760 -40.386148 3814.813270
-2.308398 -40.021530 3814.799103
-1.434189 -38.584079 3814.897772
0.696733 -38.400604 3815.229667
-4.476525 -38.695559 3815.309492
-3.920607 -35.773680 3814.869127
-3.800038 -34.476448 3814.952518
-0.090494 -35.149944 3814.740636
-6.863950 -35.052632 3815.129924
-5.375724 -32.625462 3815.065644
-4.298587 -31.539386 3815.366280
-2.196417 -32.285981 3814.824042
-8.444699 -31.585939 3814.911215
-7.132978 -29.303940 3815.128884
-6.354853 -27.943735 3815.127389
-4.814297 -30.482236 3815.159368
-11.110739 -29.188102 3814.907826
-10.869790 -26.628041 3815.331119
-7.753181 -26.571459 3815.040274
-5.789475 -26.945141 3814.993198
-13.971513 -25.735062 3815.262066
-12.268553 -23.002964 3815.120535
-10.280038 -22.994133 3814.811955
-13.870885 -22.327606 3814.905820
-15.053177 -21.778999 3814.843141
-15.204378 -18.530637 3815.180186
-10.711095 -20.287926 3815.040481
-16.166605 -20.741381 3814.881389
-16.039942 -17.578623 3815.245892
-14.999746 -17.282584 3815.170630
-12.555511 -18.187527 3814.988584
-19.333217 -15.471357 3815.238623
-19.074635 -13.085072 3814.996440
-15.699743 -14.438576 3815.214582
-21.119411 -14.768174 3815.078929
-22.043117 -12.124255 3815.092720
-19.274919 -12.032364 3815.198586
-17.689827 -12.882639 3814.867664
-24.823814 -10.625742 3814.936009
-22.919805 -8.472417 3815.098018
-20.620942 -8.856937 3815.237752
-26.994794 -9.358738 3815.183162
-27.075442 -5.998685 3815.052342
-24.518592 -4.897487 3815.105379
-28.470208 -6.026100 3815.133945
-29.191859 -3.358819 3815.229039
-27.661736 -3.496659 3815.307466
-25.806914 -4.683755 3815.129273
-32.809124 -2.588334 3814.950892
-31.692670 0.634445 3814.946198
-29.076107 -1.009555 3815.260580
-35.014614 0.930455 3815.228304
-32.391878 1.980567 3814.616444
-35.351108 3.525964 3815.157869
-36.222649 3.868452 3815.165458
-34.065039 5.161647 3815.240003
-38.233158 5.520858 3815.121262
-37.429805 8.315535 3815.262444
-40.091158 7.255490 3814.874875
-38.961457 10.313498 3815.047509
-42.601743 10.500793 3815.089038
-43.387284 12.650059 3814.295042
-43.489949 13.265843 3814.804577
-44.716301 16.868943 3812.111460
-45.175100 18.055507 3811.027603
-46.476891 20.989521 3810.818715
-48.232180 24.240258 3809.624573
-49.953015 25.537379 3809.249931
-51.657887 25.954467 3809.254536
-55.851062 26.669390 3809.335832
-59.838476 29.511817 3809.417940
-61.737612 30.955650 3809.484997
-63.937554 32.315551 3809.530730
-66.343152 33.335075 3811.773802
-69.961297 35.431713 3813.101366
-71.478691 36.163951 3814.713278
-73.088731 36.853032 3815.572388
-74.462312 37.374976 3814.710043
-74.417735 37.359133 3817.993011
-77.325579 38.275794 3815.480367
-77.045530 38.198662 3820.226952
-78.883473 38.666478 3818.391047
-77.807647 38.403511 3822.387660
-81.148355 39.112180 3820.974888
-81.139710 39.111709 3824.091865
-81.756652 39.208866 3824.190486
-82.562262 39.321025 3820.784630
-82.806453 39.351046 3827.223316
-83.537258 39.433207 3824.600588
-84.165454 39.492960 3828.599612
-87.604773 39.635023 3829.294880
-85.939229 39.604142 3825.841768
-88.457705 39.622365 3830.108591
-89.026472 39.604017 3829.205326
-88.174594 39.628885 3833.578104
-91.968017 39.372714 3832.234114
-90.610594 39.507603 3834.123957
-94.457468 38.999203 3833.939041
-92.164204 39.349912 3835.763363
-95.063505 38.883237 3834.808914
-97.065985 38.425315 3837.280778
-97.375909 38.345425 3835.745994
-100.690005 37.305491 3838.522796
-101.408989 37.034083 3839.798890
-101.566687 36.973343 3841.302540
-106.287257 35.163301 3841.919351
-110.428827 33.980989 3841.921166
-111.651933 33.164348 3841.918312
-115.901826 32.792350 3842.166960
-118.692711 31.485623 3842.255678
-122.084509 28.420426 3842.281064
-123.302896 26.804170 3842.281640
-126.464056 24.694328 3841.439832
-127.629655 22.649691 3840.241962
-129.544902 18.635147 3839.536621
-130.131912 17.159993 3839.524822
-130.929005 14.864017 3837.836545
-132.193551 13.681752 3836.645263
-132.409261 14.238230 3836.520249
-132.475150 11.586508 3836.366094
-135.013745 9.185246 3837.004261
-133.924291 8.978985 3836.397559
-137.676867 7.405123 3836.700303
-135.651055 6.876718 3836.544478
-139.114144 4.884233 3836.368693
-137.947870 4.526574 3836.510080
-141.719041 4.727136 3836.459607
-143.342168 2.015393 3836.742623
-141.020832 0.237367 3836.361211
-143.700134 2.175518 3836.790835
-144.984712 -0.796543 3836.432916
-143.379630 -0.951594 3836.476847
-146.900193 -2.583975 3836.583302
-148.086915 -1.701967 3836.538881
-148.795340 -5.331058 3836.413479
-144.664783 -3.999348 3836.613389
-150.202335 -3.149835 3836.480288
-149.807028 -6.943632 3836.449469
-148.400893 -5.990430 3836.468890
-146.823189 -6.168112 3836.251821
-154.362034 -7.478096 3836.663930
-153.326470 -9.621714 3836.208773
-150.816595 -9.944262 3836.594305
-154.597139 -10.732716 3836.351511
-156.167121 -11.191274 3836.655106
-156.197361 -13.982807 3836.541235
-152.902543 -12.951964 3836.710395
-157.117346 -13.046842 3836.615021
-157.114962 -15.015276 3836.273647
-157.870775 -16.821890 3836.738095
-154.564803 -15.563527 3836.370384
-159.950832 -15.197468 3836.392582
-159.146363 -18.075464 3836.332849
-159.127092 -19.368848 3836.485876
-157.430770 -18.579533 3836.451513
-162.383891 -18.973415 3836.692959
-161.907961 -20.664091 3836.527923
-162.020766 -22.290110 3836.538294
-159.151857 -22.014089 3836.405444
-164.662240 -21.803806 3836.437300
-164.546240 -24.065694 3836.406772
-163.919249 -24.993559 3836.379761
-162.625547 -25.056539 3836.746344
-167.408260 -26.649818 3836.446158
-168.776471 -26.856008 3836.395039
-167.060788 -28.985442 3836.237352
-164.445293 -28.090391 3836.402966
-169.434507 -29.956252 3836.546544
-170.436608 -29.826517 3836.412936
-169.526403 -32.930814 3836.231434
-166.691240 -31.730926 3836.496844
-171.025526 -32.719047 3836.447890
-172.367494 -33.106290 3836.561800
-171.158984 -36.365922 3836.300651
-168.446771 -35.179873 3836.449487
-172.774199 -36.307462 3836.379130
-174.332855 -36.573836 3836.435686
-172.699497 -39.901994 3836.284438
-169.170196 -38.800110 3836.345159
-173.567084 -39.758806 3836.462232
-174.670282 -39.637171 3836.616003
-174.112176 -43.232990 3836.314389
-171.921186 -41.733946 3836.714901
-174.290466 -43.560142 3836.239287
-175.548801 -44.438721 3836.315816
-174.460761 -46.542681 3836.425997
-172.900782 -45.185073 3836.472773
-175.289562 -47.518783 3836.450386
-176.679184 -47.737154 3836.413980
-175.847837 -49.801433 3836.513430
-173.601554 -49.235848 3836.421908
-176.386358 -51.165383 3836.445580
-177.642415 -51.512305 3836.353748
-176.329607 -53.790796 3836.280405
-174.330518 -52.841506 3836.304151
-176.652833 -55.012824 3836.391547
-178.871381 -55.031290 3836.504915
-175.653340 -57.028562 3836.316037
-173.065691 -55.854188 3836.611704
-178.661803 -57.162087 3836.451593
-178.113156 -60.076633 3836.378609
-175.402229 -59.785568 3836.494911
-177.715432 -61.224431 3836.302102
-177.186623 -62.643548 3836.410748
-175.846947 -64.199874 3836.345526
-174.541956 -62.001970 3836.264323
-177.567185 -66.190596 3836.241382
-176.199381 -66.516968 3836.643760
-177.704658 -67.982714 3836.671546
-177.032999 -69.655835 3836.749325
-174.655600 -69.707836 3836.737459
-177.663139 -71.193298 3836.432601
-174.573420 -73.816123 3836.584560
-176.830548 -74.662363 3836.391528
-174.460385 -74.781339 3836.527295
-173.709938 -79.552908 3836.825559
-175.604086 -78.868206 3836.751813
-172.802131 -80.978543 3837.085585
-173.189589 -82.506269 3837.838029
-170.195070 -84.892603 3836.772650
-169.503304 -86.128495 3839.075599
-169.993452 -85.664742 3840.057609
-167.275894 -88.171733 3840.851061
-163.019093 -91.802440 3841.390345
-160.854286 -93.524252 3841.083374
-160.229511 -95.283823 3842.292531
-158.898597 -97.622837 3842.291601
-154.689175 -101.469440 3842.291603
-152.785785 -102.244674 3842.291603
-152.638627 -105.200608 3842.291603
-151.495426 -107.631535 3842.291603
-150.529715 -109.015334 3842.291603
-146.604583 -110.005771 3842.291603
-146.609859 -112.732570 3842.291603
-144.837108 -114.371759 3842.291548
-143.260325 -114.547178 3842.291599
-143.172624 -116.750000 3841.818603
-141.134969 -116.263482 3842.291493
-137.475828 -119.283877 3840.865172
-139.702516 -118.335029 3839.871431
-135.487375 -120.091447 3840.772590
-133.367635 -120.910223 3838.118302
-132.186154 -121.347362 3837.684998
-130.447133 -121.967614 3837.027552
-128.560749 -122.610517 3836.491016
-128.222798 -122.722125 3835.752744
-126.491951 -123.279154 3837.708555
-125.839273 -123.481619 3833.780378
-123.340477 -124.224670 3834.327135
-122.713169 -124.403764 3832.854669
-122.248987 -124.533686 3831.508359
-119.949211 -125.148164 3832.390906
-119.310080 -125.308233 3830.757848
-119.525643 -125.254240 3829.112627
-116.757444 -125.923824 3830.288679
-118.482225 -125.514996 3832.305770
-116.644300 -125.949788 3827.379040
-113.555576 -126.621572 3827.601889
-113.709576 -126.589196 3830.999253
-115.697536 -126.165659 3824.976929
-111.473320 -127.027833 3825.167026
-111.254756 -127.069397 3827.713866
-112.951946 -126.744828 3823.101266
-109.814506 -127.328086 3822.299655
-108.543945 -127.543593 3824.429697
-107.619766 -127.692217 3820.944774
-105.877511 -127.952412 3821.411443
-106.247152 -127.897973 3822.065083
-104.106797 -128.190416 3819.389231
-103.931619 -128.213142 3819.617551
-103.528087 -128.265346 3820.211414
-103.755373 -128.236003 3821.963985
-100.147584 -128.641559 3817.708943
-99.503769 -128.700002 3818.571212
-100.737990 -128.581628 3815.053047
-98.043737 -128.830563 3816.128545
-97.230272 -128.891895 3813.979373
-92.487222 -129.162024 3814.522972
-92.411007 -129.164797 3812.277613
-91.016619 -129.208046 3813.739573
-86.910321 -129.256085 3811.194791
-89.008503 -129.247995 3810.395089
-84.568224 -129.225520 3811.267878
-82.951101 -128.542789 3809.248364
-81.461249 -127.885141 3809.252181
-79.810269 -128.261326 3809.247322
-78.451152 -126.291440 3809.252282
-76.681619 -127.390621 3809.252307
-72.940295 -125.038733 3809.252280
-74.592076 -124.402026 3809.252281
-70.168860 -124.949541 3809.252281
-69.290257 -122.619428 3809.252282
-67.272033 -122.000030 3809.252282
-65.563123 -122.443224 3809.252281
-64.615053 -120.335198 3809.252281
-62.389720 -121.489022 3809.252280
-58.528411 -118.516174 3809.252280
-61.266577 -118.254481 3809.252281
-56.259498 -118.081882 3809.252280
-54.865569 -116.745000 3809.252282
-52.032423 -115.044873 3809.252288
-49.851905 -113.722554 3809.251671
-47.295971 -111.706214 3810.820921
-42.610857 -109.924814 3811.458042
-40.585757 -109.083870 3812.711080
-38.390973 -108.122878 3813.413324
-35.715784 -106.881779 3813.752950
-38.076558 -106.698452 3815.065279
-33.304407 -105.690156 3813.922113
-32.562230 -103.971695 3814.555929
-31.904306 -102.259252 3814.730571
-29.910192 -101.079210 3814.963516
-30.511508 -99.838750 3814.797464
-27.084206 -100.313497 3815.048362
-27.071975 -97.216115 3815.078751
-28.279593 -96.974914 3814.951621
-25.915687 -96.809613 3814.687515
-24.703328 -94.023083 3814.781302
-23.981040 -95.136152 3814.807185
-27.090341 -92.731417 3814.704075
-26.771710 -91.524305 3813.528992
-25.986659 -90.785050 3812.588283
-25.117534 -88.283218 3813.832215
-25.867192 -86.204229 3814.722110
-25.672734 -83.242689 3814.993992
-24.611041 -83.017535 3814.974006
-22.936738 -86.507670 3814.688351
-22.146174 -84.508555 3815.201206
-23.717704 -81.050517 3815.023871
-21.797190 -80.451749 3815.176884
-22.797407 -78.164715 3815.086348
-23.187213 -76.606557 3815.252173
-20.857591 -77.859855 3815.050971
-25.237653 -74.631112 3815.191118
-22.404426 -72.448460 3815.030582
-19.900015 -75.980117 3815.308694
-25.239596 -71.118829 3815.330223
-21.844086 -70.840037 3815.179291
-21.038662 -72.455142 3815.339789
-24.750860 -67.659341 3815.224588
-21.556453 -68.476705 3815.107954
-23.590250 -65.143237 3815.092649
-23.502983 -63.204832 3815.269240
-21.755553 -66.510875 3815.441231
-23.684596 -61.186466 3815.148797
-22.034292 -63.444798 3815.192411
-25.073644 -58.300587 3815.235405
-21.512214 -60.280469 3815.129724
-25.523298 -56.290089 3815.373436
-22.567242 -57.055902 3815.168804
-27.255424 -54.564756 3814.914945
-23.942535 -54.531143 3815.219330
-28.077745 -52.788960 3815.241048
-26.975396 -51.139514 3815.108890
-28.968840 -50.451108 3814.797772
-29.854828 -49.098628 3814.959872
-26.085719 -49.076924 3815.338676
-32.121080 -47.876849 3814.944523
-30.981195 -46.601023 3814.997890
-28.337231 -47.676098 3815.159720
-35.848956 -46.635748 3815.062484
-32.579623 -44.404365 3815.012840
-29.629882 -44.846889 3815.059992
-38.997050 -45.933661 3815.319873
-37.161199 -42.314243 3815.252471
-34.023846 -41.905129 3814.819958
-39.699571 -42.989810 3815.103801
-41.671661 -42.896272 3814.770126
-39.366864 -40.046425 3815.224875
-35.870902 -40.823990 3814.915944
-35.176105 -40.566892 3814.778572
-45.579988 -47.304098 3815.250563
-44.969427 -45.152897 3815.029624
-41.820112 -42.253758 3814.846329
-40.877519 -45.466806 3815.383231
-48.258803 -48.117179 3814.957189
-47.943349 -45.967268 3815.194547
-45.625737 -43.379338 3815.072727
-49.700382 -45.848838 3815.069971
-51.591889 -49.799481 3815.023195
-54.589203 -50.197771 3814.999970
-50.586098 -50.129846 3815.249734
-54.213868 -52.674415 3815.037378
-57.335919 -53.377709 3814.706819
-54.156370 -53.992535 3814.887793
-56.750692 -54.765610 3814.359371
-59.943969 -56.262394 3811.671111
-56.954643 -56.481200 3812.952404
-57.023094 -57.441245 3812.638546
-59.630368 -57.470852 3811.688424
-61.083484 -57.772473 3811.695910
-58.571317 -60.306199 3811.683108
-63.114015 -61.166928 3812.287363
-65.209864 -61.116441 3812.967774
-61.513759 -61.377838 3811.697568
-64.255937 -61.812211 3814.415405
-65.481867 -63.365124 3815.218409
-69.236983 -64.325232 3815.026015
-65.435616 -63.742000 3815.183598
-62.984450 -64.691562 3813.433965
-67.404973 -64.394450 3815.177617
-68.147409 -64.610766 3815.019884
-63.433358 -66.037982 3812.789408
-67.566281 -65.680167 3813.348069
-68.948180 -65.702401 3813.082993
-70.869537 -66.953549 3812.241993
-67.162339 -68.252729 3811.691764
-69.617149 -70.189867 3811.704655
-70.570880 -71.438626 3811.695874
-73.604248 -70.557679 3811.669513
-72.964241 -68.289942 3812.132998
-74.635538 -73.557235 3811.698037
-76.919193 -72.321414 3812.600436
-76.704580 -75.015038 3811.782300
-77.426537 -75.604073 3812.080545
-77.857434 -74.156520 3814.288195
-77.725859 -79.086784 3812.195082
-78.350377 -80.342969 3813.683237
-77.511323 -82.255697 3812.607173
-77.758263 -83.313040 3814.000875
-75.156912 -87.701508 3813.216867
-74.037683 -88.876781 3813.234747
-72.538491 -90.214670 3813.919514
-69.850576 -91.313364 3814.427448
-72.186151 -92.075043 3815.330427
-74.476391 -88.965930 3814.776014
-72.797362 -92.193632 3815.372705
-74.653699 -91.999240 3815.261531
-70.044906 -96.442349 3815.099852
-74.473272 -95.623624 3815.124126
-76.937347 -94.169591 3815.448691
-73.142571 -96.913435 3815.332609
-75.437127 -97.758204 3814.912738
-79.441238 -96.259627 3815.262534
-77.619435 -98.449639 3815.531644
-78.152834 -97.818113 3815.447943
-77.668712 -100.145323 3815.291322
-76.412736 -102.526851 3815.109894
-79.659121 -101.272634 3814.925985
-82.205456 -99.583939 3815.043868
-78.018675 -103.295803 3815.327232
-80.223070 -103.553616 3815.276267
-83.307380 -103.258636 3815.452780
-81.840334 -104.613098 3815.441908
-81.951893 -107.122566 3815.424381
-83.985211 -105.713998 3815.041875
-84.810613 -105.638721 3815.224782
-83.141751 -109.411144 3814.750893
-86.247045 -108.751839 3814.964018
-88.295455 -107.448335 3814.896513
-84.878779 -111.797331 3815.149785
-87.969794 -110.450592 3815.210121
-87.835434 -112.215761 3814.837499
-89.295961 -113.691150 3815.058145
-93.365595 -112.538206 3815.017099
-91.395490 -114.038797 3814.998690
-95.202916 -113.803792 3814.910786
-94.880287 -115.913890 3814.962250
-94.927652 -116.608067 3815.113259
-99.856747 -116.776112 3814.867257
-99.191416 -117.401017 3814.840419
-102.862968 -117.400295 3814.742936
-103.633700 -117.557718 3813.623826
-102.257327 -117.736377 3811.934529
-108.606982 -116.773886 3811.903998
-108.111818 -116.860425 3810.501721
-108.282935 -116.830790 3810.314121
-113.544871 -116.112402 3809.270456
-112.904706 -116.857943 3809.250416
-116.379243 -116.436492 3809.252033
-117.531647 -117.251562 3809.252281
-116.530831 -119.129263 3809.252280
-123.710281 -116.993072 3809.252280
-123.229837 -118.646258 3809.252280
-123.428549 -118.649543 3809.252281
-129.355112 -117.322263 3809.252281
-128.925499 -117.949551 3809.252280
-132.067938 -116.871061 3809.252280
-132.918302 -117.483890 3809.252281
-132.006055 -119.232363 3809.252282
-139.224893 -115.844454 3809.252280
-139.994713 -117.396045 3809.248709
-146.154150 -114.510349 3809.249039
-149.036812 -113.802594 3810.128519
-148.591747 -114.036465 3810.948739
-152.094546 -112.106882 3812.259962
-154.488511 -110.708182 3813.402354
-157.505205 -108.842110 3814.064350
-157.919399 -108.576551 3815.383369
-160.628496 -106.788316 3815.872571
-159.886861 -107.286199 3817.440387
-164.328602 -104.181961 3817.373196
-162.299538 -105.634943 3818.856468
-164.987223 -103.698071 3819.420470
-163.516391 -104.771560 3819.959904
-165.544717 -103.282831 3821.317908
-169.290038 -100.372274 3821.033752
-164.627387 -103.963276 3821.780084
-167.141138 -102.069011 3823.128113
-169.665324 -100.068481 3822.820339
-168.241869 -101.208990 3824.934193
-169.268770 -100.389818 3824.464551
-172.013685 -98.113501 3826.134574
-172.336103 -97.837950 3824.523398
-171.056848 -98.921722 3827.509743
-173.222410 -97.070281 3828.224536
-175.620304 -94.922530 3828.878320
-173.545621 -96.786486 3829.058995
-172.873247 -97.374117 3830.824918
-175.304596 -95.210504 3829.058206
-177.708072 -92.960765 3829.661228
-173.948787 -96.430658 3832.561657
-177.762107 -92.909670 3832.828609
-179.849221 -90.857741 3832.833428
-176.129443 -94.451681 3834.163806
-179.640562 -91.067219 3834.869227
-182.709411 -87.890472 3834.170303
-180.134518 -90.570205 3836.478615
-183.093806 -87.476822 3836.970214
-180.982352 -89.704928 3837.401303
-186.304126 -83.877071 3838.019526
-184.934117 -85.446052 3838.383618
-187.687375 -82.239739 3838.213278
-188.258678 -81.547262 3839.365324
-186.940481 -83.130729 3840.965538
-192.179718 -76.515400 3840.394577
-191.817019 -76.984609 3841.889565
-191.523834 -77.361025 3842.122216
-195.439063 -70.995512 3842.294046
-194.193587 -71.842376 3842.292210
-196.599285 -67.864764 3842.291939
-196.218645 -66.789166 3842.291603
-193.718309 -67.912299 3842.291603
-198.459085 -60.184164 3842.291603
-196.598375 -60.519210 3842.291603
-196.546753 -60.099544 3842.291603
-199.295735 -53.728338 3842.291603
-198.329482 -54.774915 3842.291603
-200.018747 -50.592082 3842.291603
-199.733765 -49.105877 3842.291603
-197.512596 -50.744610 3842.291600
-200.939418 -42.378063 3842.291606
-199.587417 -42.559428 3842.293436
-199.106676 -42.458729 3842.147154
-199.813387 -40.233260 3841.680417
-201.780020 -34.457029 3840.740210
-203.144564 -29.720502 3840.390018
-203.648458 -27.757462 3839.197034
-204.402356 -24.532247 3838.794776
-203.118877 -29.821141 3837.708056
-203.673406 -26.697548 3836.638162
-203.496315 -24.940732 3836.846253
-201.387195 -27.656657 3836.653381
-203.305104 -21.938834 3836.551225
-201.529068 -25.270103 3837.032883
-201.989706 -18.325651 3836.807877
-199.932190 -24.915345 3836.532676
-200.792479 -17.649887 3837.214508
-201.295711 -16.427851 3837.018791
-199.620252 -17.381981 3836.852099
-199.908735 -13.974267 3836.767946
-200.596522 -11.046038 3836.713134
-197.679735 -16.158228 3836.508276
-197.549254 -12.184194 3837.158062
-198.217797 -9.289898 3836.598814
-197.167588 -10.936082 3836.775035
-196.021934 -11.261073 3836.609898
-195.008111 -7.715671 3836.507472
-195.100696 -3.452699 3837.053470
-194.657619 -7.508167 3836.486969
-193.298736 -7.940675 3836.571618
-193.143071 -4.599821 3836.916448
-192.249308 -1.615747 3836.769704
-191.583923 -3.183337 3836.838429
-190.713097 -3.508896 3836.555683
-190.338214 -1.062906 3836.602271
-189.547025 1.952320 3836.328758
-191.635357 0.104959 3836.562543
-186.866348 -2.111249 3836.658309
-187.108528 0.980134 3836.646413
-186.911313 2.844358 3836.671448
-185.579941 2.311441 3836.808710
-184.655416 2.506244 3836.720067
-183.552818 3.934274 3836.659718
-184.135434 6.563116 3836.945369
-181.986818 2.494337 3837.083845
-182.437546 5.995142 3836.837766
-179.586610 8.384240 3836.750330
-179.095769 7.236751 3836.722561
-176.870056 7.138773 3836.950614
-177.816434 9.283683 3836.991601
-178.035834 9.855560 3836.610986
-173.614867 8.547896 3837.024117
-172.833249 11.641357 3836.950011
-172.470885 10.042714 3836.928160
-169.731867 11.939316 3836.741724
-169.966844 13.113003 3839.110790
-168.053387 11.500045 3837.150137
-167.410156 12.687101 3839.626085
-168.048729 13.798274 3839.960516
-163.966917 13.015615 3839.968966
-164.248706 15.082729 3839.935871
-162.337149 13.369178 3839.942406
-161.084465 15.864707 3839.947228
-162.489590 17.518927 3839.502350
-157.934185 15.026047 3839.922204
-159.093860 16.971109 3838.538447
-159.021387 16.855349 3837.624250
-155.047848 15.329024 3839.104287
-154.797807 17.195772 3836.736449
-156.014052 20.066278 3836.711054
-153.583921 15.875968 3836.811403
-152.956244 18.944490 3836.568090
-153.663911 21.184036 3836.982156
-150.935556 18.534691 3836.527044
-149.252465 20.588610 3836.996075
-149.376520 24.057392 3836.698732
-148.681281 20.499866 3836.843094
-148.612036 22.394840 3836.784287
-147.980625 24.953897 3836.766022
-148.765080 24.563886 3836.660837
-144.445710 23.126035 3836.667596
-145.547490 25.425602 3836.995203
-145.340866 27.076490 3839.108806
-142.974162 24.719460 3836.674688
-141.339530 26.214791 3836.362661
-140.007571 25.352356 3836.627251
-139.831073 26.745720 3836.918254
-138.596307 24.487435 3836.889297
-137.597239 25.708388 3836.695534
-135.893890 24.731920 3836.527044
-134.372944 24.624692 3836.578315
-133.021100 27.768605 3836.452831
-132.689679 24.348829 3836.598204
-131.766114 27.730438 3836.681588
-131.557036 28.493479 3836.780097
-127.663498 28.653469 3836.612551
-127.685487 29.749957 3836.648399
-124.001093 30.297670 3836.527953
-124.305243 29.229978 3836.580456
-120.371859 32.662309 3836.781126
-120.910888 32.043725 3838.321716
-118.354934 34.589129 3837.624905
-114.903049 37.464834 3838.465182
-114.983973 37.403864 3840.410542
-112.485828 39.171257 3841.573154
-107.278067 41.891887 3842.270007
-101.179670 43.289679 3842.288918
-101.600921 42.047686 3842.254365
-98.375237 41.729085 3842.193379
-93.349356 41.356456 3842.180174
-87.250759 40.664822 3842.166974
-84.642710 40.073428 3842.154473
-83.140629 39.402561 3841.877162
-84.290095 39.502691 3839.406055
-81.075305 39.100087 3838.805180
-75.645104 37.776781 3838.892101
-76.688302 38.096310 3837.713026
-77.164763 38.231376 3836.912443
-72.773130 36.724382 3836.282881
-74.217351 37.285731 3834.071692
-69.175273 35.020601 3833.785840
-71.521316 36.182653 3832.400520
-69.060810 34.958208 3831.886468
-70.961143 35.923507 3831.726399
-68.595946 34.702034 3830.155227
-67.341053 33.966800 3830.549339
-67.670150 34.164886 3828.761757
-65.656907 32.876400 3826.212799
-68.010597 34.366882 3824.727126
-65.642192 32.866054 3825.825781
-65.333435 32.651997 3822.904789
-65.276305 32.612291 3821.807839
-62.894770 30.795786 3821.374242
-63.966510 31.649559 3819.014769
-62.145085 30.160920 3818.150221
-63.530133 31.309552 3817.397202
-59.775356 27.916632 3815.887131
-60.094092 28.240430 3815.282056
-59.107607 27.209712 3814.069439
-56.548936 24.130973 3813.616366
-56.183839 23.632677 3811.475767
-54.937761 21.791625 3810.164885
-52.019756 17.799760 3809.338958
-49.195566 14.798827 3809.326162
-47.769484 14.874826 3809.287389
-45.542225 13.180356 3809.254929
-43.560597 8.535401 3809.251846
-42.183745 4.617526 3809.359806
-41.989795 4.216737 3810.728040
-41.890810 2.092070 3812.121074
-42.025370 -2.637280 3812.987693
-42.192389 -4.309766 3813.744386
-41.911745 -5.183468 3815.228410
-41.043717 -5.659073 3815.132127
-41.620754 -10.902263 3815.138953
-40.719755 -9.834594 3815.026382
-39.603279 -10.670364 3815.041400
-39.721833 -13.078886 3814.889023
-37.750978 -12.285818 3815.247418
-37.816732 -16.031870 3815.434522
-39.579952 -17.117281 3815.236443
-37.008792 -17.397050 3815.383766
-36.978011 -19.106856 3815.105220
-35.033129 -17.436427 3815.099484
-34.611463 -19.732558 3814.949206
-35.799072 -21.919071 3815.061170
-33.397554 -21.055510 3815.323451
-34.554635 -22.445847 3814.836563
-34.498078 -24.061017 3815.036147
-34.486218 -24.814777 3815.167015
-29.863180 -23.878605 3814.965515
-30.850160 -26.575423 3815.284769
-33.206241 -29.618570 3814.871378
-29.875863 -27.236439 3815.197022
-30.905128 -28.097740 3815.368643
-30.165260 -29.055350 3815.273894
-31.566837 -31.389044 3815.312521
-27.948582 -29.225713 3814.760012
-28.084213 -30.661775 3814.749507
-28.518021 -31.843817 3814.844039
-30.346116 -34.728352 3815.033281
-26.217157 -31.904618 3815.193773
-25.839217 -33.569049 3815.205324
-26.232573 -34.623159 3814.859857
-28.144593 -37.197446 3815.157751
-23.864309 -33.812884 3815.066352
-23.612864 -36.489801 3815.379909
-24.420021 -37.958315 3814.865758
-26.542337 -39.245768 3815.277733
-21.503674 -37.454140 3815.336561
-20.264838 -39.322274 3815.296097
-22.054148 -41.361939 3814.969335
-19.077551 -40.863221 3815.185534
-20.590846 -42.023250 3815.316219
-21.145165 -43.512154 3815.119648
-22.097880 -44.576388 3815.142689
-16.790433 -44.223611 3815.228190
-18.567220 -46.812589 3814.786213
-20.956810 -48.274222 3815.091266
-15.136236 -47.092818 3815.048760
-16.179637 -48.570087 3815.319902
-17.470959 -51.841638 3815.306687
-15.425191 -49.461883 3814.966796
-16.023009 -51.373806 3815.286667
-15.847250 -54.128285 3815.250329
-13.875189 -53.004201 3815.191259
-14.474796 -54.485032 3815.090056
-15.048790 -56.591320 3815.232310
-13.580215 -56.186842 3815.268775
-14.295530 -57.020876 3815.002129
-15.780697 -58.294036 3814.832109
-12.713512 -59.339060 3814.963277
-13.692684 -60.059997 3815.149795
-14.921856 -61.171807 3815.335758
-15.101723 -61.969917 3815.425795
-10.558332 -63.276815 3814.829211
-13.249611 -64.302938 3814.962806
-14.057880 -64.990514 3815.124543
-9.966127 -66.352321 3815.089111
-12.324385 -69.054294 3815.363937
-14.705826 -68.877268 3815.443917
-10.597167 -68.901840 3815.115273
-11.616816 -71.172334 3815.154105
-13.727609 -73.917360 3815.080366
-11.169367 -71.814265 3815.224207
-12.250999 -73.398805 3815.261636
-13.692132 -75.692120 3814.839065
-11.142095 -75.655619 3815.151244
-12.093929 -76.216200 3815.099777
-13.553363 -77.839333 3815.320666
-14.544329 -78.537228 3814.699789
-12.390682 -79.220835 3814.847405
-14.457962 -82.883474 3815.008605
-10.502115 -81.223417 3814.695082
-13.554420 -84.439948 3814.967041
-15.677098 -84.923292 3814.807431
-12.939126 -86.312453 3815.032707
-11.255722 -86.312512 3814.766983
-15.792944 -88.794496 3814.819158
-14.518818 -90.582060 3814.913412
-13.357931 -90.238622 3814.728786
-18.206405 -94.354504 3815.034894
-16.929269 -94.024720 3814.871809
-17.116701 -95.376672 3814.637899
-19.518477 -96.711268 3814.864834
-19.133076 -97.221421 3813.373156
-22.550415 -99.452349 3814.243347
-26.209103 -101.782727 3813.515416
-26.445308 -101.922222 3812.536786
-27.248605 -102.394855 3810.808903
-30.919555 -104.446409 3810.116062
-35.361549 -106.722335 3809.711310
-39.761751 -109.404579 3809.248036
-37.781897 -110.535645 3809.252280
-40.863860 -113.475224 3809.252280
-43.571796 -115.006940 3809.252280
-47.074090 -116.662628 3809.252280
-45.698295 -117.313799 3809.252281
-49.615950 -118.006622 3809.252280
-51.403867 -120.084038 3809.252282
-49.858363 -120.400764 3809.252280
-57.070650 -122.299128 3809.252280
-54.459311 -122.592219 3809.252282
-56.369929 -123.852522 3809.252300
-60.226815 -124.984326 3809.252153
-58.912689 -125.664347 3809.268113
-63.071559 -125.872353 3809.251627
-65.771478 -127.427770 3809.727674
-64.083181 -127.141515 3810.408329
-71.307624 -128.252050 3810.306082
-69.346342 -127.990333 3811.280645
-70.507627 -128.145741 3811.964766
-74.916656 -128.651624 3812.608074
-73.746288 -128.530905 3813.762453
-78.376298 -128.937164 3813.151621
-77.921795 -128.905402 3815.371755
-80.948596 -129.091724 3814.569568
-81.007530 -129.094708 3816.098853
-86.062693 -129.247884 3816.899912
-80.999677 -129.094305 3818.286392
-85.539384 -129.242501 3819.192631
-88.990281 -129.246942 3818.003931
-83.974004 -129.208955 3821.048776
-88.717237 -129.249615 3821.291826
-91.612862 -129.190100 3820.289736
-87.348724 -129.259458 3822.355324
-90.797038 -129.214433 3823.810174
-94.917425 -129.045496 3823.942437
-90.438869 -129.224722 3824.102612
-93.827352 -129.100799 3824.637369
-96.652330 -128.932201 3825.812396
-94.052701 -129.089556 3826.546294
-95.814972 -128.990558 3827.088496
-98.271980 -128.810256 3826.826159
-99.721045 -128.680429 3826.765868
-97.190802 -128.894425 3830.439343
-100.383103 -128.617829 3829.587807
-103.088669 -128.320063 3829.547807
-98.564560 -128.784526 3833.265423
-103.440274 -128.276171 3833.276926
-106.261701 -127.895852 3832.128009
-102.542816 -128.383808 3834.134873
-106.135405 -127.914881 3834.843668
-109.530828 -127.376308 3833.556251
-106.649250 -127.837775 3836.393944
-111.376214 -127.046383 3836.639103
-108.066623 -127.621909 3837.086081
-113.461117 -126.640948 3838.032223
-114.917318 -126.335950 3837.044282
-116.411047 -126.003465 3838.892804
-113.737725 -126.583637 3840.235344
-121.804289 -124.654050 3840.129792
-120.340966 -125.050864 3841.556977
-122.021478 -124.545121 3842.079581
-126.705365 -122.789559 3842.276744
-124.639135 -122.321689 3842.291555
-129.577039 -121.302269 3842.293445
-130.452934 -119.625463 3842.291602
-127.977168 -119.480839 3842.291603
-135.158345 -116.860843 3842.291603
-133.392195 -116.153185 3842.291603
-134.896453 -115.129652 3842.291603
-138.805736 -112.611026 3842.291603
-137.289559 -112.539251 3842.291603
-138.003571 -111.728176 3842.291603
-142.012793 -108.690020 3842.291603
-145.132208 -106.006498 3842.291602
-149.185802 -102.594781 3842.293179
-148.563626 -101.891215 3841.232636
-150.566741 -100.676752 3840.013275
-154.692925 -97.998603 3839.603297
-158.644349 -95.198516 3839.118369
-158.106355 -95.562026 3837.418529
-161.836849 -92.722390 3837.006543
-161.236293 -92.639392 3836.616246
-160.978837 -91.777556 3836.515498
-163.166705 -90.027137 3836.622432
-161.483859 -89.275768 3836.651747
-166.113435 -86.302094 3836.532806
-164.324158 -85.013181 3836.386731
-163.121225 -85.075013 3836.518166
-166.290321 -82.165513 3836.660017
-165.109437 -80.940675 3836.596397
-165.481849 -80.019846 3836.356613
-168.737643 -77.875949 3836.235227
-164.249952 -77.870970 3836.612176
-167.710130 -76.416735 3836.542011
-166.111339 -74.960897 3836.245384
-164.859132 -73.709003 3836.713150
-167.525652 -72.885442 3836.340304
-168.243578 -72.100702 3836.149949
-165.159401 -71.057743 3836.395294
-166.502974 -69.176954 3836.203275
-168.893328 -67.260441 3836.615100
-164.178556 -68.554141 3836.171682
-165.560130 -66.730631 3836.194854
-167.541285 -62.942499 3836.617661
-165.167312 -64.301661 3836.182733
-165.648113 -63.714244 3836.199399
-166.374213 -60.453034 3836.529241
-167.552823 -62.293680 3836.435730
-162.746023 -60.862387 3836.339126
-165.736930 -58.708387 3836.387993
-167.710138 -56.581815 3836.532381
-162.893042 -58.212518 3836.325757
-164.712881 -56.245868 3836.448193
-165.719698 -52.968304 3836.471559
-162.884036 -55.819480 3836.503188
-164.501463 -53.258783 3836.664611
-164.693368 -50.688746 3836.508069
-166.188433 -51.754640 3836.198121
-162.077898 -51.094463 3836.140155
-163.265811 -48.190418 3836.493066
-165.587108 -46.460430 3836.479786
-160.963352 -48.452029 3836.523722
-160.823750 -45.902002 3836.477509
-162.476453 -44.782457 3836.487884
-161.237690 -44.541241 3836.381939
-158.761242 -44.064781 3836.541052
-161.666550 -43.019968 3836.307071
-162.679162 -40.608942 3836.331905
-159.235144 -42.325247 3836.249145
-159.440996 -40.750382 3836.310746
-159.941832 -39.490112 3836.611632
-155.598601 -43.755098 3836.216059
-158.854679 -47.761089 3836.468422
-155.530408 -46.552976 3836.568061
-160.267581 -49.854785 3836.389338
-157.785397 -48.217112 3836.383064
-160.394440 -53.028430 3836.393880
-158.973498 -52.438402 3836.601485
-160.819323 -55.569883 3836.455639
-159.905658 -57.367081 3836.559357
-158.835788 -54.992488 3836.205063
-160.708637 -59.776618 3836.100933
-158.543422 -58.573510 3836.053421
-162.311042 -64.939920 3836.305351
-158.872690 -62.313621 3836.453764
-160.356539 -65.200100 3836.053425
-157.935228 -64.349447 3836.405851
-162.162773 -65.790056 3836.170548
-161.364991 -68.121195 3836.286772
-159.301779 -66.495100 3836.213495
-159.153677 -69.871278 3836.122689
-158.645944 -68.538408 3836.285835
-156.518270 -67.187805 3836.269400
-156.441338 -72.504026 3836.530086
-155.049808 -69.501431 3836.354807
-154.591106 -72.635323 3836.750906
-152.958340 -71.189258 3836.506479
-154.107125 -76.185847 3836.197987
-151.330349 -73.259555 3836.254465
-156.765419 -76.700612 3836.427921
-154.788520 -79.265084 3836.204773
-151.196309 -76.056242 3836.575483
-156.867418 -81.045410 3836.680591
-153.790783 -81.286156 3836.451174
-154.579158 -83.451404 3836.633974
-155.071154 -84.256573 3836.471677
-152.440974 -82.716904 3836.325202
-157.092681 -85.828762 3836.579764
-157.611750 -86.273377 3836.681726
-156.899905 -88.230727 3836.390447
-158.980169 -88.969593 3836.535415
-157.129624 -90.705759 3836.429469
-157.326465 -91.929571 3836.498316
-155.420586 -92.569969 3836.647923
-155.449809 -94.257727 3837.059199
-153.619597 -96.783429 3836.997131
-151.295961 -99.023216 3837.032594
-150.740462 -99.211403 3836.829272
-148.688065 -101.761979 3837.031705
-147.977696 -102.237546 3838.443772
-146.526042 -103.076320 3837.177630
-143.963720 -104.486841 3839.843013
-141.643769 -105.694293 3841.199155
-138.074468 -107.424621 3841.943021
-135.409464 -109.835213 3842.292251
-132.158700 -112.597962 3842.291603
-129.468504 -113.290325 3842.291603
-127.854526 -114.735723 3842.291603
-125.289071 -117.010835 3842.291603
-123.132129 -118.488220 3842.291603
-121.884695 -120.070018 3842.291603
-120.171517 -119.900141 3842.291603
-119.759573 -122.161349 3842.291604
-117.632829 -120.833572 3842.291603
-113.499754 -124.116898 3842.291603
-116.325361 -124.629713 3842.291696
-111.103636 -124.713766 3842.291603
-110.055928 -127.270194 3841.931572
-108.084059 -127.622862 3841.491183
-106.600141 -127.842401 3841.820401
-105.168627 -128.052100 3839.849853
-103.266542 -128.301059 3841.263902
-98.801270 -128.763213 3838.712333
-100.217631 -128.634091 3837.610383
-95.900365 -128.984667 3838.228826
-98.487319 -128.791381 3836.153076
-93.741674 -129.105162 3836.306539
-95.210004 -129.028726 3835.295724
-91.240910 -129.201247 3833.760238
-90.001100 -129.233919 3836.331689
-92.140223 -129.173936 3831.546695
-87.427493 -129.259671 3831.472768
-87.023324 -129.256718 3834.466620
-89.475643 -129.242142 3829.247929
-84.534756 -129.225057 3828.738883
-84.612056 -129.227001 3832.239183
-85.587675 -129.243079 3827.836846
-82.248253 -129.155158 3826.326071
-81.054834 -129.097039 3828.647978
-82.639626 -129.168053 3826.199270
-79.751178 -129.029033 3825.578745
-79.559901 -129.017340 3826.967355
-79.165301 -128.992388 3823.432883
-77.349893 -128.863950 3823.299104
-75.474212 -128.701721 3823.058754
-76.581887 -128.800802 3825.523106
-76.086433 -128.756904 3819.737264
-72.808810 -128.427871 3820.692919
-72.864897 -128.434017 3823.112556
-74.284336 -128.588511 3817.367575
-70.367525 -128.127486 3817.910755
-71.356955 -128.255853 3820.348320
-69.788056 -128.051767 3815.374607
-68.161119 -127.815702 3817.665247
-68.823961 -127.915125 3815.263926
-63.277754 -126.988569 3814.986059
-63.422179 -127.016018 3813.718475
-62.126854 -126.768574 3814.140450
-60.911542 -126.518721 3812.407664
-58.395797 -125.968722 3814.085665
-55.364724 -125.237263 3811.242117
-55.986319 -125.393031 3810.609370
-51.126258 -124.082224 3811.354332
-50.070605 -123.775781 3810.176074
-49.098411 -123.261732 3809.300416
-45.437569 -122.179454 3809.310333
-46.390676 -120.814565 3809.252290
-43.562140 -121.371789 3809.292158
-41.775077 -118.048258 3809.252280
-42.322177 -117.568926 3809.252282
-38.315627 -116.553561 3809.252280
-37.455336 -114.890432 3809.252280
-36.992034 -113.458952 3809.252280
-34.083529 -112.113987 3809.252280
-34.566313 -110.643973 3809.252280
-33.473312 -109.867368 3809.252280
-30.603542 -106.833308 3809.252281
-26.401579 -103.536547 3809.252296
-23.570262 -101.866112 3809.252237
-22.392852 -99.448112 3809.530434
-20.387237 -98.081473 3810.517488
-16.012478 -94.975177 3811.206022
-13.810772 -93.297241 3811.112477
-12.062411 -91.904567 3812.687841
-10.489913 -90.606036 3812.166810
-8.073120 -88.520592 3813.478225
-8.096134 -87.118263 3814.836792
-6.341179 -86.944085 3813.798084
-4.896312 -82.874417 3814.950682
-6.590475 -83.254283 3814.382683
-2.891302 -81.106094 3814.857435
-4.066612 -79.296092 3814.559415
-3.837874 -77.676929 3814.812228
-2.225052 -75.219345 3814.757211
-3.093677 -74.889026 3814.769219
-2.722837 -72.965710 3814.749921
0.281799 -73.148791 3815.070388
-4.010480 -71.262869 3815.021188
-1.118679 -68.203968 3815.045673
-0.196305 -71.322359 3814.610625
-2.966569 -67.337793 3815.113700
-1.259158 -65.133407 3815.000718
1.316158 -67.007337 3814.889264
-3.635697 -64.969719 3815.323547
-2.598432 -63.133906 3814.975424
0.697272 -63.296455 3814.738569
-3.317626 -62.754048 3814.890135
-2.147244 -60.048293 3815.224086
-0.894711 -60.340885 3815.192952
-0.165171 -61.753660 3815.068169
-5.251614 -57.439439 3814.937800
-2.204228 -55.838912 3815.203478
0.781887 -56.996402 3815.175036
-5.947353 -55.032836 3814.689192
-5.438298 -53.057544 3815.171253
-2.266840 -53.582580 3815.082024
-5.083429 -51.033753 3815.100242
-7.165184 -50.768847 3815.242920
-3.726119 -49.286659 3815.080307
-1.539976 -49.548206 3815.108858
-7.376331 -48.307650 3815.062451
-7.734197 -46.231948 3815.220037
-4.135241 -46.849546 3815.337758
-3.605364 -47.413049 3814.900292
-9.783860 -44.369251 3815.186511
-7.624419 -42.253788 3814.752453
-5.088386 -42.274450 3815.056319
-8.480611 -41.492771 3815.161203
-10.289358 -40.174416 3815.018268
-8.287406 -38.374118 3815.150768
-6.123251 -41.356096 3815.126499
-12.727694 -38.518664 3815.173163
-10.913720 -36.409676 3814.951299
-8.869621 -36.012603 3815.187855
-12.124467 -35.110875 3815.010452
-13.338609 -34.462583 3814.865921
-12.864868 -32.212037 3814.895706
-9.268240 -32.484618 3814.705335
-14.434113 -31.993647 3815.229916
-16.106381 -31.214114 3815.055309
-14.160086 -29.081467 3814.731113
-11.666644 -30.081718 3815.098071
-16.366439 -28.169521 3814.761428
-15.368478 -28.111787 3815.011904
-14.903101 -27.034783 3814.893098
-12.354442 -26.466038 3815.145626
-19.432226 -27.074709 3814.847916
-17.426816 -24.558181 3815.146346
-16.796770 -23.100298 3815.050509
-15.518239 -25.199417 3815.132284
-22.348196 -24.285066 3815.061757
-21.351098 -21.350554 3815.112964
-18.569788 -22.208573 3815.145352
-22.232625 -20.813712 3814.900995
-23.982575 -20.324531 3815.010174
-23.732254 -17.140954 3815.097525
-19.164125 -17.823505 3814.845335
-25.377813 -18.969512 3815.349140
-26.693511 -16.233198 3814.992351
-23.109206 -16.633483 3815.149820
-27.898337 -15.113105 3815.060599
-26.468574 -13.967822 3815.362814
-26.494574 -12.020662 3814.999690
-23.378436 -13.915105 3815.140104
-30.418523 -11.340529 3815.315354
-29.954774 -9.067102 3815.192060
-26.861380 -9.989922 3815.169472
-32.783436 -10.099596 3815.226853
-32.092402 -7.007637 3815.239467
-29.209309 -7.538647 3814.951519
-34.642011 -7.227672 3814.885503
-33.533872 -4.630181 3815.233692
-31.636878 -5.966739 3815.043877
-36.910710 -3.344631 3815.285427
-34.385688 -3.603441 3815.058880
-37.932700 -2.339915 3815.026778
-36.550311 0.680413 3814.611449
-39.403482 0.860140 3814.840526
-37.581821 3.130387 3815.146266
-41.264086 4.709997 3815.217262
-41.491562 4.241057 3815.294766
-41.257136 6.855983 3815.214676
-42.483333 8.432929 3813.047917
-42.853624 10.411244 3811.880095
-43.725010 13.877245 3810.975624
-44.157891 15.270574 3810.870359
-45.127874 17.948216 3810.098202
-49.177465 19.985835 3809.268172
-52.401063 23.195445 3809.306804
-53.881814 24.773649 3809.319608
-55.880853 26.237106 3809.342220
-59.544357 27.677184 3810.602789
-62.808440 30.723637 3811.455456
-64.165479 31.800469 3811.593417
-67.400991 34.002563 3812.756994
-68.859796 34.848328 3815.836247
-67.887107 34.294727 3816.918539
-70.454629 35.679466 3815.608783
-70.328415 35.616146 3819.388105
-71.506030 36.175140 3817.242378
-71.622850 36.228349 3822.221436
-74.557876 37.409706 3820.710287
-74.633502 37.435914 3823.778880
-75.571136 37.753096 3824.404969
-76.555848 38.057841 3820.506158
-76.181787 37.944917 3827.523294
-76.986489 38.181796 3824.035127
-77.125728 38.220781 3828.543452
-80.484016 38.996071 3829.217981
-79.080145 38.709997 3825.327773
-81.370046 39.148323 3830.422606
-82.183090 39.269846 3828.904761
-80.971851 39.082748 3833.717284
-85.052559 39.558917 3832.557415
-83.443422 39.423120 3834.424460
-86.828678 39.630022 3834.104725
-85.034769 39.557198 3835.961881
-87.942413 39.632840 3834.919722
-89.103751 39.600718 3838.083996
-90.564809 39.511092 3836.032458
-93.848273 39.106580 3839.221774
-92.151412 39.351091 3840.434390
-94.650949 38.962666 3838.398062
-97.072871 38.459514 3841.998807
-100.447258 38.812073 3842.008108
-104.878317 38.038308 3842.033981
-107.213172 37.141795 3842.030872
-109.445941 36.388130 3842.056743
-114.220792 36.384981 3842.285326
-118.137956 33.986875 3842.295802
-120.242729 32.064385 3842.300910
-122.043286 30.641434 3842.197298
-124.573694 27.553708 3839.533734
-126.808752 24.110813 3839.188354
-127.488969 22.996517 3837.225313
-128.292392 21.588739 3836.913104
-129.170967 19.538420 3837.372254
-131.504948 18.369048 3836.411891
-130.088050 17.876280 3836.860136
-133.587374 15.357412 3836.623615
-135.084685 16.419359 3836.255840
-136.056061 13.046606 3836.468453
-136.671070 14.634797 3836.327369
-138.958980 11.150886 3836.620729
-136.093104 11.317891 3836.609178
-141.209486 11.164866 3836.359675
-140.747911 8.226283 3836.614648
-142.600264 8.112735 3836.568871
-144.128310 8.600113 3836.448059
-143.609855 5.379367 3836.392100
-141.315667 6.579210 3836.377743
-146.379945 8.578248 3836.293959
-148.126086 4.327225 3836.429143
-144.332011 4.403558 3836.429291
-148.992355 3.105790 3836.420056
-150.141303 5.803980 3836.769029
-151.065237 2.666174 3836.304273
-148.364118 1.684159 3836.595602
-147.009490 1.334518 3836.418168
-152.600195 2.236814 3836.495150
-153.264302 -0.561294 3836.425862
-150.876242 -0.559041 3836.590412
-149.601647 -0.366119 3836.546692
-155.826646 -2.330644 3836.516148
-155.842441 -3.841635 3836.850624
-153.856299 -3.745023 3836.733255
-152.436884 -3.548208 3836.478569
-158.811391 -5.208218 3836.421157
-158.775963 -7.338172 3836.710420
-156.980183 -6.986381 3836.797184
-155.573950 -6.906675 3836.506652
-161.269030 -8.115108 3836.461966
-161.935563 -10.432938 3836.789271
-159.853351 -10.020406 3836.453829
-158.450313 -10.106207 3836.815965
-163.974848 -11.456970 3836.325579
-162.812408 -13.764143 3836.476483
-162.645949 -15.157146 3836.693307
-159.794335 -13.980048 3836.551609
-166.658354 -14.364619 3836.514527
-165.576056 -16.663799 3836.646165
-165.613721 -18.369509 3836.383820
-162.268403 -17.100303 3836.622547
-168.827115 -17.245583 3836.519191
-168.860115 -19.713891 3836.682856
-168.415636 -21.108871 3836.690329
-165.159242 -21.017776 3836.641786
-171.861438 -19.495651 3836.428751
-170.944213 -22.443853 3836.544075
-170.902425 -23.929279 3836.498081
-168.259720 -23.741603 3836.638038
-173.369272 -22.714916 3836.494817
-173.365460 -26.007035 3836.782370
-172.104748 -26.929999 3836.246943
-170.190135 -26.253869 3836.669520
-175.668691 -28.388146 3836.667453
-176.751697 -29.083123 3836.571397
-175.039685 -31.869814 3836.368742
-172.735686 -30.335465 3836.425007
-177.595076 -31.624679 3836.629244
-178.554327 -32.057869 3836.627987
-177.601944 -35.201110 3836.619730
-174.032846 -34.434854 3836.505144
-178.350563 -35.176988 3836.430738
-179.375255 -34.920466 3836.231752
-179.103769 -38.451622 3836.573016
-176.781017 -37.198502 3836.669981
-179.342702 -39.400736 3836.635819
-180.423399 -39.538996 3836.441450
-179.869731 -41.703260 3836.612803
-178.085321 -39.334048 3836.396274
-176.243697 -39.353356 3836.243921
-183.106190 -41.525811 3836.379852
-181.805774 -45.164484 3836.483058
-178.728841 -44.412567 3836.453356
-177.536311 -43.721665 3836.578200
-183.740714 -45.244057 3836.653224
-182.702501 -48.522241 3836.465856
-180.338978 -48.152388 3836.586831
-178.878840 -47.739429 3836.336422
-183.953978 -49.215640 3836.156414
-182.347990 -52.403544 3836.365560
-180.119371 -53.308392 3836.453194
-183.595541 -53.764742 3836.524306
-182.921384 -54.977667 3836.488060
-180.839117 -57.236522 3836.635858
-180.754566 -54.722033 3836.418051
-184.310594 -57.468238 3836.835724
-181.749477 -58.572411 3836.444934
-180.427155 -57.968007 3836.256118
-182.238862 -62.052909 3836.318010
-180.162106 -63.664147 3836.558027
-183.934599 -62.586678 3836.461299
-180.733999 -65.917538 3836.676985
-182.358031 -66.715310 3836.836113
-179.688747 -68.482834 3836.607178
-182.173600 -69.351652 3836.768321
-179.335437 -71.393271 3836.779674
-180.830031 -73.335483 3836.763989
-177.572562 -74.846361 3836.560096
-178.222349 -77.009728 3838.118970
-177.258500 -78.116808 3838.624914
-175.869303 -79.669155 3837.940741
-175.283244 -80.302277 3840.021794
-173.404007 -82.285752 3838.277315
-172.260226 -83.448900 3839.184151
-169.838713 -85.811183 3840.389560
-167.174838 -89.058544 3842.293718
-166.207921 -91.356689 3842.291578
-162.344239 -94.894986 3842.291603
-160.758380 -95.916434 3842.291603
-159.360117 -99.684223 3842.291603
-158.248931 -102.083228 3842.291603
-154.675473 -105.438327 3842.291603
-153.170306 -106.194936 3842.291603
-152.171578 -108.843755 3842.291603
-152.832626 -110.422694 3842.292729
-151.245593 -109.596635 3842.291599
-147.939183 -114.371104 3842.026690
-149.377138 -113.617827 3840.929321
-145.844429 -115.243893 3842.217418
-144.848143 -115.947505 3839.719300
-143.294258 -116.697507 3838.980554
-139.869617 -118.261945 3838.265649
-142.542426 -117.050818 3837.738090
-137.692840 -119.194070 3836.684513
-138.199665 -118.981125 3836.470538
-136.197733 -119.808000 3835.096325
-134.205501 -120.591668 3837.397023
-134.152202 -120.611876 3834.051302
-132.136971 -121.365587 3834.626261
-131.688878 -121.529805 3832.886671
-131.282253 -121.674148 3831.543601
-128.341998 -122.682871 3832.397620
-130.324250 -122.010656 3834.648360
-129.101601 -122.430983 3829.369539
-126.275291 -123.346551 3830.094864
-127.422132 -122.985695 3832.402553
-127.098799 -123.089398 3827.002196
-122.204277 -124.545170 3826.605748
-122.350670 -124.505103 3830.414395
-123.963763 -124.043947 3825.171476
-120.741801 -124.940543 3824.882897
-119.636170 -125.226641 3827.219421
-121.524860 -124.729468 3824.046021
-118.213310 -125.582460 3822.620126
-118.491776 -125.512837 3824.963370
-116.917413 -125.886971 3821.197960
-115.187688 -126.278666 3821.248427
-115.242633 -126.266577 3821.983743
-115.406775 -126.230805 3823.748858
-114.204697 -126.485488 3817.751278
-110.077069 -127.282935 3819.653514
-111.597805 -127.004236 3821.775293
-109.345096 -127.407847 3817.109550
-108.144363 -127.609147 3818.044836
-109.489243 -127.383360 3815.892746
-104.912854 -128.085341 3815.838855
-104.372505 -128.155851 3814.565660
-101.385865 -128.511758 3813.958272
-103.466324 -128.273023 3813.053883
-99.179812 -128.729121 3813.291587
-96.789962 -128.922629 3811.740412
-95.539962 -129.008390 3811.064815
-92.478902 -129.162115 3810.635727
-92.589915 -129.142689 3809.520046
-89.440292 -129.242179 3810.926427
-87.246222 -128.150458 3809.251523
-89.230699 -127.552814 3809.252308
-84.609219 -127.693034 3809.252311
-82.384271 -126.099240 3809.252282
-81.392499 -125.307294 3809.252282
-78.494805 -124.765671 3809.252280
-78.755230 -123.658614 3809.252282
-75.226821 -124.892020 3809.252281
-73.858119 -122.424217 3809.252282
-75.416717 -121.802844 3809.252280
-70.660258 -121.948469 3809.252281
-68.698767 -120.396261 3809.252280
-67.742953 -119.683256 3809.252281
-64.477640 -119.245400 3809.252281
-63.609482 -117.558485 3809.252253
-64.323438 -116.939147 3809.251456
-60.070257 -115.923792 3809.257718
-57.739263 -114.901985 3809.750891
-53.931234 -113.853909 3810.822356
-51.787414 -113.206206 3811.975762
-49.273394 -112.391750 3812.480212
-45.704734 -111.125299 3811.854441
-44.484797 -110.666030 3813.808059
-45.175041 -110.898098 3814.798801
-40.852520 -109.037540 3814.603716
-41.701347 -107.097525 3815.158906
-38.405781 -108.020239 3814.932029
-37.538059 -104.095771 3814.668976
-39.280553 -103.962891 3814.672389
-36.479196 -103.440085 3814.740319
-36.567338 -100.329813 3815.097164
-33.031736 -101.346025 3814.930434
-33.335511 -97.950017 3815.202811
-32.311791 -96.925955 3815.022922
-29.508047 -96.067182 3814.728151
-30.366695 -94.784519 3815.201266
-27.999148 -95.987491 3815.181753
-30.241848 -92.252171 3815.126600
-33.478501 -91.384400 3814.597955
-34.278814 -92.584659 3815.199663
-33.766300 -93.735638 3814.924195
-36.848726 -93.558553 3815.035434
-38.102692 -95.105224 3815.008145
-36.360198 -96.408568 3815.145592
-42.449332 -97.796896 3815.181263
-38.533713 -98.371260 3815.288978
-42.121631 -98.534933 3814.853112
-41.861897 -99.912247 3814.752464
-42.952340 -101.843972 3814.755413
-47.244880 -102.258513 3815.119637
-44.032735 -103.816927 3814.746400
-47.181612 -105.290651 3815.029351
-46.051858 -105.868278 3815.071403
-47.378096 -106.690207 3814.965552
-50.531274 -106.839669 3815.137395
-49.557779 -108.786789 3814.864670
-52.815379 -109.682716 3815.011807
-50.553700 -111.242877 3814.830141
-56.159115 -112.473911 3814.956120
-53.086458 -113.071456 3814.692029
-57.335825 -114.449957 3814.866566
-53.671850 -113.779672 3813.792356
-59.789919 -115.407897 3813.533784
-58.701903 -115.140565 3812.813759
-63.922013 -116.312774 3813.527819
-63.851598 -116.298435 3811.887672
-62.209406 -115.954359 3811.266083
-69.695869 -117.322465 3811.387684
-72.736476 -117.740946 3810.868427
-73.849970 -117.872409 3810.124940
-74.058226 -118.898793 3809.250853
-79.655923 -119.964625 3809.252291
-83.711741 -121.437508 3809.252281
-82.894948 -122.388767 3809.252280
-87.879063 -122.009003 3809.252280
-88.138789 -123.696454 3809.252280
-87.739678 -124.266891 3809.252280
-94.422005 -124.749410 3809.252282
-92.755615 -125.055636 3809.252280
-93.691194 -126.140621 3809.252281
-97.304281 -125.831442 3809.252281
-96.382712 -127.449893 3809.252315
-102.258453 -126.414031 3809.252281
-102.355525 -128.131790 3809.273876
-102.124753 -128.437268 3809.746070
-108.722667 -127.515802 3810.371287
-107.586900 -127.697114 3810.502598
-108.645796 -127.526404 3811.516667
-111.920633 -126.942901 3811.524973
-111.492977 -127.024124 3813.083539
-117.239435 -125.812818 3812.506877
-117.137133 -125.836389 3814.535502
-115.855744 -126.130440 3815.220316
-121.395248 -124.764425 3815.546082
-120.195533 -125.084733 3816.119581
-121.916237 -124.623648 3817.717145
-127.032393 -123.109534 3816.865886
-122.156596 -124.558685 3819.408748
-127.188859 -123.059631 3819.485770
-129.802237 -122.193079 3818.220180
-125.204937 -123.676942 3821.171929
-129.477662 -122.303932 3820.898715
-132.151996 -121.360257 3820.763174
-128.219425 -122.723272 3822.595814
-131.096341 -121.740293 3823.583834
-135.029873 -120.270119 3823.625308
-133.595669 -120.825560 3825.140851
-134.791382 -120.363194 3824.791178
-137.338788 -119.340148 3825.962506
-136.487604 -119.689392 3824.371359
-135.569067 -120.059006 3828.697107
-138.232387 -118.967143 3827.214085
-141.374363 -117.588500 3826.545076
-136.787396 -119.566459 3830.091540
-141.246226 -117.646245 3829.945845
-144.475785 -116.129766 3829.873529
-140.115820 -118.152794 3831.842143
-142.925768 -116.870703 3832.779310
-147.088888 -114.822506 3832.318915
-145.010398 -115.867969 3833.755267
-146.358754 -115.195002 3833.328175
-148.197106 -114.245624 3834.170894
-145.363834 -115.694459 3834.954284
-149.484052 -113.560032 3836.349859
-151.637618 -112.367060 3835.358347
-150.906499 -112.777906 3837.188742
-154.513490 -110.692524 3836.508785
-154.263409 -110.841722 3839.396163
-153.567400 -111.253166 3839.859197
-158.639859 -108.109464 3840.485023
-157.536812 -108.821518 3840.873785
-156.764723 -108.861408 3842.275318
-155.811237 -107.702424 3842.291597
-156.418379 -106.812733 3842.291603
-158.069665 -103.631069 3842.291603
-161.820598 -99.863723 3842.291603
-165.732070 -96.250685 3842.291603
-163.985409 -95.810713 3842.291603
-164.987622 -93.885207 3842.291603
-166.612083 -92.112448 3842.291603
-171.229887 -88.375868 3842.291603
-173.548376 -84.981411 3842.291603
-172.102315 -84.760437 3842.294166
-171.662319 -84.827104 3842.288972
-175.266569 -80.659648 3842.207560
-174.997086 -80.645000 3841.852720
-177.192072 -78.181726 3841.743095
-177.843354 -77.448489 3840.534619
-176.927315 -78.490902 3839.191082
-181.795244 -72.651436 3839.935997
-180.752108 -73.967993 3838.574020
-180.344930 -74.472626 3838.180108
-184.739262 -68.727178 3837.085737
-181.573992 -71.516275 3836.589669
-185.541994 -65.648025 3836.714535
-182.185202 -68.563616 3836.691436
-186.776839 -61.106208 3836.484549
-185.618024 -62.435519 3836.380704
-186.989336 -60.175767 3836.641011
-185.445256 -59.237777 3836.989185
-187.976485 -56.737028 3836.546283
-187.262315 -55.403945 3836.411891
-188.786684 -51.330007 3836.604230
-184.296527 -54.751893 3836.398773
-187.640585 -50.202644 3836.571356
-189.537172 -47.734175 3836.677304
-184.299030 -51.509772 3836.398775
-186.887666 -47.247438 3836.341959
-188.394466 -44.061546 3836.638971
-185.113566 -48.593108 3836.439116
-186.020250 -45.484256 3836.570918
-186.718030 -43.561019 3836.617754
-188.234766 -40.287811 3836.546896
-184.770367 -44.644586 3836.489363
-185.130363 -41.576524 3836.646253
-185.658106 -40.339576 3836.602899
-187.247094 -37.125080 3836.577586
-183.536983 -40.400716 3836.554334
-184.554572 -37.651441 3836.702570
-184.282600 -35.006728 3836.344435
-185.347254 -32.370484 3836.595274
-182.958593 -35.510008 3836.434891
-181.431634 -35.463701 3836.622138
-181.924242 -32.323595 3836.505900
-182.948487 -28.992397 3836.657569
-181.204312 -31.182328 3836.381928
-179.033882 -31.828936 3836.472633
-180.483620 -28.956263 3836.442858
-181.508917 -26.442370 3836.586501
-182.655402 -26.242137 3836.697396
-178.276232 -29.179912 3836.682996
-178.023404 -26.276318 3836.629719
-178.858165 -23.405466 3836.558286
-180.193194 -23.498273 3836.447469
-175.997356 -25.215976 3836.555554
-178.192669 -22.417450 3836.597752
-178.731126 -20.529033 3836.771005
-178.617343 -18.378634 3836.431657
-174.928868 -22.424444 3836.572271
-175.004416 -18.513404 3836.445569
-175.607467 -17.949265 3836.412096
-175.295072 -14.466029 3836.493202
-173.124824 -18.489623 3836.615542
-173.287928 -16.666876 3836.744198
-173.561109 -15.034827 3836.856746
-173.040991 -12.369105 3836.805776
-170.483665 -15.701114 3836.447865
-170.817648 -13.009207 3836.481952
-170.704193 -11.705397 3836.714078
-169.329184 -9.193402 3836.533457
-167.111092 -10.806135 3836.706555
-165.745416 -11.068575 3836.762815
-166.056392 -8.217188 3836.586221
-166.201268 -5.232471 3836.570787
-164.406367 -8.948779 3836.452937
-163.283855 -8.563278 3836.281233
-162.775054 -6.032123 3836.720228
-162.559846 -2.351655 3836.318821
-162.195637 -5.773023 3836.773936
-160.591800 -4.569886 3836.555069
-160.787817 -2.927874 3836.863114
-159.242158 0.934151 3836.647708
-158.489128 -2.433347 3836.528633
-156.942191 -2.428250 3836.827941
-157.477130 0.885681 3836.461769
-158.418586 3.360591 3836.353190
-155.201334 0.355026 3836.681880
-154.891033 2.477951 3836.817998
-159.466451 3.859171 3836.662504
-160.167545 3.221384 3836.505862
-158.252488 4.497094 3836.438332
-157.958681 7.410717 3836.789389
-154.119340 6.576854 3836.879571
-155.134111 8.798738 3839.855218
-156.532397 8.045525 3838.493605
-153.537600 8.495192 3839.911609
-158.556049 9.185093 3839.298033
-160.896154 11.135965 3839.963470
-162.037977 10.930905 3839.738774
-163.170386 10.050907 3837.408822
-160.482696 9.388920 3838.619786
-162.036310 8.698975 3836.715509
-165.106632 6.845776 3836.648179
-161.912353 5.450373 3836.483069
-165.510867 4.448044 3836.632945
-163.422111 3.397928 3836.714359
-165.651101 2.472124 3836.632252
-163.592523 2.356240 3836.623490
-161.361774 3.249285 3836.607789
-166.181200 -2.200431 3836.574557
-162.684780 -1.229018 3836.455371
-167.830831 -0.886851 3836.549952
-168.287506 -2.910629 3836.428516
-168.164641 -4.187253 3836.823145
-166.622091 -4.166661 3836.440225
-171.763372 -5.246147 3836.283639
-172.886559 -4.979109 3836.489792
-173.090938 -7.689597 3836.347219
-170.091579 -7.920403 3836.754919
-174.220650 -7.621873 3836.588885
-175.373422 -7.420685 3836.356545
-176.632850 -10.271179 3836.687137
-173.635767 -10.166385 3836.814883
-171.056683 -8.255186 3836.416273
-179.321184 -9.665219 3836.592773
-178.313432 -12.384359 3836.578548
-175.822408 -11.655117 3836.621352
-174.440575 -12.582280 3836.830007
-181.302967 -11.990603 3836.876919
-181.916673 -15.279997 3836.860980
-179.030489 -14.798653 3836.738426
-177.042938 -16.058300 3836.646143
-183.175183 -15.916278 3836.632514
-182.430703 -19.144493 3836.983511
-182.336959 -20.889023 3836.751619
-179.828491 -20.218183 3836.616354
-184.949851 -19.279467 3836.345712
-186.384276 -21.820710 3836.525392
-185.486304 -24.870426 3836.904136
-182.758835 -24.116579 3836.489819
-186.798511 -24.161536 3836.543799
-188.483787 -23.955946 3836.442614
-188.295987 -26.569213 3836.496231
-185.584277 -26.129076 3836.463528
-183.958913 -25.928485 3836.674843
-190.088486 -27.030325 3836.818169
-187.922406 -29.945530 3836.267276
-187.686896 -32.219029 3836.590061
-184.809703 -31.512612 3836.809208
-190.037196 -30.441895 3836.369408
-189.670956 -33.725854 3836.703592
-189.678973 -35.480011 3836.837038
-187.530706 -34.217501 3836.842705
-191.087150 -35.013648 3836.545942
-190.334365 -37.434286 3836.684616
-189.783335 -39.881952 3836.667019
-187.709670 -38.518481 3836.823881
-193.169376 -38.166689 3836.797227
-191.406223 -43.387754 3836.633348
-189.984727 -42.237089 3836.680034
-192.994172 -42.841454 3836.651720
-190.631120 -46.279736 3836.838809
-189.260758 -45.278512 3836.807450
-191.187630 -49.353576 3836.641628
-189.954263 -49.804419 3836.511098
-190.823786 -52.261686 3836.474107
-190.023600 -51.843948 3836.639011
-189.652239 -56.865569 3836.536506
-191.154534 -55.920353 3836.442567
-188.765922 -59.119529 3836.838538
-189.381625 -61.767337 3837.397628
-187.587876 -62.929399 3836.816578
-187.178431 -65.185750 3838.948349
-186.360110 -66.401359 3839.500709
-185.569571 -67.546383 3839.131791
-184.722271 -68.742516 3840.785274
-183.941923 -69.817720 3839.601158
-180.571589 -74.185846 3841.793629
-181.950413 -73.085123 3842.268439
-178.724189 -76.410300 3841.671777
-179.289576 -78.191951 3842.291641
-178.856034 -79.681849 3842.291603
-177.780913 -80.219706 3842.291603
-177.995142 -82.622559 3842.291603
-176.085058 -82.574157 3842.291603
-173.562936 -87.876541 3842.291603
-175.379354 -87.321578 3842.291603
-171.643204 -89.343561 3842.291603
-171.964149 -91.279718 3842.291603
-171.204324 -92.594349 3842.291603
-170.058885 -93.002021 3842.291603
-168.534114 -95.287062 3842.291603
-167.847283 -97.095376 3842.291603
-165.761457 -97.875319 3842.291603
-165.452482 -100.534224 3842.291603
-165.725721 -101.359512 3842.291608
-161.859280 -102.362560 3842.291603
-163.606137 -104.645521 3842.122771
-164.046452 -104.387824 3840.866809
-164.520016 -104.042071 3839.332550
-161.970404 -105.865656 3839.107652
-160.110685 -107.136388 3838.831448
-160.618716 -106.795088 3840.286736
-157.599552 -108.781689 3837.557137
-158.056495 -108.488426 3835.193412
-155.389232 -110.160855 3837.454261
-154.565854 -110.661092 3833.997254
-153.413356 -111.343818 3835.361088
-153.565300 -111.254079 3831.449937
-151.615056 -112.380069 3831.877638
-150.868887 -112.799127 3830.595629
-151.102258 -112.668729 3828.950880
-148.188670 -114.250066 3829.716012
-149.998678 -113.278291 3832.202445
-148.338302 -114.170751 3827.129781
-145.467129 -115.642778 3826.399270
-146.152896 -115.299876 3829.654074
-147.397688 -114.663926 3825.434085
-143.890122 -116.414510 3826.151008
-142.928529 -116.869365 3826.076078
-144.594957 -116.071629 3827.821707
-144.450844 -116.142200 3821.906152
-140.551624 -117.958443 3822.151272
-140.396429 -118.028009 3824.524518
-141.164816 -117.683008 3821.597513
-137.885766 -119.113721 3821.212749
-138.072651 -119.034772 3822.567649
-137.405916 -119.312483 3819.536760
-135.816176 -119.960508 3818.741257
-134.877649 -120.329505 3819.757744
-133.491457 -120.863124 3817.641024
-132.777912 -121.128669 3816.647298
-131.254540 -121.684087 3818.311553
-132.116140 -121.372933 3815.190539
-127.617115 -122.921494 3815.789947
-128.769714 -122.541767 3814.673772
-125.902798 -123.461992 3815.080516
-126.749807 -123.198586 3812.696534
-122.463645 -124.473559 3814.343214
-120.209229 -125.080345 3811.719054
-120.309189 -125.054580 3811.458482
-116.169957 -126.058916 3811.615283
-115.021314 -126.316803 3810.083302
-113.643600 -126.570169 3809.504282
-112.035214 -126.928107 3809.706353
-110.309343 -125.809501 3809.252335
-108.644932 -127.226035 3809.283909
-103.771876 -125.266156 3809.252280
-105.073619 -124.522190 3809.252280
-100.553700 -125.847316 3809.252280
-99.458186 -123.977324 3809.252282
-98.512421 -123.275724 3809.252280
-96.649540 -123.981882 3809.252280
-95.350842 -122.053669 3809.252282
-93.902774 -123.436309 3809.252281
-89.273118 -121.069179 3809.252281
-89.107262 -120.355495 3809.252282
-87.930673 -119.508951 3809.249226
-83.466996 -119.013042 3809.248075
-79.634515 -118.393136 3810.133937
-77.715680 -118.253638 3810.063114
-73.715696 -117.858339 3811.898638
-72.678145 -117.733401 3812.045530
-72.275637 -117.681656 3811.235070
-68.719490 -117.173771 3813.025877
-69.072005 -117.205710 3814.715545
-65.663203 -116.622751 3814.041377
-66.832421 -115.577941 3814.950491
-62.692420 -115.146759 3814.790779
-64.984355 -114.269516 3814.843376
-60.239478 -113.212059 3814.837401
-60.455546 -112.463908 3815.052401
-59.371095 -111.163823 3814.784659
-56.537996 -112.858566 3814.860887
-58.306148 -109.248822 3815.041347
-55.525493 -109.953809 3815.014960
-57.042763 -108.182387 3815.185496
-53.760856 -105.681352 3815.145555
-51.720026 -108.189785 3814.876307
-54.701289 -104.204621 3814.959159
-50.903381 -103.013550 3815.217021
-50.387901 -106.489103 3815.153112
-50.066183 -100.640554 3815.253805
-47.865096 -101.267642 3815.274499
-47.910525 -99.054288 3815.092121
-46.617946 -99.074976 3815.135283
-46.085320 -99.598639 3815.408715
-47.632588 -95.916777 3815.315700
-45.281799 -97.070516 3814.985764
-44.780319 -94.531047 3815.081404
-40.979476 -94.859247 3815.232364
-39.653363 -92.961758 3815.250140
-38.804506 -91.888274 3814.901432
-38.083465 -92.291137 3814.920326
-36.598535 -91.429287 3813.077135
-34.652787 -90.908649 3812.491909
-29.838674 -90.415535 3812.059447
-28.750830 -90.286294 3811.961964
-27.482537 -88.574832 3811.685627
-27.245584 -87.173697 3811.781366
-27.475533 -84.759650 3812.282845
-28.164304 -82.373382 3813.197214
-28.863306 -81.525314 3813.062431
-27.705799 -82.014957 3814.934315
-26.995149 -82.420681 3815.238998
-25.661179 -80.180835 3815.024975
-28.683540 -77.251366 3815.248456
-25.612882 -77.355394 3815.085476
-29.246332 -74.436054 3815.078072
-26.117310 -75.617389 3815.334062
-30.947650 -73.617081 3815.269847
-31.155496 -72.274712 3815.379714
-30.740456 -70.802608 3815.226909
-32.968441 -69.246118 3815.357132
-32.305838 -68.198034 3815.081960
-31.369658 -68.095607 3815.044292
-34.190285 -64.462934 3814.784842
-33.900071 -64.012317 3813.181905
-33.218182 -64.249734 3812.533862
-32.147765 -63.783503 3811.726129
-29.158230 -64.049016 3811.829046
-27.803110 -65.068311 3813.057170
-27.890021 -65.081961 3813.364617
-27.527175 -64.464023 3812.275391
-26.142616 -64.625103 3813.192412
-26.557134 -61.390965 3812.792514
-25.477254 -64.308900 3814.888452
-27.212141 -58.788742 3813.236423
-25.569931 -61.897281 3814.490262
-28.709922 -56.608702 3813.661368
-26.289009 -59.052218 3814.854256
-30.763583 -54.909552 3814.446898
-27.363246 -56.966376 3815.012761
-31.888665 -52.314672 3815.040855
-34.042258 -52.592581 3815.018592
-31.552167 -51.184439 3814.983170
-35.207040 -50.055166 3815.349317
-31.636118 -49.393160 3814.975648
-37.591201 -49.026187 3815.218834
-36.284874 -47.828918 3815.073463
-41.697506 -49.191620 3815.076840
-41.798267 -47.107950 3815.180380
-36.795277 -46.046279 3815.018467
-45.131205 -50.741538 3814.859975
-45.105113 -48.029241 3815.180299
-47.253402 -51.437845 3814.923506
-48.916298 -50.589931 3815.314865
-43.228432 -51.002977 3814.980797
-41.250220 -50.189151 3814.855451
-44.745854 -52.666748 3814.774677
-41.168100 -53.119993 3814.433652
-39.872719 -51.945105 3814.672696
-39.071304 -53.069647 3814.391339
-35.095492 -53.139447 3813.292827
-34.089982 -53.177720 3814.501126
-33.522431 -55.213536 3811.789681
-32.155012 -55.357241 3812.014253
-31.173993 -56.685581 3811.691818
-31.514020 -58.525426 3811.708182
-29.466409 -60.058542 3811.691949
-34.332110 -59.085009 3811.674864
-32.190708 -61.379851 3811.683268
-36.981737 -56.786835 3811.701602
-34.496658 -56.245476 3811.684803
-38.577481 -54.166509 3812.067030
-41.724229 -54.971108 3811.724494
-38.666550 -53.230889 3813.116754
-44.784347 -54.324625 3813.079603
-40.445175 -53.241480 3813.655532
-47.220092 -55.953498 3813.986271
-43.542090 -53.671764 3814.357746
-48.633264 -57.195561 3814.365938
-50.555565 -61.396682 3813.422843
-52.066651 -62.344023 3814.844217
-51.061846 -63.084285 3814.855994
-53.328092 -64.260068 3815.301333
-53.528636 -63.439082 3815.281177
-53.946610 -66.787140 3814.877873
-54.523999 -66.738714 3813.572679
-53.512903 -68.723340 3815.064587
-54.769679 -69.549895 3812.353921
-55.835041 -68.541989 3811.744151
-55.430819 -70.334780 3811.827803
-58.994201 -71.031844 3811.715478
-56.523282 -73.317402 3811.993997
-59.543822 -71.524306 3811.700217
-58.727288 -73.881432 3812.179131
-62.235021 -73.090106 3813.559144
-60.281053 -74.262964 3813.959392
-63.571845 -72.572537 3814.850960
-62.142304 -75.450706 3815.115463
-62.621118 -76.718705 3814.873192
-64.277837 -77.043068 3814.889345
-65.768454 -78.579987 3815.202980
-68.285780 -78.242243 3815.249224
-67.953911 -80.457372 3815.077435
-65.652354 -80.612416 3814.931268
-67.555183 -80.857554 3815.223552
-69.011731 -83.212873 3814.589696
-68.844582 -83.960346 3812.813940
-69.318625 -84.138702 3812.338210
-72.676598 -81.611352 3811.708135
-72.088350 -82.409721 3811.697652
-70.222537 -85.988825 3811.709542
-72.866470 -83.689397 3811.722351
-74.774625 -81.445779 3811.714430
-74.886921 -84.500614 3811.684157
-72.231794 -89.370561 3812.282150
-75.551547 -84.685508 3811.779309
-70.155494 -90.381546 3812.318760
-67.429288 -91.733988 3813.037968
-71.018217 -90.214623 3812.440354
-65.812662 -92.207396 3814.660991
-68.458845 -91.674511 3814.435866
-68.109026 -93.772629 3815.251015
-65.607299 -95.394318 3815.264658
-65.778894 -96.107962 3814.856725
-67.117627 -96.990253 3815.096845
-63.959546 -97.711717 3815.385614
-67.678869 -98.234853 3815.079127
-72.387734 -97.913507 3815.059828
-67.184425 -99.256865 3815.026010
-69.979256 -100.536031 3814.842420
-73.373660 -99.978005 3815.040903
-71.857705 -101.505182 3815.128320
-71.191051 -102.279112 3815.468718
-74.489189 -102.316422 3815.313743
-69.545800 -104.991898 3815.292817
-73.080643 -105.151629 3815.262180
-76.418418 -104.994328 3815.037165
-73.650304 -106.385927 3815.079567
-75.473497 -105.841795 3815.224943
-77.433981 -105.500748 3814.915119
-78.325923 -105.589521 3814.987565
-76.292783 -109.437382 3815.133835
-78.634484 -107.790050 3815.141300
-81.136861 -107.522101 3815.062199
-78.862628 -111.519416 3815.124183
-81.796378 -110.389118 3814.943905
-81.001803 -112.458027 3814.631266
-81.845318 -113.722978 3814.871576
-86.464112 -112.541692 3815.132331
-83.205399 -115.322849 3814.698348
-88.212690 -114.802885 3815.002967
-86.488662 -115.802958 3814.448505
-89.434656 -115.626263 3814.897394
-90.479649 -117.414522 3814.800396
-89.739372 -118.340543 3814.690463
-95.211182 -118.363532 3814.358989
-94.502479 -118.450462 3813.810139
-97.635293 -118.222169 3813.641412
-98.421368 -118.149775 3812.587675
-99.285641 -118.070712 3811.672015
-100.023527 -117.992876 3810.737808
-105.684963 -117.253311 3809.893482
-104.861900 -117.474872 3809.317753
-108.376753 -117.205745 3809.262160
-109.303383 -118.227668 3809.252287
-108.401559 -119.901851 3809.252280
-115.132728 -118.889497 3809.252280
-115.177739 -120.348698 3809.252280
-114.526055 -120.573628 3809.252280
-120.887782 -119.909599 3809.252280
-120.326562 -120.588802 3809.252280
-124.032946 -119.639943 3809.252281
-124.844186 -120.312806 3809.252281
-123.494867 -122.241477 3809.252288
-131.104773 -119.285099 3809.252280
-134.918369 -118.556339 3809.252298
-135.263460 -119.908329 3809.268312
-133.299836 -120.932350 3809.616882
-140.570202 -117.953010 3809.675382
-138.905069 -118.678821 3810.693894
-139.741729 -118.317227 3811.475930
-144.987778 -115.879140 3811.129948
-147.080790 -114.826932 3812.219897
-145.368572 -115.691552 3813.291183
-152.134501 -112.084098 3812.912933
-151.129008 -112.654770 3814.110541
-150.427678 -113.042669 3815.167174
-155.657572 -109.997038 3815.826214
-155.136725 -110.314856 3816.341336
-157.503347 -108.843597 3816.338965
-157.525117 -108.829805 3819.021013
-159.312033 -107.668949 3817.998283
-159.030299 -107.854677 3820.007366
-161.585453 -106.131453 3820.757080
-159.160950 -107.768597 3823.693538
-161.966474 -105.867574 3821.893694
-163.409448 -104.848060 3821.843616
-162.733555 -105.328469 3823.811117
-164.291644 -104.208749 3824.044540
-165.278146 -103.481907 3824.163221
-163.645204 -104.678090 3827.387051
-166.084181 -102.877264 3826.223522
-168.013063 -101.389694 3826.313697
-164.793124 -103.841834 3830.456210
-168.104809 -101.316927 3830.256266
-170.599243 -99.302147 3829.484537
-167.822232 -101.539488 3831.614653
-169.901519 -99.875925 3832.724753
-173.597984 -96.740598 3833.015854
-170.155329 -99.668843 3833.550854
-172.206796 -97.948138 3835.038850
-175.247478 -95.262544 3834.094069
-171.548756 -98.508597 3836.428907
-175.459677 -95.069335 3836.010543
-175.595895 -94.943795 3837.474623
-178.626612 -92.070922 3837.980905
-177.371117 -93.283466 3839.198983
-180.952768 -89.735539 3838.575689
-182.264109 -88.364413 3840.118577
-181.169638 -89.510806 3840.741971
-186.789314 -83.308953 3840.754255
-184.733378 -85.677353 3841.574965
-185.823242 -84.296673 3842.214234
-189.029815 -79.875250 3842.291877
-187.152864 -80.771018 3842.291572
-190.540923 -77.198949 3842.292837
-190.537712 -74.755073 3842.291602
-189.076437 -75.737250 3842.291603
-193.669474 -68.381960 3842.291603
-191.424298 -70.075796 3842.291603
-191.730283 -68.308989 3842.291603
-193.686452 -63.665302 3842.291603
-192.139246 -64.776116 3842.291603
-195.218584 -60.338877 3842.291603
-195.081343 -57.573605 3842.291603
-193.763308 -58.384117 3842.291603
-197.626617 -50.981528 3842.291602
-195.434852 -53.538054 3842.292369
-195.510399 -51.164432 3842.261962
-197.321961 -46.570145 3842.072705
-196.487755 -48.380364 3841.106070
-198.631553 -43.339325 3841.585583
-199.586810 -40.874887 3840.538395
-199.862772 -40.128423 3840.476686
-200.874379 -37.256228 3839.788890
-201.963221 -33.865781 3839.503392
-201.753424 -34.542796 3838.489581
-201.029078 -36.834916 3837.258895
-201.814617 -33.670754 3836.855098
-201.227879 -32.396511 3836.584871
-199.290596 -35.777345 3836.658470
-199.560081 -33.507365 3836.554857
-199.292965 -31.614259 3836.785525
-197.519588 -34.273971 3836.674543
-199.031853 -29.189281 3836.945255
-200.044250 -27.431345 3837.095609
-196.991150 -28.796916 3836.548438
-198.759502 -24.980837 3836.630153
-199.163168 -23.255951 3836.820460
-196.740250 -24.691347 3836.757677
-196.530613 -21.204046 3836.642523
-197.702272 -18.515085 3836.621345
-195.937010 -22.539926 3836.814720
-196.444653 -19.655122 3836.746110
-196.767934 -17.874585 3836.495130
-196.033418 -14.552820 3836.938532
-193.907666 -16.896482 3836.889075
-192.352047 -17.298595 3836.604431
-193.075188 -14.131490 3836.919044
-192.940806 -9.602877 3836.520095
-192.092508 -12.833212 3837.127111
-190.279426 -14.845091 3836.965815
-190.434595 -12.152865 3837.011878
-190.237873 -7.778024 3836.593649
-191.681019 -9.178702 3836.840022
-188.340137 -11.314471 3836.589635
-189.841528 -8.242374 3836.738618
-189.698806 -6.428126 3836.600780
-189.736177 -4.331699 3836.380024
-186.597927 -8.068514 3836.971568
-186.408702 -4.742053 3836.734331
-185.928863 -3.093228 3836.523005
-186.003614 -0.499992 3836.644641
-183.668662 -5.717506 3836.563751
-182.865982 -1.947509 3836.656802
-182.591664 -0.848361 3836.844404
-183.108270 2.291042 3836.656100
-180.827627 -2.286283 3836.538550
-180.156968 -0.051318 3836.970296
-179.823584 1.647785 3836.735281
-179.854178 4.303905 3836.603899
-176.989223 0.369768 3836.617890
-177.167919 3.724309 3837.005325
-174.815990 5.295484 3836.833280
-176.915239 5.226642 3836.706006
-172.575087 4.562030 3836.583287
-171.778162 7.206672 3836.502146
-172.874545 9.059430 3836.871666
-169.964599 5.329041 3836.648986
-167.964587 8.462898 3836.678577
-169.455883 10.606696 3836.663153
-165.882366 9.061655 3836.463705
-166.240200 10.701552 3836.859888
-166.192272 6.386801 3836.669114
-169.093255 3.884974 3836.893747
-166.496932 3.313212 3836.553734
-171.796178 1.083545 3836.756847
-169.136170 1.129813 3836.731379
-172.616922 0.860417 3836.586426
-174.549044 0.771992 3836.630252
-175.826064 -2.072097 3836.748891
-172.748141 -2.644306 3836.694887
-176.172233 -1.763047 3836.734347
-177.908110 -2.694210 3836.461672
-178.130495 -4.555077 3836.986243
-175.213783 -3.186335 3836.759178
-173.727085 -3.146054 3836.802830
-181.221552 -3.974942 3837.101338
-181.327244 -7.206175 3836.853953
-178.488106 -6.808998 3836.824553
-176.990428 -6.724869 3836.551021
-183.451952 -6.475077 3836.510186
-184.571009 -9.626540 3836.547315
-181.791404 -8.972013 3836.758203
-180.356583 -9.215027 3836.901117
-185.696742 -9.833053 3836.626049
-185.841530 -13.569100 3837.056358
-185.105592 -14.162506 3836.916683
-183.233779 -14.129674 3836.514843
-188.468487 -15.412328 3836.528775
-189.626653 -14.808581 3836.816791
-189.127525 -18.007775 3836.673735
-186.481217 -18.359326 3836.502437
-190.290958 -18.499233 3836.628390
-191.301859 -18.688865 3836.681472
-191.250614 -20.266349 3836.634016
-188.275029 -20.120291 3836.636272
-187.897082 -19.924398 3836.631643
-193.723730 -21.090301 3836.811983
-191.401013 -24.152961 3836.541939
-191.887100 -26.066921 3836.854717
-188.838672 -25.689173 3836.347872
-194.240372 -23.933743 3836.615190
-194.169764 -27.480703 3836.615337
-193.908962 -28.890765 3836.456632
-191.141536 -29.726300 3836.584615
-195.428927 -27.692175 3836.834310
-194.395344 -32.452006 3836.717303
-193.735070 -32.060561 3836.799318
-192.328201 -32.008697 3836.491238
-196.752518 -34.641266 3836.903003
-194.532538 -36.080829 3836.815019
-193.553943 -34.730410 3836.469400
-195.945545 -39.524207 3836.480280
-193.790612 -40.398148 3836.621922
-195.099293 -43.716736 3836.877829
-193.229859 -43.897088 3836.656035
-194.822433 -47.629270 3836.429834
-194.639306 -49.381409 3836.649288
-193.208810 -51.903480 3836.650844
-195.111969 -51.136545 3836.657200
-192.598776 -53.736097 3836.618338
-192.952555 -55.535436 3838.230780
-191.588094 -57.113261 3836.804195
-189.379891 -61.744635 3839.371720
-190.933164 -59.150513 3839.902315
-188.086680 -63.797281 3839.555625
-187.376873 -64.883549 3841.373465
-186.253966 -66.615478 3841.980047
-185.049689 -68.276024 3841.743403
-185.621971 -70.101197 3842.291619
-183.438998 -70.710414 3842.214261
-182.496336 -75.761921 3842.291601
-184.779858 -73.984159 3842.291603
-181.044827 -77.483178 3842.291602
-181.945109 -79.921601 3842.291603
-180.798381 -81.919791 3842.291603
-179.174003 -83.025941 3842.291603
-179.938531 -85.022709 3842.291603
-177.585453 -85.001782 3842.291603
-175.738194 -89.780571 3842.291603
-178.094183 -88.946191 3842.291603
-173.719438 -91.338366 3842.291603
-174.304524 -93.511246 3842.291603
-172.891383 -95.101744 3842.291585
-171.297336 -95.378557 3842.291603
-171.376781 -97.937366 3842.290787
-168.874028 -97.543260 3842.291603
-167.306423 -101.947149 3841.785555
-170.270361 -99.573693 3840.485127
-171.081124 -98.901436 3839.827680
-170.220285 -99.615448 3839.087232
-167.781142 -101.571585 3837.233308
-164.720375 -103.894810 3836.899575
-166.667918 -102.433506 3835.640162
-162.350112 -105.600326 3834.922114
-162.142163 -105.745391 3835.013510
-160.890982 -106.609357 3833.846380
-159.293646 -107.680960 3833.530340
-159.706680 -107.406723 3832.318114
-157.584307 -108.791696 3830.720355
-157.196824 -109.036906 3829.828762
-156.494355 -109.479036 3829.414506
-156.010467 -109.780060 3832.425716
-155.433229 -110.134001 3826.247904
-154.362004 -110.783075 3829.089649
-154.274648 -110.835075 3825.538624
-151.919884 -112.206454 3823.874539
-150.847135 -112.810887 3826.543831
-152.297503 -111.991180 3823.742466
-149.516444 -113.541884 3823.285266
-149.437341 -113.585486 3824.374859
-148.824846 -113.912784 3821.223813
-147.127504 -114.802956 3821.175098
-145.162787 -115.792956 3821.326454
-147.093766 -114.820249 3823.215079
-146.056002 -115.348600 3817.712283
-142.159440 -117.229658 3818.863246
-143.984902 -116.368160 3820.808574
-141.849739 -117.373089 3817.204093
-139.851168 -118.270141 3817.635342
-140.824912 -117.835906 3815.662770
-137.033790 -119.465415 3815.336144
-136.799998 -119.561280 3814.456977
-133.424083 -120.888378 3814.574558
-134.693346 -120.401426 3813.156178
-130.551029 -121.931362 3813.805213
-129.145112 -122.416890 3812.524266
-127.922403 -122.821341 3811.466277
-124.274851 -123.953604 3811.656281
-122.238946 -124.537524 3810.235681
-123.306239 -124.143071 3809.371322
-118.522870 -125.196048 3809.260450
-115.553662 -125.993297 3809.287518
-112.197669 -124.933106 3809.252281
-112.038886 -123.902657 3809.252279
-109.297476 -125.645286 3809.252302
-106.981455 -123.553387 3809.252281
-107.843664 -122.774832 3809.252280
-103.962699 -123.483467 3809.252280
-101.518144 -122.186216 3809.252280
-100.272471 -121.388049 3809.252280
-97.487383 -121.458040 3809.252282
-97.115974 -120.100551 3809.252289
-96.008312 -121.417279 3809.252280
-94.096583 -119.973025 3809.252284
-90.482537 -118.643950 3809.302580
-89.859601 -118.629839 3810.595360
-84.967886 -118.627081 3811.394186
-83.573009 -118.587397 3812.164194
-81.338863 -118.493290 3812.891582
-79.446662 -118.381345 3811.407512
-76.654598 -118.157771 3813.882379
-78.352052 -117.657095 3814.902154
-73.359147 -117.592546 3814.551686
-76.119239 -115.707572 3814.556327
-73.034338 -116.813539 3814.885428
-72.806075 -114.757172 3814.914214
-68.907435 -114.761890 3814.981265
-68.256330 -113.210602 3814.857712
-67.746032 -112.690639 3814.938989
-65.153410 -114.038765 3814.738655
-67.339162 -110.298385 3815.017238
-63.317658 -110.692679 3815.300017
-63.823117 -109.595099 3815.224896
-62.485731 -108.643446 3814.921194
-61.796430 -109.787481 3814.943126
-60.996897 -106.453322 3814.868003
-59.929870 -106.417768 3814.932759
-59.648370 -107.520398 3814.981738
-58.327905 -104.521729 3815.019389
-59.177227 -102.671540 3815.399670
-56.332951 -103.054472 3814.820097
-57.085420 -105.595575 3815.271322
-56.881861 -100.230332 3814.932699
-52.773631 -98.935335 3815.153962
-52.900819 -102.173475 3815.011791
-55.049884 -97.432532 3815.076359
-51.425764 -97.406227 3815.201923
-52.503313 -100.646501 3815.125732
-49.298908 -95.751085 3814.999530
-48.037574 -96.510936 3815.294734
-46.853037 -93.595126 3815.199059
-45.821629 -92.310801 3815.187585
-43.110875 -91.835096 3814.854661
-43.061127 -91.370705 3813.817631
-41.064508 -92.232157 3815.084600
-39.121281 -91.030949 3812.618805
-39.615686 -90.137397 3811.922237
-36.961931 -89.343449 3811.727083
-35.781407 -89.679425 3811.768975
-32.776404 -88.004228 3811.752456
-31.392769 -88.615471 3811.735886
-30.961823 -86.301667 3811.753705
-31.616838 -83.518881 3811.753497
-31.209947 -81.780058 3811.715570
-32.834135 -80.850219 3811.728990
-30.234449 -80.787631 3812.254377
-31.809786 -77.963274 3813.134163
-31.331609 -78.212475 3814.217000
-29.712751 -79.888674 3814.624420
-29.297575 -78.951152 3815.102595
-31.759504 -73.517145 3814.955979
-33.663368 -74.146846 3815.071012
-35.008369 -73.054685 3814.918369
-37.238836 -70.998750 3815.066534
-36.178530 -68.485058 3815.074997
-36.231853 -67.366215 3814.849478
-37.583453 -63.359637 3814.805206
-37.796753 -61.724020 3815.076398
-39.814233 -60.365075 3813.994922
-37.154616 -59.023032 3811.967729
-34.820337 -60.449290 3812.253503
-36.667005 -57.816436 3811.680287
-42.704095 -57.216464 3811.701620
-40.477033 -55.582372 3811.670193
-46.140443 -57.635536 3811.678802
-47.275752 -57.060688 3812.222764
-48.018636 -58.139008 3812.031813
-49.190256 -60.341282 3812.040199
-49.367084 -64.776339 3811.745237
-50.774289 -63.908508 3813.831854
-50.112068 -67.790324 3813.164010
-51.473305 -67.649817 3815.069784
-49.007206 -70.566857 3814.445802
-49.452783 -69.796808 3813.368332
-46.853864 -72.738916 3812.349289
-49.271622 -71.050310 3814.958090
-46.616552 -74.184018 3814.063410
-45.749592 -75.054410 3813.569156
-47.283182 -75.685330 3815.145478
-44.008522 -78.612410 3814.831441
-41.067620 -79.452949 3814.261529
-39.194715 -81.955515 3814.728753
-41.227100 -83.406820 3814.637109
-42.732890 -83.185295 3814.805273
-45.215639 -80.276758 3815.321182
-48.267923 -77.910037 3815.200810
-46.936915 -77.257961 3815.193746
-50.985281 -77.364941 3815.271941
-52.927065 -76.712054 3815.207201
-54.410221 -76.186319 3815.172570
-55.183173 -73.376802 3812.416175
-53.052667 -74.535356 3815.175366
-57.787726 -74.213265 3812.683655
-57.653171 -74.624501 3814.358578
-57.278627 -76.957943 3815.370577
-61.682106 -74.718134 3815.192501
-61.219875 -77.050489 3815.394287
-57.167213 -78.745850 3815.077963
-55.812692 -80.525996 3813.996415
-54.949359 -80.608717 3814.808964
-55.970925 -81.745180 3811.835339
-53.367595 -82.619627 3812.663825
-53.658559 -84.162367 3812.770321
-54.392558 -85.835262 3812.719090
-54.372566 -86.841561 3813.517906
-55.407150 -87.755999 3814.060275
-58.101028 -85.592444 3811.738008
-58.099915 -88.165281 3811.738679
-56.831151 -89.209630 3813.166790
-61.234925 -90.925705 3812.624554
-60.568897 -91.378007 3813.915840
-59.308552 -91.648640 3814.827992
-59.662723 -92.667305 3814.748088
-63.264245 -93.492428 3814.970591
-61.352959 -95.239591 3815.427604
-58.836010 -96.147666 3815.147714
-63.598744 -96.390910 3815.085663
-61.507639 -97.219324 3815.060635
-59.975690 -98.968490 3815.108744
-61.223615 -99.461074 3815.001282
-63.921455 -101.130006 3815.318189
-64.614671 -99.537076 3815.075067
-63.544409 -102.344650 3814.978665
-65.926419 -102.991395 3815.245340
-68.186459 -102.497584 3814.872420
-63.537924 -103.885588 3815.167370
-67.589527 -103.706348 3815.087005
-65.309827 -105.883585 3815.178644
-66.681027 -106.204316 3815.173764
-68.657514 -106.079758 3815.367964
-69.574530 -106.705443 3815.195978
-66.903546 -109.928084 3814.987368
-71.112150 -109.584836 3815.245504
-74.336846 -108.204642 3814.967355
-69.602333 -112.054754 3815.277310
-73.624019 -110.982337 3815.220289
-74.426515 -110.395546 3815.004800
-74.686240 -112.609067 3815.265823
-78.848549 -113.448551 3815.031435
-75.923057 -114.911483 3814.769584
-80.523697 -115.351884 3814.940193
-76.826707 -116.720632 3814.829501
-83.097959 -116.103951 3814.646985
-81.923760 -117.362070 3814.704451
-85.328748 -117.091712 3814.742440
-85.517265 -118.642376 3813.965541
-84.531448 -118.615989 3813.283989
-89.825126 -118.630431 3813.079996
-89.555551 -118.635734 3812.085750
-92.102601 -118.564496 3812.410049
-91.818563 -118.570240 3809.977600
-97.282747 -118.251030 3810.648370
-98.146952 -118.157694 3809.529621
-98.248651 -119.727866 3809.252289
-104.463777 -118.770592 3809.252215
-103.068747 -120.137054 3809.252280
-102.696011 -120.722366 3809.252281
-108.479937 -120.636239 3809.252281
-108.551643 -121.424945 3809.252280
-111.094878 -120.890064 3809.252282
-113.009938 -121.931419 3809.252280
-112.548309 -123.587003 3809.252279
-119.621874 -121.892002 3809.252282
-118.416537 -123.338926 3809.252281
-118.554428 -124.291671 3809.251791
-125.180133 -122.736038 3809.249974
-124.794266 -123.808022 3809.967430
-131.799072 -121.276356 3809.275247
-132.777170 -121.131908 3810.082085
-131.556334 -121.577362 3811.421794
-137.584199 -119.238521 3810.985321
-137.975372 -119.076276 3812.460979
-136.725578 -119.591780 3812.894296
-144.310031 -116.210579 3813.450030
-142.526333 -117.058450 3813.742658
-143.227234 -116.728905 3814.736486
-146.170346 -115.290977 3815.301610
-146.635613 -115.053966 3816.430588
-148.315033 -114.183115 3817.209329
-151.701008 -112.330980 3816.191137
-149.504227 -113.548388 3818.941162
-153.771276 -111.132780 3819.227924
-150.767158 -112.855795 3819.536007
-153.726330 -111.159350 3821.440026
-156.426919 -109.521170 3819.929821
-154.324801 -110.805108 3822.969202
-157.246887 -109.005484 3823.468049
-155.413719 -110.145911 3824.189102
-157.736010 -108.695270 3826.067168
-158.944452 -107.911059 3824.447771
-158.652161 -108.101450 3826.750013
-161.701752 -106.051203 3828.217677
-158.658031 -108.097626 3829.694949
-161.566899 -106.144257 3829.164639
-163.035072 -105.114625 3829.074311
-162.230365 -105.684624 3831.035950
-164.798166 -103.838126 3832.175057
-163.811794 -104.558097 3833.584971
-165.153005 -103.575251 3834.281647
-62.049302 -103.741081 3815.404255
-58.204313 -101.025096 3815.109156
-56.965981 -96.181717 3815.108260
-56.366940 -99.132591 3815.271129
-57.595311 -94.891676 3815.266199
-54.214592 -95.514337 3814.883323
-57.949232 -94.306219 3815.409375
-53.069795 -93.375051 3815.390581
-54.378704 -91.489575 3815.102909
-58.122883 -90.528694 3814.613504
-65.072811 -89.901807 3811.719695
-65.033684 -91.507358 3812.655506
-63.817938 -88.573833 3811.733173
-61.355689 -86.957129 3811.730557
-60.510728 -85.148442 3811.712976
-59.445383 -83.777836 3811.710267
-58.047748 -83.146148 3811.722203
-61.382175 -82.694815 3812.958622
-62.463649 -84.374131 3812.767878
-62.659072 -86.031974 3811.757850
-65.487557 -86.801949 3811.775100
-65.844180 -87.538414 3811.711001
-68.964196 -85.769432 3811.744803
-69.894334 -87.605250 3811.731369
-66.614316 -85.194456 3813.030042
-53.283715 -85.033554 3814.871503
-55.849651 -82.384667 3811.686547
-52.542648 -80.803262 3815.058726
-52.075948 -80.562635 3815.202044
-50.413530 -78.973773 3814.735376
-50.252964 -81.023216 3814.844323
-55.000134 -77.351937 3815.023405
-47.748337 -82.189403 3815.377105
-39.278301 -81.538190 3813.912869
-37.927247 -82.018247 3812.587620
-36.074370 -84.170907 3811.819389
-35.699491 -85.627400 3811.747674
-35.139342 -86.738767 3811.754099
-39.841004 -86.002961 3811.730947
-39.899027 -88.483882 3811.744363
-38.836668 -88.966405 3811.730433
-44.989618 -89.541625 3811.749388
-43.977705 -89.921183 3811.836716
-44.309550 -90.719712 3812.311514
-47.430307 -89.440349 3811.736674
-45.236447 -89.148053 3811.724238
-46.794794 -88.096393 3811.747721
-42.940128 -86.071990 3811.731594
-44.267741 -85.731257 3811.718680
-50.072205 -88.387608 3812.102978
-48.923246 -86.358818 3811.705321
-41.786895 -86.186310 3811.736920
-35.590463 -81.423595 3811.734098
-35.803100 -80.874720 3811.736514
-33.863160 -80.315682 3811.740799
-34.809681 -77.761866 3811.710477
-35.561402 -75.939219 3811.936479
-35.096196 -75.226829 3812.713938
-34.205481 -75.256115 3813.626306
-34.693724 -73.988847 3814.677601
-36.992092 -73.281716 3812.903934
-38.071667 -72.031682 3813.287042
-39.289002 -70.664842 3813.304590
-40.377921 -68.448624 3814.741089
-39.378311 -66.351081 3815.006334
-39.659157 -63.874416 3815.536064
-41.469971 -62.371968 3814.836880
-41.668670 -61.437551 3813.474458
-40.987228 -59.922345 3812.429187
-45.021901 -60.374848 3811.703729
-46.115620 -60.320903 3811.705404
-47.003048 -61.922532 3811.706893
-47.032754 -65.014269 3811.713031
-46.483862 -66.621072 3811.716096
-49.263950 -66.006301 3811.809651
-48.112735 -70.058741 3812.003275
-46.816243 -71.535728 3811.824733
-44.484919 -73.905112 3811.711958
-44.488804 -74.540355 3811.867435
-41.862021 -76.653493 3811.740202
-43.147093 -76.638876 3812.339389
-39.512230 -80.532247 3812.674734
-38.570133 -77.965793 3811.727848
-39.598793 -75.978187 3811.737013
-38.421718 -76.332969 3811.736955
-40.853573 -72.859928 3811.701741
-38.430285 -74.706882 3811.700044
-36.482613 -73.863105 3812.772695
-41.766277 -69.954845 3811.818772
-41.527605 -67.606764 3813.621496
-42.688659 -66.038534 3812.734981
-43.824213 -64.009819 3811.834346
-42.490379 -63.145406 3813.069752
-45.044464 -62.807766 3811.695230
-45.236987 -66.449446 3811.709399
-45.830232 -68.088316 3811.719081
-44.464089 -71.155401 3811.724586
-43.001499 -72.556801 3811.728306
-41.370069 -66.109336 3814.829514
-45.999867 -91.492419 3813.208679
-51.300384 -93.472981 3815.283481
-166.932875 -102.229443 3835.034617
-170.689221 -99.227569 3836.400520
-171.282396 -98.733705 3837.750714
-171.739557 -98.346614 3838.608054
-172.874398 -97.372955 3839.490127
-176.060848 -94.515015 3840.148760
-175.094229 -95.402437 3841.023175
-178.149113 -92.535987 3840.582261
-180.211265 -90.500513 3841.773667
-178.842206 -91.476751 3842.276575
-184.038871 -86.140643 3842.250968
-182.201784 -86.898355 3842.292026
-182.505243 -85.882776 3842.291543
-185.181131 -81.872942 3842.291603
-183.807331 -82.254084 3842.291603
-187.026839 -78.938860 3842.291603
-187.497455 -75.973313 3842.291603
-186.056446 -76.793766 3842.291603
-190.406251 -70.248865 3842.291603
-188.245553 -71.907733 3842.291603
-188.493486 -69.980995 3842.291603
-190.463213 -65.840017 3842.291603
-189.061969 -66.164361 3842.291603
-191.929225 -62.451358 3842.291603
-191.800290 -59.687390 3842.292467
-190.437573 -60.381484 3842.229666
-193.937276 -53.646680 3841.834359
-193.376906 -54.718542 3841.729076
-193.786402 -53.952565 3840.581780
-195.539672 -50.421146 3840.741321
-195.149735 -51.231620 3839.509012
-197.968660 -44.973203 3840.256624
-198.005467 -44.884313 3838.828569
-197.764019 -45.462178 3838.275629
-200.829086 -37.388928 3838.232939
-199.331777 -41.413225 3836.901228
-198.743106 -42.472327 3836.554789
-199.562284 -37.983861 3836.793883
-198.443611 -38.700658 3836.641927
-197.360145 -45.869269 3836.634956
-196.571813 -48.207360 3837.445462
-196.915866 -46.723457 3836.640458
-195.197262 -51.132954 3837.737671
-193.401725 -54.690119 3838.311753
-191.422040 -58.300999 3839.650149
-189.920418 -60.858708 3840.916263
-188.251327 -63.919160 3842.234944
-188.474201 -64.876757 3842.293157
-187.125653 -69.108846 3842.291603
-185.355921 -73.914740 3842.291603
-185.117342 -76.396133 3842.291603
-183.379037 -80.463160 3842.291603
-182.860824 -83.176869 3842.291603
-181.752079 -85.286077 3842.291603
-180.954632 -87.584633 3842.291554
-178.601898 -90.064632 3842.291558
-177.360956 -92.597360 3842.294287
-176.851966 -91.774361 3842.291525
-174.582842 -94.895620 3842.294269
-171.863268 -98.167897 3842.225963
-76.359634 -80.139797 3811.666476
-74.632121 -78.014657 3811.714248
-73.993831 -76.148404 3811.712476
-72.974265 -77.193146 3811.709128
-72.129041 -79.812477 3811.686543
-71.080051 -79.179944 3812.001516
-70.040817 -78.162751 3814.535432
-69.905728 -76.114734 3813.688049
-68.640799 -73.236624 3812.844735
-67.299561 -72.503578 3813.114813
-66.759420 -73.239157 3814.867959
-65.468025 -70.204826 3811.688052
-65.996727 -69.437928 3811.697939
-64.456066 -68.664517 3811.697144
-63.429239 -71.135210 3811.816739
-62.489107 -68.032098 3811.719753
-59.846988 -69.362324 3811.712089
-62.081084 -65.717502 3812.326738
-58.524894 -66.998697 3811.709848
-58.059467 -64.715685 3811.697732
-57.013644 -65.273632 3811.681440
-55.893565 -65.963473 3812.007306
-56.938890 -61.226071 3811.844234
-55.857284 -60.571169 3813.712534
-55.513960 -63.562613 3812.940477
-56.418758 -59.880240 3812.634033
-56.435568 -57.777065 3814.146819
-54.133935 -58.726768 3814.974502
-58.840314 -61.201021 3811.696586
-61.467374 -63.864864 3811.851037
-71.951587 -74.651478 3811.688030
-75.639881 -83.663716 3811.710889
-70.479000 -80.606225 3812.628080
-65.359242 -82.043558 3815.385427
-68.343095 -75.564490 3815.269423
-53.682959 -72.098695 3813.703569
-52.327885 -68.637748 3815.209700
-53.739457 -60.053280 3815.309131
-28.864351 -62.553120 3811.696902
-165.625952 11.039258 3837.077223
-161.705822 11.989601 3839.974627
-159.973978 13.419875 3839.930860
-157.944368 12.987826 3839.928844
-157.325350 13.544015 3839.936864
-155.208768 13.204920 3839.945334
-153.002187 14.740827 3838.824911
-154.370020 15.106939 3839.067583
-151.117637 12.567664 3839.925901
-150.324939 13.999568 3838.077948
-150.298136 17.124748 3836.849088
-149.600741 13.580918 3837.852040
-148.729831 15.368776 3836.703930
-147.056024 17.319904 3836.847227
-149.483930 17.324251 3836.867555
-145.040520 15.576606 3836.744566
-146.158410 18.394507 3836.955166
-146.060278 19.442593 3836.788912
-142.203467 17.459919 3836.288271
-141.889558 21.162227 3836.784916
-142.915067 23.773580 3836.500298
-140.754001 19.895998 3836.623385
-139.176332 21.816643 3836.581002
-139.438516 18.613498 3836.575911
-137.449466 20.810000 3836.225923
-136.776009 18.916570 3836.488546
-135.150018 22.378650 3836.616589
-134.621048 20.466730 3836.415158
-132.842046 23.887709 3836.526165
-132.409312 21.669762 3836.593415
-130.553716 25.634958 3837.041940
-128.848867 23.575085 3836.520326
-127.622020 24.478423 3836.410693
-125.427196 26.351315 3836.958080
-125.846158 25.679267 3837.992621
-123.884840 28.481555 3837.516639
-120.770593 32.195179 3838.484039
-121.124342 31.811746 3840.148363
-119.355702 33.641601 3841.280719
-114.655436 37.339913 3842.272066
-109.049135 39.994931 3842.290259
-109.405231 38.907317 3842.267331
-106.357361 39.056451 3842.182979
-100.752083 39.990019 3842.074308
-94.780544 40.230371 3842.130653
-94.773058 39.092556 3842.145863
-93.966707 39.083019 3841.288676
-89.726355 39.569066 3839.857050
-87.532173 39.635016 3839.037032
-83.860180 39.464830 3838.559674
-85.291236 39.573593 3837.326727
-81.473153 39.164826 3838.060343
-80.419373 38.983893 3836.168916
-82.479115 39.310338 3834.830990
-76.804487 38.129969 3834.497355
-79.275724 38.753742 3833.340575
-75.976633 37.881744 3832.812152
-75.488526 37.725705 3833.677570
-75.178216 37.622541 3831.986772
-72.573465 36.641750 3830.578879
-75.466888 37.718353 3827.922899
-72.292524 36.523316 3829.582579
-72.345191 36.545932 3826.241395
-71.436580 36.144365 3825.376679
-69.050108 34.952364 3826.567584
-70.950286 35.918033 3822.565517
-68.467204 34.628892 3822.855791
-69.948944 35.426479 3821.192864
-67.515342 34.072248 3820.208869
-67.135031 33.839857 3821.071016
-67.320417 33.953583 3818.158906
-65.373779 32.679796 3818.371755
-64.748456 32.233565 3816.625764
-65.609813 32.843455 3814.101115
-60.715262 28.851299 3814.411010
-60.990735 29.114090 3812.346449
-59.356429 27.477635 3810.912833
-56.424515 23.980111 3809.630705
-52.449917 20.091939 3809.341437
-51.973158 21.222906 3809.324387
-49.260063 19.534051 3809.275146
-46.082876 16.072794 3809.253017
-43.352591 11.168823 3809.251214
-43.101773 11.538434 3810.182875
-42.590289 9.056676 3811.638232
-42.020350 4.623301 3812.891099
-41.902488 2.292328 3814.277159
-41.642605 1.447966 3814.784609
-40.886621 0.020608 3815.119131
-41.151681 -2.698758 3815.159961
-39.146346 -2.493132 3814.824199
-40.240568 -6.175175 3815.006606
-37.370746 -6.736818 3815.142195
-36.836298 -7.375165 3814.972523
-35.933966 -9.407290 3815.137791
-37.454403 -10.933361 3815.172208
-34.085263 -10.391683 3814.849751
-34.384777 -13.580465 3815.149573
-33.245556 -12.711927 3814.805582
-34.279549 -13.493696 3815.145837
-33.412945 -15.725660 3815.253521
-31.128343 -15.100962 3814.989287
-31.234097 -16.142091 3815.261147
-30.492649 -18.206208 3814.972158
-32.616981 -17.880363 3815.177337
-27.272415 -17.655753 3814.775147
-30.089963 -19.705850 3815.077309
-31.142160 -22.737518 3815.453019
-26.299316 -20.095612 3815.063785
-26.340877 -22.086613 3815.025003
-26.976930 -24.771791 3815.237920
-24.663577 -23.303867 3815.139716
-23.749100 -23.944705 3814.941050
-25.653097 -25.446284 3815.228543
-27.731416 -27.652320 3815.193439
-22.444616 -25.141171 3814.978112
-22.559580 -27.228676 3815.017468
-22.685257 -30.144837 3815.049045
-24.587881 -29.739337 3815.286296
-18.574964 -28.131541 3815.098578
-20.362888 -30.436139 3815.007870
-21.204277 -32.228078 3815.011504
-22.676957 -31.884137 3815.201752
-17.793934 -32.152962 3814.881322
-18.710673 -33.995196 3815.184738
-19.531891 -36.972530 3814.836573
-17.170386 -34.444895 3814.998291
-15.354748 -34.921325 3814.993257
-18.266577 -36.347287 3814.777087
-19.030332 -39.235837 3814.895087
-14.088259 -36.550188 3815.046245
-14.467117 -38.823575 3814.944918
-15.813908 -41.188200 3814.808109
-12.983970 -40.461911 3815.289613
-11.724427 -42.011345 3815.223549
-14.349095 -42.870471 3815.042937
-14.817157 -43.897339 3814.945649
-10.322095 -43.142432 3815.023339
-11.655373 -45.385716 3815.197009
-12.763440 -49.466856 3815.127831
-10.221750 -46.443155 3815.115726
-10.972097 -48.401859 3815.230939
-10.622921 -50.833629 3815.019951
-12.718188 -49.922732 3815.060253
-7.610167 -50.990515 3815.321491
-10.976483 -52.211669 3815.017294
-12.459361 -53.951361 3815.112011
-6.852686 -53.169146 3814.752477
-8.984792 -55.640039 3815.151354
-10.665496 -58.714797 3814.873483
-6.811939 -55.496652 3814.888202
-8.956756 -58.096475 3815.124331
-9.405436 -60.773007 3815.102334
-6.980030 -59.761105 3815.184765
-5.628191 -60.683960 3814.803157
-7.918027 -62.319453 3815.404041
-8.972656 -63.397804 3815.028073
-4.235164 -63.145979 3815.212518
-6.645487 -66.391783 3814.935747
-8.840624 -67.668059 3815.249614
-5.375455 -65.909399 3815.108989
-7.422145 -67.863481 3815.162829
-8.365870 -70.541030 3815.094122
-5.479212 -69.978381 3814.866160
-6.645728 -70.732875 3814.661730
-7.833905 -72.312878 3814.708363
-8.367808 -73.600817 3815.130469
-4.825840 -74.166845 3814.974168
-8.073994 -77.608535 3814.976370
-6.143657 -77.281984 3814.770315
-6.783777 -78.580502 3814.922091
-10.448953 -80.346017 3814.946733
-6.624229 -80.730371 3814.967803
-10.141355 -83.519351 3814.962509
-8.744289 -82.843300 3814.930189
-138.898475 16.963877 3836.592313
-136.459961 16.320146 3836.657042
-141.614264 17.971378 3836.595952
-142.908209 13.671167 3836.896249
-139.338531 13.319995 3836.586901
-143.602693 16.235257 3836.469047
-145.048161 12.021291 3836.654196
-142.631981 11.504178 3836.511267
-145.870272 13.704096 3836.434552
-147.515704 11.122937 3836.741618
-145.744655 11.075578 3836.571089
-144.311057 10.168137 3836.530974
-150.135806 11.001219 3839.535796
-153.262071 9.269710 3839.950880
-158.730023 6.294924 3836.636454
-154.793777 -110.524155 3841.190925
-151.812490 -112.267636 3840.069844
-150.281201 -113.123214 3839.169501
-149.825674 -113.373418 3840.026262
-146.860068 -114.939425 3838.360979
-142.991786 -116.839684 3834.837215
-144.158444 -116.285258 3837.798150
-139.664326 -118.352075 3834.155028
-139.547561 -118.402460 3832.457852
-139.449624 -118.444488 3833.365205
-136.563219 -119.658213 3830.922714
-134.168379 -120.605349 3830.932488
-135.975009 -119.898010 3832.762208
-131.864097 -121.465384 3828.226214
-133.760643 -120.762665 3830.242736
-127.934706 -122.817269 3825.271512
-128.111699 -122.758881 3828.829488
-125.753094 -123.508429 3822.353319
-126.255570 -123.352639 3825.649939
-123.741914 -124.108271 3820.669510
-122.132040 -124.564796 3822.962482
-120.195109 -125.085189 3817.861537
-119.325036 -125.304568 3819.901540
-117.358195 -125.785247 3816.335628
-117.190699 -125.824087 3818.788022
-112.736578 -126.787083 3815.256903
-115.631841 -126.180995 3817.460137
-110.106853 -127.277867 3815.998869
-107.168292 -127.759980 3813.574354
-106.292162 -127.891297 3812.776278
-102.895945 -128.344133 3811.325155
-98.324850 -128.807524 3810.153953
-96.057974 -128.387619 3809.244599
-92.501698 -127.281669 3809.252291
-90.459804 -126.141011 3809.252282
-88.282975 -125.335215 3809.252281
-86.327486 -123.932159 3809.252282
-82.917939 -123.662804 3809.252281
-80.819990 -122.371460 3809.252281
-77.895480 -121.230204 3809.252279
-73.605991 -120.104389 3809.252280
-70.041412 -119.810379 3809.252282
-65.853838 -116.700327 3809.602816
-64.605268 -116.442399 3809.891838
-59.344339 -115.296167 3809.779259
-57.883080 -114.935564 3810.666222
-54.687442 -114.073110 3811.603471
-51.101321 -112.991318 3812.193758
-50.220500 -112.705017 3813.725458
-45.766480 -109.593091 3814.888023
-45.115026 -106.744444 3814.953726
-43.866660 -105.491696 3815.185649
-41.676337 -106.348379 3814.918235
-40.218968 -102.869044 3815.180923
-39.366796 -99.369821 3814.858632
-37.982333 -102.109759 3814.834412
-36.739559 -98.569901 3815.015281
-35.590511 -96.814338 3815.157654
-31.869917 -94.093884 3815.148732
-148.640619 6.564743 3836.731630
-149.340460 7.268387 3836.665083
-10.209630 -86.913002 3814.823374
-11.191461 -89.036148 3815.127023
-11.588744 -91.168037 3814.967632
-12.709006 -92.425213 3814.342175
-15.385978 -94.505901 3813.593097
-18.356269 -96.676061 3811.862708
-22.573590 -99.526718 3811.723837
-28.450206 -103.084212 3810.400684
-32.499373 -106.376584 3809.249644
-35.837056 -109.844240 3809.252280
-37.248264 -112.563211 3809.252280
-39.066073 -114.241492 3809.252280
-41.906424 -116.213748 3809.252280
-43.968644 -117.723614 3809.252280
-47.620062 -118.979815 3809.252280
-48.851225 -120.678571 3809.252282
-53.816436 -122.932759 3809.252290
-56.171862 -124.537188 3809.249806
-59.465986 -126.201918 3809.655678
-61.838198 -126.710356 3810.862524
-64.172365 -127.157137 3811.516492
-66.416655 -127.544281 3812.793363
-68.870460 -127.922088 3813.291513
-70.821797 -128.186622 3814.975029
-72.367826 -128.378470 3815.805705
-77.118814 -128.846984 3816.657205
-76.702575 -128.811267 3818.370566
-79.921632 -129.039402 3817.988584
-79.631323 -129.021746 3821.216922
-82.797176 -129.173258 3820.017212
-82.147724 -129.150702 3822.649062
-86.274320 -129.249982 3823.101577
-84.224867 -129.216516 3825.828827
-88.309517 -129.253776 3826.209316
-87.808913 -129.257502 3826.854861
-90.894163 -129.211632 3828.107157
-89.883928 -129.236035 3830.028931
-93.030400 -129.139464 3831.209953
-93.034438 -129.139354 3829.354583
-95.393095 -129.018556 3832.216746
-96.592298 -128.936444 3832.236409
-98.139296 -128.821360 3834.356161
-98.954066 -128.749440 3833.671770
-102.079908 -128.435462 3836.422777
-103.710629 -128.241802 3837.883362
-105.934679 -127.944356 3837.202027
-109.503940 -127.380882 3838.490437
-113.483751 -126.636220 3839.890923
-115.605465 -126.188254 3841.393284
-119.150365 -124.610366 3842.295128
-120.052933 -123.734474 3842.291620
-123.344759 -121.398147 3842.291603
-124.726775 -120.896026 3842.291602
-126.122166 -119.068472 3842.291603
-129.797275 -116.833521 3842.291603
-131.442371 -115.024713 3842.291603
-134.037393 -112.919081 3842.291603
-137.755282 -111.057445 3842.291603
-140.925973 -106.900007 3842.294451
-143.619638 -104.669261 3841.130052
-148.019710 -102.212669 3840.612325
-152.835922 -99.233399 3839.230579
-153.734846 -98.154651 3836.776974
-155.496689 -95.454029 3836.987746
-157.573118 -93.057430 3836.498049
-159.096109 -91.758252 3836.676639
-161.042489 -86.842415 3836.535257
-161.868595 -83.204793 3836.500094
-158.882297 -84.418161 3836.405455
-160.900084 -80.955139 3836.454913
-162.728983 -80.441262 3836.173636
-159.049755 -79.643048 3836.330491
-161.914934 -78.137724 3836.303390
-163.036788 -77.442970 3836.527875
-159.533510 -76.454143 3836.350001
-161.472542 -74.402498 3836.273768
-163.695541 -73.305002 3836.568516
-158.806892 -73.723306 3836.291398
-160.503976 -72.003477 3836.079940
-157.386666 -76.306011 3836.419660
-157.762596 -79.848581 3836.372937
-157.481094 -83.405112 3836.575022
-162.876475 -69.018140 3836.673404
-150.295596 25.809484 3838.516617
-150.515134 25.415171 3837.281010
-148.873952 26.037468 3837.753496
-149.218516 26.695951 3839.426841
-153.840823 25.346105 3839.103791
-153.818947 23.447470 3836.791216
-155.972964 24.230981 3837.079431
-156.598774 21.990037 3836.725042
-157.987933 22.301818 3836.739491
-158.707870 20.161877 3836.520554
-161.899585 21.118820 3836.750184
-162.071001 18.036980 3838.501990
-163.685121 18.744477 3837.628046
-164.633340 17.490214 3839.887951
-167.008817 17.361539 3839.959048
-168.892004 15.648575 3839.945704
-170.406715 15.042200 3839.979542
-173.076261 14.748723 3839.663843
-173.651563 13.137115 3837.532729
-175.949582 13.985917 3836.831889
-178.284715 11.580220 3836.964946
-179.868840 11.185313 3836.720137
-181.031568 11.055197 3836.785664
-183.750589 9.606444 3836.869952
-184.299547 10.845290 3836.815086
-186.085818 9.443008 3836.649365
-188.701421 8.502633 3836.765482
-188.435211 7.583337 3836.844751
-188.367082 5.418853 3836.692826
-186.164948 6.934522 3836.689716
-192.558665 6.182487 3836.588229
-193.592212 3.634309 3836.769701
-190.760484 3.377346 3836.558261
-194.815414 3.585592 3836.446475
-194.631441 2.135299 3837.069725
-195.297629 1.198987 3836.834091
-192.872983 0.071969 3836.533915
-197.080447 1.492793 3836.778924
-198.808898 -1.541663 3836.755934
-196.904052 -3.175013 3836.903600
-199.472363 -2.347518 3836.644741
-199.794066 -4.104796 3836.800270
-198.583370 -3.732000 3836.752655
-197.148704 -4.343685 3836.947906
-201.322918 -7.403328 3836.677948
-200.753257 -9.397944 3836.440450
-202.449758 -8.006523 3836.680376
-203.010009 -13.041810 3836.540248
-200.873850 -12.856903 3837.078159
-204.337445 -13.757363 3836.610528
-202.981451 -14.945954 3836.819510
-205.013408 -11.198477 3836.886299
-205.117528 -17.463679 3836.878382
-205.902882 -14.519030 3836.825820
-205.895478 -16.337346 3838.432797
-205.426035 -18.973760 3837.113332
-205.190899 -20.610837 3839.792828
-204.334758 -9.171174 3836.606206
-204.687907 -3.913135 3836.793022
-202.942851 -3.755138 3836.801150
-201.713658 -3.535398 3836.727671
-201.313119 0.374260 3836.456745
-198.684799 1.320252 3836.947901
-198.200070 5.225194 3837.030311
-196.351010 2.957002 3836.749381
-196.057598 7.299259 3836.820070
-195.580304 6.661254 3836.751644
-193.163836 9.164913 3836.875355
-195.092520 8.452942 3836.999980
-191.461100 9.487776 3836.763154
-191.305331 10.658512 3836.531963
-187.321584 11.823373 3836.923404
-204.823234 -22.520769 3841.266841
-203.600446 -28.061395 3842.082895
-201.586478 -36.988536 3842.295633
-202.645590 -39.153427 3842.291603
-202.186964 -42.196541 3842.291603
-201.629770 -47.818123 3842.291603
-200.989908 -51.163069 3842.291603
-199.681940 -54.614858 3842.291603
-199.621343 -57.528056 3842.291603
-198.626515 -61.958862 3842.291603
-198.311823 -64.731691 3842.291501
-197.534263 -67.380306 3842.296238
-196.642037 -70.102386 3841.536784
-194.207058 -73.700576 3841.071120
-192.562945 -75.995466 3839.737212
-191.057135 -78.010158 3838.395839
-189.253314 -80.318076 3837.490808
-188.922371 -80.730886 3836.780162
-185.615813 -84.671453 3835.681910
-185.269579 -85.066577 3834.437983
-183.282065 -87.273636 3835.162804
-183.198285 -87.364103 3832.427533
-180.760178 -89.933522 3832.320130
-182.661004 -87.941808 3829.621375
-179.225159 -91.480938 3829.618406
-180.267708 -90.435477 3828.311879
-177.675721 -92.992012 3828.376085
-176.392735 -94.206184 3828.391358
-176.698225 -93.920328 3825.316651
-174.571537 -95.874786 3824.467408
-176.012899 -94.559495 3823.065854
-172.587006 -97.621481 3822.479388
-173.398599 -96.916386 3821.224307
-171.082656 -98.900163 3819.946414
-171.290843 -98.726736 3818.903680
-167.635547 -101.685145 3818.489957
-167.694831 -101.638757 3816.445280
-166.896397 -102.257629 3816.111693
-163.128443 -105.048100 3814.604183
-161.291954 -106.333967 3813.606901
-156.645096 -109.384594 3812.410900
-153.545574 -111.265725 3810.699398
-148.528431 -114.015466 3809.375957
-143.158914 -114.215919 3809.252281
-138.179472 -115.240127 3809.252280
-135.707360 -115.590876 3809.252280
-132.936031 -115.455097 3809.252280
-129.455266 -116.476588 3809.252280
-126.843303 -116.077920 3809.252280
-124.636155 -115.334527 3809.252281
-121.930706 -115.503851 3809.252283
-119.762389 -114.589544 3809.261986
-117.706737 -114.770014 3810.075977
-114.184438 -115.633880 3811.191685
-112.120643 -116.087066 3812.154677
-107.479084 -116.927948 3814.067570
-104.738847 -117.392981 3813.849326
-102.330504 -116.600657 3815.092809
-99.300792 -115.337780 3814.985350
-97.440981 -113.864799 3814.759634
-97.005327 -112.327183 3815.091399
-94.559146 -111.603430 3815.141010
-92.624688 -111.605730 3815.029266
-93.202161 -108.954837 3815.223629
-90.886651 -107.723267 3814.793918
-89.268249 -105.769297 3814.805142
-88.357690 -106.055724 3815.191688
-87.145119 -104.021183 3815.268128
-87.008980 -101.354010 3814.804765
-85.474198 -103.006585 3814.944544
-86.011099 -98.200840 3815.408411
-83.547514 -98.372912 3815.367769
-79.677681 -91.773137 3815.315511
-81.171977 -91.052976 3814.891046
-79.737925 -88.434458 3815.138336
-81.139222 -84.783109 3814.659667
-78.599903 -88.424895 3815.221391
-80.029335 -81.994758 3815.111836
-79.820180 -80.739239 3815.128960
-78.311762 -85.010077 3814.999017
-78.254312 -81.891173 3814.336753
-79.369347 -76.834061 3814.928444
-79.038219 -70.526542 3815.413865
-78.065298 -74.171147 3814.568740
-76.429523 -70.048036 3814.459565
-69.537526 -59.961689 3811.879796
-66.364166 -58.246690 3811.687665
-67.598643 -61.148797 3813.223837
-69.173635 -61.209878 3814.151597
-66.065131 -57.005836 3811.691320
-62.344421 -55.695446 3811.664921
-56.010655 -55.873584 3815.024156
-61.048196 -53.928287 3812.725262
-59.811384 -53.660699 3813.216772
-58.716927 -53.637480 3813.557037
-58.058761 -51.931547 3815.383565
-51.830895 -52.386174 3814.970753
-56.894169 -49.982475 3815.362810
-54.300709 -48.539886 3815.079922
-54.348107 -46.615880 3814.849787
-54.182025 -44.712712 3814.658723
-50.455607 -42.683520 3815.001533
-25.711023 -67.144123 3815.377978
-26.172751 -72.142543 3815.336044
-160.426329 -36.196654 3836.489784
-158.094244 -34.092499 3836.387615
-159.510020 -34.366427 3836.764601
-157.922747 -30.402576 3836.161540
-154.419027 -27.012267 3836.221438
-151.962102 -25.461517 3836.571607
-153.438828 -25.819648 3836.330999
-152.039721 -22.072262 3836.294973
-148.447734 -19.390366 3836.410076
-145.768736 -16.129187 3836.633504
-143.138565 -12.842963 3836.476610
-141.403000 -9.836462 3836.542246
-139.585599 -7.846572 3836.516787
-139.117742 -4.975263 3836.530525
-135.003338 0.065393 3836.846219
-133.037044 2.801918 3837.445753
-132.245395 9.713643 3840.368993
-129.887488 16.528064 3842.293644
-122.485584 24.303387 3842.109578
-113.760716 29.325903 3841.362827
-108.473540 33.426980 3837.518295
-106.918867 34.383117 3837.133573
-101.308794 37.072684 3833.075592
-100.447114 37.392323 3831.535586
-96.242965 38.627074 3826.352809
-92.973573 39.241959 3823.886034
-90.734537 39.497171 3822.879866
-89.922706 39.558292 3820.878971
-83.974568 39.475922 3815.266245
-80.545385 39.007604 3813.075891
-140.010751 -33.861365 3836.201513
-140.708370 -36.231006 3836.403249
-139.364098 -46.201144 3836.494243
-142.102415 -48.275674 3836.270187
-144.239973 -50.518671 3836.622041
-147.485436 -54.192089 3836.275533
-35.419258 25.829870 3815.056915
-35.041248 23.365291 3815.104752
-32.722408 26.241599 3814.915823
-33.154909 28.690855 3814.731109
-34.131610 31.329471 3814.608079
-57.631062 44.688553 3815.011948
-62.425221 46.193534 3815.064188
-64.348655 45.128230 3814.633908
-65.802468 47.075297 3814.556817
-67.400289 46.927676 3815.164828
-68.119912 49.561335 3814.471823
-68.533436 45.352552 3814.784706
-72.069391 47.997793 3814.904299
-72.479055 45.679297 3815.013672
-72.643799 47.590204 3815.011396
-77.255311 45.730699 3814.880377
-75.612717 45.063459 3813.998788
-78.172299 46.876992 3814.487202
-81.025094 46.203127 3814.351272
-82.454046 46.354496 3811.413690
-87.465038 46.632761 3810.583354
-91.274731 46.477246 3809.869796
-93.508123 46.239141 3809.974033
-94.086068 44.178575 3809.271599
-99.302177 42.285782 3809.318995
-102.143050 40.348147 3809.425771
-103.987715 39.672056 3809.412158
-103.593992 37.263436 3809.588779
-107.322297 34.522681 3809.614959
-109.934335 32.461562 3810.122936
-111.542769 31.232405 3809.729729
-111.974985 30.867334 3812.280564
-113.764234 29.305520 3813.836067
-115.996671 27.051356 3814.474924
-116.729889 26.224692 3813.468699
-117.250837 25.604817 3816.803245
-117.970956 24.706476 3814.259159
-119.464785 22.645794 3817.393389
-119.162764 23.085803 3816.044819
-120.308434 21.340627 3820.207748
-121.093553 20.013931 3819.165386
-120.568065 20.915445 3823.536033
-122.128365 18.051796 3822.078389
-122.099950 18.108391 3824.697652
-122.654619 16.936023 3825.998807
-122.996658 16.155324 3821.606377
-123.007697 16.129075 3828.267461
-123.536473 14.818608 3825.103059
-123.384548 15.208631 3829.438157
-124.522665 11.894690 3830.482591
-124.160192 13.061133 3826.266855
-124.753009 11.074175 3832.672869
-124.934089 10.375452 3828.948138
-125.364834 8.442338 3834.010216
-125.434278 8.073971 3834.775481
-125.798914 5.699259 3835.119085
-125.765656 5.967285 3837.234590
-125.947194 4.253186 3835.266621
-126.077519 1.621562 3837.916783
-126.055157 -0.411405 3838.809587
-126.005528 -1.405419 3839.268358
-126.747307 -2.769558 3842.147599
-126.844350 -7.243848 3842.106171
-126.083373 -9.024431 3842.052902
-125.933450 -11.184295 3842.021563
-128.611174 -13.499402 3842.269089
-127.553680 -18.090048 3842.290871
-126.308695 -20.334636 3842.290434
-125.617424 -22.192482 3842.293184
-125.606169 -23.982739 3839.422373
-123.263960 -27.232080 3838.456970
-122.541159 -28.121490 3837.512139
-119.649192 -31.286468 3838.580026
-120.336978 -32.245692 3836.312937
-119.593324 -33.664219 3836.345257
-117.783360 -35.444622 3836.536952
-119.104096 -36.450865 3836.502413
-115.678959 -38.893282 3836.451015
-118.056270 -38.867606 3836.326941
-114.472337 -42.329255 3836.695622
-115.399591 -42.499587 3836.478449
-113.228379 -43.567524 3836.301781
-111.989867 -43.286538 3836.598829
-114.112474 -45.812272 3836.410671
-110.080438 -47.144198 3836.400031
-111.201786 -44.285896 3836.625589
-109.800947 -48.541513 3836.692531
-109.767946 -47.523689 3836.425708
-109.691770 -50.339304 3836.284275
-106.140214 -52.402919 3836.567163
-105.131766 -49.765796 3836.421465
-106.005980 -53.578776 3837.934057
-104.064036 -53.628580 3837.866081
-104.289702 -52.580922 3836.556128
-104.420827 -54.391211 3839.363835
-104.872084 -55.722304 3839.962353
-102.333610 -54.961174 3839.777875
-108.739885 -53.708636 3837.360276
-112.863415 -50.587246 3836.306713
-115.327570 -47.281729 3836.393530
-126.218179 -38.326010 3836.441551
-105.737789 -56.015783 3839.964909
-106.643388 -57.723580 3839.936751
-104.217931 -58.212967 3839.947964
-103.189500 -61.937573 3836.580989
-146.206040 -59.097093 3839.837681
-146.058591 -64.985262 3837.855614
-149.225205 -85.957716 3836.723024
-149.747449 -91.015117 3837.497422
-27.338946 6.751846 3815.227954
-30.718132 9.034750 3814.942460
-29.167255 9.260165 3815.194031
-23.028212 -92.233120 3815.125376
-40.534164 -39.390248 3815.154678
-37.049935 -37.275244 3815.275869
-44.590023 -35.482373 3815.233906
-42.177030 -33.162444 3814.912683
-40.356168 -34.012519 3815.315932
-39.361346 -35.696737 3815.016663
-44.249322 -32.466346 3814.925698
-43.947099 -32.513766 3815.085205
-43.093598 -30.335427 3815.308532
-45.554982 -29.628666 3815.032693
-43.372437 -27.285156 3815.093357
-42.045659 -29.324936 3815.129867
-44.555453 -26.291955 3815.114224
-43.067917 -24.860835 3815.268570
-46.198329 -24.080075 3814.937617
-43.692007 -22.805480 3814.854277
-45.142466 -20.810095 3814.977793
-43.718642 -20.699360 3814.828760
-45.408391 -17.151773 3814.800820
-45.327134 -16.364529 3813.305764
-44.669123 -14.677468 3812.389136
-43.690446 -11.696425 3812.025399
-42.952060 -8.809448 3812.053954
-42.933922 -8.738306 3809.869896
-42.696174 -4.070546 3809.243836
-43.430767 -1.060587 3809.253533
-43.499624 1.609977 3809.254473
-45.703347 1.941910 3809.299504
-47.518349 6.058186 3809.334922
-48.903300 9.288140 3809.346420
-49.662945 11.164105 3809.338003
-50.677487 12.688459 3811.736575
-51.661829 15.431927 3813.125500
-52.586054 17.545656 3813.836417
-52.801587 17.994146 3814.917967
-53.114056 18.617472 3813.656523
-54.423677 20.970812 3818.137995
-54.074369 20.381390 3818.240970
-55.814519 23.114184 3819.634870
-55.236894 22.260852 3816.530414
-56.680090 24.305362 3820.934101
-57.206646 24.987622 3819.961165
-56.674294 24.297823 3824.452615
-58.790880 26.862447 3823.619438
-58.721570 26.786020 3826.046480
-59.410102 27.535146 3827.361597
-59.943753 28.088181 3824.003515
-59.998008 28.143007 3830.083672
-61.124017 29.239272 3828.136943
-60.848078 28.980012 3831.908981
-62.355307 30.342114 3829.808293
-63.359209 31.173656 3835.150959
-63.210577 31.053503 3836.394957
-63.806967 31.526313 3837.584476
-65.084398 32.476139 3839.184871
-68.325337 34.548243 3840.651205
-71.291560 36.076787 3840.796941
-73.438811 37.004472 3841.364866
-74.178045 39.690607 3842.038586
-79.672723 41.907842 3842.189993
-83.477047 43.096877 3842.245309
-86.118295 43.191849 3842.247465
-88.098629 45.949188 3842.295728
-89.489362 45.359070 3842.290930
-92.437190 46.367853 3841.494456
-93.965028 46.170309 3840.938127
-96.224494 45.791159 3841.280957
-97.018333 45.624376 3839.528375
-99.187190 45.103999 3840.678310
-104.230650 43.443642 3838.439150
-102.563316 44.059762 3837.781745
-106.785370 42.343107 3838.654597
-107.760093 42.083715 3836.637586
-109.155834 42.293157 3836.697204
-112.576530 40.130549 3836.563322
-112.311158 42.507126 3836.806963
-114.655674 39.397674 3836.381136
-117.382786 40.680640 3836.417973
-118.248800 37.921719 3836.699282
-119.855133 39.932419 3836.456811
-120.419999 38.197735 3836.635600
-124.195880 38.351783 3836.985450
-125.706420 37.411767 3836.782156
-124.523608 37.070280 3836.642962
-128.372336 36.859640 3836.776646
-128.603299 38.004564 3836.791725
-131.215781 36.163585 3836.859337
-129.702654 35.603096 3836.772406
-128.372226 35.265139 3836.681309
-128.615435 39.617822 3836.690055
-133.812229 37.261162 3836.758069
-131.361728 38.790943 3836.571060
-132.646288 38.769084 3836.820182
-135.538844 38.734357 3836.727276
-139.493562 37.681033 3836.784780
-140.888653 35.319259 3837.029197
-126.092330 41.553164 3836.613109
-124.583955 39.784808 3836.444187
-147.471724 29.066569 3839.916337
-86.603051 -94.932800 3815.264281
-86.414764 -94.293949 3815.414058
-85.220185 -90.640979 3812.227715
-77.931845 -69.665257 3815.141271
-71.980552 -61.504690 3814.608223
-72.587997 -62.019445 3814.865721
-72.877945 -56.483477 3811.677494
-53.173661 -43.463090 3815.250041
-51.251709 -42.964020 3815.093520
-62.811354 30.726471 3840.519273
-113.060657 48.171597 3836.584003
-144.197565 35.846621 3838.750672
-182.722400 20.768856 3839.970855
-90.592771 -78.999945 3813.523506
-92.002930 -72.399476 3811.694192
-89.906974 -76.916153 3811.694132
-92.266132 -63.891883 3814.903934
-92.614953 -54.894318 3814.717216
-50.094328 55.104189 3836.795764
-50.249294 55.428533 3836.807003
-47.550914 60.059897 3839.900233
-50.965981 62.524322 3839.900978
-51.401615 59.017594 3837.255473
-48.589039 58.631354 3838.946075
-46.638097 62.770072 3839.904912
-49.983782 63.065916 3839.875937
-52.649386 65.285186 3839.880553
-45.364050 74.705997 3839.881863
-62.623462 78.250529 3836.705231
-33.515038 38.314650 3839.853191
-34.551273 39.435142 3839.857701
-31.925641 40.197600 3839.849755
-31.157140 42.158391 3839.858446
-30.782999 44.478957 3839.732731
-29.720123 44.523920 3839.875235
-29.047984 47.117241 3837.825259
-31.960305 44.711583 3838.887211
-28.514838 48.028119 3837.211171
-30.756875 46.715511 3836.528530
-26.463511 51.049546 3836.498815
-28.624116 49.999698 3836.391509
-25.858386 52.889091 3836.472628
-26.410084 55.412558 3836.761991
-28.360362 52.377063 3836.519601
-26.094178 57.045104 3836.843490
-26.971523 55.992569 3836.742417
-27.080136 59.423873 3836.613400
-29.983163 56.899562 3836.693024
-30.136305 60.985729 3836.571604
-31.115385 56.826604 3836.779370
-28.943388 62.812519 3836.920483
-30.539874 62.368420 3836.817956
-31.456625 59.444949 3836.965703
-30.454297 64.774546 3836.481084
-30.943986 63.702235 3836.539634
-29.098242 67.768855 3836.515445
-31.370706 68.669030 3836.408305
-32.112907 65.754351 3836.539212
-30.283346 71.669534 3836.445766
-31.743699 69.215079 3836.698534
-29.621517 73.386736 3836.845468
-31.736168 74.735028 3836.621971
-32.624507 71.218755 3837.074715
-31.780575 75.901199 3836.737916
-33.056161 75.115650 3838.076025
-32.547893 77.188773 3838.860521
-33.150930 76.961078 3839.442468
-32.964672 77.606216 3839.341034
-35.609179 76.090942 3839.849354
-35.052885 77.668405 3839.854039
-34.853574 82.591328 3839.876222
-34.961920 85.356351 3836.974628
-37.261700 86.037036 3838.877215
-39.246303 86.122493 3837.727020
-39.724655 86.097938 3837.429727
-41.773248 87.064545 3836.452260
-43.077562 88.711915 3836.350154
-44.114348 86.182789 3836.717586
-44.455158 91.216261 3836.589145
-47.108939 89.210304 3836.549896
-47.320716 91.238097 3836.547941
-48.593472 90.959633 3836.630676
-49.885255 90.507820 3836.630536
-49.333453 87.985085 3836.749907
-46.790490 95.312268 3836.520133
-48.853098 95.099218 3836.941513
-50.933068 93.235728 3836.492116
-46.686501 98.771097 3836.713795
-48.884765 98.445361 3836.749815
-46.806353 100.013391 3836.327771
-46.181212 101.881676 3836.593131
-49.328363 102.017772 3836.497368
-47.631861 103.614697 3836.485183
-49.070054 105.288942 3836.930484
-50.941289 102.287433 3836.490159
-50.899239 101.089743 3836.574255
-53.296121 105.918697 3836.726860
-53.896851 103.395454 3836.614837
-53.335402 100.492282 3836.759152
-56.279535 106.636979 3836.886825
-56.963537 103.202169 3836.577404
-57.759718 105.814753 3836.678425
-58.354485 101.933007 3836.519807
-58.917933 100.643875 3836.713572
-56.907991 98.956843 3836.556707
-61.163280 100.869177 3836.516750
-59.017314 98.217182 3836.537052
-57.806727 98.797059 3836.588612
-60.492387 107.400702 3836.959457
-61.891053 103.928946 3836.763373
-59.451974 107.361980 3837.019956
-61.320811 110.471658 3836.814963
-63.730023 108.809421 3836.689356
-61.246526 111.065257 3836.647800
-64.707949 113.332208 3836.966781
-63.599709 110.135785 3836.725433
-65.730359 114.522195 3837.497684
-67.379153 114.062574 3836.520146
-67.591093 117.297074 3836.887475
-68.902700 116.052999 3837.175914
-69.068591 118.566110 3836.826161
-73.753151 119.304728 3837.103806
-71.849840 119.695438 3837.594435
-75.019063 119.910745 3837.482640
-77.197874 120.273123 3839.984884
-78.630085 120.388163 3838.657176
-81.864922 120.583482 3840.175741
-85.804063 120.695258 3841.644401
-86.046196 120.821611 3842.246724
-90.794822 121.383534 3842.293301
-91.677622 120.869404 3842.281638
-94.076937 122.273727 3842.291599
-95.326333 120.921986 3842.296445
-100.967785 122.269938 3842.291603
-98.630129 123.262782 3842.291603
-103.033341 122.022932 3842.291603
-105.480340 123.526512 3842.291603
-107.971698 123.470166 3842.291603
-109.139662 122.972982 3842.291603
-111.129446 124.542592 3842.291603
-112.891938 123.016877 3842.291603
-117.917156 123.958118 3842.291603
-116.272057 125.260272 3842.291603
-120.279810 123.623231 3842.291603
-122.843989 124.819719 3842.291578
-125.094618 124.463064 3842.291741
-126.746592 123.662602 3842.291560
-128.401577 124.704367 3841.960576
-129.506103 123.164452 3842.291837
-134.148615 122.677998 3841.069549
-131.875198 123.525836 3840.077463
-136.224214 121.860902 3841.040719
-137.326322 121.409420 3838.819003
-140.015273 120.262007 3838.231967
-140.930763 119.852374 3838.604104
-142.348661 119.205595 3836.261465
-145.170590 117.853144 3838.238947
-145.812488 117.535701 3835.877085
-148.325584 116.241502 3835.960601
-146.557048 117.158144 3833.012948
-150.981287 114.800189 3832.553826
-149.876157 115.409569 3835.631817
-150.668026 114.974357 3831.001948
-152.956303 113.676017 3831.962431
-151.473167 114.525019 3833.270241
-152.608260 113.877032 3827.890065
-156.557395 111.503171 3827.853770
-156.425676 111.585810 3831.069822
-155.207027 112.336032 3826.484138
-157.930067 110.633437 3827.353019
-159.074215 109.889350 3826.951553
-158.108139 110.518426 3829.370700
-158.225987 110.442504 3822.762119
-161.724569 108.099135 3822.549045
-161.282708 108.403962 3825.507428
-161.975395 107.925646 3821.523148
-163.035730 107.177864 3821.639234
-162.877682 107.290323 3822.847962
-162.328385 107.679267 3824.485821
-164.052889 106.446808 3818.273030
-166.324301 104.758687 3819.469312
-164.818497 105.887361 3821.589912
-167.200485 104.087320 3816.629067
-168.114124 103.373848 3818.651794
-169.097888 102.591440 3815.727090
-170.863652 101.146844 3815.035727
-171.848899 100.317630 3817.618078
-172.737356 99.556265 3813.463238
-173.428298 98.954632 3815.819236
-176.358623 96.302329 3812.698270
-175.005084 97.547130 3811.579211
-178.270477 94.482198 3812.644665
-179.189400 93.580590 3810.461975
-181.005644 91.748996 3809.938700
-182.084164 90.619863 3810.527701
-182.421717 89.081636 3809.249808
-184.133640 88.415159 3809.754233
-185.612840 83.760956 3809.252283
-183.787479 84.892677 3809.252280
-187.114117 81.791798 3809.252285
-186.089922 79.466431 3809.252280
-186.942564 77.625523 3809.252283
-188.341621 76.091980 3809.252280
-189.383586 73.080725 3809.252282
-189.924827 69.029282 3809.252280
-190.370328 66.256646 3809.252282
-192.298410 61.826237 3809.252292
-193.822717 59.033707 3809.252269
-194.536073 57.625347 3809.252337
-194.178069 55.252091 3811.171702
-196.839625 49.661508 3812.276744
-197.359417 48.473460 3813.322944
-198.206441 46.460706 3813.486611
-199.448200 43.310906 3813.593900
-198.516809 43.307444 3814.880182
-200.082478 41.599649 3814.071682
-198.272451 38.866991 3814.657320
-198.500302 37.386575 3814.883156
-198.271566 34.874645 3814.695120
-197.368816 36.100821 3814.892623
-196.837785 31.852466 3815.066823
-196.305457 32.214932 3814.973469
-195.425684 30.200555 3815.005166
-197.828208 28.976158 3814.641763
-193.839129 29.326476 3814.869575
-193.829244 27.333200 3814.623815
-197.012105 26.590936 3814.789877
-191.047196 27.092859 3814.881166
-192.110178 24.049354 3814.981042
-194.781667 24.166222 3814.753864
-189.915207 23.882763 3814.919391
-189.291637 21.819712 3814.886735
-191.884706 21.413429 3814.884988
-188.457742 21.155294 3815.085794
-189.255772 19.524686 3815.065628
-190.099145 19.640808 3815.000789
-186.501153 19.780061 3814.637600
-185.152599 19.734413 3812.684299
-185.287852 17.609623 3812.077949
-183.032371 20.190939 3811.641407
-182.381494 17.805921 3811.665704
-181.153651 20.407188 3811.638074
-178.907461 17.997817 3811.671525
-178.020233 17.215655 3811.671811
-178.100538 14.393383 3811.967987
-181.135325 16.058732 3811.645106
-173.815195 15.276614 3811.668931
-173.226952 13.091002 3811.785413
-172.984584 12.443290 3812.152669
-176.311852 12.660985 3813.338928
-170.290893 11.005148 3812.895077
-171.649943 10.651118 3814.740409
-169.446851 10.561003 3814.077374
-167.479181 9.552955 3814.801951
-171.821211 9.353662 3815.109689
-164.712630 8.078812 3814.572356
-168.210962 8.276379 3814.689753
-162.646164 7.492238 3815.040019
-165.047797 4.953411 3814.905273
-161.764438 4.650172 3814.874391
-160.612534 2.973690 3815.370413
-164.781807 4.195861 3814.593586
-158.710437 2.503188 3815.242466
-163.148905 1.427920 3815.192628
-157.315917 1.256492 3815.383269
-159.013804 -0.216837 3815.206847
-154.318221 1.736706 3814.768119
-153.877383 -1.337922 3814.979794
-158.563188 -2.238748 3815.290961
-152.037641 1.474620 3815.172051
-151.591813 -1.913661 3815.138102
-153.518117 -3.657781 3814.997276
-149.519887 -2.379717 3815.307770
-148.477858 -1.927537 3815.271235
-148.866338 -4.795574 3814.897965
-151.742564 -4.844888 3814.863871
-147.871826 -3.352460 3815.158499
-147.280522 -5.350842 3815.266135
-148.673023 -5.467797 3814.957236
-149.998247 -6.777557 3815.110001
-143.433637 -4.723426 3815.205880
-143.426350 -8.392993 3815.014588
-146.381902 -8.756698 3814.894352
-142.816795 -7.087101 3815.246027
-140.473735 -9.440634 3815.056786
-142.589096 -11.309075 3815.327843
-140.435193 -8.786038 3815.013181
-138.254991 -11.866687 3815.133264
-141.614377 -13.018951 3815.043732
-136.387677 -12.125255 3815.137411
-137.228560 -14.570827 3815.266496
-134.439869 -13.585678 3815.075470
-135.460420 -15.541054 3815.069007
-132.282239 -16.155831 3815.028128
-134.110080 -16.832421 3815.152047
-130.065099 -18.548352 3815.387867
-129.347237 -17.024026 3814.197614
-128.657728 -20.618378 3815.296282
-127.170937 -21.430540 3814.228012
-125.987351 -23.393699 3812.781437
-124.211409 -25.990277 3812.346340
-123.007061 -27.560074 3810.186228
-119.653529 -31.225706 3809.329105
-116.117806 -33.531349 3809.249096
-114.262277 -34.726078 3809.251200
-111.110897 -34.495600 3809.340582
-106.621228 -35.998881 3809.438843
-102.765816 -36.710718 3809.551672
-100.353886 -37.428932 3809.561911
-97.067055 -36.352685 3810.415740
-96.518491 -36.497316 3812.015188
-92.927449 -37.185605 3812.702734
-91.819543 -37.326201 3813.182058
-89.623180 -37.511036 3812.551105
-86.676841 -37.562754 3814.650398
-85.674312 -37.528447 3815.745918
-83.884886 -37.403496 3817.167540
-84.408103 -37.448869 3817.538414
-81.529420 -37.110623 3818.427231
-82.435541 -37.240261 3815.688040
-80.359628 -36.909483 3819.634928
-79.293974 -36.693831 3818.202850
-80.327978 -36.902962 3823.538169
-76.539850 -35.988712 3821.794548
-76.606353 -36.008056 3824.595441
-75.777192 -35.755171 3825.227989
-75.031529 -35.508530 3821.260992
-74.612328 -35.363822 3828.039167
-73.871332 -35.092682 3824.953301
-73.510721 -34.955318 3828.942993
-70.234817 -33.506343 3829.379732
-71.593953 -34.150820 3826.405748
-69.277746 -33.012091 3830.732804
-68.303653 -32.472082 3829.447847
-69.151568 -32.942961 3834.086327
-67.465216 -31.977869 3831.868481
-67.484211 -31.989650 3835.723316
-64.547249 -30.021596 3832.937062
-63.612015 -29.309622 3836.956518
-64.284274 -29.826395 3837.412018
-61.297435 -27.336848 3836.518576
-60.412604 -26.494279 3837.554962
-58.333957 -24.283987 3840.658938
-57.095243 -22.804163 3841.761763
-54.880247 -20.294742 3841.938048
-54.171643 -19.067763 3841.948114
-51.108204 -18.043659 3842.055805
-49.154717 -16.914441 3842.172027
-47.119092 -13.179187 3842.206941
-46.711548 -11.885925 3842.208364
-43.641631 -9.664339 3842.299030
-42.690792 -7.554123 3841.256586
-42.086566 -3.317750 3840.506887
-41.965979 -1.796277 3840.434725
-41.879742 0.729548 3837.767494
-41.901821 2.497764 3837.887967
-40.468948 4.811215 3836.570258
-40.412068 4.497578 3836.568196
-40.763043 7.051359 3836.446453
-39.164142 9.285719 3836.420373
-40.028560 9.808522 3836.458368
-38.298871 12.705802 3836.418276
-39.710434 13.484377 3836.469433
-35.021781 14.286234 3836.558629
-36.401998 16.632784 3836.727090
-34.937041 17.866226 3836.367064
-33.608865 17.043296 3836.600702
-33.322762 21.757518 3836.507805
-36.305771 19.543521 3836.461224
-32.022103 13.128761 3836.612059
-32.684732 16.624724 3836.180622
-31.809292 18.047277 3836.558907
-33.029370 13.473790 3836.586161
-31.239273 10.446478 3836.484282
-34.778273 9.444109 3836.480692
-33.671826 7.217127 3836.701488
-36.313746 9.993147 3836.193390
-36.721029 5.457961 3836.432356
-37.262893 8.071398 3836.632035
-37.970591 3.371039 3836.481234
-38.853589 3.619636 3836.473380
-38.654618 0.686590 3836.310557
-40.144362 -0.095514 3836.244200
-41.626290 0.794408 3836.540593
-41.527336 -5.139091 3836.692270
-42.286353 -5.041329 3837.781830
-43.067583 -9.314354 3838.941850
-42.693165 -7.546698 3840.397188
-43.813445 -12.139203 3841.542290
-45.223190 -14.971214 3842.293104
-47.816259 -19.050316 3842.292120
-48.396507 -16.845630 3842.228756
-51.122111 -19.928037 3842.134903
-53.363853 -22.304228 3842.084100
-56.792795 -25.437766 3842.100867
-56.590366 -23.336773 3842.030042
-59.840924 -25.915365 3841.657295
-61.915630 -27.895459 3841.008124
-66.057008 -31.081676 3840.256350
-66.676126 -31.487932 3839.187792
-67.486800 -31.990680 3838.293454
-66.127484 -31.129963 3836.150435
-71.559528 -34.136114 3836.899952
-70.655122 -33.712091 3834.491643
-71.064946 -33.907961 3833.957465
-72.287378 -34.456027 3832.564021
-76.418019 -35.952688 3833.822416
-73.320758 -34.880524 3831.113922
-77.318337 -36.209463 3830.654781
-74.313631 -35.256833 3830.025774
-77.602509 -36.286885 3828.630076
-79.882239 -36.816879 3829.724501
-78.769536 -36.576131 3827.132933
-83.182839 -37.330930 3826.275093
-79.113871 -36.653620 3824.236755
-82.688373 -37.272748 3824.836290
-82.285420 -37.220450 3823.306251
-83.295303 -37.344120 3821.622559
-87.534201 -37.570780 3823.160080
-84.587369 -37.462302 3819.965215
-88.933787 -37.543713 3819.476903
-85.665835 -37.528255 3818.876815
-88.971733 -37.542676 3817.839219
-91.058428 -37.404388 3818.617741
-90.870554 -37.421383 3816.065964
-91.545358 -37.355841 3815.683866
-94.256554 -36.971200 3815.780182
-93.905506 -37.032207 3813.542493
-98.287398 -36.026747 3814.228182
-99.300203 -35.716351 3812.774052
-103.432142 -34.120799 3811.823640
-101.566714 -34.901565 3810.371506
-105.737066 -34.436054 3809.572250
-110.501346 -32.637629 3809.510584
-114.609932 -30.554209 3809.395014
-115.936484 -31.135003 3809.295737
-118.591453 -30.116882 3809.254639
-122.453408 -26.565921 3809.251870
-125.500297 -23.629882 3809.253998
-125.872965 -23.573708 3810.491588
-127.223163 -21.324991 3811.698972
-129.224387 -17.317540 3812.611232
-130.746585 -13.363064 3813.889395
-130.879205 -13.596615 3815.208334
-131.420047 -15.076693 3815.396372
-133.019424 -10.196985 3815.187863
-134.283153 -11.397747 3815.391683
-135.374015 -9.892121 3815.207270
-136.708415 -7.080031 3814.984300
-137.642468 -9.895775 3815.202493
-137.642228 -5.995420 3814.753530
-139.653103 -6.263002 3815.367660
-140.921838 -4.870430 3815.074496
-140.426554 -1.945554 3814.883956
-142.321187 -5.287883 3815.178373
-142.565458 -2.374786 3815.106012
-142.560988 1.136949 3814.891617
-143.827278 -3.568896 3815.153032
-143.399346 -0.348039 3815.268344
-144.790021 2.863816 3815.105971
-143.128822 3.045603 3815.404466
-147.785736 -1.484093 3815.244677
-147.284137 2.017279 3815.137909
-142.632347 4.914773 3815.002471
-141.083980 4.895805 3815.194627
-142.379809 2.068264 3815.247993
-142.850655 6.673337 3815.301977
-139.273175 6.014985 3815.294613
-140.859740 1.994929 3815.281179
-138.935251 0.941677 3814.944980
-140.028065 -0.013390 3815.296350
-136.457412 0.820618 3815.146320
-138.065010 -2.494312 3815.091545
-134.922674 -2.537134 3815.342651
-136.749269 -3.082724 3815.130304
-133.428567 -6.465793 3815.010080
-132.727471 -5.034280 3814.844027
-132.085914 -8.458674 3814.195998
-132.502473 -9.005757 3815.114976
-131.253427 -11.743567 3811.322570
-129.833688 -15.865615 3810.627608
-129.233993 -17.298484 3810.553661
-128.281612 -19.338412 3810.065547
-124.529953 -21.096823 3809.298380
-121.849165 -24.211988 3809.328299
-120.782585 -25.945133 3809.306079
-119.086116 -27.362829 3809.319237
-114.439045 -27.552682 3809.486145
-111.806624 -28.966125 3809.682855
-109.324137 -30.794750 3810.700306
-107.347507 -32.065189 3811.135775
-104.490542 -33.621383 3812.100964
-101.986036 -34.741580 3814.195025
-101.732119 -34.843238 3815.572417
-99.386225 -35.688268 3813.350989
-98.591658 -35.937459 3817.159686
-97.535414 -36.238586 3818.499560
-95.874846 -36.647672 3819.226170
-95.810455 -36.662307 3816.165162
-93.871853 -37.037588 3820.063576
-92.780606 -37.205195 3818.735558
-94.372120 -36.950963 3823.659240
-90.262965 -37.470954 3822.607713
-90.947774 -37.415015 3824.822229
-89.561743 -37.514484 3825.578808
-88.411333 -37.559960 3821.933579
-88.710775 -37.551515 3827.826261
-87.085112 -37.568709 3825.223329
-87.752249 -37.569702 3829.030639
-83.654881 -37.380877 3829.948266
-84.965157 -37.488826 3826.479507
-82.454540 -37.242863 3830.996888
-81.508627 -37.106247 3829.805542
-83.444016 -37.359750 3833.995398
-79.067519 -36.643015 3833.202576
-79.074127 -36.644451 3835.167094
-76.683498 -36.030872 3834.767251
-78.191811 -36.437412 3836.091576
-75.674757 -35.721745 3835.256099
-75.261003 -35.586331 3838.569694
-73.940360 -35.119507 3836.571323
-71.370354 -34.049208 3838.151346
-69.695614 -33.231618 3839.412822
-67.034130 -31.712519 3840.345351
-64.669944 -30.382239 3842.201761
-62.233000 -29.931175 3842.192407
-58.700760 -27.711543 3842.174686
-57.049673 -26.150750 3842.129469
-54.099468 -25.496429 3842.220177
-51.906716 -24.423439 3842.279562
-49.179522 -21.568889 3842.292093
-47.866347 -19.710814 3842.294497
-46.001188 -17.917667 3841.016876
-45.168604 -15.976074 3839.777319
-43.823513 -12.145525 3838.889866
-43.438928 -10.794796 3838.798331
-42.324635 -7.957486 3836.505535
-41.189681 -7.997799 3836.384585
-40.289320 -6.394436 3836.654785
-39.832545 -3.424952 3836.288993
-38.218304 -4.044558 3836.240374
-39.710279 -1.139938 3836.396329
-36.340940 -1.290528 3836.400421
-38.492812 -0.939692 3836.579551
-35.234589 2.101359 3836.325081
-36.067812 2.976465 3836.409022
-32.553931 2.518804 3836.382970
-33.472726 6.033885 3836.586022
-31.232813 4.910702 3836.291298
-29.990337 5.796540 3836.462594
-31.830811 8.510683 3836.565692
-29.878946 6.228867 3836.502355
-27.947839 9.651755 3836.420315
-29.774550 10.822246 3836.250239
-141.522715 10.455852 3815.186443
-143.102271 8.572113 3814.783151
-145.551435 6.022801 3815.290568
-144.656951 7.861692 3815.044142
-152.423065 3.809659 3815.061873
-153.912022 3.756584 3814.954438
-151.403307 4.819748 3813.905678
-155.121800 3.866956 3814.814813
-155.131639 5.678232 3814.672693
-155.643291 6.055667 3813.659025
-158.282818 6.751084 3814.408207
-159.893011 7.281675 3813.793907
-160.010364 7.716777 3812.833086
-163.648454 8.661210 3813.170792
-163.420866 10.979375 3811.634851
-164.721860 11.041067 3811.638211
-166.761954 12.626005 3811.645571
-168.168972 14.090528 3811.668639
-169.463275 14.551698 3811.669110
-170.326107 16.141442 3811.662888
-167.612175 17.816635 3812.411776
-173.034921 17.378550 3811.651609
-171.982697 20.031430 3813.149442
-172.620361 19.747445 3812.669360
-172.994737 20.365147 3813.651124
-173.666682 21.375450 3814.850371
-171.973731 20.650605 3815.010423
-176.087420 21.668230 3814.713558
-174.161735 22.915082 3815.004267
-172.854234 24.921785 3815.106699
-179.321296 23.713095 3814.981591
-177.092162 26.559798 3814.784020
-177.417402 22.387329 3814.535114
-181.164289 23.560123 3815.075425
-181.347856 23.395307 3815.030094
-181.173486 26.860785 3814.933181
-184.012082 23.555980 3814.870814
-184.085739 26.003296 3814.934142
-185.587738 25.828193 3815.192441
-187.386483 26.236712 3815.093255
-185.634399 27.522775 3815.170132
-184.506264 30.394053 3814.985880
-189.178371 27.578704 3814.604426
-189.328038 30.502335 3814.809091
-188.551138 31.904357 3815.291589
-189.827736 31.277377 3814.802281
-189.860648 31.966504 3814.956942
-190.496754 34.622334 3814.918704
-190.047553 35.644599 3815.186762
-193.125559 34.316967 3814.840254
-192.226303 36.464541 3815.140232
-191.170598 38.003418 3815.004681
-193.935090 38.952863 3815.055066
-192.878928 43.457330 3814.967219
-196.361769 39.750968 3814.717994
-194.508706 44.696783 3814.900796
-196.727808 42.817361 3815.056931
-193.900401 48.306489 3814.942259
-196.080192 47.668660 3814.671971
-195.926145 49.670600 3815.096475
-195.439530 52.645507 3814.878769
-196.098598 51.297158 3813.962878
-192.935079 57.633215 3813.139813
-193.844611 55.905458 3812.225154
-192.676514 58.112156 3811.643599
-190.026323 62.747423 3810.524617
-188.745574 64.822082 3810.119232
-189.120377 65.967421 3809.250220
-187.066389 70.179311 3809.252318
-184.524655 75.518660 3809.252281
-183.496032 77.818916 3809.252280
-184.095161 79.536271 3809.252282
-179.766633 85.392497 3809.252283
-181.810223 84.370166 3809.252285
-181.333821 86.157008 3809.252285
-179.040885 89.487691 3809.252284
-180.563645 89.461740 3809.252284
-177.076555 92.233830 3809.252285
-176.359110 94.844128 3809.251928
-177.908256 94.395251 3809.267682
-172.415825 99.436720 3809.268714
-174.295530 98.189846 3810.025927
-172.736711 99.556709 3810.726635
-169.383587 102.360800 3811.441069
-170.298161 101.615999 3812.444961
-166.686768 104.482819 3812.060440
-164.811299 105.891798 3813.500078
-166.178373 104.869752 3814.545496
-161.331050 108.370711 3814.849829
-163.755781 106.661930 3815.744992
-160.805718 108.731476 3815.351917
-159.580775 109.554881 3816.833445
-158.520827 110.250822 3817.002749
-156.776624 111.365556 3817.698264
-158.346310 110.364273 3818.584016
-155.785760 111.981925 3818.614733
-153.454006 113.383708 3819.904540
-155.236204 112.318231 3821.182204
-154.138826 112.979885 3821.015120
-151.936257 114.261119 3821.160915
-150.719174 114.946230 3821.081783
-152.058086 114.191691 3824.502200
-149.835198 115.431878 3824.763239
-146.160920 117.359872 3825.478273
-149.678869 115.517498 3826.393553
-149.555825 115.584839 3827.617579
-146.388828 117.243752 3827.335741
-143.951996 118.449591 3826.983243
-148.461820 116.169375 3828.501130
-145.786051 117.548539 3829.782851
-142.875718 118.958302 3829.703018
-143.957190 118.446260 3831.735172
-142.896091 118.948667 3831.323471
-139.798362 120.356494 3832.501586
-140.170308 120.193220 3831.114856
-139.717885 120.391694 3833.785973
-135.541189 122.133894 3834.932944
-139.642590 120.424587 3835.304401
-134.803645 122.422430 3836.238002
-133.584038 122.892947 3835.286759
-132.361176 123.346957 3836.785701
-134.067690 122.708246 3838.595782
-126.844156 125.232944 3838.338112
-127.584966 124.995717 3839.848652
-127.938290 124.880019 3840.124785
-121.183670 126.885603 3840.662307
-122.435921 126.546497 3841.061533
-117.691409 127.773649 3841.337148
-116.939207 127.784597 3842.217607
-118.804156 126.018624 3842.291567
-109.800937 127.996894 3842.291565
-110.714512 126.392911 3842.291603
-111.226340 126.119697 3842.291603
-103.518729 126.768167 3842.291603
-104.381617 126.111207 3842.291603
-100.357089 126.621137 3842.291603
-98.985554 126.058802 3842.291603
-101.343637 124.144206 3842.291603
-92.161341 125.355503 3842.291603
-92.930695 124.185421 3842.291603
-93.462031 124.039305 3842.291603
-86.101537 123.759776 3842.291603
-86.843272 123.393679 3842.291603
-83.091457 123.211909 3842.291604
-79.872764 121.916145 3842.291601
-80.271096 121.162613 3842.294685
-79.821039 120.499241 3842.164812
-74.280829 120.041016 3842.092526
-68.960213 119.275178 3840.638599
-71.423324 119.634702 3839.847201
-68.779297 119.247289 3839.016941
-64.543931 118.498483 3838.018280
-66.325403 118.682108 3837.072982
-60.102202 116.624991 3836.667331
-64.590943 116.437752 3836.691884
-58.877599 114.947321 3836.762697
-60.926306 114.004872 3836.904036
-55.139491 112.315585 3836.737758
-58.233130 111.779881 3836.954227
-55.048930 110.466112 3836.652565
-56.878278 110.482171 3836.690099
-55.062010 107.856888 3836.862290
-50.032284 110.805883 3836.739102
-52.461809 110.211359 3836.904194
-48.724684 107.723816 3836.727788
-52.410806 107.477727 3836.471197
-49.331905 106.583732 3836.634015
-46.208746 109.820316 3836.589854
-47.401538 107.193437 3836.807240
-43.116001 107.324924 3836.905634
-46.722006 105.668230 3836.673599
-44.326631 105.447516 3836.607895
-42.632930 105.420426 3836.609362
-45.680896 102.337059 3836.494715
-42.635555 102.629767 3836.580948
-40.272215 102.532145 3836.604572
-45.069832 99.450068 3836.560577
-41.043373 99.569751 3836.580371
-37.858995 99.010310 3836.460497
-42.216540 98.580832 3836.605486
-39.118809 98.092660 3836.620272
-37.006963 96.400366 3836.667183
-38.735219 95.878105 3836.269502
-37.843467 94.966714 3836.651535
-35.317094 93.786349 3836.495185
-38.142559 92.759475 3836.370645
-34.356305 90.888980 3836.489128
-33.637202 91.768404 3836.539580
-33.292776 88.612110 3836.494737
-34.504679 87.506558 3836.592860
-31.547461 85.317517 3836.431116
-31.434272 82.535453 3837.143887
-32.133931 81.618786 3838.968927
-32.336222 80.441924 3837.530218
-32.033382 78.858243 3837.336382
-30.929114 78.965745 3836.691332
-36.675071 86.894795 3836.927418
-37.744716 90.310073 3836.588888
-40.786270 91.640621 3836.475600
-39.369890 92.128649 3836.576021
-41.467090 93.286915 3836.580537
-42.793359 89.888920 3836.429287
-41.185621 95.704674 3836.549507
-45.108036 95.220838 3836.745037
-45.467042 93.136196 3836.846625
-28.959178 87.596547 3836.371425
-31.198173 90.823048 3836.348520
-30.091833 86.323050 3836.614051
-28.903596 91.856345 3836.378823
-30.321453 93.706744 3836.376615
-30.376579 95.135990 3836.815146
-33.095698 92.898627 3836.461498
-30.415861 97.500115 3836.718606
-34.339167 97.661300 3836.453616
-33.560647 99.169367 3836.605066
-34.865111 99.781816 3836.676558
-36.145320 99.685021 3836.729872
-33.413641 101.397017 3836.819861
-37.552899 104.005189 3836.523073
-38.109653 100.765391 3836.554802
-37.219995 105.393417 3836.501822
-38.351901 103.750485 3836.730693
-37.978204 106.649682 3836.743110
-40.740397 106.717765 3836.749329
-39.875365 108.426262 3836.878688
-43.209739 108.817130 3836.853086
-42.512840 111.229463 3836.789452
-46.728734 112.222396 3837.062824
-47.143598 113.194874 3836.698443
-49.876424 112.864073 3836.820169
-51.368456 112.410959 3836.579020
-53.020104 113.717971 3836.652825
-56.792133 116.098727 3836.663447
-55.611725 116.349593 3837.561005
-59.630467 117.427985 3837.316795
-57.881699 116.999531 3838.863881
-61.982421 117.970450 3838.577117
-62.731618 118.128943 3840.298957
-65.577683 118.695154 3841.199124
-65.893979 118.754203 3840.665453
-68.805297 119.477413 3842.242472
-70.488453 120.505161 3842.292722
-74.270532 121.151072 3842.292367
-73.644201 122.489382 3842.291603
-76.053150 121.590837 3842.291593
-80.473617 123.804351 3842.291603
-78.561169 124.500549 3842.291603
-83.282548 123.826515 3842.291603
-84.741587 125.638312 3842.291603
-87.116798 126.211950 3842.291603
-89.116400 125.671725 3842.291603
-91.277518 127.332776 3842.291603
-92.212916 126.066010 3842.291603
-97.732980 127.525155 3842.291603
-95.291962 128.723465 3842.291603
-100.074780 127.332831 3842.291603
-101.987677 129.017822 3842.291571
-105.239312 129.162171 3842.293219
-106.390265 128.628721 3842.291660
-108.942076 129.546172 3841.660214
-110.265636 128.431466 3842.293464
-115.534173 128.265454 3840.763868
-113.157294 128.766610 3839.784511
-117.954054 127.707958 3840.640051
-119.968597 127.207250 3838.351999
-122.331169 126.575005 3837.756855
-124.435491 125.970540 3837.695483
-123.646452 126.199997 3836.284514
-128.189587 124.797204 3835.872296
-126.736228 125.267248 3835.085713
-128.926118 124.553742 3833.909501
-130.628940 123.968155 3835.885944
-129.946726 124.206446 3832.150879
-132.841382 123.169316 3832.198807
-133.312662 122.994111 3834.002719
-132.977849 123.118855 3829.982434
-135.378238 122.197800 3829.784553
-137.202148 121.460486 3831.979547
-135.080791 122.314363 3828.667978
-137.584509 121.302774 3828.043620
-139.862983 120.328297 3827.555563
-137.900150 121.171155 3830.332833
-137.963463 121.144411 3824.801993
-141.170518 119.744380 3824.296238
-141.021422 119.811547 3827.168268
-140.344726 120.115875 3828.411011
-142.498983 119.135148 3821.911708
-144.898194 117.987020 3822.687795
-144.760141 118.054697 3825.376880
-144.652859 118.107215 3819.790332
-147.052270 116.905172 3820.060516
-148.192591 116.312026 3822.121506
-146.447527 117.213857 3818.724845
-150.002393 115.340231 3817.843318
-150.405757 115.118666 3819.711523
-149.431896 115.651686 3816.174532
-153.056879 113.617287 3816.088257
-152.304757 114.050864 3818.588423
-154.438452 112.800827 3814.044512
-155.814022 111.964578 3816.462969
-157.928849 110.634260 3813.107432
-158.707490 110.129443 3812.370462
-162.078982 107.854537 3812.504055
-160.930344 108.646159 3811.075662
-163.615967 106.763167 3812.496720
-166.281647 104.787694 3809.683148
-165.440938 105.148131 3809.284601
-169.247433 102.468379 3809.569201
-169.684757 100.936822 3809.250224
-169.828326 99.610207 3809.252302
-173.041466 96.920587 3809.252296
-171.794058 96.332076 3809.252285
-174.739280 95.460959 3809.252288
-175.210866 91.479168 3809.252283
-174.274973 91.596525 3809.252285
-177.634739 88.831131 3809.252286
-178.143218 86.471500 3809.252285
-178.894708 83.597598 3809.252285
-180.684890 81.599609 3809.252281
-181.850662 79.178865 3809.252285
-181.372066 75.390148 3809.446971
-184.999820 70.414066 3810.189331
-186.473165 68.295575 3810.093565
-187.806386 66.294054 3810.454300
-189.549023 63.532998 3813.424834
-190.448562 62.039448 3812.908299
-191.864834 59.203316 3814.674406
-192.092787 59.175191 3813.233334
-192.219275 55.069827 3814.758932
-190.106006 56.320204 3814.712424
-193.172683 52.787628 3815.009800
-191.322290 50.909097 3815.146355
-191.229048 48.785184 3814.842973
-190.356151 47.966303 3815.141088
-192.759932 48.035675 3814.855249
-190.568787 44.397686 3814.646716
-191.722593 44.125550 3814.973678
-188.325561 43.855162 3815.209042
-188.334134 40.715425 3815.139178
-192.199696 40.623515 3815.073296
-186.784584 41.419603 3814.732930
-187.530049 37.664791 3815.038847
-189.993490 38.145355 3814.646765
-185.441083 38.350739 3814.812300
-184.370074 35.686337 3814.800293
-187.807782 36.194634 3815.172141
-184.246317 37.584426 3815.110849
-183.519030 36.074675 3815.014262
-183.813788 34.126733 3814.831315
-181.485353 35.845065 3815.269014
-179.909223 37.529871 3814.630802
-179.044548 36.485713 3814.153718
-176.359342 34.253334 3812.581770
-177.575277 33.134277 3814.857221
-177.992715 36.659531 3812.215408
-174.868162 31.566233 3814.094689
-176.077231 29.816845 3815.294334
-173.019601 30.107789 3812.704395
-173.860155 29.373787 3814.833253
-171.503902 27.885127 3813.053842
-172.153358 26.142922 3814.821536
-174.880996 26.410159 3814.829317
-170.223284 25.924275 3814.076448
-171.583343 25.711321 3814.778999
-168.505419 23.314031 3814.517515
-168.909131 22.515251 3814.898062
-171.008976 23.620428 3815.135798
-166.920578 20.550438 3815.049947
-167.351437 19.795131 3814.600024
-168.949080 20.779802 3815.213575
-164.563975 18.186985 3814.590802
-165.792086 17.848433 3813.291909
-167.387812 18.088417 3812.820469
-162.736140 16.923304 3812.847524
-165.882684 16.946949 3812.094281
-161.472289 13.778978 3811.655305
-165.117663 13.756973 3811.667863
-159.644563 10.537229 3811.661465
-157.685554 10.406896 3811.664921
-160.932930 10.362169 3811.642627
-154.360886 9.732755 3811.663691
-155.785193 12.984572 3811.662949
-159.148574 14.461921 3811.660696
-159.690444 14.781141 3811.671501
-159.581544 17.397708 3811.648993
-163.230951 18.502732 3812.967945
-159.783559 20.017231 3811.664550
-164.032414 19.792304 3812.756210
-163.257120 22.434142 3811.642247
-164.937726 20.823899 3812.695304
-166.038830 23.586008 3811.770971
-161.719950 24.139861 3811.661262
-167.690274 24.804111 3812.122934
-165.536248 27.014596 3811.666258
-168.380593 25.939921 3811.915196
-167.942338 28.633689 3811.663186
-165.735026 28.933705 3811.656645
-168.630300 29.904645 3811.666602
-167.345478 32.770947 3811.664463
-171.506951 31.985328 3811.644333
-168.225297 33.471089 3811.659586
-172.147807 35.586738 3811.666910
-168.889784 37.411380 3811.663833
-171.646941 38.519364 3811.665713
-172.598670 39.023779 3811.666582
-174.716137 39.426686 3811.668414
-174.960183 40.590654 3811.668892
-177.616663 41.603014 3812.059546
-179.077349 41.258587 3814.362683
-179.447156 41.616708 3814.575741
-180.469762 43.259836 3814.673595
-182.619788 41.238288 3815.305084
-181.022244 44.423672 3815.121341
-182.730176 45.072073 3814.560891
-182.699627 46.211154 3814.971021
-182.539837 48.014412 3814.987357
-184.390656 46.169774 3814.813772
-184.522138 49.475408 3814.905892
-182.625258 52.583910 3815.335645
-187.053003 50.581324 3815.143580
-184.091987 53.288334 3815.378029
-186.614290 53.862152 3815.187413
-186.627117 55.309373 3815.156108
-183.805395 58.557298 3815.085265
-186.089874 57.465811 3815.225375
-184.845825 61.197704 3815.023446
-185.966373 60.879597 3814.827247
-185.154827 62.441271 3815.055308
-185.870923 64.443553 3814.795139
-187.490128 65.285490 3814.840298
-183.909379 70.199660 3814.938412
-185.616569 69.551078 3813.899916
-184.667890 70.882912 3813.276378
-182.176897 74.224261 3812.846032
-181.191565 75.481628 3812.529787
-178.048292 79.275470 3811.444126
-178.604718 78.631771 3809.663336
-175.101543 83.150402 3809.262447
-172.718237 86.940548 3809.252168
-169.745273 91.082836 3809.252284
-170.180160 92.790765 3809.252283
-166.817123 96.066994 3809.252282
-167.838521 96.024799 3809.252281
-164.710773 98.258929 3809.252280
-164.976638 99.272356 3809.252281
-167.005580 99.526879 3809.252280
-160.517471 103.798992 3809.252280
-162.251049 104.283987 3809.252280
-162.198120 104.588765 3809.252280
-157.544425 108.761497 3809.252284
-158.563364 108.501257 3809.252330
-155.236613 110.872887 3809.252187
-155.148639 112.018363 3809.274575
-156.703934 111.411241 3810.632555
-149.957652 115.365355 3810.542089
-150.352075 115.148276 3811.771899
-150.788477 114.908142 3812.060568
-145.178698 117.849470 3812.866605
-145.744321 117.568936 3813.341749
-142.204674 119.272231 3813.417966
-142.642086 119.068097 3815.589605
-139.877836 120.322654 3814.871982
-140.348666 120.113298 3816.041512
-136.072129 121.922365 3817.302198
-139.134567 120.644089 3818.133210
-136.220069 121.862998 3818.677977
-132.059887 123.457871 3818.945464
-136.982255 121.550527 3819.830527
-134.242898 122.640596 3820.870087
-131.212731 123.763017 3821.021586
-132.765593 123.197343 3822.838866
-131.103242 123.801635 3822.672250
-128.898122 124.562806 3822.247197
-128.145727 124.811715 3822.811714
-131.565401 123.638742 3825.768201
-128.048823 124.843668 3826.704388
-124.144947 126.055324 3826.995409
-124.345587 125.997096 3825.851589
-128.310534 124.757284 3828.165134
-125.212581 125.738404 3829.259384
-121.042601 126.923680 3829.352282
-120.797649 126.989855 3828.335672
-124.775942 125.871199 3830.616487
-121.510398 126.797374 3830.846707
-115.981781 128.166228 3831.592941
-120.031588 127.190654 3832.941157
-118.950997 127.462066 3832.685559
-115.772304 128.213432 3834.010367
-115.725399 128.223807 3832.221864
-115.571127 128.257615 3834.374160
-111.006988 129.180473 3835.312162
-112.807433 128.836104 3836.500921
-111.622304 129.063581 3836.772749
-107.094813 129.835069 3836.237628
-107.582446 129.760913 3837.976066
-103.916375 130.279157 3837.717788
-104.162865 130.247174 3839.423234
-104.883203 130.153195 3839.722772
-97.926405 130.903415 3840.358201
-98.316627 130.870144 3841.098270
-94.675291 131.122111 3840.872983
-93.265480 131.184387 3842.090874
-93.697637 130.055165 3842.291805
-84.952062 130.553563 3842.295379
-87.034689 129.491527 3842.291586
-87.714891 129.201229 3842.291601
-80.424219 128.743914 3842.291603
-80.591456 128.026547 3842.291603
-77.123473 128.064801 3842.291603
-75.593527 126.816638 3842.291603
-76.447837 125.709051 3842.291603
-68.468213 124.724328 3842.291603
-70.147273 123.993689 3842.291603
-71.475201 123.856141 3842.291603
-65.042272 121.988335 3842.291603
-64.903569 121.271077 3842.291603
-64.464785 120.030645 3842.291597
-62.162347 118.887011 3842.293287
-55.007391 116.269174 3842.150662
-55.443937 116.350453 3841.117167
-50.819822 114.965081 3840.491292
-50.362758 114.815966 3839.456289
-51.554165 115.197746 3839.090606
-45.838836 113.239090 3838.472538
-46.824546 113.525790 3836.987085
-42.237543 111.836431 3840.057135
-42.279606 111.853799 3838.468406
-42.591451 111.983841 3837.703612
-38.395187 110.189919 3837.536750
-39.347197 109.719188 3836.686259
-35.178309 108.072050 3836.688615
-39.422145 108.023115 3836.798470
-32.193802 104.775542 3836.663040
-34.393067 105.525802 3836.449546
-30.044146 103.677462 3836.534493
-32.411622 102.833081 3836.640193
-29.120984 101.358880 3836.450823
-30.350202 100.653259 3836.546576
-26.280682 97.485104 3836.430685
-31.332933 98.688181 3836.597133
-27.157512 96.936107 3836.839416
-28.028380 96.344784 3836.743090
-26.054380 94.992827 3836.919062
-23.681728 92.302699 3836.508278
-27.832309 92.597835 3836.641067
-25.329095 90.915314 3836.543114
-23.065608 89.301908 3836.474871
-27.276228 89.715394 3836.368018
-25.513624 87.783677 3836.542830
-20.305162 90.053152 3836.656411
-22.255540 91.198661 3836.720622
-22.230623 88.085807 3836.724767
-20.014456 87.388600 3836.807366
-21.846898 86.451537 3836.485615
-20.597148 86.469225 3836.638282
-18.587465 84.918065 3836.541538
-18.375163 84.739732 3836.468110
-22.690565 82.561611 3836.612080
-19.680517 81.142209 3836.354543
-16.756253 78.941256 3836.581451
-20.137621 79.577494 3836.591288
-18.556010 79.214059 3836.459757
-17.414272 78.430224 3836.694674
-15.008221 77.053712 3836.522233
-20.586436 76.120080 3836.267404
-17.943249 74.190139 3836.617018
-15.210245 71.412155 3836.567928
-17.480090 72.037359 3836.319020
-16.970674 71.095750 3836.789331
-16.092910 69.266766 3836.538449
-15.141208 70.844818 3836.582876
-18.461433 67.754182 3836.689861
-16.303341 67.332699 3836.684011
-15.150422 66.640152 3836.811006
-18.974888 64.370227 3836.608246
-16.233533 62.679052 3836.802462
-20.538950 62.347661 3836.488518
-17.898830 60.619809 3836.504157
-21.502421 60.877850 3836.694048
-20.292775 57.927736 3836.830649
-20.891516 57.564577 3836.594862
-21.608875 55.958695 3836.543027
-18.706557 55.030232 3837.067379
-22.717795 53.751949 3836.851121
-21.792572 52.136813 3837.644326
-23.370907 51.258801 3837.002182
-23.579925 50.787120 3838.226348
-22.142326 49.548546 3839.866873
-25.141064 48.799963 3839.504189
-24.634971 46.667921 3839.843264
-26.838124 46.547549 3839.870597
-25.057166 43.320836 3839.848033
-26.183155 42.418927 3839.858719
-25.065682 40.527476 3839.264394
-27.248348 40.106881 3839.857601
-27.089436 38.506320 3838.601238
-29.381206 37.419389 3839.273606
-27.918486 37.632417 3837.097109
-30.074900 35.752327 3837.169493
-30.567082 35.994031 3838.288388
-29.470461 39.108112 3839.881759
-32.697577 36.968149 3839.885527
-27.752339 45.314302 3839.866856
-27.694614 47.790733 3838.953260
-26.137167 49.157041 3838.607165
-22.324505 56.093949 3836.533687
-22.256145 58.747859 3836.855965
-22.252132 63.016880 3836.866177
-24.311932 61.451237 3836.598459
-23.892743 64.250614 3836.871967
-26.659784 62.614383 3836.696712
-23.739108 64.491199 3837.047608
-25.540459 65.777001 3836.345422
-26.326205 64.869645 3836.288866
-24.215485 69.079665 3836.638514
-25.070015 69.167381 3836.628488
-26.209513 67.936005 3836.535848
-25.693469 71.498229 3836.649721
-24.281532 73.249586 3836.849679
-27.068728 73.007101 3836.247640
-27.500793 69.542191 3836.404921
-24.915171 76.520252 3836.382190
-27.828051 75.674031 3836.664724
-26.945941 77.542557 3836.391197
-26.003859 79.400093 3836.913062
-28.655895 78.021979 3836.660111
-28.793354 75.159794 3836.734166
-23.325766 80.870048 3836.856437
-24.562318 82.711111 3836.360816
-24.174984 77.628766 3836.512475
-21.392048 75.887087 3836.478390
-22.579030 75.661148 3836.672874
-21.084913 73.576991 3836.301926
-22.591601 72.856122 3836.503129
-20.765133 71.834231 3836.556350
-20.493993 70.737528 3836.684553
-21.101507 68.383566 3836.437205
-18.783951 67.277799 3836.452779
-21.331679 62.821069 3836.500631
-11.546566 69.338518 3836.661987
-12.754575 71.203648 3836.593440
-14.139196 66.856569 3836.565097
-11.747175 71.484562 3836.677374
-13.720292 73.797852 3836.265002
-12.597064 76.925191 3836.810794
-14.130075 76.979079 3836.475407
-15.805982 78.905710 3836.624994
-12.867466 80.641195 3836.536982
-15.534020 83.003649 3836.498690
-23.872209 84.199022 3836.481275
-13.885712 82.565530 3836.830118
-15.094733 85.161596 3836.540396
-16.254527 87.404467 3836.713126
-16.004121 88.569031 3836.886307
-18.647855 91.549802 3836.773913
-21.606414 94.017873 3836.679779
-21.504782 95.163474 3836.617077
-23.731239 94.958544 3836.864575
-22.333526 98.273409 3836.527684
-25.418126 97.543611 3836.778466
-24.148663 100.838521 3836.512576
-25.596757 98.886751 3836.787938
-28.472356 104.066311 3836.716309
-27.005212 104.141291 3837.053139
-29.992289 104.948988 3836.469118
-31.204532 106.666537 3837.658006
-33.053927 106.749792 3836.536014
-35.128535 108.661227 3839.081369
-33.920117 108.066026 3839.905669
-37.370553 109.723661 3839.319075
-39.541941 110.697861 3840.647388
-39.157203 110.526901 3841.538387
-45.557517 113.127504 3841.851934
-46.525304 113.495711 3841.854493
-52.089116 116.275646 3842.293474
-55.759106 118.182014 3842.291593
-59.306978 119.833190 3842.291604
-62.005631 122.154174 3842.291603
-62.077214 123.072050 3842.291603
-65.460922 122.838880 3842.291603
-67.421388 125.427107 3842.291603
-65.420289 125.495208 3842.291605
-69.909043 126.335511 3842.291603
-72.215722 128.033816 3842.291603
-73.672305 128.836542 3842.291580
-77.679570 129.423106 3842.291585
-77.182206 130.390369 3842.297464
-80.851557 129.365321 3842.291590
-83.057118 131.251346 3841.783965
-81.585930 131.187904 3841.191894
-86.741182 131.322688 3841.576541
-89.902847 131.301290 3840.256949
-91.113251 131.269216 3839.740250
-94.753822 131.117954 3839.326173
-94.567117 131.127515 3838.151193
-97.796490 130.914884 3839.379795
-97.278778 130.951741 3836.406868
-99.456742 130.768265 3837.932697
-98.787996 130.828424 3835.048153
-104.923208 130.148025 3834.684316
-103.474235 130.336148 3837.291268
-104.527593 130.199759 3833.132038
-107.710134 129.741223 3834.142603
-106.037222 129.993106 3835.576840
-108.656446 129.588709 3831.172869
-111.282141 129.128201 3830.357052
-111.078204 129.166953 3832.822594
-109.202476 129.496139 3830.146366
-113.243197 128.749635 3829.203186
-114.903796 128.402822 3828.907517
-115.779308 128.211973 3831.259239
-113.212498 128.755657 3826.971947
-116.803468 127.977208 3826.569900
-118.675640 127.530911 3826.615632
-118.388266 127.602766 3829.389026
-116.061890 128.147842 3824.143887
-120.412700 127.090966 3824.366543
-121.858373 126.703350 3824.418816
-121.535165 126.790677 3826.829044
-119.817013 127.245244 3821.602368
-124.413782 125.977007 3821.017386
-124.768548 125.873695 3823.485081
-125.023088 125.796337 3819.714585
-126.912474 125.211768 3819.151899
-127.035442 125.173211 3820.216251
-127.987458 124.863912 3817.741688
-129.335622 124.416632 3817.096573
-131.226685 123.757845 3818.529007
-129.589946 124.330769 3815.863434
-133.885876 122.778400 3816.018625
-134.351520 122.598798 3814.583392
-137.503796 121.336326 3814.154202
-135.371168 122.200876 3813.176779
-139.547213 120.465802 3813.362633
-141.816867 119.451570 3811.909690
-143.205673 118.803224 3811.237634
-146.036326 117.422452 3810.777178
-145.716290 117.591333 3809.805830
-148.834273 115.972072 3810.837545
-150.460212 114.114997 3809.249296
-148.459470 114.659666 3809.252209
-152.830772 112.323362 3809.252258
-154.107519 109.894134 3809.252280
-154.379474 108.897734 3809.252280
-157.223203 106.636660 3809.252280
-156.357092 105.767661 3809.252281
-159.741778 105.076450 3809.252280
-160.029632 101.961091 3809.252281
-158.300537 102.505323 3809.252280
-162.173169 100.294180 3809.252280
-163.305548 97.812488 3809.252280
-164.152383 96.337807 3809.252281
-166.971069 94.646099 3809.252280
-168.857995 92.454313 3809.252285
-169.583123 88.665892 3809.275757
-171.332995 86.428590 3810.033220
-174.788717 82.896932 3811.042493
-176.780003 80.719911 3811.303711
-178.734189 78.474719 3812.873674
-178.499715 78.751376 3814.173153
-179.617968 77.420909 3812.889420
-181.085384 74.202295 3815.119579
-180.819454 73.850551 3815.162147
-181.937012 72.809048 3815.151861
-180.827607 70.325287 3814.827315
-184.160258 68.186094 3814.571900
-182.493137 66.407146 3815.236716
-184.258404 64.942936 3814.799251
-181.072193 64.197443 3815.022160
-183.228309 62.814083 3814.764095
-180.846754 62.390379 3815.260758
-181.799836 58.486994 3815.098939
-184.657026 59.761268 3814.847539
-178.869055 57.757309 3815.046651
-181.316137 55.071187 3815.062858
-182.689309 58.020567 3814.980503
-179.020881 53.826192 3814.864566
-180.416756 51.628387 3815.153241
-182.458786 53.871320 3815.315851
-177.558770 50.624675 3814.726093
-179.498918 49.564220 3815.252481
-181.173431 51.088847 3815.200639
-174.837858 50.097390 3815.102132
-177.297165 48.931251 3815.006536
-173.073852 48.241560 3814.552795
-174.501334 47.684369 3814.978584
-169.895045 47.506712 3814.582946
-172.463334 46.121106 3815.274577
-169.635129 43.485836 3814.887878
-170.815978 43.357261 3814.313209
-168.877445 41.544662 3811.991466
-170.227277 42.066122 3812.013877
-172.652554 43.220370 3812.309542
-167.475652 39.353597 3811.644869
-166.304030 37.008459 3811.661855
-165.002837 36.288937 3811.656408
-166.704595 35.971333 3811.659648
-162.844964 32.060379 3813.197070
-165.273461 32.072715 3812.136575
-161.759375 30.474471 3815.028264
-162.041497 28.032510 3812.084534
-165.291216 30.981648 3811.758276
-160.705573 26.892807 3812.415365
-163.173060 26.812399 3811.635872
-158.327157 25.267362 3813.562399
-159.848967 24.111013 3811.650010
-158.244688 23.377421 3811.936397
-157.282929 21.869438 3811.819424
-162.087277 23.465237 3811.664809
-156.584102 19.592365 3811.621617
-155.701369 18.121902 3811.637224
-156.925232 18.206401 3811.661733
-153.342923 15.052110 3811.650340
-156.822643 16.604487 3811.663140
-154.379919 12.983950 3811.662418
-152.086049 9.913915 3811.662532
-151.495096 8.517141 3811.641733
-152.765833 7.207893 3811.636274
-157.064042 7.116549 3812.475605
-149.830322 6.808444 3812.432512
-151.704081 7.457515 3811.617504
-148.664011 10.210886 3812.542602
-149.051660 12.768900 3812.045457
-151.385786 16.170284 3812.452266
-153.461124 17.743043 3811.912753
-151.650233 17.476090 3813.657627
-153.406282 19.646656 3813.461649
-152.586819 19.520854 3814.641164
-155.819782 22.475705 3813.417602
-154.049289 22.509898 3815.115269
-156.098797 23.809713 3815.003204
-154.508317 25.084135 3814.997804
-157.632668 26.617010 3815.164014
-156.328701 27.834627 3815.105687
-160.715075 29.189139 3814.909283
-158.520067 30.670404 3814.170878
-161.138235 30.154388 3814.948153
-161.148114 32.039127 3812.898367
-159.933919 32.384752 3812.004820
-162.293546 34.679951 3811.620955
-162.741723 36.297578 3811.661351
-163.657633 39.041082 3811.645525
-161.976677 38.428501 3811.629431
-165.511050 41.026304 3812.378172
-164.955549 42.493304 3814.861864
-167.483218 42.205908 3813.058118
-166.483182 43.586638 3814.913624
-150.045759 6.213190 3812.490072
-166.453662 45.177640 3814.945297
-169.288002 46.594032 3814.768717
-167.863362 48.632364 3814.954101
-170.384312 50.523432 3815.257117
-168.172749 51.869772 3814.722923
-172.317845 50.894003 3814.959424
-172.053630 53.442642 3815.134922
-173.990917 51.499493 3814.923164
-174.176357 53.551439 3814.999884
-175.819557 54.185936 3815.101785
-175.645761 55.348035 3815.135563
-175.532429 58.125994 3815.301952
-174.571990 56.436772 3815.204495
-178.700497 57.335721 3814.887588
-175.682049 58.908521 3815.106262
-174.781812 61.070610 3815.332613
-179.882987 59.960645 3815.206469
-177.878426 63.175131 3815.073294
-174.937535 64.824055 3815.167208
-180.270661 63.671178 3815.022218
-177.561775 66.241402 3815.159879
-178.875955 66.651105 3815.166260
-179.553565 68.224745 3815.045895
-176.192218 71.487065 3814.892539
-179.662917 71.098495 3814.900819
-176.903724 74.214774 3814.914815
-178.144602 74.397376 3814.858873
-175.807767 76.392297 3814.723611
-176.890103 78.894135 3815.041191
-177.563120 79.227971 3815.129725
-176.063309 80.938917 3814.819134
-176.740163 80.764505 3813.531081
-172.065510 85.708654 3813.385813
-173.299261 84.457240 3812.400620
-171.675683 86.095746 3811.607754
-168.985322 88.676995 3811.886272
-169.104050 88.596927 3809.640880
-166.129829 91.915411 3809.268375
-163.965494 93.865183 3809.252569
-160.858769 96.596251 3809.249815
-157.333575 99.944087 3809.252304
-158.171754 100.292820 3809.252285
-158.298304 101.436167 3809.252280
-153.660292 104.186871 3809.252279
-154.335687 105.454433 3809.252280
-154.998312 105.557047 3809.252280
-149.430418 109.959884 3809.252280
-150.762210 109.342657 3809.252280
-150.298385 110.771879 3809.252280
-147.708019 112.406176 3809.252280
-148.562044 113.581929 3809.252281
-143.192181 115.888455 3809.252280
-144.064826 117.172644 3809.251802
-144.942191 117.378278 3809.251094
-138.298614 120.948096 3809.413689
-139.891651 120.304368 3809.644878
-138.594104 120.877049 3810.598577
-135.341406 122.212295 3810.701712
-135.659553 122.087656 3812.121852
-130.253912 124.099344 3811.824921
-130.361372 124.061711 3813.572038
-130.418645 124.041711 3814.282732
-123.582160 126.218659 3815.343566
-127.284809 125.094066 3816.494286
-123.090017 126.360345 3815.505849
-122.740957 126.460370 3817.452957
-121.379967 126.832643 3818.446060
-117.454954 127.827156 3818.135023
-121.289934 126.856951 3819.970908
-118.201829 127.647828 3819.933678
-113.306966 128.736441 3820.204371
-118.453149 127.586581 3821.184139
-115.717824 128.225109 3822.040796
-111.094578 129.163836 3822.596793
-112.520954 128.892838 3821.062322
-114.578372 128.471082 3825.097096
-111.352675 129.114809 3824.456804
-108.570102 129.603394 3824.678741
-109.103173 129.512980 3823.679086
-111.039240 129.174341 3827.480588
-108.143973 129.673194 3827.102099
-105.478828 130.072939 3827.170394
-105.715858 130.040639 3826.168462
-107.740647 129.736476 3830.198826
-104.312827 130.227661 3829.377031
-102.187140 130.487712 3829.558073
-102.301475 130.475167 3828.561555
-103.850413 130.287660 3832.024653
-100.231618 130.696260 3831.013460
-96.269622 131.023054 3831.020025
-101.521550 130.560895 3833.795457
-97.033556 130.969630 3833.908468
-93.546257 131.178893 3834.105140
-97.436424 130.940242 3835.503227
-92.259097 131.234091 3835.839842
-91.607172 131.254349 3834.974489
-90.612343 131.283397 3836.502290
-85.659053 131.307623 3836.801549
-87.904349 131.320601 3838.486416
-86.370317 131.314955 3839.031570
-81.040787 131.160434 3839.707411
-82.564474 131.228943 3840.466960
-77.675891 130.951561 3840.139402
-74.614458 130.689517 3841.295188
-76.565445 130.863034 3841.923645
-68.156927 129.822691 3842.042138
-70.788326 129.401180 3842.294757
-69.503929 128.462432 3842.291567
-64.269365 126.909671 3842.291603
-66.356496 126.502264 3842.291603
-61.367423 125.570406 3842.291604
-59.413931 123.624830 3842.291603
-61.188249 123.570741 3842.291603
-53.994273 121.064896 3842.291603
-55.830452 121.006775 3842.291603
-52.932988 119.142610 3842.291603
-48.374773 116.608920 3842.291603
-45.657467 115.314330 3842.291603
-45.532826 113.131944 3841.897966
-36.121876 109.157120 3841.897576
-31.570113 106.856081 3840.041013
-25.904789 103.664434 3838.025859
-23.222531 100.637014 3836.731267
-20.943410 98.804540 3836.737461
-17.444118 92.784066 3836.576626
-16.087179 90.698874 3836.817999
-54.288637 116.021647 3839.230517
-56.395455 116.608824 3839.951148
-59.658556 117.438749 3841.129991
-62.356607 118.112186 3842.033034
-65.060586 119.393193 3842.293833
-67.541263 120.684421 3842.291579
-71.315806 122.940567 3842.291603
-73.539483 123.945284 3842.291604
-75.595868 125.336622 3842.291603
-77.981108 126.138649 3842.291603
-82.344978 126.963599 3842.291603
-84.941832 127.611281 3842.291603
-85.520090 126.799944 3842.291603
-88.556967 127.749729 3842.291603
-94.446773 128.197890 3842.291604
-96.666231 129.124614 3842.291589
-101.342123 129.713064 3842.294591
-104.288793 130.236916 3841.776063
-106.655827 129.901562 3840.965193
-109.215164 129.494010 3839.747048
-115.629656 128.244574 3837.550501
-117.515035 127.813405 3835.874545
-117.091885 127.910795 3837.868355
-121.859405 126.703053 3835.199090
-123.495430 126.243779 3833.164296
-123.532497 126.233061 3834.217150
-126.272225 125.411476 3830.804582
-125.867280 125.537062 3831.843553
-125.875285 125.534593 3833.401006
-131.291383 123.735354 3827.665668
-130.992672 123.840445 3830.196116
-132.786432 123.189649 3824.635919
-132.464477 123.308733 3827.649909
-132.506933 123.293022 3828.550618
-136.330897 121.817367 3823.243724
-137.130690 121.489750 3825.795401
-139.599605 120.443810 3820.293566
-139.613460 120.438057 3822.590423
-141.629300 119.536676 3817.656445
-143.203711 118.804158 3819.859727
-144.545121 118.159967 3816.014091
-145.885295 117.498426 3818.917337
-148.555714 116.119653 3815.115774
-149.164054 115.795355 3813.394828
-150.057634 115.309958 3815.418582
-152.007158 114.220763 3813.514374
-156.382975 111.612737 3812.421314
-158.726273 110.117194 3811.290106
-161.973468 107.932042 3809.899297
-163.300621 106.047953 3809.250396
-164.621629 104.164590 3809.252329
-166.027366 101.737890 3809.252280
-169.392552 97.267737 3809.252280
-170.295133 95.698795 3809.252285
-172.671522 91.654367 3809.252285
-173.076918 90.979656 3809.252284
-175.055489 88.519773 3809.252281
-178.566991 81.977459 3809.252284
-180.602614 76.291932 3809.358560
-183.139363 72.962003 3810.877159
-186.439669 68.348378 3813.533700
-188.649253 64.900409 3814.813530
-187.942178 62.445887 3815.131546
-188.188482 60.147344 3814.974897
-187.613855 57.607752 3815.016460
-188.511888 54.723062 3814.848246
-189.320227 55.781712 3814.707172
-188.794210 51.849454 3815.097417
-186.811224 47.587423 3814.768323
-189.652086 48.849389 3814.802663
-186.653041 44.334440 3815.147377
-179.600641 48.759718 3815.119771
-184.253622 42.977937 3815.409250
-186.016906 43.678408 3815.170273
-182.535569 40.840871 3815.288436
-184.679433 39.664993 3814.834345
-180.281950 39.316856 3814.750541
-179.961122 39.012537 3814.560144
-176.941387 38.287898 3811.635524
-173.950536 36.675356 3811.668884
-173.742448 34.965482 3811.655563
-174.630067 33.281404 3811.929104
-171.137035 31.427166 3811.640227
-171.582414 28.472396 3812.622641
-43.444256 96.951564 3836.393490
-45.541193 97.223586 3836.501947
-60.662780 113.686138 3836.710290
-65.349436 116.397561 3837.099823
-67.355347 117.350416 3836.954998
-74.136829 119.969167 3839.541263
-80.656599 120.521496 3841.361840
-85.823615 121.322100 3842.295009
-93.277574 122.590501 3842.291603
-100.962731 123.577716 3842.291603
-107.434218 124.822437 3842.291603
-115.288676 125.571946 3842.291603
-119.420493 126.240046 3842.292301
-126.789646 125.250833 3841.006220
-128.902871 124.561184 3840.744226
-135.685390 122.077374 3838.282063
-141.909037 119.408782 3835.092310
-144.845056 118.013191 3834.092855
-148.002491 116.412810 3831.561395
-150.168910 115.248977 3829.316042
-153.953852 113.089008 3826.239444
-154.517967 112.752964 3824.062593
-157.089889 111.168458 3820.726413
-156.960660 111.249905 3822.680635
-160.550012 108.904042 3820.130377
-165.450100 105.417893 3815.300594
-168.788599 102.838737 3814.154139
-173.567908 98.830924 3811.453919
-177.829978 94.914679 3809.712515
-179.966237 90.215061 3809.252285
-182.587513 87.014346 3809.252284
-184.307794 81.468673 3809.252283
-188.307852 69.449037 3809.252280
-191.099613 61.587801 3809.270948
-196.381890 50.679081 3813.275210
-197.207389 47.109546 3815.027751
-197.726603 43.294032 3814.798747
-196.144652 36.310732 3814.944127
-195.428895 33.799437 3814.906716
-194.628535 30.874958 3814.784216
-185.047473 31.731631 3815.009111
-190.864956 27.710943 3814.642684
-188.452488 25.392246 3815.265490
-185.127917 22.970994 3814.425989
-185.757226 21.870215 3814.730469
-188.320803 23.421743 3815.177350
-181.567393 20.950656 3811.649985
-179.098576 21.258468 3812.302719
-175.311642 19.958483 3812.225716
-174.234495 17.573891 3811.653182
-177.429742 19.290868 3811.627505
-173.451683 16.435225 3811.670048
-167.216301 10.518368 3812.302296
-166.061514 9.309294 3813.784912
-162.631453 7.972763 3814.754903
-158.507506 5.233064 3814.835319
-149.104948 6.388113 3814.000350
-57.491580 107.931877 3836.385716
-30.091511 78.210441 3836.692463
-33.987412 35.858771 3839.889718
-36.130680 47.224180 3836.279821
-40.243614 71.525519 3839.774608
-38.528984 84.397261 3839.909561
-52.680169 91.931645 3836.908278
-187.710066 17.391852 3814.949638
-33.906046 22.498646 3836.507865
-28.404008 31.649808 3836.644921
-28.091985 29.471121 3839.451973
-14.054329 57.211748 3839.172835
-167.642306 61.403111 3815.047615
-148.576214 22.203313 3815.082958
-136.503660 22.627917 3814.968886
-136.968080 18.352555 3815.175554
-139.915258 23.887311 3815.156221
-136.067273 21.065367 3815.179657
-135.069145 20.187476 3814.912461
-135.070774 16.956559 3815.021723
-134.493426 16.208648 3814.993821
-136.803422 15.439168 3814.659424
-133.469308 14.125898 3815.056084
-135.765969 11.535724 3815.023312
-133.796131 8.821657 3815.156866
-135.255601 9.523157 3815.300323
-132.928877 6.025437 3814.896891
-132.752061 6.480360 3813.300765
-133.054383 2.542055 3813.038606
-133.075891 1.562913 3812.281145
-132.927599 -2.685212 3811.396934
-132.568050 -5.781389 3810.634236
-132.176209 -8.010207 3810.371036
-130.476334 -9.643431 3809.253797
-128.582855 -12.499194 3809.292266
-126.688488 -15.203597 3809.369136
-125.507822 -17.166451 3809.387893
-122.612982 -17.665018 3809.581422
-120.114415 -20.228954 3809.611435
-118.082161 -22.493463 3810.279910
-116.093215 -24.881925 3810.714585
-114.744057 -26.297075 3811.091307
-113.209881 -27.746163 3814.119638
-113.468059 -27.512183 3815.352569
-111.688083 -29.037024 3813.457872
-109.874380 -30.410595 3817.496412
-110.491088 -29.962213 3818.101312
-108.247064 -31.509313 3818.737943
-108.241048 -31.513282 3820.287626
-106.540773 -32.536789 3821.773999
-105.656665 -33.023388 3818.000757
-106.266360 -32.691183 3823.861062
-104.505346 -33.613789 3821.017357
-105.260069 -33.232609 3825.161992
-101.731339 -34.843607 3826.035255
-102.699158 -34.443766 3821.796188
-100.843476 -35.184170 3827.011881
-99.753294 -35.567505 3825.168120
-101.259556 -35.027353 3830.921385
-97.625989 -36.213524 3829.703422
-98.207203 -36.050231 3831.720878
-96.563832 -36.486550 3832.694811
-95.340410 -36.761870 3828.585483
-96.181086 -36.577391 3834.627104
-94.335145 -36.956982 3831.949477
-94.476409 -36.931246 3835.610871
-92.160627 -37.285893 3833.858600
-92.705384 -37.215352 3837.557027
-89.049990 -37.538856 3835.788100
-87.660287 -37.570780 3837.808449
-87.146517 -37.570003 3839.120933
-85.242770 -37.506244 3838.251347
-83.050879 -37.316866 3839.603269
-81.182568 -37.053907 3840.990551
-80.468804 -37.475820 3842.205713
-76.998184 -36.118185 3841.335587
-75.237153 -36.259921 3842.204896
-72.332558 -35.082423 3842.210161
-71.052416 -37.573411 3842.254588
-65.640945 -35.338877 3842.268022
-61.897644 -33.655989 3842.281374
-59.990198 -31.815361 3842.274662
-58.119530 -33.318491 3842.294406
-53.598039 -29.500693 3841.747626
-51.369544 -26.815933 3840.927200
-50.081977 -25.064988 3841.107098
-49.644594 -24.423714 3838.251907
-47.542871 -21.120388 3836.867489
-46.865960 -19.695895 3837.656606
-44.671913 -18.545792 3836.446965
-43.610010 -19.127708 3836.358036
-43.806045 -16.191458 3836.573238
-40.363733 -16.248028 3836.471081
-39.485068 -15.343182 3836.340113
-37.589833 -13.637543 3836.497386
-36.532447 -13.238808 3836.600318
-36.149005 -12.252496 3836.299627
-38.451705 -12.507164 3836.634049
-32.982365 -11.769247 3836.586153
-35.091634 -10.227406 3836.537417
-31.931357 -10.804267 3836.646604
-31.089693 -8.331956 3836.443249
-33.279574 -8.580926 3836.692712
-29.717024 -8.583702 3836.380867
-29.590434 -6.586201 3836.454923
-30.387513 -6.350636 3836.531877
-26.736147 -5.918778 3836.366662
-26.872111 -4.629642 3836.458832
-27.010158 -2.949406 3836.386171
-29.260237 -4.009127 3836.298253
-135.349657 25.522820 3815.167653
-138.989944 27.556418 3814.570972
-26.553599 -2.382142 3836.466731
-27.356305 -0.455267 3836.301306
-17.810013 -0.625609 3836.703205
-16.772044 -0.229839 3836.530945
-19.517671 1.656503 3839.520319
-13.529411 1.640529 3836.867077
-10.400563 2.881831 3836.944594
-9.947588 2.948314 3836.976546
-9.667946 3.393042 3838.865027
-6.955352 4.700704 3839.357588
-2.696817 6.249096 3839.799427
-0.837518 7.341368 3839.866510
-2.741857 9.775627 3839.845475
-0.059886 11.344693 3839.858535
2.524962 11.104424 3839.839960
2.488378 13.755468 3838.579791
4.389316 13.599163 3839.484754
3.515671 14.618725 3836.941677
5.393657 18.675384 3836.307946
17.164171 23.368103 3836.394500
16.492781 24.393565 3836.268599
16.392235 22.827230 3836.442687
20.815731 25.794949 3836.210518
21.974477 30.385961 3836.486527
23.298409 35.140725 3836.446021
24.667495 38.580998 3836.740174
24.671272 42.825318 3838.679147
21.057781 51.474845 3840.733335
18.246419 59.794584 3842.291647
15.692222 69.764992 3842.291603
11.778884 77.704090 3842.291603
11.091412 82.066155 3842.291603
7.747189 88.413644 3842.292001
4.697791 93.118651 3841.521733
-0.821426 98.327874 3839.547038
-7.005210 103.500843 3837.286127
-8.266524 104.479300 3836.058750
-10.844399 106.402558 3833.775166
-13.579315 108.338280 3832.297336
-16.093301 110.026745 3830.354879
-18.307287 111.444684 3828.463002
-22.272490 113.833374 3826.206981
-22.607394 114.024690 3825.094728
-23.983365 114.804210 3822.851350
-27.959188 116.932621 3820.718769
-31.058525 118.474221 3819.212397
-33.023109 119.397248 3816.964545
-38.491162 121.761709 3815.045370
-44.287613 123.953552 3813.310103
-49.460865 125.651378 3811.204469
-55.089300 127.187494 3809.391015
-67.166587 127.332389 3809.252284
-76.121150 125.214037 3809.252280
-83.796372 123.088574 3809.252280
-90.254539 121.058058 3809.247941
-95.818563 120.423953 3810.719170
-102.902130 119.717097 3812.994813
-105.525369 118.389964 3814.655750
-114.063049 114.157991 3814.839432
-114.205106 112.978075 3814.788349
-118.044387 109.191871 3814.842644
-119.375845 106.109185 3814.784269
-122.616780 100.782915 3815.124605
-123.482247 98.081838 3814.983159
-122.649907 95.857974 3815.026341
-123.111823 92.024982 3814.765153
-121.853445 88.416833 3814.683532
-127.485877 84.531465 3811.662195
-121.985750 85.732503 3814.723835
-125.978334 81.086795 3811.644553
-130.674904 84.305308 3811.660986
-119.473587 82.275987 3813.014159
-119.385386 79.327374 3811.628956
-115.199081 72.221616 3811.655897
-117.814342 72.910573 3811.634358
-134.143429 80.781978 3811.658954
-134.422047 82.195223 3811.649789
-131.596624 68.485181 3811.650897
-129.971954 66.226667 3811.650088
-134.126343 67.365791 3812.053914
-129.722518 63.943315 3811.650386
-131.465605 62.393536 3811.644138
-132.042385 61.710049 3811.626286
-134.422419 64.248556 3812.705900
-131.810696 59.161244 3811.623094
-133.853549 59.424973 3812.815987
-134.049590 62.047460 3812.666932
-132.660407 55.779446 3811.798510
-134.190239 56.731084 3814.230545
-134.859843 60.092450 3814.872827
-133.806766 54.367345 3813.920420
-135.140919 55.604489 3814.888701
-131.137858 51.251266 3811.621607
-131.379170 54.814524 3811.624217
-132.240944 50.647760 3811.980560
-132.147295 48.765857 3812.043081
-133.245258 47.480406 3814.177574
-133.200161 49.665543 3813.870962
-131.175454 46.438403 3813.499226
-131.386057 45.366692 3814.591273
-130.450763 44.269126 3814.648698
-133.526025 44.254039 3812.455394
-128.465839 42.946325 3815.150624
-131.284898 41.132774 3814.682000
-132.574520 42.811981 3812.397145
-128.906370 38.807508 3814.918273
-131.493496 38.928633 3814.585268
-129.702077 37.139979 3814.921199
-130.469039 35.010465 3814.992924
-131.330349 36.882710 3815.150196
-128.589701 34.791195 3814.780738
-129.666106 30.953783 3815.153867
-132.728073 32.222869 3815.178543
-128.398684 29.685097 3814.868311
-130.633635 28.862534 3815.081885
-128.189931 27.184722 3814.644964
-130.201448 25.899305 3814.902756
-127.496941 24.186182 3815.236270
-130.575015 21.234811 3815.231296
-129.150182 19.537697 3813.908753
-129.746654 18.144549 3813.146793
-130.196509 16.983166 3814.049133
-131.483450 12.991717 3811.036291
-132.182202 10.041119 3809.861455
-132.708755 5.125323 3809.302004
-132.713388 3.181186 3809.291791
-130.624564 0.307875 3809.298064
-129.335719 -1.746412 3809.427628
-128.293152 -5.559470 3809.470379
-128.084531 -7.133053 3809.470789
-124.982977 -9.259984 3809.639458
-124.167022 -10.975662 3811.046538
-122.726184 -14.710962 3811.771772
-122.151716 -15.940096 3811.879699
-121.627599 -16.970725 3812.891802
-120.348422 -19.211204 3815.439346
-120.547224 -18.884965 3817.236642
-118.974492 -21.290165 3815.410124
-118.097771 -22.478463 3817.907083
-118.056627 -22.531675 3816.533896
-116.795890 -24.083311 3820.320905
-116.144331 -24.824967 3818.877827
-116.264481 -24.690899 3823.124480
-115.088186 -25.949651 3821.568228
-115.645267 -25.367794 3824.437206
-113.086394 -27.856833 3826.234845
-113.527011 -27.459253 3822.636588
-112.158025 -28.652656 3827.651102
-111.072312 -29.522484 3826.473644
-112.402052 -28.447625 3830.195411
-109.780037 -30.478380 3829.882887
-109.853344 -30.426463 3831.498388
-109.030382 -30.995849 3833.169715
-107.364659 -32.055544 3829.592014
-107.349767 -32.064707 3834.963831
-105.679913 -33.011227 3832.546687
-105.484882 -33.115508 3836.567632
-105.353227 -33.184735 3833.712347
-102.526255 -34.517756 3838.207113
-102.903449 -34.355526 3838.924974
-99.750620 -35.568483 3838.133334
-99.091047 -35.783681 3839.662430
-98.714639 -35.900314 3840.889590
-95.806239 -36.661689 3840.770892
-96.224778 -37.337230 3842.087604
-93.658021 -37.623725 3842.142914
-90.972896 -37.410801 3841.295594
-89.099568 -37.612864 3842.185730
-86.981515 -40.553456 3842.237725
-84.254248 -41.732397 3842.280515
-78.463046 -41.497373 3842.289204
-76.039218 -40.714326 3842.287447
-73.075013 -41.800185 3842.277638
-70.661192 -41.360539 3841.634950
-64.843983 -38.556210 3841.187938
-62.843855 -37.345419 3841.324344
-60.705689 -35.882129 3839.142198
-59.229607 -34.764069 3838.381020
-57.086396 -32.963614 3839.250087
-54.816903 -30.784424 3837.541414
-53.319502 -30.850788 3836.613041
-52.823498 -28.603438 3837.137295
-49.768118 -29.018697 3836.869173
-49.069504 -29.650953 3836.475278
-46.493033 -26.245407 3836.623189
-45.119069 -28.029111 3836.400701
-44.418407 -25.733627 3836.351764
-42.767460 -27.395208 3836.598353
-39.964826 -24.488789 3836.429164
-43.439208 -24.177614 3836.259360
-37.478790 -24.704179 3836.805342
-37.913967 -22.312244 3836.564151
-35.273512 -23.847233 3836.384399
-35.057038 -22.254686 3836.211829
-36.123874 -21.992162 3836.610461
-32.651643 -22.251637 3836.660101
-30.109234 -22.091013 3836.456578
-31.252597 -19.591546 3836.453684
-34.142841 -19.844482 3836.534728
-26.940665 -21.296493 3836.647323
-26.483345 -17.908011 3836.286054
-30.630266 -17.390931 3836.416694
-25.314883 -19.274306 3836.742483
-23.465879 -17.870246 3836.633082
-25.897092 -16.103038 3836.475476
-21.460309 -16.745195 3836.481954
-22.453117 -15.528723 3836.377566
-21.656519 -13.999512 3836.485766
-24.245794 -14.434821 3836.562081
-17.657280 -16.105496 3836.455513
-16.900863 -12.840434 3836.477690
-20.287152 -11.653737 3836.508709
-16.168084 -13.644040 3836.514373
-15.666668 -11.621486 3836.681883
-16.339649 -9.760927 3836.310533
-18.362678 -10.814958 3836.514637
-11.492350 -11.433659 3836.284703
-11.520840 -7.684219 3836.391359
-15.441866 -7.733276 3836.660056
-10.180332 -9.615737 3836.392491
-9.018416 -7.189475 3836.497201
-11.591697 -6.218702 3836.297040
-7.412306 -5.588151 3836.204758
-7.682498 -5.063343 3836.316470
-8.862648 -5.125047 3836.566379
-5.577651 -4.406952 3836.329839
-5.995941 -3.120465 3836.507102
-6.910644 -2.472934 3836.299099
-2.986206 -2.806147 3836.396838
-1.855263 -1.110040 3836.412314
-5.948714 -0.285788 3836.538496
0.457813 -1.136343 3836.228846
0.089311 2.051379 3836.404410
-4.165487 0.739114 3836.438216
3.743920 2.450053 3836.683171
-0.228274 2.730708 3836.295753
4.980560 3.333329 3836.320863
5.021599 6.291086 3836.781026
1.219009 4.738005 3836.698832
8.181038 4.570873 3836.425294
10.492539 1.979937 3836.546178
10.190627 2.986872 3836.379188
8.797229 2.440740 3836.377496
9.375816 1.009153 3836.494086
8.730565 -0.497456 3836.480768
5.029196 1.362491 3836.299572
6.594430 -1.001000 3836.400166
7.148708 -3.703555 3836.421082
2.192615 0.511254 3836.442141
3.045105 -2.677889 3836.350794
3.299640 -5.595388 3836.259803
1.791842 -1.797833 3836.317252
0.421786 -3.828553 3836.380603
-0.293898 -7.036455 3836.347914
2.255504 -7.407253 3836.435717
-2.058131 -5.680546 3836.500458
-1.866512 -7.840422 3836.391577
-0.797032 -10.126010 3836.471714
-3.256029 -6.455017 3836.226484
-3.348203 -9.044959 3836.447422
-4.986187 -11.861000 3836.189970
-4.150366 -11.718074 3836.318717
-7.966774 -8.782612 3836.307679
-7.088883 -11.966663 3836.798673
-7.962640 -14.380358 3836.431820
-8.892300 -11.784702 3836.390102
-10.535923 -11.826501 3836.440454
-8.546427 -14.378750 3836.425543
-9.304977 -17.385570 3836.284339
-12.195713 -12.832631 3836.580774
-11.452584 -15.752698 3836.363393
-13.653632 -17.630553 3836.643282
-12.340819 -17.836008 3836.768201
-15.585659 -15.240205 3836.293722
-16.760556 -17.653829 3836.505522
-17.546934 -20.970278 3836.522092
-17.556495 -18.567277 3836.379631
-18.051093 -19.548983 3836.460510
-17.899346 -20.446198 3836.520520
-18.811322 -22.836039 3836.480318
-21.031489 -18.662754 3836.586278
-21.149683 -21.911552 3836.237737
-23.210365 -24.051818 3836.267567
-21.710687 -23.519741 3836.339753
-26.556118 -21.737498 3836.553381
-24.537679 -24.217558 3836.666082
-25.909912 -26.686916 3836.591061
-28.703870 -23.145528 3836.295622
-30.382314 -24.022500 3836.613127
-30.202092 -26.443335 3836.437395
-32.094426 -25.080282 3836.561609
-32.597935 -26.340262 3836.665604
-35.085785 -28.127776 3836.483931
-33.071864 -29.177447 3836.497843
-36.625708 -26.199722 3836.549966
-36.462593 -28.644956 3836.782957
-37.810033 -30.802243 3836.700646
-39.745769 -26.636457 3836.654061
-42.168151 -29.637248 3836.798835
-42.539164 -32.145671 3836.609583
-43.155637 -28.304071 3836.561955
-46.106422 -31.590358 3836.581617
-46.602277 -33.887925 3836.437318
-47.635288 -30.568322 3836.530623
-50.408008 -33.006302 3836.462893
-49.893720 -31.682316 3836.528110
-51.941807 -33.195931 3836.258506
-52.897222 -34.605923 3836.345214
-54.784109 -33.133894 3836.689525
-56.989668 -36.113076 3836.719254
-58.414303 -34.457208 3836.384696
-59.955920 -37.303705 3836.864237
-62.075130 -36.833691 3837.277082
-60.131030 -35.458466 3838.388816
-66.163528 -39.279134 3838.070793
-69.539452 -40.892244 3838.518233
-67.431463 -39.924817 3840.456913
-73.273952 -42.298705 3840.913586
-77.191429 -43.396749 3841.396464
-83.237096 -44.332037 3841.976736
-81.708568 -42.829996 3842.291549
-86.164108 -42.580157 3842.289361
-90.308844 -41.859225 3842.277780
-95.645556 -40.528732 3842.243085
-94.536497 -39.173784 3842.171658
-97.737682 -37.298571 3842.052560
-100.656288 -36.446911 3841.973699
-103.620495 -36.340103 3841.996668
-107.670219 -34.066526 3841.949808
-107.614880 -31.900342 3841.086564
-111.197035 -29.426648 3839.874285
-111.353273 -29.303282 3838.415545
-111.566883 -29.134357 3838.342675
-114.553771 -26.485303 3837.649173
-114.182018 -26.846007 3836.798687
-116.085229 -24.889047 3836.717566
-115.995854 -24.987953 3833.601759
-117.232658 -23.563583 3835.254088
-117.531462 -23.197951 3833.022216
-119.135476 -21.061101 3832.249911
-117.507712 -23.227234 3829.301283
-119.423668 -20.641674 3830.711083
-119.387391 -20.695137 3827.913258
-119.900769 -19.921510 3827.385802
-121.340505 -17.505231 3828.582811
-120.480830 -18.995417 3824.471979
-121.768191 -16.701067 3825.292206
-120.980406 -18.147711 3823.337715
-122.371943 -15.481677 3822.969967
-122.708678 -14.750905 3824.215638
-122.794318 -14.557519 3821.867141
-123.844598 -11.923589 3820.914853
-123.497937 -12.855020 3819.083704
-124.167580 -10.976061 3819.583411
-124.420230 -10.173202 3817.073640
-124.326544 -10.478071 3814.969204
-125.482432 -5.747674 3815.398976
-125.292621 -6.734912 3813.677505
-125.169925 -7.308756 3812.576265
-125.715617 -4.279044 3811.306060
-126.036117 -0.289566 3810.129186
-126.418257 4.349035 3809.606801
-127.525828 3.522722 3809.595340
-128.462365 6.078058 3809.479216
-129.075069 10.770297 3809.332884
-128.382735 16.455733 3809.274445
-129.591531 15.803205 3809.251138
-129.563075 18.607491 3809.784161
-127.230348 23.376281 3811.003684
-124.505651 27.649132 3812.038179
-124.365428 27.842953 3813.323116
-122.518531 30.208454 3814.275583
-124.162942 29.689544 3814.767288
-120.127991 32.862039 3814.418322
-123.008604 33.353938 3814.912759
-122.717394 34.440926 3814.996289
-120.786682 36.070827 3814.917688
-122.448549 36.847293 3815.336133
-121.032097 39.008126 3814.951000
-118.010942 39.956682 3814.938374
-122.129143 40.420502 3815.188214
-119.320442 41.562118 3814.839565
-120.286785 43.099254 3815.277983
-121.772114 44.448160 3815.052708
-118.387578 43.946579 3814.942311
-115.219064 45.069530 3814.947604
-122.192298 46.877974 3814.598097
-116.434974 47.498040 3814.506523
-112.472137 48.214320 3814.880131
-118.502961 48.336558 3814.938820
-115.875256 48.951286 3815.045166
-113.632476 49.015996 3814.969201
-110.034530 49.953581 3814.887753
-115.549777 51.323890 3814.778816
-112.335456 51.699276 3815.082149
-110.784548 51.779176 3814.969468
-109.450409 52.140513 3814.969086
-112.818366 54.767758 3814.969668
-108.859430 54.141946 3815.034250
-106.429209 55.870578 3814.595077
-106.181234 53.983475 3814.513979
-109.453325 57.928433 3814.792211
-104.323053 57.820654 3814.733687
-116.840259 54.051950 3814.953575
-117.834458 51.553256 3814.609096
-118.997968 51.795372 3814.847648
-120.646291 53.593341 3814.702461
-120.899575 52.257791 3814.927948
-121.691167 54.413693 3814.984367
-121.899020 55.412188 3814.851684
-119.241405 57.166254 3814.863777
-123.295875 56.500513 3814.969284
-120.911674 57.806933 3814.301867
-119.444723 57.383651 3814.925133
-124.124255 59.603289 3814.118590
-122.422679 60.307386 3813.893199
-119.530546 61.751793 3814.074540
-119.090277 61.160933 3814.839815
-122.949399 61.794273 3811.804414
-119.107233 63.213996 3812.220727
-116.093381 63.842137 3813.218955
-120.155969 64.630989 3811.626651
-120.478674 66.196982 3811.652850
-119.525194 67.988786 3811.622197
-122.497337 63.290438 3811.616404
-123.627966 60.643848 3812.404304
-125.945988 62.093685 3811.643405
-125.620864 60.612249 3811.719432
-128.284966 62.162703 3811.650640
-125.957640 58.882296 3812.251557
-127.465793 57.355698 3811.621639
-129.699945 60.924046 3811.649928
-127.941198 54.794464 3811.634173
-128.993287 56.778207 3811.649818
-126.942927 54.109849 3811.628634
-128.700266 52.256984 3811.650513
-125.756169 50.757967 3812.033231
-129.268679 50.959266 3811.646541
-127.254249 48.149357 3813.207988
-124.797535 49.820147 3813.813267
-125.297967 50.446075 3812.658873
-124.541840 51.887553 3814.164401
-124.480348 55.325069 3814.487730
-125.529175 56.497445 3812.614126
-116.128664 63.515828 3813.915619
-122.365178 50.682610 3814.699938
-122.675613 49.764060 3814.805592
-122.568945 47.573152 3814.521221
-123.613705 44.803044 3814.968731
-123.701508 43.554071 3814.792536
-125.481732 42.193910 3814.775866
-125.389146 44.563892 3814.782199
-126.000522 40.056454 3814.808265
-128.197268 41.855182 3814.934382
-124.285057 39.209353 3814.744853
-125.570199 36.376914 3815.224886
-127.320635 39.334324 3814.921631
-124.272925 34.647888 3815.286115
-126.618670 34.460462 3815.063897
-123.433531 33.244622 3814.926509
-127.308391 30.928827 3815.201710
-124.597733 29.246971 3814.978474
-128.173661 28.497488 3815.012957
-126.338341 24.881095 3814.542163
-125.995268 25.441746 3813.933333
-127.834937 22.298762 3814.492361
-128.661335 20.611057 3813.587889
-129.952493 17.627530 3810.618921
-130.580809 15.185248 3809.285669
-131.134763 9.943273 3809.251958
-131.404737 8.233640 3809.252481
-129.490700 5.243451 3809.385042
-128.369712 2.569084 3809.547129
-127.799916 -1.653389 3809.582477
-127.844101 -3.037619 3809.559007
-125.518818 -5.508118 3810.467932
-125.221655 -7.074883 3811.918988
-124.119983 -11.117509 3812.966938
-123.989656 -11.503875 3814.502972
-123.541332 -12.743113 3815.687190
-123.213603 -13.572602 3813.684696
-121.747480 -16.741714 3817.214540
-122.559336 -15.079964 3818.883120
-121.086338 -17.961857 3817.223606
-121.170054 -17.813925 3821.434543
-120.240785 -19.385660 3819.111434
-120.644655 -18.724945 3824.145103
-118.685752 -21.691448 3823.030975
-118.949345 -21.325246 3824.926404
-117.806472 -22.852986 3826.499732
-117.274438 -23.512113 3822.220753
-117.700831 -22.987749 3828.831132
-116.688294 -24.208803 3825.882261
-116.949687 -23.902178 3829.645840
-114.153496 -26.874043 3830.989523
-115.109777 -25.926971 3827.039519
-113.648799 -27.347379 3832.271214
-112.651626 -28.235231 3830.370319
-114.013962 -27.006167 3835.091913
-112.486502 -28.377169 3832.838240
-111.992987 -28.789157 3835.763363
-109.646581 -30.572177 3834.809691
-109.805671 -30.460087 3837.962395
-107.820217 -31.777470 3835.374115
-106.339050 -32.651040 3839.552809
-105.821864 -32.934842 3840.135960
-99.434336 -40.136246 3842.244697
-96.674419 -40.418693 3842.238265
-95.446606 -42.739740 3842.291734
-92.933903 -44.200697 3842.068870
-88.305528 -44.569153 3841.805234
-85.418289 -44.528026 3841.507024
-81.475611 -44.170769 3840.562541
-78.370243 -43.649746 3840.750040
-75.736325 -43.030344 3838.713980
-72.887226 -42.170930 3839.546378
-69.956937 -41.087455 3837.440814
-70.026570 -41.825907 3836.907488
-69.121697 -40.709649 3838.064177
-64.948248 -40.467398 3836.405910
-65.962993 -41.182685 3836.370288
-62.815852 -39.251298 3836.732934
-62.582771 -41.801867 3836.336968
-58.173100 -38.333615 3836.392702
-59.580872 -40.365020 3836.877689
-55.412445 -39.355866 3836.401033
-55.832749 -37.306213 3836.566087
-55.414181 -39.922746 3836.477234
-51.766286 -37.562001 3836.405032
-51.010260 -36.131799 3836.527737
-48.935328 -37.372196 3836.495658
-49.779981 -40.049339 3836.481394
-47.881506 -36.065558 3836.481246
-46.292505 -34.542542 3836.372989
-49.711819 -35.761828 3836.411646
-44.150186 -36.990343 3836.489468
-42.891330 -35.240645 3836.631633
-41.478149 -34.214239 3836.433871
-44.005691 -32.906426 3836.679747
-39.602927 -35.920179 3836.696512
-38.607712 -33.918114 3836.574760
-38.428371 -32.736430 3836.505073
-39.782474 -31.519880 3836.727028
-34.696182 -34.545646 3836.320553
-33.242154 -31.586382 3836.610184
-32.182293 -30.633330 3836.626238
-36.757148 -30.496606 3836.509997
-29.025706 -32.835748 3836.353191
-27.229591 -31.006202 3836.544843
-31.039903 -29.914620 3836.514730
-33.282984 -29.788138 3836.460152
-24.667309 -29.823959 3836.626049
-23.558742 -28.503485 3836.705949
-26.738107 -27.732167 3836.464109
-22.335005 -29.434379 3836.685578
-21.049384 -27.382905 3836.613098
-23.023313 -27.454423 3836.564498
-24.441475 -26.348045 3836.585143
-16.770070 -28.773190 3836.331568
-16.813336 -25.715773 3836.360826
-18.455353 -24.275772 3836.483769
-14.270296 -25.229844 3836.410122
-14.959849 -24.299444 3836.461735
-13.911143 -22.794667 3836.425204
-17.640100 -22.525240 3836.423777
-10.393384 -24.408093 3836.681919
-9.366270 -22.674050 3836.354339
-13.024696 -21.550377 3836.491982
-14.275800 -21.794622 3836.668955
-7.049562 -21.267296 3836.458080
-6.776826 -19.197240 3836.394186
-8.714306 -19.023927 3836.323318
-5.457590 -19.375027 3836.317065
-4.119927 -19.454692 3836.533300
-3.551733 -16.924432 3836.335642
-6.660018 -15.654595 3836.481561
-1.831532 -17.435969 3836.452397
-0.420323 -17.622149 3836.444794
-0.297862 -14.044399 3836.431251
-3.811523 -13.679007 3836.388669
0.681873 -15.104139 3836.669803
2.369512 -14.925981 3836.539225
2.041733 -11.725143 3836.263765
-1.055882 -11.374317 3836.548133
4.051365 -12.878811 3836.309680
5.211790 -13.067773 3836.451522
4.965945 -9.617998 3836.438194
2.292264 -9.205257 3836.385637
5.848189 -9.968101 3836.281923
7.031063 -10.256751 3836.439590
7.928652 -6.891675 3836.455157
4.527789 -6.832584 3836.311884
8.812086 -6.856082 3836.644760
10.332214 -6.932919 3836.505476
8.347751 -5.287926 3836.370329
5.145354 -4.399636 3836.398448
11.665939 -5.810654 3836.273920
12.085009 -3.820418 3836.267091
9.145268 -3.357090 3836.332483
13.461697 -3.081738 3836.379131
15.032951 -2.737593 3836.689182
13.286317 -0.225265 3836.272221
10.909833 -1.387150 3836.312064
17.962569 -1.376034 3836.141279
17.066881 2.234158 3836.628852
13.146121 2.001096 3836.471851
15.826978 4.276051 3836.533370
12.913586 5.055634 3836.517836
17.665459 3.131563 3836.565671
18.501835 5.591390 3836.253123
15.415447 6.257701 3836.677395
16.737473 8.394671 3836.325122
15.944346 8.440902 3836.361846
13.800369 8.422984 3836.254702
20.816168 9.382613 3836.273300
19.264747 11.616074 3836.243860
15.899794 11.445652 3836.380854
22.722320 10.586762 3836.552548
22.291640 14.239897 3836.246226
18.903809 13.858806 3836.384240
23.785284 13.695072 3836.620825
24.210489 16.874005 3836.244776
20.903277 17.308571 3836.265582
26.058695 15.821028 3836.494593
24.607892 19.841620 3836.709343
26.060180 20.518564 3836.560673
26.906193 23.062880 3836.646557
24.277468 20.992192 3836.631242
27.820926 25.848121 3836.507389
28.161341 25.012769 3836.603775
27.888818 28.415103 3836.772641
29.255223 27.452643 3837.630637
27.963294 31.828778 3836.564027
28.281546 31.431236 3838.965348
27.773499 33.305028 3837.613221
26.979552 36.013028 3839.042037
26.485111 37.594122 3840.325290
25.054036 41.786831 3840.966262
24.869172 45.510139 3842.292271
24.973087 48.411988 3842.291603
23.264769 53.658200 3842.291603
22.455020 55.401282 3842.291603
22.831073 59.391796 3842.291603
20.851114 62.497422 3842.291603
21.784904 63.989430 3842.291603
21.622067 64.652070 3842.291603
20.104495 66.478246 3842.291603
19.611061 69.274434 3842.291603
18.699006 69.213789 3842.291603
17.755283 73.581263 3842.291602
20.390666 72.944410 3842.293875
16.321390 76.081926 3842.291603
16.683843 79.295391 3841.838486
16.841305 79.094370 3841.617158
14.990314 81.342113 3842.172870
13.221076 83.708925 3840.687957
12.938992 84.061775 3841.628169
10.196852 87.260619 3839.511465
11.391605 85.887945 3837.834067
8.877784 88.732827 3838.631671
9.180652 88.398208 3835.838998
5.264047 92.545781 3836.712255
6.952956 90.801758 3835.213972
3.084966 94.702785 3834.546126
3.887511 93.920690 3837.123535
3.609934 94.192103 3832.764207
0.623467 97.021119 3833.714039
1.124337 96.559240 3832.428400
0.024485 97.567404 3832.523484
-2.061521 99.418214 3832.581812
0.094753 97.503712 3834.167289
-1.326781 98.775557 3828.809678
-3.481066 100.632987 3830.219296
-2.189268 99.528970 3832.026377
-3.373506 100.542537 3826.888651
-7.112498 103.585117 3826.867823
-6.769460 103.315073 3830.081912
-5.594449 102.377035 3825.330827
-8.207513 104.433610 3825.452980
-9.402637 105.338698 3826.862179
-8.322519 104.521825 3824.480000
-11.012339 106.524782 3824.119030
-10.904271 106.446131 3825.131871
-11.212089 106.670248 3826.249818
-10.981652 106.502431 3820.629705
-15.221187 109.450529 3820.539424
-14.446035 108.929900 3823.946164
-13.282118 108.132974 3820.140127
-15.532444 109.657665 3819.018464
-15.396070 109.567509 3820.910212
-17.744607 111.090620 3817.723555
-18.428548 111.520778 3816.856429
-20.458838 112.764999 3818.907896
-19.408868 112.127235 3816.049568
-23.613784 114.596717 3815.659888
-22.369250 113.888204 3818.174744
-26.481119 116.161474 3814.432312
-26.107511 115.962940 3813.910370
-29.502776 117.712783 3814.083248
-28.672713 117.296356 3812.634723
-31.513174 118.690893 3813.985648
-35.751577 120.613286 3812.564212
-38.496645 121.764011 3811.695627
-41.206389 122.828692 3811.026430
-45.598911 124.085483 3809.272541
-44.830697 123.331703 3809.249347
-46.374838 124.640020 3809.503667
-51.051437 124.558490 3809.252320
-53.629465 124.001103 3809.252281
-53.667308 122.957593 3809.252280
-58.303279 122.919327 3809.252280
-63.822754 123.046557 3809.252280
-67.391132 123.618119 3809.252280
-70.310473 122.155200 3809.252280
-72.901858 121.069947 3809.252290
-78.601169 120.687850 3809.285030
-80.679084 120.585236 3809.332421
-84.729197 120.684661 3810.036111
-86.911910 120.714943 3812.114458
-86.590550 120.711836 3813.056924
-91.526741 120.647157 3812.567820
-92.557132 120.363150 3814.243577
-92.655338 120.605010 3813.011204
-97.015022 118.103272 3814.712963
-95.688325 120.393148 3814.476574
-99.837194 116.516483 3814.495707
-100.147096 115.714926 3814.701199
-101.791829 114.408086 3814.609351
-101.651803 116.414648 3814.656170
-104.612482 113.450460 3814.897980
-105.772621 113.682843 3814.726888
-104.719651 111.441205 3814.358232
-108.582231 109.973299 3814.926526
-108.755501 110.708254 3814.803725
-108.566500 108.129363 3814.575404
-108.118747 106.239307 3814.665698
-111.416904 105.214882 3814.999499
-112.140420 107.731799 3815.017041
-109.174281 105.458755 3814.841458
-111.331266 102.932291 3814.981923
-113.104726 102.640560 3814.781755
-113.950201 104.358240 3814.617006
-111.065325 101.351178 3815.241310
-113.544138 99.359819 3815.155176
-114.472757 97.050199 3815.045144
-115.335123 99.078249 3815.047392
-112.878167 95.144772 3814.900644
-112.688779 94.507975 3815.044117
-114.448808 93.029855 3814.809047
-114.978418 96.416822 3815.247417
-115.800813 97.768358 3815.134200
-111.400088 90.717254 3814.724224
-113.440063 88.389830 3814.609447
-115.580135 90.278374 3815.013218
-115.804998 92.773306 3815.117116
-112.561772 86.405480 3814.928663
-114.187992 85.244208 3814.342818
-115.157081 85.026664 3814.538992
-115.703424 87.344570 3815.067763
-110.503976 80.642002 3814.368839
-112.751323 79.075555 3814.955904
-115.911449 82.641503 3814.782368
-110.581082 77.864316 3814.781193
-111.233236 75.887647 3814.567486
-115.027393 79.470770 3814.272342
-107.791527 75.162515 3814.707319
-109.787328 74.155394 3813.733721
-106.109758 72.023817 3814.786270
-105.444217 71.009939 3814.068496
-104.452383 69.596216 3813.351707
-103.447953 72.335375 3814.876671
-100.338353 67.682623 3814.611902
-101.949649 70.863832 3814.452563
-100.258297 71.037599 3814.459144
-98.455976 68.236700 3815.031145
-102.604214 75.578635 3814.588548
-100.280990 73.524351 3814.932506
-99.292297 71.104292 3814.443234
-103.750433 75.002950 3814.659768
-105.899813 78.158989 3814.742379
-104.801210 71.834490 3814.933604
-108.445061 76.607879 3814.326960
-108.499440 80.511309 3814.914352
-108.541285 78.905582 3814.746476
-100.853803 75.445660 3814.601187
-99.895945 76.605992 3814.444195
-96.529831 74.151512 3814.487273
-100.121870 78.448066 3814.934493
-97.640200 75.244674 3814.430195
-94.359456 75.753166 3814.801418
-94.374436 76.944696 3813.406990
-90.529172 75.143446 3814.358261
-93.177762 73.882773 3814.626721
-89.886149 74.030633 3814.883729
-90.377801 73.107596 3814.745469
-90.991517 72.022877 3814.564908
-85.931196 73.390883 3814.902838
-88.520420 71.698058 3814.920342
-85.717635 75.859584 3813.314945
-83.056054 74.235130 3814.838670
-84.552375 75.801271 3813.165337
-83.479505 76.155348 3812.524973
-83.848941 78.328272 3811.619401
-82.255425 79.098919 3811.649729
-80.577831 81.611619 3811.658057
-82.785677 81.814832 3811.684442
-82.186424 83.139040 3812.811969
-84.366417 82.521649 3812.080498
-82.909874 84.018414 3814.814617
-86.118483 83.514505 3813.360257
-85.796205 84.341455 3814.894600
-84.840211 86.398889 3814.798387
-86.990812 87.045722 3814.804219
-88.954773 87.217016 3814.743096
-89.995802 87.749720 3814.625705
-92.233061 88.387718 3813.893809
-93.531042 89.194132 3811.874901
-91.921585 90.934448 3812.932760
-94.255907 92.582097 3811.661182
-95.885577 92.502277 3811.668446
-91.632371 95.319913 3811.669293
-94.134508 95.877455 3811.672579
-93.993070 97.340989 3811.640092
-90.599350 98.715340 3811.709644
-92.790622 99.675531 3812.481228
-88.453917 99.467133 3812.097498
-89.363615 100.443990 3813.734454
-86.068522 100.263556 3812.882788
-87.226489 101.853557 3814.347749
-84.994154 100.962879 3814.266597
-84.877904 103.464158 3814.626799
-82.968085 102.450027 3814.821949
-83.072674 103.851825 3814.580828
-80.190245 105.014508 3814.841185
-83.160481 106.677533 3815.024373
-79.562820 106.430279 3814.903074
-78.735511 105.405416 3815.186474
-79.422061 108.245573 3814.967053
-76.782979 108.643574 3814.929668
-79.434811 110.521170 3814.586220
-75.851397 111.415553 3815.091966
-73.524753 109.495679 3815.005810
-75.253591 113.382116 3815.082733
-71.466538 112.411877 3814.806696
-74.089129 113.999506 3814.963445
-69.978667 114.500245 3814.520689
-69.016937 113.007609 3814.811556
-67.954295 115.913012 3814.869425
-67.059576 116.382053 3814.763223
-64.680283 115.686826 3814.483804
-66.049365 118.528550 3814.731499
-59.628384 117.327505 3814.367838
-60.328365 117.597017 3813.624819
-57.889217 116.989167 3813.989854
-56.229094 116.563897 3812.369724
-56.156704 116.544347 3811.182887
-52.468257 115.481202 3811.639334
-47.167052 113.724002 3810.641195
-47.512971 114.046992 3809.333138
-48.352094 114.694345 3809.247808
-40.838853 112.928714 3809.252299
-42.353903 113.740662 3809.252291
-41.301167 114.234761 3809.252280
-37.050969 112.846844 3809.252280
-37.311243 114.247028 3809.252280
-31.594934 111.503226 3809.252280
-31.010432 112.820824 3809.252280
-31.738964 113.526211 3809.252280
-23.801990 109.713420 3809.252280
-25.103298 110.751019 3809.252280
-24.234071 111.038362 3809.252280
-19.834258 109.011296 3809.252280
-18.984871 109.282975 3809.252279
-18.509057 109.380385 3809.252279
-12.793374 105.409631 3809.252280
-8.766525 103.526913 3809.251950
-9.191407 104.327093 3809.249600
-7.759219 103.826315 3809.270565
-4.906911 101.636703 3809.292510
-4.787341 101.720468 3810.472624
-0.082895 97.674737 3809.780206
-0.349630 97.905202 3811.014779
-1.895348 99.273630 3811.710400
4.512927 93.300570 3812.081213
3.966235 93.842541 3812.502240
4.889399 92.923972 3813.156666
7.197223 90.544198 3813.359161
6.406942 91.372999 3815.257549
11.850493 85.350548 3814.375898
9.303994 88.262094 3816.424938
11.974806 85.204123 3816.022389
9.878713 87.620016 3817.564070
13.193062 83.742826 3817.144011
13.079302 83.880874 3818.226182
14.828873 81.710424 3818.033331
16.991860 78.888889 3818.832295
14.738303 81.824899 3820.636372
16.556967 79.468895 3820.531493
19.156539 75.897528 3820.759473
15.940575 80.279982 3821.511900
17.778178 77.822209 3822.379988
19.612226 75.243218 3822.691479
18.966103 76.167798 3824.057153
19.738617 75.060123 3823.986462
21.209505 72.884346 3825.170343
21.533636 72.390052 3823.771186
20.596456 73.801832 3827.171501
22.131616 71.468985 3826.073021
22.942943 70.189100 3826.099897
21.893756 71.837181 3829.359400
24.119455 68.275121 3829.252605
25.601988 65.749314 3828.441664
23.494001 69.301439 3830.992618
25.053816 66.698980 3830.910344
27.152051 62.963279 3831.205358
24.728673 67.251807 3831.895041
26.486666 64.178834 3832.728271
28.624302 60.155078 3832.663199
26.537963 64.085531 3835.035374
28.624511 60.154629 3833.843160
28.519154 60.361120 3835.802190
29.241148 58.928548 3836.112639
30.763143 55.754505 3835.486317
30.197562 56.959608 3837.790806
31.374008 54.411200 3837.195214
32.167480 52.607858 3838.849853
31.686866 53.712170 3840.417020
34.665295 46.375407 3839.969093
34.131101 47.801276 3841.328007
33.858657 48.510011 3841.791299
35.712188 42.978372 3842.199381
35.049115 42.707218 3842.293405
36.124968 40.056164 3842.296067
35.549670 37.913963 3842.291591
34.005197 38.572900 3842.291603
35.844072 31.366659 3842.291603
34.505905 32.439280 3842.291603
33.937124 33.297905 3842.291603
33.545283 28.404236 3842.291603
32.599119 25.096406 3842.291603
32.575236 19.563458 3842.291596
32.578611 14.229458 3842.292603
31.562490 13.714506 3842.066398
31.806320 10.809778 3841.031010
32.121650 5.534479 3840.714255
32.199184 -0.030447 3840.373440
32.120935 -3.485137 3839.481082
32.175914 -1.666538 3838.828731
32.191842 -0.775247 3838.279003
31.916401 -7.263435 3838.031372
31.243292 -5.376819 3836.812312
31.379518 -12.730375 3837.071030
29.996447 -7.501895 3836.962482
31.096929 -12.665913 3836.695966
29.310010 -12.163532 3836.622848
28.841350 -13.732630 3836.504035
28.890321 -17.631267 3836.996788
26.799537 -14.812836 3836.557330
26.944100 -19.095865 3836.925450
26.176326 -15.616574 3836.522003
25.105788 -20.305686 3836.516478
25.577888 -21.427843 3836.853642
23.563570 -20.646967 3836.995828
22.761858 -23.491844 3836.432560
23.283426 -26.723226 3836.458559
20.556176 -20.788886 3836.713508
20.632316 -25.591119 3836.711018
20.137268 -28.263993 3836.539150
19.572252 -23.827952 3836.746055
18.457393 -26.233224 3836.539623
17.138533 -29.816217 3836.425790
18.978490 -29.901831 3836.647975
15.482357 -26.395118 3836.313205
15.482018 -29.449637 3836.566650
14.855767 -31.881544 3836.581991
15.737305 -32.308340 3836.527348
12.187087 -28.978936 3836.452895
12.015164 -32.022012 3836.642521
11.515702 -34.814661 3836.467477
12.676598 -35.199607 3836.708909
9.690643 -30.246487 3836.385640
8.448786 -34.044954 3836.591248
8.286480 -37.158644 3836.553840
8.614734 -37.017034 3836.614152
7.135103 -32.528515 3836.619593
5.507717 -34.880805 3836.550203
4.435140 -37.554696 3836.411210
5.921111 -37.934751 3836.414706
3.581237 -34.988955 3836.512299
3.560991 -38.499235 3836.447779
3.458743 -39.758430 3836.980906
2.686010 -41.474046 3836.386021
0.368369 -37.112910 3836.520599
-0.616575 -39.099680 3836.346560
-1.899872 -41.495782 3836.444411
-2.709663 -40.337041 3836.494787
-3.684178 -39.591687 3836.536814
-3.553473 -42.317692 3836.644469
-5.152634 -44.774366 3836.631045
-6.942031 -40.304514 3836.513670
-8.921893 -42.142206 3836.310230
-10.351758 -45.609947 3836.417788
-10.714007 -42.721938 3836.595951
-10.621021 -43.459349 3836.739385
-13.067957 -44.682079 3836.358482
-11.360392 -45.541267 3836.280017
-14.852477 -42.844385 3836.363365
-15.144853 -45.216963 3836.578657
-15.621885 -46.429748 3836.552326
-18.649595 -42.895037 3836.429730
-20.346192 -45.797044 3836.305820
-19.875535 -48.186050 3836.605799
-21.312452 -44.927943 3836.577999
-23.270466 -46.456633 3836.330337
-23.927818 -48.810068 3836.694842
-25.263876 -45.621222 3836.742848
-27.547829 -47.921032 3836.342141
-26.447242 -49.090167 3836.659477
-30.165848 -47.169234 3836.401108
-31.080368 -49.835737 3836.319990
-33.283199 -47.413506 3836.538690
-33.202483 -49.869274 3836.154797
-36.262370 -49.080344 3836.364465
-36.006373 -50.859980 3836.616219
-38.907041 -48.012130 3836.676312
-39.602190 -49.284732 3836.615875
-39.860441 -46.982212 3836.593480
-43.707650 -47.432049 3836.346225
-45.582988 -47.936867 3836.442976
-43.681258 -48.865447 3836.528238
-38.189603 -44.523236 3836.481730
-41.764067 -44.748146 3836.376987
-44.776857 -45.895942 3836.482894
-35.458816 -45.371124 3836.572242
-33.891853 -43.664960 3836.852884
-36.785471 -42.642803 3836.720980
-40.658346 -42.113143 3836.417219
-32.564945 -41.529535 3836.658087
-36.048151 -40.801476 3836.857605
-39.078595 -39.078816 3836.458327
-32.376135 -39.187234 3836.409347
-33.864805 -37.384597 3836.356778
-36.861247 -37.183302 3836.798029
-31.634810 -37.433262 3836.214626
-34.308554 -36.614030 3836.616443
-35.556028 -36.436126 3836.554310
-28.627786 -37.109263 3836.569558
-26.774324 -35.815769 3836.640784
-29.714433 -35.463037 3836.603985
-31.681408 -34.943828 3836.307586
-23.910939 -36.589714 3836.588418
-21.864744 -33.926165 3836.581022
-26.301675 -33.800929 3836.515995
-20.522641 -33.430627 3836.900747
-19.111910 -33.776817 3836.639702
-19.989720 -31.252493 3836.389203
-22.806416 -30.419329 3836.702712
-16.545266 -32.698174 3836.697704
-15.049293 -31.406638 3836.669570
-17.890817 -30.299417 3836.588132
-19.815551 -30.299999 3836.583073
-11.416216 -30.157059 3836.432696
-10.114384 -27.941710 3836.284182
-14.362397 -27.937173 3836.648912
-10.479940 -30.341758 3836.390500
-8.639985 -27.411717 3836.433471
-9.197859 -25.652029 3836.496039
-12.004415 -27.190559 3836.314477
-5.087726 -28.646844 3836.629365
-4.567082 -25.554619 3836.462729
-7.889090 -25.696152 3836.411470
-3.152861 -24.252109 3836.233658
-1.841988 -25.322868 3836.482784
-1.090463 -22.873353 3836.569499
-3.289566 -21.950586 3836.444909
-0.076408 -22.870822 3836.565917
1.057841 -23.299719 3836.563119
1.330282 -20.127707 3836.500487
-0.632272 -20.065709 3836.649785
2.850050 -19.697824 3836.344508
4.481623 -20.434937 3836.829476
4.421094 -18.423736 3836.538789
2.466222 -17.982168 3836.492462
5.818862 -17.666036 3836.461095
7.362011 -18.208697 3836.454792
7.450142 -16.108669 3836.476311
4.856654 -15.654633 3836.596251
8.807941 -15.259316 3836.396353
10.012629 -15.568352 3836.272755
9.973045 -13.359538 3836.264428
7.561250 -13.025168 3836.422020
11.507109 -12.666471 3836.167308
13.148846 -14.503835 3836.607392
12.696165 -11.340569 3836.317672
10.202726 -12.303053 3836.254185
8.862752 -11.531345 3836.713335
15.568733 -11.676768 3836.204785
15.054630 -9.350921 3836.729476
12.227949 -9.622516 3836.388462
11.132301 -9.401995 3836.651671
17.413614 -8.059321 3836.435476
17.847376 -5.551183 3836.325903
14.709423 -5.598384 3836.215268
18.849664 -6.291773 3836.693219
19.047270 -4.531078 3836.246997
18.627552 -2.533856 3836.400086
15.810334 -3.390175 3836.463006
21.856095 -2.430085 3836.424325
22.391615 0.257326 3836.246168
19.082608 -0.798994 3836.349678
21.412785 1.336094 3836.546610
18.766675 2.478297 3836.411760
22.733154 0.545591 3836.299552
24.409917 2.789707 3836.736212
21.565596 4.563799 3836.152202
21.971067 6.305758 3836.610662
20.914982 6.165402 3836.505963
24.622347 6.675818 3836.454037
25.298437 8.120442 3836.705997
22.153959 9.763205 3836.480441
26.971812 8.326061 3836.507310
25.980127 12.080616 3836.680957
27.191974 12.740125 3836.555190
27.677117 14.638332 3836.753538
25.181542 14.210217 3836.431370
29.008803 17.375938 3836.657698
29.548797 18.190551 3836.803032
28.857339 20.813247 3836.696791
30.689738 19.979186 3837.470404
28.922725 22.692728 3836.709035
29.939322 24.215493 3838.811922
29.767838 25.064240 3839.042372
29.183725 27.751589 3838.305191
28.377768 31.060876 3841.040775
27.781355 33.910649 3842.223314
27.217701 39.474404 3842.291701
26.240129 42.563594 3842.291564
27.058445 45.563013 3842.291603
27.224623 48.687876 3842.291603
26.643479 52.828766 3842.291603
26.545360 54.452645 3842.291603
24.229379 56.344672 3842.291603
24.748950 60.716442 3842.291603
25.928766 60.187750 3842.291602
22.944094 63.474588 3842.291603
24.137537 64.900386 3842.291591
23.925387 66.657561 3842.293024
22.906450 67.678696 3842.291611
23.257261 69.690797 3841.409339
21.578655 70.672450 3842.292955
19.452961 75.473543 3840.595369
20.512675 73.926199 3839.810214
17.686387 77.947763 3840.900842
17.177024 78.640221 3838.876392
16.253756 79.870072 3838.037088
14.115233 82.608667 3837.382070
14.632757 81.958828 3836.822562
12.173006 84.969718 3836.431355
13.274183 83.644160 3838.351947
10.619661 86.779695 3835.641767
10.520043 86.894114 3836.480667
11.304033 85.989831 3833.009319
8.022122 89.663537 3832.405850
8.245060 89.423162 3835.501637
8.790129 88.828603 3830.885099
5.137866 92.673790 3830.633830
5.465783 92.341398 3833.638792
6.962002 90.792293 3829.074888
3.423870 94.374059 3829.055553
3.682802 94.120799 3831.021530
4.705666 93.108220 3827.567751
2.405090 95.354880 3826.623868
1.475607 96.232757 3828.462923
0.591410 97.050493 3825.760326
-0.824894 98.331074 3825.839539
-0.347445 97.903564 3826.828737
-1.808744 99.197918 3824.234858
-1.940193 99.312509 3822.574439
-4.471282 101.459703 3823.645717
-2.953379 100.185326 3825.747771
-4.202298 101.236599 3821.241642
-6.873208 103.396774 3821.222127
-6.748417 103.298548 3824.333649
-5.080597 101.959710 3819.155382
-8.700877 104.810543 3819.247178
-8.977348 105.018981 3821.142769
-8.212521 104.437370 3817.755639
-12.234361 107.399543 3817.120363
-12.304439 107.449240 3820.267989
-12.413569 107.526484 3815.745936
-12.815979 107.809687 3816.958066
-13.074382 107.988866 3815.321501
-16.832506 110.507919 3815.828246
-15.759528 109.807493 3813.665388
-20.365552 112.709329 3814.418606
-21.909948 113.623195 3812.586198
-23.686414 114.637569 3812.166178
-26.173349 115.998003 3813.089448
-29.399426 117.662799 3810.826836
-31.521974 118.702703 3809.737661
-36.409403 120.595522 3809.266021
-38.320825 120.832890 3809.249342
-40.931303 122.635952 3809.320345
-46.117636 122.242681 3809.252280
-48.034426 121.893881 3809.252282
-49.979442 121.638230 3809.252280
-52.678946 122.165846 3809.252280
-52.735191 120.736258 3809.252282
-58.192596 121.345321 3809.252280
-61.014755 121.648615 3809.252280
-65.505137 120.566903 3809.252281
-68.519021 119.950409 3809.249696
-73.014395 119.817807 3809.633953
-74.637985 120.019242 3809.836035
-77.555544 120.305121 3810.673073
-80.595965 120.519207 3812.515848
-80.508840 120.514582 3813.392021
-85.190479 120.695728 3813.270242
-85.579449 120.101546 3814.581729
-86.852364 120.716534 3813.547067
-91.123820 117.963827 3814.509764
-88.493074 117.650242 3814.598210
-94.215981 116.407221 3814.272012
-91.868430 116.092481 3814.651755
-96.614105 114.671921 3814.881228
-94.555302 116.735048 3814.423944
-95.584481 113.058261 3814.593473
-100.346215 112.475398 3814.515745
-99.316737 111.356311 3814.363807
-99.674436 110.046317 3814.943699
-103.043033 109.634699 3814.692738
-101.952944 112.192809 3814.758822
-102.252754 107.268417 3814.893069
-104.482203 106.753422 3814.694726
-105.820114 108.145394 3814.716094
-103.888572 104.848454 3814.807841
-104.030789 104.064179 3814.657680
-106.805084 102.541746 3814.958761
-106.948121 104.998343 3814.716272
-106.512337 101.103651 3814.752916
-107.266991 100.957388 3814.689299
-108.373578 99.078515 3814.999167
-109.372061 100.954624 3814.929153
-107.313781 97.323396 3815.018756
-106.596722 96.599111 3814.751992
-108.391456 93.824883 3814.677733
-109.885624 96.778636 3814.995892
-108.441240 93.564666 3814.705284
-105.781861 93.487142 3814.556597
-107.697459 91.239848 3814.884921
-109.766986 90.321954 3814.735131
-111.740067 92.332099 3815.004647
-106.014780 91.282885 3814.688585
-104.787932 91.019024 3814.975342
-106.867482 87.686902 3814.720696
-108.249589 88.729451 3814.888429
-103.395784 89.585175 3814.895461
-104.276564 86.287669 3814.834433
-102.852391 89.104496 3814.637821
-101.505748 89.184358 3813.477995
-103.118319 86.873564 3814.735512
-100.460621 87.749592 3811.853334
-100.460352 83.846441 3812.624712
-101.551990 82.235541 3814.458132
-100.087011 81.515132 3813.757868
-100.578055 81.571061 3814.246554
-102.288516 81.209057 3814.632133
-97.073872 81.108633 3811.648113
-95.636160 78.457170 3812.264425
-97.786152 78.029587 3814.645138
-93.768028 80.153490 3811.648708
-92.011296 78.338890 3811.680294
-95.070862 77.798955 3812.613289
-90.578689 77.190525 3812.088867
-91.298353 76.057538 3814.096486
-86.279589 77.424925 3811.748895
-87.422891 75.548260 3814.269711
-89.144446 80.765571 3811.647269
-85.621563 78.368769 3811.617479
-88.222243 81.279901 3811.630999
-91.081763 79.636603 3811.649070
-89.377750 83.886402 3813.828865
-90.755272 82.355391 3811.648891
-91.284175 84.051590 3812.346102
-94.268488 82.603690 3811.660266
-95.092016 86.015660 3811.653995
-97.258620 82.733808 3811.638599
-97.839107 86.096083 3811.662657
-98.892299 83.806025 3811.647500
-99.736341 86.511236 3811.641329
-95.553845 87.646598 3811.661684
-97.984871 89.568062 3811.666130
-98.359285 90.312761 3811.658790
-98.320700 91.971979 3811.637897
-99.321567 92.795460 3811.748336
-98.681747 94.903536 3811.959519
-98.825561 95.079645 3812.140049
-97.961316 96.726781 3812.587709
-95.256242 98.114536 3811.985189
-96.108504 98.931600 3813.437977
-92.482144 100.461995 3813.406025
-96.631348 100.276402 3814.641648
-92.611489 101.603262 3814.538140
-95.240476 101.084084 3815.083236
-92.097159 103.200514 3814.594298
-89.275915 102.783293 3814.880990
-91.849178 104.958906 3814.643739
-88.146632 104.839227 3814.779098
-91.465904 105.953315 3814.691649
-88.241034 106.700360 3814.901326
-84.470336 106.249057 3814.476127
-89.452795 108.708185 3814.586553
-85.471300 109.368396 3814.826139
-81.900915 107.896863 3814.931930
-86.870055 110.900783 3814.667007
-82.604988 111.825061 3814.685540
-80.321385 109.749594 3814.832711
-82.883038 113.110858 3814.629719
-80.530586 112.550657 3814.777610
-79.328359 111.928303 3814.982030
-78.860767 114.072852 3814.854279
-75.640542 114.458281 3814.769957
-78.354024 116.834253 3814.671786
-72.455407 116.417932 3814.995640
-74.295819 116.857893 3814.633816
-71.094636 116.532359 3814.730383
-70.857608 118.536947 3814.773766
-69.648376 119.387586 3814.314083
-65.802922 118.737499 3813.229146
-66.859001 118.926859 3812.576823
-62.177088 118.012191 3812.815614
-60.614241 117.661356 3811.448415
-56.626482 116.671126 3810.431587
-54.063318 115.949996 3809.892908
-50.574903 115.072899 3809.289926
-46.776038 115.117256 3809.252293
-46.406272 116.050256 3809.252282
-45.779608 117.041062 3809.252282
-40.301668 114.802148 3809.252280
-40.266219 116.245367 3809.252280
-41.122886 117.141783 3809.252280
-33.704864 114.800231 3809.252280
-34.197788 115.535816 3809.252280
-32.618211 115.594792 3809.252280
-29.251834 114.029177 3809.252281
-27.702368 114.065355 3809.252280
-22.366850 111.921368 3809.252289
-16.553859 108.706137 3809.252319
-16.986191 109.972859 3809.250140
-16.041423 109.996993 3809.949613
-10.060028 105.718564 3809.361504
-10.693473 106.292731 3810.585279
-12.046191 107.266206 3811.083926
-5.810378 102.551767 3811.577208
-6.245225 102.899330 3811.863977
-4.750329 101.689558 3812.537755
-2.200413 99.538215 3812.739335
-2.393939 99.705310 3813.810639
2.502211 95.262183 3813.360338
1.320890 96.376338 3815.375558
2.359104 95.399102 3815.424526
2.938499 94.844715 3816.230692
6.808877 90.952781 3815.681941
4.903061 92.910037 3817.700312
7.983938 89.704729 3818.016195
5.987586 91.806631 3818.520916
7.714401 89.993916 3819.862641
11.325547 85.965551 3819.618783
8.096408 89.583700 3820.482234
10.272196 87.176242 3821.473763
13.702371 83.118694 3821.275403
10.296628 87.148173 3822.255836
12.632572 84.420335 3822.118474
14.443469 82.196733 3822.578577
12.983422 83.997073 3824.036609
13.986540 82.767120 3823.906897
15.542687 80.796634 3823.961860
16.598423 79.413920 3823.763568
14.869571 81.658410 3827.183583
16.799507 79.146177 3825.802143
18.926659 76.223363 3825.862974
15.914443 80.314524 3829.826271
18.460187 76.880243 3829.395524
20.687642 73.666529 3828.674733
18.107196 77.369550 3830.668177
19.939943 74.767447 3831.600561
22.753717 70.490268 3831.580824
19.912316 74.807724 3832.174988
21.335078 72.692888 3833.102516
24.092275 68.319737 3833.164625
21.773984 72.021429 3834.386289
24.316633 67.948510 3834.539003
24.434723 67.749789 3833.914550
25.081049 66.653564 3835.345118
26.670001 63.845703 3836.198184
26.071503 64.923085 3837.119439
27.341311 62.612982 3836.853369
28.220928 60.942543 3838.471025
27.753119 61.836050 3840.114324
31.029854 55.175597 3839.693359
30.544544 56.222491 3841.008317
30.327433 56.696297 3841.677142
32.351485 51.719653 3842.224296
31.974173 51.294266 3842.296025
33.069340 48.770998 3842.292959
32.798055 46.398485 3842.291584
31.319710 46.560732 3842.291603
34.200018 39.860415 3842.291603
32.498626 41.194633 3842.291603
31.832770 41.704357 3842.291603
32.850354 36.297291 3842.291603
32.548279 35.293197 3842.291603
32.020027 30.622220 3842.291603
32.120704 24.832294 3842.291603
30.665270 25.491612 3842.292902
30.333076 22.241379 3841.952279
31.208136 16.438122 3841.183364
31.797540 10.910517 3840.516072
31.742251 11.536431 3839.258479
31.996699 8.110414 3838.357229
32.158032 4.354961 3837.991987
32.034357 5.611200 3836.779120
32.208731 1.419235 3837.561144
31.287112 0.973431 3836.935203
30.213221 0.706743 3836.831268
30.913086 -2.367409 3836.987246
29.356380 -2.558955 3836.457805
29.109142 -4.998888 3836.467140
29.539723 -7.087904 3837.015216
28.396758 -6.883161 3837.066586
27.628983 -11.273843 3836.673180
25.300213 -5.947827 3836.926568
25.899389 -11.464144 3836.898775
26.618601 -12.783181 3836.580082
24.199182 -10.072679 3836.589674
25.037680 -13.509035 3836.396339
24.546377 -16.754349 3836.795715
21.463054 -11.146361 3836.478710
21.862707 -16.190363 3836.578673
21.462648 -19.145534 3836.528346
19.852657 -14.386710 3836.843951
20.226122 -18.074090 3836.473346
18.529158 -19.671444 3836.423853
19.542832 -20.813820 3836.554679
17.192913 -16.538196 3836.557285
16.102932 -19.657926 3836.455077
15.647204 -23.140272 3836.467047
17.180033 -23.303808 3836.629926
14.558721 -19.243414 3836.370446
13.275112 -22.125422 3836.502606
13.043536 -25.520654 3836.746478
14.048058 -25.940172 3836.592251
11.480692 -21.983266 3836.337508
10.155170 -24.653025 3836.379033
9.908612 -28.229310 3836.805154
11.325223 -27.351178 3836.428271
8.420321 -24.719857 3836.516622
8.223411 -27.097378 3836.327024
6.760642 -29.197050 3836.329156
8.366182 -29.833711 3836.401032
5.241057 -26.704830 3836.531460
4.773814 -28.878684 3836.432796
3.548744 -31.775202 3836.477599
4.997203 -32.246265 3836.788907
2.026889 -28.950991 3836.375010
2.671702 -32.296991 3836.628212
2.498832 -33.507884 3836.558894
1.983994 -35.268529 3836.455312
-0.478280 -31.482208 3836.445569
-1.711513 -33.013955 3836.578023
-3.279042 -35.382785 3836.267182
-1.808323 -36.651965 3836.502312
-4.837833 -32.911863 3836.439768
-5.747690 -35.883420 3836.597821
-6.837814 -38.645362 3836.424378
-6.658129 -34.755318 3836.412233
-7.737561 -37.059414 3836.336640
-10.680970 -38.959006 3836.514884
-8.056320 -38.752493 3836.446561
-12.187370 -36.326059 3836.750999
-12.695715 -39.450338 3836.446964
-12.449009 -41.876438 3836.712021
-15.226408 -37.683264 3836.578620
-16.653601 -39.105232 3836.535527
-18.463407 -42.538523 3836.468222
-18.650205 -40.152742 3836.172436
-18.823142 -41.093722 3836.295578
-21.160523 -41.945046 3836.629790
-19.282190 -42.687874 3836.439467
-23.277561 -41.152974 3836.490285
-25.302981 -42.507656 3836.496318
-24.291731 -45.214884 3836.445358
-26.623905 -41.263432 3836.484040
-28.574463 -43.208196 3836.420341
-30.118384 -45.843084 3836.476960
-30.634425 -43.995063 3836.446256
-32.871533 -43.455058 3836.460052
-31.341316 -45.742741 3836.302274
-30.995615 -40.209537 3836.313667
-25.747407 -40.129371 3836.585276
-27.533686 -38.754110 3836.520231
-23.520729 -38.727072 3836.287972
-21.756657 -37.736709 3836.585534
-26.375195 -37.086495 3836.378755
-16.217940 -37.074604 3836.368344
-19.818195 -35.484156 3836.463577
-15.062410 -35.651149 3836.292347
-16.317879 -35.899512 3836.464473
-17.842448 -34.838891 3836.371593
-9.852283 -33.395314 3836.432444
-13.682078 -32.582323 3836.415248
-6.528974 -32.611239 3836.520313
-8.570570 -32.030423 3836.649539
-4.152200 -30.771784 3836.706015
-3.995828 -29.820441 3836.727753
-7.116373 -29.792509 3836.392193
-0.117975 -29.178192 3836.560952
-2.936788 -29.281002 3836.314681
1.994114 -27.187263 3836.466157
2.120940 -25.977909 3836.440792
-0.134374 -25.950242 3836.597908
6.256115 -25.624158 3836.658118
4.497551 -25.436742 3836.605888
3.064979 -24.949072 3836.497118
9.322023 -21.742025 3836.441463
7.208318 -21.223824 3836.481183
11.091389 -20.901909 3836.608240
11.173881 -19.181659 3836.250352
9.941047 -19.291126 3836.314507
13.518673 -17.407047 3836.332648
13.641278 -15.724068 3836.105000
10.968053 -16.656230 3836.472077
17.639115 -15.227041 3836.680615
15.390738 -15.757729 3836.563661
13.520067 -15.389226 3836.338323
20.182588 -10.921320 3836.461483
17.666284 -11.769734 3836.544052
22.337655 -10.420754 3836.282396
20.285933 -9.761699 3836.438687
19.112288 -10.624720 3836.389850
23.759324 -5.500463 3836.412270
22.114041 -7.726742 3836.807026
25.964902 -4.130589 3836.634157
24.051159 -5.232410 3836.434252
25.287133 -0.070487 3836.820127
23.623103 -1.598890 3836.338180
27.408189 0.241850 3836.840372
26.230214 1.931749 3836.690522
27.508613 3.563946 3836.608219
24.500376 5.173715 3836.647691
28.009663 5.753827 3836.524843
27.031915 6.670857 3836.746780
29.213639 8.043450 3837.146732
27.311887 10.222054 3836.720704
31.279826 10.162754 3836.609260
29.034587 10.863777 3836.613455
31.368834 15.170696 3837.570188
31.313378 15.624160 3837.965914
31.097867 16.824121 3837.428531
30.480095 21.274531 3839.075692
30.002944 23.886520 3840.422829
29.499117 26.341440 3840.563156
29.225173 28.366804 3842.256658
29.877028 31.218969 3842.291605
29.464590 37.540199 3842.291604
28.672611 40.738849 3842.291603
29.775935 43.151569 3842.291603
28.295480 44.616182 3842.291603
28.886817 48.867472 3842.291603
28.387045 51.579116 3842.291603
28.993643 52.131489 3842.291603
27.443804 55.954318 3842.291603
29.131877 55.462638 3842.291562
26.544322 57.812353 3842.291603
27.332908 61.999398 3842.273666
28.280521 60.843770 3841.880087
25.678572 64.746731 3842.292243
25.244681 66.371894 3841.051471
24.985798 66.815804 3839.917137
23.087786 69.959552 3840.103171
23.487826 69.312354 3838.355884
21.835012 71.927633 3840.233799
19.900415 74.825011 3836.984912
20.497240 73.949017 3836.679422
18.137386 77.327702 3835.998451
17.659366 77.984989 3835.283591
17.349586 78.406799 3834.492318
16.370749 79.715532 3836.673146
17.187987 78.625410 3832.074236
14.170518 82.539730 3832.616920
15.489846 80.864896 3835.215573
14.134968 82.584101 3830.909962
12.093358 85.064572 3831.186360
11.732897 85.488803 3834.122316
13.612538 83.229500 3828.308828
10.515798 86.898430 3828.522936
10.174503 87.286179 3831.610333
11.072096 86.259526 3827.528745
8.645312 88.987349 3826.204659
7.603724 90.112168 3828.594049
8.978053 88.622383 3825.753733
6.631610 91.138342 3825.773131
6.447334 91.330416 3827.148064
5.999610 91.794290 3823.593077
5.128834 92.683074 3823.634308
3.087985 94.699709 3823.684813
4.213133 93.598570 3826.010719
3.549574 94.251469 3820.647733
1.496231 96.213025 3821.793224
1.130165 96.553848 3823.957089
2.690699 95.082120 3818.597958
-1.174671 98.641151 3818.679354
-1.001120 98.487350 3821.350132
-0.034469 97.621049 3817.054892
-4.158957 101.200658 3817.682155
-2.836867 100.086131 3819.705247
-4.898307 101.810791 3816.791851
-6.444922 103.058224 3816.887132
-4.942245 101.846598 3814.693441
-7.496508 103.884717 3815.972283
-8.226200 104.447942 3813.533022
-12.070386 107.283349 3814.882693
-13.910730 108.565939 3812.857870
-13.330502 108.166399 3812.302772
-15.693691 109.764369 3812.764421
-18.526523 111.582134 3811.352881
-19.841799 112.391645 3810.526052
-23.419630 114.495818 3809.887571
-24.589446 114.735590 3809.253087
-27.343811 116.617763 3810.208371
-33.952042 118.250904 3809.252332
-34.628059 117.674901 3809.252280
-39.144885 119.703573 3809.252280
-41.368237 118.842203 3809.252280
-44.307911 119.126570 3809.252280
-45.227976 119.847618 3809.252280
-47.656663 118.652186 3809.252280
-48.532700 120.326541 3809.252280
-51.367455 119.767840 3809.252283
-56.365258 120.365381 3809.252281
-57.747432 118.261393 3809.252107
-64.508571 118.754943 3809.289423
-68.316784 119.171655 3810.067732
-71.396047 119.628701 3810.063464
-73.818126 119.933939 3812.060811
-74.193202 119.975520 3813.419731
-75.659681 120.029402 3814.276322
-78.461973 120.146010 3814.469159
-78.047626 118.295092 3814.606555
-82.223337 119.576530 3814.757802
-82.884714 118.102555 3814.891257
-83.707813 118.999519 3814.800308
-85.779001 115.924181 3814.838294
-86.835985 117.831572 3814.727021
-88.401502 114.874471 3814.819115
-88.734066 115.898280 3814.723793
-87.874182 113.052356 3814.797084
-91.391390 111.782659 3814.701924
-93.693690 113.557668 3814.581436
-91.271838 110.770307 3814.746286
-93.936132 109.364682 3814.837800
-95.295758 110.897310 3815.006213
-95.295838 108.187320 3814.840476
-96.012414 107.894797 3814.925687
-96.027937 108.712290 3815.101974
-97.175734 110.267880 3814.779580
-96.120318 104.879165 3814.888732
-100.131233 104.122681 3814.902158
-101.646625 106.624978 3815.024437
-97.642408 102.899644 3815.173911
-101.047578 101.487678 3814.667685
-102.709890 102.245196 3814.669590
-100.940637 99.846811 3815.093887
-102.726443 98.860207 3815.144749
-103.398556 100.013412 3814.718255
-102.387914 96.747158 3814.744912
-103.396460 95.873748 3814.971663
-104.081853 94.078921 3814.539124
-106.310572 95.515297 3814.771339
-99.130466 96.419023 3813.652935
-102.227238 92.204482 3814.711801
-99.689270 97.734079 3814.872539
-98.256991 100.232153 3814.637273
-96.595526 102.889242 3815.053894
-94.176391 105.173521 3814.735661
-91.410828 107.388826 3814.936302
-88.711745 110.377929 3814.419477
-86.850088 111.857718 3814.626504
-81.818306 116.425301 3814.821453
-78.428549 117.032139 3814.629771
-71.919573 119.438353 3814.735270
-68.176293 119.150276 3811.929671
-55.901875 118.047829 3809.252269
-46.692495 118.258191 3809.252282
-44.168350 117.751211 3809.252280
-36.731853 117.494781 3809.252280
-25.125686 114.268214 3809.251878
-20.733348 112.921272 3809.584469
-11.203554 106.663923 3812.367538
-6.224070 102.882579 3813.999437
-3.903979 100.988238 3814.422045
0.970726 96.701514 3817.622131
4.999719 92.812737 3819.675539
7.354461 90.377718 3821.678730
8.904344 88.703215 3823.674980
9.843372 87.659562 3824.973728
12.407497 84.690188 3827.032324
14.637504 81.952703 3830.073168
15.900427 80.332684 3831.745838
15.950106 80.268153 3830.337975
17.904637 77.648923 3832.146902
21.274991 72.784040 3836.304805
23.981189 68.503486 3836.871458
26.731801 63.733411 3839.642467
29.918092 57.524221 3841.991349
30.142823 52.068667 3842.291603
30.448228 46.977950 3842.291603
30.501558 40.585766 3842.291603
31.092579 34.465659 3842.291603
30.435956 21.497484 3841.739165
31.593294 13.127403 3838.161694
31.913868 9.374019 3837.369854
29.643772 3.779614 3836.786964
-100.407857 94.218176 3813.721951
-100.101227 90.567104 3811.750304
-94.111712 86.625729 3811.676926
-93.522196 84.874097 3811.676773
-34.710869 -45.918202 3836.523336
-34.720999 -47.137834 3836.535936
-32.156247 -50.966832 3836.337414
-28.142543 -53.913016 3836.564183
-26.524694 -52.700897 3836.725606
-26.670146 -51.211436 3836.636335
-23.161876 -52.902219 3836.750647
-21.333223 -50.787771 3836.486748
-25.960287 -50.347061 3836.503575
-19.701336 -50.481024 3836.348505
-19.646839 -49.248138 3836.419111
-16.174761 -52.188880 3836.486878
-14.989576 -50.498851 3836.233780
-16.666185 -48.928814 3836.339995
-13.042340 -51.729545 3836.298669
-10.762084 -50.606569 3836.496601
-12.396184 -48.551144 3836.516569
-9.098472 -49.587166 3836.517759
-7.990451 -48.195980 3836.275823
-9.840060 -48.184428 3836.268944
-11.814187 -47.566634 3836.196713
-4.463610 -49.559396 3836.313055
-4.075029 -46.771348 3836.494898
-7.415476 -45.296079 3836.806125
-1.793782 -49.201726 3836.484117
-0.143034 -46.608546 3836.485130
-1.322087 -44.232498 3836.384440
1.809841 -46.090279 3836.246856
1.936085 -45.180225 3836.250240
1.974367 -43.587180 3836.435181
0.313211 -43.239899 3836.264743
4.293174 -46.130415 3836.338464
5.858265 -43.437697 3836.633003
6.220630 -42.514545 3836.371207
4.383603 -40.909155 3836.738868
7.393374 -44.262854 3836.551134
8.995693 -41.809161 3836.497324
9.564505 -40.342612 3836.272332
7.608060 -38.988241 3836.660594
11.677467 -42.810801 3836.529770
12.605742 -39.137391 3836.610142
12.604105 -37.493086 3836.499124
10.430728 -37.303762 3836.370977
15.249799 -39.980108 3836.573220
16.448722 -37.524542 3836.514401
15.226417 -36.277735 3836.539526
17.568099 -36.228273 3836.879786
19.073342 -36.329877 3836.476103
19.340850 -33.147068 3836.708872
16.330063 -33.332861 3836.685667
21.261153 -33.856954 3836.785774
20.977062 -31.269042 3836.764423
19.172754 -30.339435 3836.516054
23.220621 -32.030072 3836.619014
22.981066 -28.944636 3836.672321
24.640599 -28.961331 3836.851878
25.804554 -27.998855 3836.930707
24.476740 -24.694242 3836.658424
27.598496 -27.036469 3836.547394
27.431994 -22.210424 3836.605904
29.319074 -22.946569 3836.593542
29.881089 -20.887369 3836.878146
27.965156 -18.647055 3836.999464
30.470936 -19.263948 3838.149106
30.641392 -16.729708 3836.958618
30.711326 -17.826341 3839.289630
31.286883 -13.794482 3837.692599
31.463120 -12.265175 3839.589981
31.402517 -12.814327 3838.318392
31.926123 -7.119858 3839.702980
32.068433 -4.667290 3839.975088
32.173406 -1.761655 3840.239428
32.453710 -0.381990 3842.292022
32.722331 5.330282 3842.294331
32.972712 9.307247 3842.292683
32.678635 13.006312 3842.292096
34.482254 13.966602 3842.291603
34.825754 19.246414 3842.291603
35.499119 22.687176 3842.291603
36.413291 23.777804 3842.291603
35.206507 27.374345 3842.291603
37.307960 28.894990 3842.291601
37.390292 31.404393 3842.291587
36.929092 32.430260 3842.291600
38.447536 34.276344 3842.144269
36.662782 35.745723 3842.291535
36.814545 40.101688 3840.889612
37.405669 38.172917 3840.094774
36.015593 42.562713 3840.930578
35.537125 43.953518 3838.577151
34.830505 45.928720 3837.921126
34.166899 47.701633 3837.726795
34.448627 46.959303 3836.450729
32.817449 51.076983 3836.076086
32.665339 51.440988 3834.686730
32.114947 52.730005 3834.175825
31.753893 53.560356 3836.831252
31.362087 54.437772 3832.585257
30.633465 56.032170 3833.321402
31.205547 54.785547 3835.171687
30.591986 56.120842 3829.839509
29.202600 59.008046 3830.908531
29.659725 58.076599 3833.482997
29.168981 59.077385 3828.110614
28.094139 61.189349 3829.613058
27.867079 61.620059 3831.228311
28.568253 60.264721 3825.744115
26.646377 63.888649 3825.822291
26.566948 64.033059 3828.912155
26.805727 63.598674 3824.679083
25.436326 66.038857 3823.671097
24.693460 67.311569 3825.494039
25.535285 65.865760 3822.968243
23.836143 68.741903 3822.827877
24.061854 68.371824 3824.089470
23.592370 69.141236 3821.070373
22.564346 70.790604 3820.497856
22.354581 71.120553 3821.682560
21.611952 72.269913 3818.960742
21.158665 72.959702 3818.105350
19.666258 75.164943 3820.089234
21.175042 72.934975 3817.137479
18.067355 77.425186 3816.419051
18.988528 76.136227 3819.131025
16.719511 79.252871 3815.397376
17.306812 78.466486 3817.270598
14.326859 82.342862 3813.911830
14.125440 82.595007 3813.546495
13.372381 83.523925 3814.092856
12.092182 85.065532 3812.157787
11.099687 86.226927 3813.547887
7.729209 89.978804 3811.426419
9.580447 87.954084 3810.593058
6.053959 91.738338 3811.438554
5.162250 92.657567 3809.686336
3.182788 94.447634 3809.314239
2.355434 95.399425 3809.734350
0.061577 95.771091 3809.252433
-0.578365 97.973145 3809.291937
-5.651866 100.133772 3809.252284
-4.406420 97.793827 3809.252280
-6.933021 101.356281 3809.252303
-9.901913 101.593829 3809.252282
-12.029930 102.931071 3809.252280
-12.623540 103.974684 3809.252281
-15.171304 104.000726 3809.252280
-15.296201 105.680272 3809.252280
-20.565787 107.325717 3809.252281
-18.917145 105.231617 3809.252280
-22.594335 108.683141 3809.252280
-24.847401 107.993169 3809.252280
-27.694275 108.975515 3809.252280
-28.686894 110.038956 3809.252282
-31.168433 109.271675 3809.252280
-31.563856 111.065251 3809.252282
-37.072316 111.019616 3809.252301
-35.926148 109.436490 3809.276454
-39.391601 111.905039 3809.251876
-41.434531 111.506469 3810.838006
-43.830498 112.473306 3811.406711
-45.042297 112.941830 3810.869014
-46.856389 113.612536 3812.791314
-48.272844 114.112880 3811.217356
-52.221702 115.404603 3813.491832
-50.585880 114.456072 3814.460925
-54.843994 116.183903 3814.039413
-56.418473 115.459037 3815.055119
-58.163824 117.012619 3814.205380
-60.581702 114.120277 3814.756501
-61.775025 113.798693 3814.946683
-62.742139 113.087633 3814.635684
-62.494546 114.789519 3814.919004
-65.906622 111.687393 3814.914253
-65.163909 113.222994 3814.512931
-66.441952 109.822303 3814.996200
-70.206548 108.805753 3814.513500
-68.311101 112.408276 3815.021341
-70.068042 106.535952 3814.843316
-70.818649 109.042570 3814.667295
-72.343312 105.530258 3815.094336
-73.846708 106.549605 3814.916753
-74.897023 107.581652 3814.853642
-73.784801 102.788966 3814.665169
-77.123711 104.321519 3815.066834
-77.094171 102.408794 3815.016364
-77.857415 103.560326 3815.032871
-77.198846 100.911605 3813.643346
-80.533533 102.192423 3814.718238
-80.766324 100.479677 3813.831815
-82.591329 101.198278 3814.740751
-82.995137 99.251327 3811.936343
-83.451986 98.352361 3811.654160
-84.365196 99.151451 3811.876259
-84.976348 96.580913 3811.673088
-86.442967 98.561568 3811.674301
-88.796602 95.211633 3811.651694
-87.537617 94.283208 3811.740553
-90.574148 95.709831 3811.671015
-90.532540 93.399025 3811.914500
-89.792606 91.895588 3813.938735
-85.390908 92.739707 3813.271534
-83.614150 92.516154 3814.307689
-84.520145 95.688482 3811.661523
-83.263818 96.956582 3811.670962
-81.229844 95.846081 3811.662776
-78.971871 95.867793 3811.666770
-78.672058 97.297421 3811.662919
-78.436966 99.411412 3812.048237
-76.063171 95.684021 3811.664671
-75.758989 94.158285 3811.663392
-76.625970 91.336814 3811.661949
-79.406398 92.481986 3811.964106
-76.786851 89.161999 3811.660044
-79.321679 89.063077 3811.924643
-78.035457 85.309898 3811.630470
-79.724523 83.730178 3812.209358
-80.858593 82.950313 3812.447589
-80.656962 86.029416 3814.351570
-77.848697 84.746241 3811.635795
-77.517198 79.144271 3811.650807
-79.831214 81.406981 3811.638212
-76.532122 81.752247 3811.652863
-75.350001 81.811591 3811.652821
-74.820874 76.865189 3811.643685
-76.793085 77.833429 3811.649490
-76.394329 75.517459 3811.647906
-75.052833 70.728291 3811.635009
-73.992725 75.445875 3811.614692
-72.991534 75.122084 3811.847656
-71.921235 74.404670 3813.063065
-71.956707 71.252001 3813.716120
-71.006251 70.505325 3814.311982
-72.068725 69.228831 3813.303102
-69.401628 72.619725 3814.908717
-70.004603 66.273811 3814.788650
-68.122076 71.575155 3815.007523
-67.775151 66.166331 3814.441977
-66.691348 67.540048 3814.642204
-65.858830 65.429105 3814.451131
-68.547013 65.067914 3814.768430
-69.153926 65.924802 3814.753710
-64.439045 66.673629 3814.689704
-65.337683 63.091031 3814.781962
-62.591106 68.305620 3814.757701
-62.647611 63.202904 3814.826855
-61.617541 66.619535 3814.979876
-60.938044 63.117449 3814.720424
-59.288748 63.460993 3814.865330
-59.520570 59.094173 3814.902680
-60.811233 60.522959 3814.784409
-56.670213 57.615469 3814.371733
-58.073508 55.217582 3814.775776
-56.930134 54.430168 3814.704956
-53.048640 50.656595 3814.642413
-54.257998 52.538091 3814.047759
-50.560113 48.505762 3813.453106
-50.651565 49.334741 3812.769728
-49.390616 49.027338 3812.024205
-45.665128 46.479176 3811.963808
-45.982466 48.526107 3811.560060
-39.942405 45.149415 3811.592251
-39.882852 47.111885 3811.583592
-40.588386 47.959690 3811.585197
-38.667378 48.336240 3811.579633
-35.521775 47.297149 3811.574425
-31.613140 46.706752 3811.534341
-35.562840 46.399190 3811.568521
-34.223322 44.956508 3811.730744
-35.237603 43.952257 3812.415249
-27.256959 46.134765 3814.369584
-26.105227 45.891758 3814.663568
-27.836397 44.036657 3814.815665
-26.862521 43.648339 3814.350886
-30.634106 42.075145 3814.426961
-29.138369 42.466350 3813.087358
-21.722143 45.993243 3814.489266
-24.895482 45.975531 3814.566330
-20.552562 47.792466 3814.773501
-23.558498 47.459443 3815.199877
-20.401559 49.635490 3815.186990
-22.386410 49.372749 3815.012160
-26.166923 47.400520 3813.215665
-21.519517 51.494453 3814.824543
-24.497328 49.842870 3812.516878
-27.458514 49.556931 3811.519857
-22.250321 52.089260 3812.853475
-22.290543 53.493866 3811.819426
-21.324553 53.724215 3812.575907
-25.443309 54.068206 3811.550977
-21.351364 57.632707 3811.510541
-20.605436 58.856233 3811.505474
-18.513584 60.379194 3812.016812
-20.257012 62.684272 3811.528737
-17.544178 61.636308 3812.725120
-17.796489 64.499769 3812.058881
-18.281157 66.789308 3811.774494
-16.628341 66.706795 3813.896435
-16.762890 63.768341 3813.179990
-17.329045 70.544385 3814.321166
-15.416213 67.223608 3814.804747
-14.394675 70.483171 3814.746181
-13.629332 70.790760 3814.461778
-12.842744 69.875644 3814.729439
-12.158815 74.112135 3815.010718
-10.245123 70.219680 3814.971979
-10.578426 73.993121 3815.091461
-9.321535 71.712811 3815.125737
-7.314320 67.244688 3814.837473
-8.026440 72.127985 3815.016208
-6.689642 69.541686 3814.741153
-4.671761 68.740097 3814.970022
-6.412380 67.164290 3815.061382
-4.043170 70.574959 3814.652291
-3.848329 67.481997 3814.831082
-2.420291 72.842416 3814.967065
-0.510493 68.578085 3814.810377
-0.770557 72.412346 3814.771206
0.170672 69.454163 3814.905200
1.191617 70.563906 3814.409348
2.033151 69.097234 3814.870704
4.281338 66.854876 3814.807511
4.634122 69.805781 3815.000281
6.338460 65.988871 3814.951089
6.012537 69.529375 3814.555338
9.199748 64.083881 3814.558413
9.597773 65.641340 3814.732317
10.855752 64.916737 3814.520244
12.179323 61.883010 3814.871375
13.341402 64.399619 3814.954865
15.467320 58.733579 3814.962333
16.446198 60.407760 3814.106040
17.357834 58.773170 3814.095846
18.573317 56.512434 3814.102734
18.500839 56.646307 3812.534443
20.723111 52.185771 3813.313689
21.209915 51.147878 3811.935678
21.626279 50.230451 3810.967785
21.874649 49.669235 3809.671045
22.848663 47.536377 3809.371722
23.901397 45.128049 3809.378371
26.033437 42.452556 3809.252186
27.128077 39.918185 3809.252309
29.162860 39.957366 3809.252280
31.060187 35.525331 3809.252281
32.991838 30.415175 3809.252280
33.802175 27.806308 3809.252281
35.740330 27.878139 3809.252282
36.502786 20.684796 3809.252280
37.437623 21.808768 3809.252280
37.818256 22.531579 3809.252280
39.160226 17.288437 3809.252282
39.811820 16.989716 3809.252287
40.060333 14.143450 3809.252283
41.351738 12.438864 3809.250843
42.250658 13.120288 3810.102653
42.725010 5.643139 3809.581648
42.668268 7.091218 3810.735732
42.637438 7.710736 3811.299208
42.810522 1.314637 3811.617023
42.809981 1.536218 3812.490824
42.766447 -2.320510 3812.102444
42.721430 -3.785315 3813.410346
42.761484 -2.491212 3814.757498
42.470227 -8.356973 3814.774918
42.541636 -7.331477 3816.227096
42.337883 -10.045507 3816.970318
41.928023 -14.108754 3816.431801
42.362288 -9.767693 3818.301654
42.062605 -12.895287 3818.396668
41.420202 -17.943100 3818.256333
42.125598 -12.313916 3819.464326
41.617274 -16.558873 3819.221609
41.191805 -19.452801 3820.860354
41.055061 -20.278660 3819.882191
41.699309 -15.935818 3822.596551
41.251959 -19.059624 3822.996732
40.540627 -23.174618 3823.540835
40.506328 -23.355225 3821.995287
41.267997 -18.954263 3825.192801
40.606442 -22.827052 3825.539345
39.865825 -26.513536 3825.747881
39.845279 -26.607951 3824.580868
40.608180 -22.817897 3827.099052
39.914842 -26.283293 3827.872029
38.988244 -30.291421 3828.167168
39.102485 -29.834626 3827.106306
40.008427 -25.837428 3830.229373
38.715831 -31.379870 3829.826572
37.644134 -35.290551 3830.248955
38.827662 -30.932954 3831.214739
38.427959 -32.475535 3831.284841
37.398909 -36.130129 3832.003123
37.421555 -36.053146 3830.422734
37.947164 -34.237005 3833.937992
36.971317 -37.532928 3833.089563
36.368000 -39.430459 3832.937721
36.653247 -38.549348 3835.401587
34.925274 -43.607911 3835.455325
36.076473 -40.313032 3835.675408
34.478351 -44.816158 3836.407205
33.942960 -46.212022 3836.219462
33.846085 -46.460418 3837.804165
33.500184 -47.343159 3838.169515
31.570677 -51.907810 3838.258100
32.098848 -50.702894 3839.643913
28.897256 -57.552832 3839.112371
29.001985 -57.344435 3840.724720
29.392836 -56.557961 3841.096595
25.205420 -64.381784 3841.417383
26.025275 -62.948685 3841.732451
25.445407 -63.056909 3842.293356
23.050610 -67.107249 3842.296973
22.637756 -65.478285 3842.291581
19.447821 -71.556966 3842.291966
18.222670 -70.658855 3842.291603
18.536975 -69.462952 3842.291603
13.431333 -76.538667 3842.291603
14.532813 -74.651620 3842.291603
13.142349 -74.819185 3842.291603
10.797309 -78.123328 3842.291603
10.256639 -76.917278 3842.291603
6.481936 -81.924279 3842.291603
5.399916 -80.784592 3842.291603
5.770465 -79.948039 3842.291603
1.833243 -84.092858 3842.291603
0.905150 -82.941002 3842.291603
-2.757025 -84.624076 3842.295263
-6.351327 -86.953684 3841.611447
-11.358262 -91.328838 3840.710022
-13.740523 -93.241328 3840.322944
-13.835661 -93.315511 3839.296158
-12.788103 -92.489600 3837.705067
-18.285492 -96.623770 3837.336480
-18.015219 -94.951526 3836.603388
-19.418092 -97.110425 3836.774580
-21.787137 -97.089052 3836.586428
-21.645408 -94.726645 3836.666174
-27.529827 -98.622633 3836.811561
-27.445416 -96.899159 3836.766375
-27.728319 -96.687664 3836.622539
-33.146728 -97.800041 3836.961676
-31.307041 -96.114713 3836.525667
-36.586738 -98.657138 3836.711295
-37.212135 -96.727455 3836.594784
-37.142430 -95.988986 3836.599205
-40.477030 -96.264249 3836.567569
-39.193329 -93.973775 3836.652002
-39.285439 -93.339520 3836.774348
-38.827410 -92.557507 3836.956299
-45.029594 -91.773873 3836.776664
-44.043004 -91.756303 3837.047420
-44.692860 -91.458154 3838.440636
-47.640613 -90.978831 3838.404813
-46.934005 -89.955698 3839.853089
-51.341380 -88.499707 3839.344706
-50.633147 -86.748041 3840.086701
-49.793040 -86.427810 3840.064175
-53.480989 -82.337055 3840.049560
-52.485468 -82.959929 3840.049659
-51.756623 -81.594212 3840.054785
-53.269316 -79.212098 3840.041424
-51.126250 -78.835504 3839.822613
-52.701523 -75.944669 3840.042193
-51.304982 -73.924017 3838.975519
-51.287514 -75.239579 3837.793348
-51.200583 -69.925262 3837.266976
-50.207984 -71.792311 3836.673170
-50.290957 -68.567304 3836.795665
-48.469357 -68.076620 3836.448712
-48.012017 -72.584070 3836.337224
-50.443059 -83.415195 3840.063146
-48.586462 -87.350500 3840.072479
-46.006331 -88.727515 3840.097569
-42.569219 -91.467136 3839.180757
-38.714769 -91.078218 3839.599681
-36.854281 -90.996367 3839.372643
-34.385529 -90.557475 3839.355978
-33.384166 -91.322869 3837.413441
-31.673747 -90.797212 3836.915290
-30.071191 -90.566307 3836.581538
-29.159777 -89.449181 3837.089600
-27.162546 -91.180133 3836.380861
-27.220902 -89.118850 3836.655697
-25.422932 -87.084322 3836.879205
-24.047371 -85.116193 3837.092267
-21.561198 -88.286311 3836.590603
-20.927663 -88.747213 3836.649897
-21.255301 -91.185566 3836.387129
-21.688962 -93.306316 3836.809627
-18.077393 -91.539078 3836.698110
-16.051806 -89.197132 3836.904417
-13.971336 -89.551725 3836.743979
-14.180187 -88.368286 3836.747751
-12.440738 -87.157325 3836.534378
-9.261754 -84.372135 3836.740162
-7.670707 -83.373499 3836.757253
-5.599419 -82.161035 3837.207162
-3.877071 -79.733516 3836.640327
-6.062794 -78.813851 3836.471271
-4.011009 -77.207483 3836.841013
-4.105132 -75.435705 3836.716370
-7.193010 -77.572218 3836.565891
-5.733928 -73.441294 3836.668266
-9.034577 -75.838814 3836.674693
-3.591488 -72.608093 3836.680858
-5.431114 -70.913585 3836.433049
-8.420250 -71.850613 3836.470638
-3.915955 -70.437297 3836.687731
-6.737007 -68.524500 3836.923195
-7.302989 -69.617935 3836.583315
-7.369016 -67.231978 3836.795737
-8.566096 -67.894648 3836.790222
-10.144996 -68.999268 3836.356068
-10.450081 -64.456450 3836.666955
-11.072529 -67.095966 3836.251781
-12.604737 -61.895466 3836.516575
-14.174421 -64.428068 3836.391149
-14.365481 -60.151661 3836.410296
-15.142008 -63.551537 3836.575010
-16.532854 -61.331396 3836.171329
-16.961419 -57.518116 3836.477127
-20.197336 -59.076573 3836.599935
-20.559482 -58.774011 3836.778835
-22.939484 -58.487311 3836.490523
-24.124868 -56.845985 3836.659094
-25.990431 -55.258024 3836.375040
-26.702711 -55.202710 3836.259164
-21.390439 -54.347768 3836.422078
-20.290514 -56.940188 3836.321447
-17.264572 -54.683636 3836.593476
-21.843718 -53.407053 3836.623753
-15.363638 -55.069161 3836.705045
-15.999011 -53.826210 3836.398873
-13.529997 -56.501726 3836.793132
-11.086365 -55.973888 3836.383602
-12.691802 -53.450327 3836.560083
-10.534448 -55.474143 3836.480202
-8.532624 -53.884936 3836.238181
-9.530351 -53.079545 3836.431841
-5.743215 -53.710851 3836.353586
-4.307175 -54.617003 3836.402093
-3.969971 -52.063669 3836.520292
-6.911763 -51.529162 3836.554871
-1.429042 -55.186964 3836.674764
0.449607 -51.948533 3836.374654
-2.213596 -50.518082 3836.530545
0.142997 -53.469670 3836.633649
1.570481 -50.471164 3836.316577
0.919375 -51.011392 3836.245932
0.346003 -49.790648 3836.378638
5.525625 -52.343240 3836.762802
7.081137 -48.966531 3836.326721
5.296650 -47.945457 3836.467232
7.831118 -49.186380 3836.450285
9.840575 -49.777777 3836.544167
9.152965 -46.411406 3836.438961
8.051129 -45.175887 3836.409181
11.274998 -48.397368 3836.433449
13.039144 -46.973428 3836.485713
11.818957 -44.462441 3836.618460
14.279699 -45.533011 3836.571908
15.315427 -44.755131 3836.585074
14.290572 -44.375908 3836.473981
13.268997 -43.029413 3836.606681
17.576564 -42.250414 3836.627902
16.916849 -41.720709 3836.613360
20.388617 -40.205121 3836.446252
21.084004 -39.261782 3836.768672
19.726024 -37.217905 3836.929688
22.658241 -39.113767 3836.760423
22.059067 -36.537341 3836.956326
24.225211 -36.709680 3836.506026
25.134921 -32.626319 3836.744012
26.152507 -32.948108 3836.901067
27.117560 -31.856235 3836.876606
26.250097 -29.209884 3836.662599
28.217924 -29.605284 3838.302302
28.727800 -26.282912 3836.849000
29.322664 -25.079970 3838.711850
29.717746 -23.268214 3837.427343
30.143278 -21.084485 3840.132675
29.907352 -22.312848 3840.457413
30.899892 -16.588784 3839.699715
31.314665 -13.545291 3840.329321
31.468726 -12.213256 3841.096252
32.739490 -9.251748 3842.292378
33.101414 -3.266102 3842.292040
33.593008 1.368797 3842.291681
33.362443 3.990000 3842.291599
35.617008 5.541513 3842.291603
36.174629 10.004874 3842.291603
37.018414 11.176327 3842.291603
36.747913 16.136314 3842.291603
36.669285 18.882449 3842.291603
38.347979 18.943970 3842.291603
36.509419 19.527630 3842.291603
38.638144 25.380562 3842.291591
39.745520 24.232909 3842.292647
38.071320 28.059539 3842.291594
39.674178 29.479051 3841.729127
39.315032 31.012930 3840.562255
39.043830 32.136707 3841.145767
38.712158 33.457726 3838.606083
38.338564 34.870252 3840.555088
37.319582 38.465697 3837.599305
36.770300 40.244666 3836.733590
36.307491 41.678179 3836.032757
36.428690 41.311044 3838.099033
35.264047 44.733856 3835.347589
35.038530 45.361996 3835.941311
35.473058 44.136502 3832.573318
34.442495 46.975185 3832.181935
33.966390 48.215868 3834.632675
34.511982 46.789616 3829.967839
33.025782 50.569199 3830.268202
32.943293 50.770527 3832.515981
33.690136 48.924041 3828.668352
32.472702 51.896846 3827.541264
31.781268 53.498649 3829.677547
31.531411 54.060846 3826.183711
31.070373 55.084915 3826.575582
30.955045 55.337806 3827.737784
30.493931 56.329585 3824.742891
30.364867 56.604273 3823.094545
29.109701 59.194297 3824.099166
29.709549 57.974732 3826.733790
29.176805 59.059614 3821.714620
27.708874 61.919676 3821.504416
27.514975 62.285662 3824.947304
28.765647 59.877466 3819.787245
26.721219 63.752527 3820.570826
26.431760 64.278843 3823.015793
26.560002 64.045797 3817.885101
25.485587 65.953162 3819.299278
25.384594 66.130383 3816.930025
24.055112 68.381494 3816.146908
23.014713 70.075300 3818.858669
22.970379 70.146118 3814.953381
22.675083 70.615058 3816.979131
20.184967 74.410736 3814.244263
20.763634 73.552647 3813.671170
19.232230 75.791180 3814.292732
17.636137 78.016741 3812.760093
17.276655 78.505221 3813.583615
14.616761 81.979123 3811.894971
15.894199 80.341619 3810.413462
12.740087 84.291295 3811.557228
11.093532 86.207330 3809.526316
11.250836 85.955163 3809.353030
9.333867 88.235759 3809.735849
6.847112 89.617175 3809.251194
6.859322 90.696291 3809.299872
2.839554 92.694845 3809.252314
2.806669 90.761008 3809.252280
0.304863 94.776124 3809.252284
-3.126956 95.299929 3809.252285
-3.247978 95.092887 3809.252285
-5.012802 97.343343 3809.252280
-7.955338 98.408340 3809.252280
-7.665158 99.179907 3809.252282
-12.070626 101.163736 3809.252280
-11.459232 98.815107 3809.252280
-14.493715 102.918670 3809.252280
-17.890146 103.264284 3809.252280
-18.119329 103.185006 3809.252280
-20.029624 105.033830 3809.252280
-22.936822 105.543763 3809.252282
-23.136768 106.581989 3809.252280
-27.548756 107.221292 3809.252280
-27.537411 105.159908 3809.248003
-30.576162 108.713678 3809.252280
-33.751517 107.979994 3810.395482
-34.178746 108.194466 3810.787509
-36.708225 109.414302 3810.322367
-38.659570 110.307762 3811.870520
-39.289553 110.588194 3811.018495
-43.214976 112.231556 3812.837333
-42.047751 111.466689 3814.601804
-47.196249 113.733717 3813.653475
-48.870008 113.489497 3814.889268
-47.583234 113.884356 3814.106472
-54.041072 112.843416 3814.849995
-51.924188 111.354495 3814.689624
-57.302312 112.134111 3814.781562
-55.973257 110.829378 3814.522274
-58.719799 110.720547 3815.093404
-58.887610 113.216548 3814.908119
-60.193481 108.371589 3815.146578
-62.753257 110.021770 3815.119795
-63.357167 107.390604 3814.795223
-64.110038 107.458998 3814.869948
-64.726353 108.366124 3814.625381
-65.835556 105.510045 3814.622532
-67.136567 105.226593 3815.251825
-68.689944 105.079728 3815.016189
-67.218489 108.152363 3814.711894
-66.665369 101.349643 3815.054984
-69.003788 101.704837 3815.086737
-66.534188 97.909918 3814.726730
-69.362434 98.268930 3814.928309
-67.791026 95.586732 3815.199870
-69.562763 94.027309 3814.565339
-70.294822 92.322595 3814.571240
-70.620836 95.591993 3814.393135
-71.997710 92.005357 3812.491677
-71.219052 96.792216 3813.624381
-72.567603 96.054757 3811.901801
-74.241186 94.480104 3811.651428
-73.839968 99.305366 3811.937112
-74.078911 93.250023 3811.644226
-75.380178 90.693019 3811.660696
-75.525532 93.416469 3811.662867
-75.390156 86.930698 3811.657365
-73.365606 88.268558 3811.687457
-72.982164 82.516816 3811.867268
-75.023460 84.127325 3811.652443
-72.618556 81.122041 3812.176485
-73.378643 79.948575 3811.686238
-72.452807 76.495464 3812.371287
-71.988156 80.163093 3812.983697
-71.651128 78.819597 3813.429070
-70.479448 81.353420 3814.810744
-71.453191 77.623164 3814.380428
-69.262232 77.145778 3814.689492
-71.068190 74.738024 3814.524144
-68.821355 79.027887 3814.954750
-67.743818 74.945792 3814.552040
-66.448040 78.938669 3814.749079
-66.346543 76.014866 3814.994896
-65.389006 72.841176 3814.790779
-65.165192 71.822663 3814.917675
-65.764993 69.629660 3814.794120
-67.122858 71.823783 3814.935583
-62.138848 73.744296 3814.917746
-62.303105 68.753206 3814.649190
-61.179597 73.974526 3814.840821
-60.970689 70.893760 3814.516704
-59.490323 71.869146 3814.552018
-59.545232 70.996725 3814.759008
-58.722055 68.421964 3814.918487
-58.793981 66.359555 3814.696485
-59.715979 66.058097 3814.765849
-56.539329 65.351912 3814.304827
-58.060332 63.503717 3815.065172
-56.131733 62.676849 3812.611522
-56.782651 59.619533 3813.790724
-56.365093 58.011839 3813.602988
-54.098119 55.797028 3811.790640
-53.725144 52.660270 3812.884654
-52.338461 55.066705 3811.584626
-47.542158 49.736823 3811.569324
-48.341195 51.711472 3811.601855
-46.831000 51.355696 3811.597488
-43.179520 49.679422 3811.580269
-44.029178 51.496890 3811.626271
-40.557052 48.991056 3811.574602
-39.839980 49.632617 3811.552028
-37.800376 50.704299 3811.779219
-35.790939 51.106919 3811.825945
-32.600160 50.511680 3811.555950
-30.619559 49.845092 3811.563225
-31.684512 49.066082 3811.565918
-26.766757 51.730146 3811.550876
-28.967091 52.911854 3811.558227
-24.860729 53.479782 3811.543988
-28.150175 55.726213 3811.544952
-25.232860 57.596504 3811.543818
-23.053212 57.045661 3811.544127
-21.127743 60.481256 3811.537837
-21.716186 62.916812 3811.542677
-21.571013 65.361976 3811.544212
-22.184269 66.600402 3811.545592
-21.523489 69.251279 3811.549296
-18.623775 66.973592 3811.631325
-19.980239 72.446377 3811.853014
-19.947245 74.006334 3812.821602
-19.083575 73.301443 3813.614288
-18.657622 75.145408 3814.809222
-18.158960 76.056097 3815.069161
-17.002002 73.201925 3815.123832
-15.784327 74.771419 3814.780614
-16.502958 78.165733 3814.851343
-13.784685 75.965876 3814.535723
-14.211423 79.288945 3814.870726
-11.808506 76.399340 3814.686943
-12.683781 80.048442 3814.604770
-10.340399 78.230520 3814.861162
-7.894423 74.706202 3814.903462
-9.974626 78.418423 3814.884033
-7.982444 76.177982 3814.703311
-5.677783 73.777999 3814.917188
-6.028824 75.803961 3814.965655
-4.905755 75.093232 3814.832882
-4.457949 77.714265 3814.460365
-3.047764 76.375964 3814.776405
-3.743658 79.796774 3815.051258
-0.441991 75.355897 3814.266342
-1.469460 77.624815 3814.633074
1.452740 74.324813 3814.624233
1.881148 75.751560 3814.768131
3.614274 72.746837 3814.805895
3.799282 75.629547 3814.700650
7.305806 69.489392 3814.881690
7.606167 71.431649 3814.969444
9.161245 70.408305 3814.866660
10.855632 67.616806 3814.776207
10.259687 70.113474 3813.451342
14.092370 64.272166 3814.461524
13.536561 65.224905 3812.687209
14.459406 63.747348 3812.431780
16.779088 59.810783 3812.163585
18.255088 57.110993 3811.378120
18.999913 55.682842 3810.364912
19.017613 55.646985 3810.303592
19.605115 55.056649 3809.306189
20.997277 52.055035 3809.307658
22.447929 51.980497 3809.252301
24.254982 51.151220 3809.252280
26.574111 46.229297 3809.252280
28.639542 41.728035 3809.252280
30.176605 41.872255 3809.252280
31.988020 39.702704 3809.252280
33.757731 34.660619 3809.252280
35.323561 29.824318 3809.252280
36.918270 27.539385 3809.252280
37.441914 29.160649 3809.252278
37.653717 24.957032 3809.252281
38.736615 24.042086 3809.252284
39.915267 25.125861 3809.247972
40.685513 17.422381 3809.250871
41.504880 19.481321 3809.731514
41.366599 20.388942 3810.173460
42.195849 13.685211 3810.857452
42.149039 14.153003 3811.557430
42.448304 10.732155 3811.266146
42.555956 9.183970 3812.503801
42.473931 10.368361 3813.937665
42.809821 1.567912 3813.479444
42.790037 3.372461 3814.193683
42.799446 -0.540952 3814.448435
42.796852 2.867690 3816.576239
42.740223 -3.202101 3816.453727
42.803326 -0.145677 3817.007504
42.754579 -2.721762 3817.125292
42.611582 -6.157267 3818.139655
42.706532 -4.196110 3819.343715
42.652929 -5.336103 3818.960707
42.476539 -8.266761 3819.052178
42.325413 -10.186889 3819.136518
42.615654 -6.082979 3823.152968
42.350856 -9.898709 3822.996339
42.009322 -13.379997 3822.441306
42.034455 -13.151374 3821.379005
42.398723 -9.339064 3825.324324
42.006664 -13.404155 3825.333034
41.605274 -16.649446 3824.751120
41.573424 -16.889410 3823.538206
42.098984 -12.560462 3827.679299
41.653134 -16.288583 3827.929977
41.070281 -20.188200 3827.503473
41.163261 -19.636154 3825.998784
41.665973 -16.191444 3829.795382
40.995964 -20.628247 3830.221642
40.315745 -24.346902 3829.423395
41.173745 -19.568521 3830.488391
40.562080 -23.061853 3830.537292
39.806229 -26.787710 3831.435696
40.415544 -23.831213 3832.520722
39.996603 -25.893605 3832.681746
39.436126 -28.423651 3832.623829
39.077418 -29.934901 3832.386786
39.151713 -29.637140 3834.479052
37.698997 -35.101317 3835.350815
39.167051 -29.575067 3836.458567
37.868714 -34.511725 3835.917343
37.876236 -34.485479 3836.915503
36.893516 -37.784305 3836.994814
37.169706 -36.889863 3838.749337
34.395056 -45.036286 3838.574611
35.225822 -42.775872 3839.706645
34.584471 -44.529752 3840.397653
32.684869 -49.328701 3840.634092
33.297202 -47.855453 3841.687385
31.347338 -52.408463 3841.053170
29.826922 -54.964442 3842.284470
30.164560 -52.845143 3842.293329
26.118505 -61.025598 3842.294239
26.489227 -58.358407 3842.291596
25.409349 -59.271819 3842.291603
22.586170 -63.628746 3842.291603
22.585521 -61.678883 3842.291603
20.511613 -66.466022 3842.291603
18.051013 -67.898354 3842.291603
18.545105 -66.091903 3842.291603
13.944586 -73.118274 3842.291603
14.715121 -70.558051 3842.291603
13.567737 -71.116239 3842.291603
10.239724 -75.109202 3842.291603
10.621412 -73.192506 3842.291603
8.044899 -77.025195 3842.291603
5.670539 -77.973613 3842.291603
5.867911 -76.770882 3842.291603
2.663477 -79.689822 3842.291546
-0.349597 -82.382600 3842.294390
-0.841212 -82.018464 3842.264780
-1.484176 -82.211742 3841.230168
-5.576926 -86.242912 3840.369668
-7.466627 -87.978684 3839.251297
-6.414159 -87.021776 3838.439441
-11.729891 -91.635975 3837.954236
-11.244328 -91.212415 3837.352080
-13.670044 -93.190733 3837.275115
-14.366538 -91.824758 3836.849858
-8.028729 -88.335535 3837.221344
-8.524903 -86.564453 3836.900326
-5.954986 -84.870220 3836.686529
-3.324440 -83.315927 3836.873804
-0.707838 -81.408550 3837.271532
-0.925686 -80.490338 3836.827283
-2.241019 -80.372820 3836.537198
1.621815 -75.960736 3836.694632
-1.639338 -76.627789 3836.639779
2.010581 -72.300313 3836.728278
-0.768797 -75.072808 3836.500689
0.215611 -71.140970 3836.559230
-3.106844 -73.708093 3836.402352
1.759221 -69.034913 3836.737375
-1.188026 -67.868262 3836.515297
-3.469477 -70.780377 3836.645194
2.363937 -66.104260 3836.792354
-0.897188 -64.821249 3836.571979
-2.106676 -66.772187 3836.611232
-1.783718 -62.788214 3836.385423
-3.767184 -65.083577 3836.628776
-5.041575 -63.211303 3836.883665
-5.376100 -63.500813 3836.862643
-6.337135 -61.984861 3836.365304
-7.770610 -60.218644 3836.799717
-8.110050 -62.714173 3836.254614
-9.465949 -59.966202 3836.623295
-10.849755 -61.323730 3836.237575
-11.183215 -56.535818 3836.534415
-12.979791 -59.240906 3836.409292
-4.289435 -58.440127 3836.348371
-6.407104 -56.771129 3836.548672
-4.276957 -60.386734 3836.365191
-2.578874 -57.527964 3836.749710
-2.731788 -57.510774 3836.762199
-4.746442 -56.276396 3836.302121
1.512626 -58.662872 3836.416510
3.346673 -56.156083 3836.542730
0.123207 -55.023388 3836.789424
2.908783 -58.403337 3836.588589
5.555207 -56.395763 3836.369817
3.566695 -55.428983 3836.546595
7.071689 -56.083725 3836.765055
7.829584 -54.325750 3836.710705
8.679357 -52.715343 3836.557436
6.825379 -52.925883 3836.693898
10.798236 -54.425305 3836.969813
11.858394 -51.679011 3836.595783
9.632577 -52.195466 3836.524426
14.349904 -52.273204 3836.781343
13.839552 -50.271110 3836.800891
16.344102 -50.124914 3836.879024
17.852676 -48.720809 3836.508368
16.004278 -45.901803 3836.632343
19.152846 -45.922507 3836.936584
18.912887 -44.381302 3836.552605
21.927830 -44.756982 3836.969265
21.617672 -41.565756 3836.420784
24.019227 -42.294794 3836.668840
23.399701 -40.991169 3836.431383
24.377209 -41.547392 3837.885255
25.272264 -38.218608 3837.122348
25.854431 -37.440304 3838.796466
27.452132 -32.361634 3838.231147
27.409687 -32.506307 3840.175509
27.766521 -31.268608 3838.890796
29.076989 -26.151300 3840.889698
28.548807 -28.286918 3841.637115
29.643964 -23.591563 3840.696585
30.393426 -20.636558 3842.243291
30.905838 -19.433010 3842.297532
32.146596 -16.340606 3842.291664
33.358157 -13.229357 3842.291602
34.542941 -11.964600 3842.291603
35.336919 -9.829763 3842.291603
35.691780 -6.917046 3842.291603
36.158683 -2.818908 3842.291603
35.792516 -0.626295 3842.291603
37.230082 2.846279 3842.291603
37.789132 2.901487 3842.291603
36.457949 6.993615 3842.291603
38.204985 8.030303 3842.291603
38.910278 9.841666 3842.291603
38.248864 10.787354 3842.291603
40.094374 13.108173 3842.291603
38.311463 14.143609 3842.291603
40.417551 19.481190 3842.292711
41.534293 18.415989 3842.132222
39.688072 22.910017 3842.291784
40.816699 23.745123 3840.588551
40.560172 25.135849 3839.783310
39.933756 28.257173 3839.729739
40.157976 27.187691 3838.196542
39.410571 30.598701 3838.648274
39.600085 29.774718 3836.645991
38.363401 34.778229 3836.022092
38.697099 33.515937 3835.623182
38.237110 35.246367 3833.834271
37.623652 37.425047 3836.425788
38.220993 35.306020 3832.174312
37.013033 39.462611 3831.791072
36.832531 40.044204 3835.433034
37.243453 38.714255 3829.710519
35.841259 43.076607 3829.732446
35.794092 43.215236 3832.991700
36.446456 41.257099 3828.023227
35.439501 44.232349 3827.708664
34.766432 46.102174 3830.048145
35.656144 43.613497 3826.860259
34.700769 46.279593 3825.408900
34.600406 46.550826 3828.241917
34.182876 47.659171 3823.930953
33.642347 49.044771 3823.792101
33.544764 49.291978 3825.409068
33.467277 49.487851 3826.918228
33.119730 50.340049 3820.981999
31.795631 53.466544 3821.813763
32.404888 52.054890 3824.111193
31.634866 53.829025 3819.541971
30.241862 56.865951 3820.011518
31.048831 55.131517 3822.033785
29.928216 57.527529 3818.486509
29.522944 58.355588 3818.946207
30.215746 56.921036 3816.426382
27.999843 61.368187 3817.010136
28.232228 60.921102 3815.706833
26.400260 64.334432 3815.782934
27.501436 62.310696 3814.170529
25.103932 66.613658 3814.850076
24.220956 68.107823 3813.450530
23.405480 69.445756 3812.788669
21.583803 72.313880 3812.859883
21.249193 72.823268 3811.725525
21.120374 73.018297 3812.682173
19.660704 75.173001 3811.505839
17.791176 77.813654 3809.913867
17.831183 77.749389 3811.024412
14.830359 81.024314 3809.248491
14.165674 80.142737 3809.252321
11.871578 84.660131 3809.254128
9.666819 84.655697 3809.252283
9.746640 83.705544 3809.252280
8.326658 85.962778 3809.252282
5.021020 87.706472 3809.252284
5.869691 88.168483 3809.252282
0.732482 90.889628 3809.252287
0.773198 89.301572 3809.252285
-1.687746 93.290743 3809.252284
-4.605904 93.664837 3809.252287
-4.008993 92.632552 3809.252281
-6.349797 95.191490 3809.252282
-9.267171 96.222606 3809.252284
-8.622768 96.839749 3809.252285
-13.615667 99.157022 3809.252280
-13.824376 97.793496 3809.252281
-16.508658 101.525913 3809.252280
-19.116037 101.280222 3809.252285
-18.686116 100.476313 3809.252270
-20.802119 102.595468 3809.252280
-24.653341 103.059264 3809.361638
-23.796316 104.099730 3809.252308
-28.870898 105.385847 3810.504170
-28.397563 105.118672 3811.965171
-32.215614 107.196277 3810.751082
-33.726945 107.969256 3812.858050
-33.394350 107.800173 3813.442582
-36.530908 109.331256 3813.138874
-39.018828 109.309489 3815.034926
-40.938427 111.301835 3813.802200
-44.450255 110.325130 3814.729961
-46.096000 109.965985 3814.837288
-46.286928 110.625587 3814.968188
-47.533054 108.418695 3814.734959
-51.070537 109.611991 3815.079085
-51.021290 108.264347 3815.211003
-54.759209 107.396141 3814.827715
-53.785695 110.281647 3814.721872
-54.656694 105.763889 3815.006188
-58.527656 106.585361 3815.057948
-57.406204 108.858550 3814.775038
-58.809392 103.616915 3814.842680
-61.087848 103.583425 3814.764437
-61.987004 105.873036 3815.242149
-61.394175 102.702329 3815.092550
-63.637499 102.178843 3814.451644
-63.274948 103.448669 3814.636363
-63.402380 100.129204 3814.967836
-63.653167 97.739666 3814.774709
-65.744244 99.345360 3814.505808
-63.442529 95.599262 3814.857242
-65.285922 97.082493 3814.634617
-63.917368 92.151672 3814.780733
-66.800552 92.827643 3814.360243
-67.160502 90.298658 3814.871185
-68.542014 90.688181 3815.057849
-69.125679 88.671406 3815.258388
-69.697356 88.128663 3815.195010
-69.722302 89.910454 3814.844603
-71.533005 86.975013 3813.897468
-71.628570 87.968900 3813.461185
-71.655486 89.960103 3813.599154
-70.474930 84.458291 3814.939596
-71.588836 83.805945 3813.520613
-69.430901 82.790340 3814.828197
-68.183563 82.264357 3814.857225
-69.207999 81.759251 3814.900332
-66.519252 84.534842 3815.020889
-66.871139 81.563929 3814.663054
-64.336308 83.814100 3814.688431
-63.469883 84.003376 3814.702636
-63.709369 79.925738 3814.985388
-61.850006 81.985413 3815.071212
-62.769004 78.859174 3814.746416
-63.536136 77.120694 3814.580711
-64.801475 76.333779 3814.947861
-59.918970 81.974203 3814.916815
-58.522818 79.543717 3814.595199
-59.616746 76.326959 3814.888647
-57.940804 79.570844 3814.667284
-56.979847 77.200390 3814.833374
-59.308221 75.834125 3814.755584
-54.952172 77.858985 3814.969426
-55.805697 75.514202 3814.823352
-55.365554 75.194832 3814.618831
-55.419265 71.389203 3814.659579
-58.017799 70.736663 3815.066509
-54.484712 70.908137 3813.089929
-56.101299 66.732158 3813.919873
-55.006444 68.613140 3812.652176
-56.277803 65.321156 3812.918290
-53.496586 65.663856 3811.593141
-55.659671 61.766081 3812.060147
-54.961327 58.705558 3811.684269
-52.208773 58.412576 3811.611491
-50.996905 57.735282 3811.607439
-51.113160 56.374019 3811.608321
-49.245700 53.846387 3811.601650
-47.718334 54.054485 3811.574879
-45.866697 53.436838 3811.861109
-45.408899 54.684339 3813.214941
-42.464999 52.429179 3814.130337
-39.848244 52.027148 3814.016737
-39.196436 52.151250 3814.105208
-39.005556 54.496744 3814.851889
-36.706467 55.843727 3814.447432
-38.590346 57.745624 3814.925822
-38.617803 59.211106 3814.800819
-35.588864 60.718483 3814.616264
-37.984513 62.506482 3814.863994
-39.015752 62.942896 3815.194085
-37.449485 65.762022 3815.092710
-39.261262 66.006785 3814.801398
-39.707460 67.612489 3814.591175
-40.394885 69.360473 3814.630298
-40.489536 70.925951 3814.772188
-38.318945 73.694677 3814.845267
-36.823467 74.636986 3814.371916
-34.872067 75.660414 3813.035336
-36.026210 77.225346 3811.618510
-33.082955 78.961177 3811.608490
-31.496999 79.915296 3811.599353
-30.444719 80.687488 3811.600891
-27.217979 79.601569 3811.824706
-27.298619 80.196403 3812.232909
-25.193794 78.821520 3812.365153
-24.177954 78.965089 3813.198304
-24.130605 81.025256 3814.780810
-20.215717 76.416671 3814.497137
-20.093704 78.659336 3815.068747
-19.197593 80.127363 3814.738490
-19.288156 81.145225 3814.561040
-17.918439 79.648565 3814.626782
-18.572683 83.337603 3814.850695
-15.354646 81.161417 3815.056549
-17.227969 85.678907 3814.812198
-13.708656 82.403639 3814.638472
-15.275289 86.787799 3814.719017
-13.112406 82.964184 3814.809139
-11.848516 81.387056 3814.844115
-10.584497 82.920370 3815.062010
-6.554608 79.341939 3814.764736
-9.098740 83.882502 3814.625605
-7.202399 80.400697 3814.811136
-6.257913 81.844145 3814.646189
-6.987201 84.985324 3814.381981
-2.364920 78.958578 3814.506866
-2.196379 81.191908 3814.417565
-2.721483 82.818943 3814.721847
3.062112 76.750813 3814.863821
2.059041 79.629927 3814.724765
5.070383 74.488548 3814.871655
6.012032 75.765036 3814.036419
5.559111 76.323019 3813.691000
9.225840 71.551329 3813.596158
8.419832 72.643825 3812.886439
10.860637 69.253094 3813.158088
12.584118 66.698189 3812.135318
13.596915 65.129369 3811.368522
13.465565 65.323733 3809.945713
17.058403 59.298275 3809.643685
16.936506 61.592076 3809.251733
17.708906 60.989674 3809.252343
19.836804 56.951431 3809.252290
22.076445 57.745956 3809.252280
25.144780 52.889856 3809.252280
27.643634 48.417842 3809.252280
28.678746 46.229523 3809.252280
31.111322 46.340857 3809.252280
33.234491 41.060508 3809.252280
34.843976 37.099418 3809.252280
36.084417 34.484274 3809.252282
38.227922 32.206429 3809.249277
39.271360 28.139157 3809.248891
39.507828 29.043871 3809.270213
40.201612 25.262646 3809.264195
40.668027 24.581856 3810.107913
40.405367 25.948759 3811.550275
41.646449 18.405199 3811.300609
41.555924 19.082639 3812.798658
41.496055 19.495207 3812.980318
42.256672 13.016489 3813.706569
42.040665 15.158944 3815.273623
42.610909 8.232433 3814.716196
42.305848 12.469834 3816.247814
42.699759 6.446380 3816.800366
42.461933 10.538687 3816.925322
42.645820 7.543603 3818.599130
42.796555 2.894239 3818.633733
42.689806 6.650409 3819.005266
42.787459 3.526300 3818.995734
42.806771 0.205146 3820.100198
42.800638 2.483804 3821.140440
42.810832 0.853271 3821.117214
42.798012 -0.683775 3821.683828
42.659116 -5.212033 3821.203766
42.810653 0.773648 3823.898477
42.744043 -3.074623 3823.841512
42.670510 -4.981658 3823.917452
42.476518 -8.267399 3823.518350
42.764719 -2.383264 3826.478989
42.614972 -6.094802 3826.544638
42.511292 -7.770019 3826.648466
42.220098 -11.352421 3825.735578
42.622260 -5.950767 3828.978447
42.421517 -9.031186 3829.459242
42.001000 -13.455515 3829.510477
42.109901 -12.459253 3828.453802
42.278996 -10.704525 3832.136785
41.927562 -14.115121 3831.212053
41.714709 -15.817482 3830.801360
42.012281 -13.352906 3834.076985
41.424900 -17.911973 3833.779764
40.815115 -21.687257 3832.756609
41.720018 -15.776375 3835.342999
40.790811 -21.831435 3834.635048
40.987624 -20.677275 3836.049137
40.471550 -23.538285 3836.737968
39.531929 -28.007202 3835.716983
40.034937 -25.711237 3837.427745
38.927588 -30.534033 3836.985837
38.751573 -31.238430 3838.650211
39.189580 -29.482922 3839.388027
36.989527 -37.474484 3839.800358
37.143502 -36.975157 3840.308718
36.689333 -38.436377 3840.873840
35.397622 -42.290161 3841.066369
35.594699 -41.526596 3842.170695
33.014208 -48.526930 3841.859969
32.398198 -47.594791 3842.293079
32.491834 -45.610840 3842.291553
29.001259 -53.019336 3842.291600
28.767886 -52.460603 3842.291603
27.425496 -54.073974 3842.291603
25.799873 -56.837486 3842.291603
24.813470 -56.431224 3842.291603
22.159430 -62.278342 3842.291603
21.503256 -61.074298 3842.291603
21.676957 -59.221501 3842.291603
17.374541 -66.048635 3842.291603
17.351617 -65.185533 3842.291603
15.819643 -66.642364 3842.291603
14.094127 -68.946322 3842.291603
13.037671 -68.475375 3842.291603
9.918510 -73.837992 3842.291603
9.596030 -72.273322 3842.291602
9.698707 -70.943674 3842.291647
4.803541 -76.465881 3842.294403
5.076778 -75.485888 3842.285234
3.676156 -76.516140 3841.662287
1.886389 -78.576213 3841.616108
-0.156694 -80.819515 3840.510758
-1.133390 -81.849600 3839.453279
-0.575626 -81.264511 3838.585018
0.902038 -79.675458 3838.734419
3.241779 -77.036261 3837.920034
3.357402 -76.905398 3837.203955
4.085413 -73.785449 3837.104316
4.573245 -73.547316 3836.885691
4.788245 -72.034423 3836.567951
5.622115 -69.711082 3837.085958
4.538518 -69.672682 3836.656884
3.536866 -69.578875 3836.434582
2.144113 -70.234854 3836.693324
6.718650 -64.955135 3836.826964
3.727813 -64.887462 3836.594017
5.140404 -63.148006 3836.692906
3.932845 -62.506814 3836.607177
3.606334 -63.118024 3836.639230
3.016931 -61.102113 3836.644763
2.253913 -62.268418 3836.612516
0.916918 -63.755596 3836.599812
6.120426 -60.138889 3836.665160
4.937367 -59.490119 3836.408365
10.137366 -58.392845 3836.583766
10.143668 -56.819643 3836.945423
11.630965 -58.936124 3836.928491
13.035891 -56.091525 3836.663797
14.393649 -56.283153 3836.661836
16.344873 -53.108388 3836.539960
17.171647 -53.533727 3836.871099
18.573251 -51.597815 3836.704785
19.589665 -50.977859 3836.727827
20.499845 -50.602367 3837.430038
19.939963 -47.425165 3836.602368
22.254764 -46.765614 3837.611127
21.743634 -46.667575 3836.918592
24.085431 -42.300656 3839.342212
23.176080 -44.573725 3839.792890
24.573674 -41.023182 3839.164988
25.505051 -38.450354 3840.632833
25.687126 -37.928811 3839.503017
27.221304 -33.135620 3841.571830
27.408258 -34.712100 3842.294226
28.360133 -29.059499 3841.462862
29.804772 -28.361447 3842.291828
29.934415 -29.339210 3842.291575
30.411170 -25.456980 3842.291872
32.341068 -22.604216 3842.291603
33.166984 -20.535673 3842.291603
33.753837 -17.417411 3842.291603
34.741718 -17.470033 3842.291603
33.762309 -13.661617 3842.291603
36.027757 -11.665993 3842.291603
36.430484 -13.970988 3842.291603
36.183567 -8.450959 3842.291603
37.416675 -6.797584 3842.291603
37.988958 -5.131868 3842.291603
38.160610 -2.084936 3842.291603
39.443902 -2.038641 3842.291603
37.447599 0.955351 3842.291603
39.935771 3.698868 3842.291603
40.877173 2.002628 3842.291594
39.775667 6.679798 3842.291603
41.103362 8.732552 3842.291688
41.804029 10.260048 3842.295954
41.816788 13.173888 3842.277102
42.396848 11.413221 3840.753189
41.995401 15.021918 3842.036419
41.819093 17.076884 3839.603986
41.398490 20.151405 3840.537077
41.458834 19.748811 3838.073833
41.393037 20.187850 3838.919029
41.231024 21.261863 3836.764131
40.393350 26.013796 3836.111808
40.893516 23.294647 3838.516085
40.245753 26.763561 3835.204740
39.849495 28.653708 3835.704857
40.264302 26.668858 3832.830690
39.721027 29.244203 3832.149490
39.143775 31.727977 3834.507223
39.433643 30.498539 3830.958211
38.879623 32.789951 3830.013505
38.515081 34.216343 3831.883811
38.753201 33.294960 3829.109483
37.956843 36.270577 3829.512249
38.050260 35.931659 3830.602663
37.813659 36.768544 3826.715566
37.517776 37.789563 3826.999608
36.878959 39.894818 3826.838445
37.326860 38.441984 3829.233632
36.905190 39.810306 3823.257734
36.088845 42.339942 3824.755637
36.145336 42.169223 3826.935305
36.562474 40.899053 3820.924551
35.031224 45.385010 3820.632571
35.235336 44.813961 3823.957897
35.726252 43.413203 3818.724279
33.996765 48.138076 3819.716917
34.426279 47.017903 3821.919534
33.502745 49.400432 3818.405761
33.129501 50.316227 3818.905115
33.316658 49.858590 3816.622611
31.666198 53.758608 3816.860393
32.143697 52.663423 3815.584823
30.968333 55.309297 3816.321167
31.292028 54.593800 3813.654929
29.403872 58.598730 3815.119802
28.319277 60.752724 3813.120914
28.949172 59.515783 3811.892469
26.534404 64.092218 3811.982475
24.728479 67.252137 3810.858895
24.424663 67.771990 3809.745162
22.049304 71.160217 3809.274126
21.510222 72.432878 3809.762288
18.203593 74.639831 3809.252317
16.682806 75.418369 3809.252281
15.519376 76.697361 3809.252280
13.620806 79.669490 3809.252279
11.603617 80.249261 3809.252280
11.395466 81.882815 3809.252285
7.898330 83.455387 3809.252282
7.565102 81.490164 3809.252281
5.308735 86.035194 3809.252283
2.623882 86.075432 3809.252285
2.558516 85.834940 3809.252285
0.500484 88.715351 3809.252282
-1.936596 89.337793 3809.252285
-2.255491 90.874166 3809.252284
-6.128256 92.039973 3809.252285
-8.502637 92.739295 3809.252349
-8.765696 92.354206 3809.248842
-11.910018 96.655548 3809.252281
-15.196050 97.082178 3809.247869
-14.318402 95.753085 3809.649839
-17.507615 98.653429 3809.260518
-20.257847 100.056554 3810.269003
-21.501847 100.890456 3811.003655
-23.991729 102.491260 3811.194065
-24.450781 102.778099 3812.303740
-26.568014 104.058723 3811.131956
-28.868555 105.387595 3813.606780
-27.966702 104.864205 3814.317898
-30.408428 106.235733 3813.749639
-32.622500 105.641466 3814.834984
-33.928559 107.660829 3814.501088
-40.445169 107.473822 3814.959118
-39.296840 106.434522 3814.689110
-43.502199 107.931942 3814.879216
-42.876376 106.016622 3815.019215
-46.569483 107.403648 3815.055543
-47.721123 106.234334 3814.697020
-47.995358 106.330465 3814.733658
-48.409237 106.721503 3814.859355
-51.153641 103.991237 3814.871515
-52.539810 104.339151 3815.132684
-54.114136 104.572693 3814.834647
-51.944017 106.095035 3814.779903
-54.399571 100.386259 3815.212710
-57.757124 100.505956 3814.988477
-57.162511 104.035891 3814.932937
-56.286722 100.224784 3814.813839
-59.808318 99.048853 3814.948380
-58.955327 100.892188 3814.850453
-58.787200 102.427612 3814.726723
-58.461800 95.500034 3814.625379
-61.232915 95.739773 3815.193518
-57.950181 94.433135 3814.643623
-61.124241 93.504683 3815.075422
-60.457833 91.638948 3814.884402
-59.516836 89.687818 3815.042726
-62.284056 90.533678 3814.824961
-61.632130 88.455529 3815.103208
-64.760146 87.629533 3814.495305
-64.464937 89.452829 3815.050881
-61.331467 88.757870 3815.127287
-60.449138 86.539500 3815.103049
-56.012989 91.661397 3814.558248
-57.584077 89.769008 3814.911375
-55.939399 94.622092 3814.869356
-52.856026 94.685208 3815.152760
-54.687191 92.735084 3815.077399
-56.201978 97.551673 3815.116596
-52.865823 97.641278 3814.764324
-50.263667 97.378577 3815.103794
-50.166092 96.292329 3814.852455
-52.137085 99.640014 3815.115395
-50.074096 99.331466 3815.119322
-45.730851 99.973133 3815.038769
-46.320378 97.847992 3815.244191
-48.609918 102.184949 3815.215089
-44.755896 101.786109 3814.865779
-41.662094 100.184395 3814.658095
-45.523533 102.755176 3814.905967
-41.514933 103.366271 3815.171974
-37.073695 101.396360 3814.673202
-40.977765 104.309390 3814.872027
-37.487918 102.544814 3814.852456
-36.238793 103.529816 3814.606416
-34.598389 104.026864 3814.652815
-32.178636 103.156924 3814.801700
-29.148929 101.938711 3814.958289
-28.304573 103.019960 3814.550816
-23.095209 99.404478 3815.022701
-23.945408 101.705270 3814.730041
-24.062115 102.397727 3814.565083
-18.563554 98.886517 3813.682464
-18.458824 98.812491 3812.993794
-15.929986 96.977278 3813.176295
-15.038852 96.306848 3812.251270
-13.553264 95.158421 3811.607566
-9.083996 91.469953 3810.545290
-7.845496 90.379107 3810.132912
-6.760422 89.847617 3809.258091
-4.924671 88.151505 3809.271403
-0.509105 84.483596 3809.248010
1.465231 83.101523 3809.252300
2.519685 83.778117 3809.252283
6.990154 80.782696 3809.252280
11.498086 76.308653 3809.252280
15.430908 72.471666 3809.252280
16.004240 73.598211 3809.252280
18.430812 72.632892 3809.252280
22.326197 67.900159 3809.252289
26.028462 63.761214 3809.246325
28.823105 59.404641 3809.279281
27.780760 61.785360 3810.425505
30.500820 56.315049 3811.249690
32.322891 52.246610 3812.018593
32.948867 50.756731 3813.242452
33.760836 48.742757 3813.788425
35.077673 45.256483 3814.209158
34.776972 46.073714 3815.436096
36.035879 42.500955 3814.705040
36.058358 42.432863 3816.611517
36.922970 39.753029 3815.946803
36.893209 39.848950 3817.631923
38.222569 35.299998 3817.754598
36.788014 40.187458 3820.246948
38.188879 35.424924 3819.831050
38.334589 34.884974 3819.113891
38.181821 35.451244 3821.702496
39.055417 32.087015 3821.792183
39.727899 29.215305 3820.582546
38.411345 34.600661 3823.921539
39.454904 30.406050 3824.261681
40.152573 27.214306 3824.094572
39.129920 31.785078 3825.669446
39.789147 28.933855 3827.113578
40.753290 24.106214 3827.203805
40.270137 26.639689 3827.938537
40.539337 25.245563 3828.360025
41.095712 22.102805 3829.464054
40.837490 23.623512 3829.771666
40.785136 23.930164 3831.419728
41.303558 20.784965 3830.640831
41.560826 19.039684 3830.569376
41.306703 20.763941 3832.905154
41.736781 17.711593 3833.310064
42.156837 14.090158 3832.213505
41.440819 19.869121 3835.240309
42.005493 15.479271 3834.307060
42.236340 13.243157 3834.885713
42.229159 13.321150 3835.797148
42.579318 8.808519 3837.462536
42.290420 12.641665 3838.401652
42.565373 9.027507 3837.663858
42.610449 8.242880 3839.045214
42.724660 5.761762 3840.095066
42.636344 7.732650 3840.326202
42.811393 0.780303 3840.678212
42.814179 1.411924 3841.514694
42.772541 -2.112595 3840.988458
42.566170 -3.432372 3842.240881
40.940361 -2.605156 3842.291593
41.570490 -11.300279 3842.297335
40.215396 -8.822476 3842.291603
39.772251 -8.022524 3842.291603
39.056043 -15.237278 3842.291603
38.360085 -14.945092 3842.291603
38.403963 -18.360818 3842.291603
37.007879 -19.409954 3842.291603
35.782559 -18.753573 3842.291603
35.090504 -27.395496 3842.291603
34.363177 -25.038066 3842.291603
34.209792 -23.867065 3842.291603
32.413683 -31.064697 3842.291603
32.003269 -30.161758 3842.291603
31.192609 -34.038454 3842.291603
29.886296 -34.852441 3842.291603
28.863699 -33.533341 3842.291587
26.513079 -42.238236 3842.291603
26.121260 -40.027953 3842.291890
25.895462 -39.246845 3842.295887
23.437588 -45.232211 3842.295473
23.043059 -44.911230 3841.937803
21.545603 -48.568442 3842.151732
20.973123 -49.590617 3841.106195
21.316485 -48.849044 3839.753268
17.434721 -56.567470 3840.436397
18.496267 -54.590985 3839.298141
18.821858 -53.965434 3838.606788
15.168150 -60.516701 3838.310599
15.582279 -58.657489 3837.072002
13.699563 -62.926191 3837.156618
14.266097 -59.677664 3836.662263
11.503684 -63.355007 3837.243108
11.476796 -65.351077 3836.669376
10.132897 -63.490295 3836.959115
8.187099 -67.856809 3836.841755
7.272261 -66.130943 3836.741369
10.707436 -60.409661 3836.984221
11.011637 -66.632553 3837.002349
9.430438 -66.804276 3837.024079
9.887955 -68.571011 3839.097718
12.238478 -65.157626 3839.741768
13.894014 -62.591896 3838.091224
15.090440 -60.646825 3840.600086
14.397842 -61.781882 3841.290193
16.886037 -57.556157 3840.664762
17.894885 -55.693012 3842.050802
19.136830 -54.575991 3842.296284
20.735044 -51.515677 3842.295268
21.503707 -52.138407 3842.291593
21.769507 -48.386017 3842.255556
24.696919 -46.908916 3842.291603
24.738701 -48.572529 3842.291603
26.011921 -43.830107 3842.291603
28.422952 -41.649128 3842.291603
29.539237 -40.448346 3842.291603
30.724156 -37.301870 3842.291603
31.645137 -37.853213 3842.291603
31.607953 -33.570496 3842.291603
33.965660 -32.414624 3842.291603
34.239706 -34.079613 3842.291603
35.202647 -28.331399 3842.291603
36.752701 -26.635742 3842.291603
37.635442 -25.278369 3842.291603
38.449854 -21.705216 3842.291602
39.449395 -22.037900 3842.291566
38.675093 -17.925233 3842.291603
41.081378 -16.350047 3842.295856
41.429238 -17.907733 3841.753900
41.660005 -12.636836 3842.283690
42.302420 -10.448609 3841.145371
42.429752 -8.932358 3840.499925
42.639835 -5.599023 3840.268814
42.632136 -5.753042 3838.992905
42.772831 -2.097010 3840.906760
42.791125 -1.228335 3838.390705
42.808329 0.357693 3839.483057
42.810774 0.695867 3835.968208
42.803846 2.155356 3837.992246
42.802503 2.293451 3835.119456
42.727151 5.686738 3834.618100
42.671211 7.036544 3836.827474
42.755611 4.753006 3832.617678
42.495982 10.052996 3832.204440
42.510111 9.852056 3835.355866
42.623125 7.994459 3830.663855
42.252942 13.058406 3830.350265
42.258907 12.992166 3832.506698
42.430098 10.990804 3828.874453
42.116428 14.464285 3827.613033
41.974863 15.756003 3829.778273
41.835284 16.944758 3826.633084
41.665629 18.258101 3826.261354
41.628050 18.547181 3827.552956
41.460277 19.739615 3824.997971
41.390882 20.202368 3823.281435
40.933239 23.061349 3823.996211
41.193423 21.502794 3826.354582
40.985306 22.754804 3821.462853
40.402999 25.962621 3821.141597
40.401112 25.972647 3824.473948
40.880737 23.370237 3819.238584
39.923361 28.306494 3818.631397
40.003533 27.924433 3821.731213
40.228468 26.845909 3817.009459
39.155420 31.682796 3817.614116
39.477233 30.309035 3820.255295
38.837011 32.960126 3816.322498
38.641559 33.732666 3817.416090
38.243697 35.221669 3814.897628
37.821741 36.741302 3816.441587
37.111323 39.145224 3813.549326
37.474648 37.937480 3813.094732
36.541971 40.962158 3813.522371
35.488609 44.091955 3812.328790
35.515817 44.014317 3810.972709
34.241895 47.511204 3810.211718
31.961864 53.058292 3809.546134
30.459444 56.419260 3809.721562
27.949544 58.566980 3809.252267
25.798124 60.329490 3809.252280
22.412739 64.540895 3809.252280
20.657162 66.870737 3809.252280
17.533294 68.588854 3809.252282
14.987445 70.181652 3809.252280
11.018276 74.199460 3809.252280
9.237984 75.981590 3809.252282
5.272345 78.280494 3809.251392
2.526092 79.982213 3809.560548
-0.499263 83.245982 3810.326641
-2.280494 85.092597 3810.441477
-4.171569 86.966871 3810.658968
-8.484216 90.946684 3811.384766
-10.967645 93.068795 3813.293330
-9.008215 91.408715 3814.179836
-12.774905 94.541629 3812.969450
-14.777916 95.290586 3814.653207
-15.863755 95.605924 3814.724889
-19.612436 98.054673 3814.775490
-20.252499 96.822419 3814.740437
-22.249667 99.930045 3814.766789
-25.343942 98.807075 3814.832206
-24.284821 97.495359 3814.820986
-29.958721 100.018838 3814.622548
-30.534431 99.312762 3814.712988
-32.202826 99.191986 3814.952817
-32.010014 101.523901 3814.834639
-33.529578 97.687246 3815.094401
-35.975772 99.335109 3815.172855
-33.477966 100.859470 3815.059290
-37.271421 96.891521 3815.220970
-40.002709 99.055031 3814.585646
-40.284565 100.862909 3815.216607
-39.175801 95.857038 3815.117670
-43.440069 95.694437 3814.706408
-42.184429 98.045133 3815.165945
-44.853588 94.778452 3814.589668
-45.022511 93.854923 3814.890491
-47.400973 93.984599 3814.920040
-46.961551 95.899418 3815.016833
-48.330485 92.371788 3815.015403
-48.067038 91.635891 3814.587492
-49.650245 91.135342 3815.043381
-49.936938 93.521877 3815.168746
-49.692895 94.427306 3815.161309
-45.918960 88.958903 3814.755615
-49.074520 88.942370 3814.717336
-51.867373 88.532048 3814.936996
-45.832067 86.116534 3815.101469
-49.425730 85.908413 3815.164392
-48.900582 84.344724 3815.062761
-48.907848 82.573965 3814.894881
-52.083207 81.068249 3814.562478
-53.398862 83.125556 3814.855214
-52.177619 85.904094 3814.751799
-52.968304 79.969611 3814.747475
-54.216277 81.986375 3815.057384
-57.188367 81.975911 3814.811157
-50.003201 80.348619 3814.994100
-51.396234 79.441198 3814.989283
-51.454033 77.016598 3814.857265
-50.961002 76.129564 3813.272186
-52.878282 76.350484 3814.616449
-51.861140 74.496343 3812.869458
-52.233054 72.755546 3812.075681
-54.144670 72.112585 3813.921896
-53.231917 69.555661 3811.665498
-54.247754 70.691525 3812.775344
-53.023813 66.370903 3811.606167
-50.169286 66.712990 3811.612636
-53.072016 63.994549 3811.613212
-52.764460 60.975846 3811.613430
-49.959771 60.280447 3811.618468
-48.834183 59.788244 3812.328259
-48.424201 56.600098 3811.800447
-46.881513 57.845339 3814.611022
-45.731892 56.336331 3814.819986
-43.679893 55.706432 3814.931141
-41.005719 56.032707 3814.756023
-39.292090 57.859461 3814.976482
-39.299533 59.538363 3815.084711
-40.179988 62.195608 3814.783583
-40.831720 63.933897 3814.555643
-41.514221 64.671207 3814.383410
-43.395632 65.813596 3814.734538
-40.698129 67.562090 3814.985910
-40.828482 70.058164 3814.694869
-41.566615 71.862722 3814.404403
-41.454689 72.690975 3813.443358
-41.283055 73.910984 3812.293029
-41.852324 74.979965 3811.606563
-40.454140 76.641592 3811.597915
-36.935320 77.848043 3811.583286
-36.738731 79.983307 3811.619306
-36.598584 80.693754 3811.607758
-34.766119 80.381847 3811.613678
-33.629082 81.860447 3811.654187
-33.914195 83.413732 3813.379099
-29.026801 81.570027 3812.624584
-29.744334 82.679197 3814.608857
-30.327119 83.573393 3814.932919
-25.920417 81.876278 3814.737095
-25.812965 82.634351 3814.949200
-23.488204 81.063121 3814.612886
-22.498194 83.465186 3814.909250
-22.651473 85.708492 3814.622967
-20.217041 82.274528 3815.229180
-21.049047 85.458998 3815.006922
-22.382813 88.222901 3814.778743
-18.971787 86.784235 3815.068995
-20.549088 90.658132 3814.691144
-17.000135 86.945128 3814.765386
-17.216083 89.350553 3814.941671
-13.091968 86.144212 3814.994109
-15.786620 90.577620 3814.936579
-11.470250 86.272208 3814.697122
-13.451174 89.726098 3814.774082
-12.334796 89.789431 3814.766425
-12.746093 91.030114 3814.593007
-7.661889 87.127320 3814.412982
-6.960776 87.136154 3814.782085
-4.266222 84.036761 3814.761541
-3.016090 84.194446 3814.836618
-3.065226 85.883723 3814.076024
2.272855 80.214908 3813.963313
1.275920 81.329754 3813.711266
1.880492 80.654422 3812.762971
4.950563 77.069017 3812.000937
5.936443 75.854496 3811.985820
9.343147 71.390161 3810.740200
9.597497 71.049904 3809.664549
10.720018 70.562332 3809.249429
13.043337 69.474520 3809.252282
17.307273 64.349753 3809.252281
20.898398 59.626291 3809.252280
22.420867 57.612413 3809.252280
23.961989 59.627168 3809.252280
27.526878 53.985037 3809.252280
29.999272 48.664001 3809.252280
31.115111 46.468683 3809.252281
33.005168 48.059476 3809.250763
35.754442 42.029271 3809.251098
36.842559 38.477843 3809.245045
37.746908 37.006120 3809.642682
37.652180 37.326450 3810.712757
39.397153 30.657094 3810.678975
39.194207 31.528119 3811.836092
39.668820 29.475152 3812.230350
40.512045 25.389220 3812.639999
40.219773 26.887763 3813.830563
41.022710 22.534657 3813.151391
41.323517 20.651663 3815.215874
41.297225 20.826931 3815.890957
41.474703 19.643851 3816.062039
42.001393 15.516373 3815.359317
41.669738 18.226442 3818.486342
42.152732 14.121189 3818.198749
42.021305 15.335084 3818.890871
42.147021 14.181149 3818.740536
42.372414 11.715088 3818.685282
42.501711 9.971282 3818.911211
42.318470 12.329260 3822.294065
42.545222 9.342049 3820.823101
42.715049 6.066028 3820.943712
42.450847 10.698014 3825.052926
42.713322 6.121600 3824.236724
42.811020 1.429053 3825.209082
42.726325 5.711709 3825.367614
42.723000 5.818448 3826.532475
42.800885 2.457075 3827.521832
42.784795 -1.586992 3827.661083
42.796711 2.879351 3827.960011
42.808230 1.716342 3829.726813
42.798329 -0.653750 3828.073646
42.677056 -4.848702 3828.201853
42.802618 -0.213437 3831.034931
42.732589 -3.457098 3832.176488
42.504721 -7.863770 3832.232159
42.738808 -3.248909 3832.415588
42.592707 -6.513813 3832.314745
42.382074 -9.536630 3833.475506
42.546074 -7.264913 3834.400655
42.452794 -8.602962 3835.178914
41.990681 -13.548654 3835.101315
42.347235 -9.942160 3837.002836
41.811370 -15.071739 3835.830643
41.814579 -15.048515 3837.378409
41.576400 -16.867548 3837.481771
41.802636 -15.141534 3838.245035
40.772388 -21.932689 3838.748321
40.674445 -22.464820 3839.516308
40.075299 -25.519203 3839.190679
39.732484 -27.126683 3840.339395
39.824602 -26.708330 3841.820575
37.633580 -35.332294 3841.274613
38.001927 -33.586266 3842.236903
37.751424 -32.581554 3842.294551
35.508037 -38.539140 3842.291692
34.883724 -38.914017 3842.291566
34.179310 -41.832425 3842.291581
32.370453 -43.528376 3842.291603
31.382638 -42.552421 3842.291603
28.752364 -50.262562 3842.291603
28.269737 -48.710218 3842.291603
28.406611 -47.528495 3842.291603
25.177985 -53.568579 3842.291603
24.595353 -53.549480 3842.291603
23.322229 -56.461726 3842.291603
21.779170 -57.439884 3842.291603
21.023363 -56.340919 3842.291603
17.460625 -63.617180 3842.291603
17.410826 -61.651417 3842.291603
17.262607 -61.061967 3842.291601
13.776460 -66.107203 3842.291603
13.519194 -65.445883 3842.291542
11.862990 -68.323597 3842.291559
10.027408 -68.971955 3842.274004
10.092232 -68.283251 3841.021092
5.640659 -74.150935 3841.559505
6.483546 -73.101580 3840.453001
6.329952 -73.295903 3839.480331
6.678195 -72.855025 3838.875772
7.197475 -72.188435 3838.753099
7.176831 -72.050722 3836.720260
8.555184 -70.398150 3839.726882
10.306978 -67.981007 3839.564717
12.009256 -65.502068 3840.621189
14.163641 -62.143847 3841.832103
14.776077 -61.738168 3842.265985
17.589809 -58.968644 3842.291512
20.655769 -54.825872 3842.291603
22.701818 -53.108720 3842.291603
25.262223 -49.867448 3842.291603
27.406668 -47.584738 3842.291603
28.800692 -45.560840 3842.291603
30.839614 -43.511650 3842.291603
32.433319 -39.534632 3842.291603
34.152415 -37.364606 3842.291603
33.146583 -37.296295 3842.291603
35.319514 -33.789912 3842.291603
36.907063 -29.577270 3842.291603
38.781143 -25.563386 3842.291663
40.442019 -22.769847 3842.255357
41.276108 -18.923025 3841.361703
41.419519 -17.947841 3840.644821
41.936540 -14.041308 3839.506628
42.465279 -8.426952 3837.695174
42.561063 -7.037072 3836.128143
42.625938 -5.877207 3838.401232
42.769590 -2.219090 3835.768424
42.800557 -0.426276 3833.530943
42.798256 -0.661115 3834.391784
42.799928 2.551140 3831.728359
42.798423 2.705052 3832.719970
42.745511 5.089214 3829.007051
42.666396 7.131956 3829.789189
42.734834 5.442710 3831.875133
42.536296 9.478352 3826.955471
42.616128 8.131762 3829.027853
42.186724 13.772039 3823.873774
42.226176 13.354436 3827.308290
41.932332 16.136656 3821.047712
41.946509 16.010007 3824.424215
41.661242 18.291757 3819.541310
41.467260 19.693233 3821.499872
41.206670 21.416881 3817.420053
41.068860 22.262020 3819.931731
40.435928 25.789053 3815.435677
40.701451 24.386271 3818.297459
39.959192 28.135763 3815.770518
39.481362 30.290774 3813.969676
38.305018 34.994524 3812.945564
37.747973 36.996143 3811.774168
37.453110 38.010963 3811.644948
35.526329 44.000669 3809.724284
34.595091 46.587697 3809.797056
31.245946 52.436804 3809.250493
27.155142 57.309960 3809.252279
23.668246 60.425883 3809.252280
18.509953 65.371724 3809.252280
13.656569 68.977156 3809.252281
10.225877 71.256578 3809.247345
8.856638 73.633745 3809.251159
3.273114 79.051640 3809.910828
-0.805485 83.570265 3812.376220
-3.316603 86.130166 3812.794491
-6.018648 88.719314 3813.215759
-6.582359 89.212172 3814.082092
-9.541675 90.694043 3814.867351
-15.147262 93.324731 3814.992186
-13.451494 90.715786 3814.810213
-16.827458 94.559572 3814.494763
-19.230107 93.911129 3814.571169
-21.183483 94.543991 3814.868524
-24.354258 95.753325 3814.641811
-24.559050 94.894096 3814.707312
-26.209912 94.768852 3814.883711
-26.525026 97.125744 3814.421776
-27.680813 93.625912 3814.770340
-32.406256 95.414454 3814.873197
-30.018359 97.705697 3814.859568
-31.102268 93.061788 3815.056648
-35.565656 94.057116 3814.742152
-34.822612 97.133187 3814.978830
-34.274330 92.885721 3815.241862
-36.954230 92.258760 3814.974049
-36.157683 94.777157 3815.214750
-38.094462 92.089510 3814.835553
-39.608620 92.616058 3814.776346
-42.208673 92.404075 3815.093658
-40.559842 93.951544 3815.114507
-40.943538 89.105576 3814.603666
-44.580583 89.011072 3814.874122
-45.018385 91.678330 3814.771309
-41.931707 87.972008 3814.625794
-42.713566 87.453036 3815.016979
-40.307457 86.613980 3815.071851
-43.257764 85.319996 3814.873146
-41.613314 83.124201 3814.705215
-45.425115 83.409296 3814.648264
-44.992049 85.388145 3814.725701
-45.388138 80.753511 3813.062769
-46.987263 81.098038 3814.941302
-47.295661 79.178885 3812.762827
-47.221377 78.510899 3812.162987
-49.418166 77.847035 3813.249162
-46.329009 77.043798 3811.596673
-49.207364 77.019875 3812.392611
-46.878307 74.277950 3811.622071
-50.712925 73.438893 3811.615808
-48.536321 70.221728 3811.615985
-48.658037 68.334493 3811.593528
-49.764904 68.223008 3811.616550
-47.733943 65.819229 3812.343863
-49.002499 64.344426 3811.735992
-47.633432 63.543860 3813.595664
-47.981816 60.375668 3814.110160
-46.590361 58.316247 3814.677154
-45.478031 60.463256 3814.898563
-47.007042 63.918993 3814.462725
-47.107558 65.485228 3813.093058
-44.869812 64.402650 3814.872136
-44.404334 67.766034 3814.648247
-44.675969 69.269412 3813.494322
-46.190278 69.823417 3811.730322
-42.664115 72.530490 3812.390531
-44.311761 73.358107 3811.587201
-45.157839 73.449452 3811.612894
-42.716708 76.389565 3811.619909
-43.039710 77.226595 3811.622323
-41.520203 77.884085 3811.621723
-41.191485 79.793975 3811.614754
-42.441760 82.030257 3812.819152
-37.375734 82.189825 3811.798510
-38.670349 83.024520 3812.672926
-35.231431 82.941453 3812.535600
-36.798468 84.107751 3814.950741
-34.221226 83.748243 3813.759581
-34.325385 85.417133 3815.201603
-33.220753 85.955772 3814.774638
-30.781280 85.891059 3814.681617
-31.152654 87.046070 3814.688831
-27.675677 86.194050 3814.885590
-27.361772 85.237143 3815.017139
-25.930939 86.116021 3814.975997
-27.869228 89.655843 3815.169600
-23.778331 87.965755 3815.146601
-26.650262 91.919894 3814.778485
-22.497214 89.599201 3815.144748
-24.251541 93.100443 3814.852004
-27.902036 91.160595 3814.849530
-28.834452 92.121325 3814.841640
-30.508202 89.870875 3815.171915
-31.950906 90.783791 3815.198950
-33.210102 91.286927 3815.036204
-32.042782 88.748781 3814.857661
-36.169585 89.090584 3814.989315
-36.431395 91.820424 3815.089032
-35.400691 86.712394 3814.855523
-39.387569 88.577431 3815.147811
-37.274636 86.297648 3814.546235
-41.404623 84.321661 3814.609502
-42.324541 82.817520 3814.544172
-45.535406 77.230219 3811.604343
-45.752952 73.525082 3811.619380
-46.303703 68.186212 3812.387389
-44.898916 62.924121 3814.484157
-43.387598 59.063446 3814.905337
-43.519175 56.744663 3814.856499
-22.692662 93.721089 3815.061957
-18.682167 91.412706 3814.759093
-45.495830 57.010654 3815.014022
12.732149 -60.968465 3836.826927
15.878448 -56.756381 3836.926472
17.588177 -55.174133 3836.831942
21.755451 -47.879451 3839.094130
24.022587 -42.461809 3840.946095
27.167968 -35.712195 3842.294786
29.726610 -32.076244 3842.291601
33.056925 -25.458753 3842.291603
33.702088 -22.743548 3842.291603
36.252137 -16.004945 3842.291603
38.074415 -8.907836 3842.291603
39.987466 -1.633532 3842.291603
41.890352 3.372553 3842.294039
42.440487 10.845209 3840.525015
42.366082 11.799344 3840.159117
41.748769 17.619597 3836.324761
40.981231 22.779066 3834.069980
40.563826 25.116592 3832.461147
39.838098 28.706290 3830.263243
39.073087 32.016197 3827.645515
38.579732 33.968526 3825.191135
38.164576 35.515414 3823.546307
37.296141 38.542629 3821.486005
36.445025 41.261395 3818.893688
34.861915 45.843767 3817.214005
34.236919 47.519143 3816.906933
32.096370 52.773382 3813.645778
30.165606 57.026999 3812.485041
23.936983 67.864817 3809.253569
20.200662 71.461765 3809.252299
11.052451 78.577233 3809.252282
6.121008 82.896838 3809.252282
1.852681 85.569042 3809.252285
-7.536222 91.224059 3809.250274
-13.819294 95.358574 3809.892573
-18.247650 98.662890 3811.308530
-24.356600 102.718993 3813.507660
-28.974658 104.062806 3814.979782
-35.524212 104.573005 3814.786763
-40.536601 105.443845 3814.878593
-44.922332 105.579836 3815.072606
-48.568742 104.103189 3815.022971
-51.792606 101.447087 3815.246729
-55.569301 98.297779 3814.864712
-52.564545 91.389214 3815.156822
-54.957729 89.885500 3814.757060
7.085553 -63.442638 3836.694470
-22.203145 76.471160 3812.519216
-21.664360 76.791530 3813.599810
-23.350311 75.330427 3811.532263
-25.166562 75.526054 3811.571244
-25.216322 78.471301 3812.074022
-27.488887 78.571492 3811.555734
-31.508660 75.583055 3812.005559
-32.452237 74.715851 3813.559270
-33.822819 73.446025 3814.431857
-33.713452 72.428680 3814.346501
-35.355739 70.866444 3814.942321
-36.150948 68.995147 3815.144882
-37.153863 68.213846 3814.896002
-36.766898 66.741053 3815.113049
-36.025173 63.535934 3814.843293
-33.161322 62.704642 3815.150579
-34.893024 59.694318 3815.096218
-32.959949 59.833467 3814.757658
-31.171002 59.085994 3814.785002
-31.865058 57.200759 3814.893229
-32.048826 55.574247 3814.795427
-33.535150 53.810663 3814.271279
-34.681682 52.898261 3813.685815
-34.098372 51.614538 3811.780619
-29.894396 53.665109 3811.532769
-31.281624 55.512687 3813.866243
-29.586862 56.934275 3812.993596
-28.363484 56.337896 3811.678196
-26.795207 58.125918 3811.615258
-24.887338 60.416987 3811.549817
-24.446036 62.820580 3811.635249
-24.338445 64.385772 3811.724090
-24.493898 66.526657 3811.926115
-24.307317 67.131922 3811.751166
-23.571028 69.648083 3811.537079
-22.964806 67.283914 3811.534348
-22.267770 72.266552 3811.554037
-25.398385 73.913922 3811.570357
-26.613038 72.074778 3811.869321
-28.661465 73.492897 3812.355074
-31.188826 74.125763 3813.740948
-31.330995 72.281273 3814.836165
-31.711868 71.456298 3814.735457
-28.374618 70.861714 3814.672823
-26.958817 70.167057 3813.913304
-26.233168 69.587231 3812.813667
-28.006606 69.323192 3814.544451
-29.515888 68.778683 3814.993228
-31.157167 68.337713 3814.693691
-33.240467 68.845825 3815.101622
-28.584634 65.225619 3814.799593
-27.522665 64.094688 3814.620897
-26.269463 64.098674 3813.509194
-29.790878 62.031945 3814.761776
-29.045355 59.716415 3814.695366
-27.742784 59.605163 3814.422501
-30.779644 58.566878 3814.903805
-31.136568 62.588479 3815.050164
-30.580280 65.223619 3814.834887
-30.219693 60.383234 3814.843377
-27.484000 71.437336 3813.084689
-25.552845 71.848396 3811.567467
-33.650286 67.388851 3815.071525
-34.821345 75.337024 3814.538387
-60.397278 84.932314 3814.879633
-66.408941 87.232926 3814.463648
0.153966 -61.453686 3836.334979
-5.844836 -86.494216 3838.067393
-72.477396 89.658260 3812.010310
-14.773783 -56.845358 3836.494417
-16.173774 -93.728101 3836.914535
-19.646640 -94.588015 3837.202740
-23.386304 -95.351088 3836.710644
-25.783679 -94.994922 3836.606811
-25.499480 -93.391142 3837.010345
-27.411211 -93.650101 3836.691081
-30.628170 -94.444711 3836.654315
-30.082585 -92.912755 3836.915501
-33.464858 -94.884257 3836.678861
-35.466382 -93.414062 3836.746678
-34.432516 -92.379292 3837.022891
-31.628454 -91.693247 3836.933556
-27.082590 -92.456334 3836.356346
-25.093785 -91.092390 3836.397974
-37.900163 -92.435087 3836.891769
-28.851700 47.159530 3811.738911
-38.072209 44.936792 3811.590362
-75.337992 100.814011 3813.416343
-70.110298 104.979944 3814.951309
-28.925018 -53.757575 3836.504508
-91.448607 92.334591 3812.240607
-89.338893 87.572348 3814.864635
-85.773471 89.042572 3814.930008
-83.658220 90.568281 3814.584984
-84.075700 87.779267 3815.144917
-82.320181 84.722518 3814.950375
-101.725477 79.489009 3815.011613
-102.697441 80.950409 3814.401793
-105.663714 79.469089 3814.651777
-111.558887 83.471474 3815.071133
-111.991485 88.517126 3815.137252
-109.964398 88.645080 3815.227365
-38.343916 -37.702175 3836.536921
-38.578809 -37.901254 3836.593491
-53.409269 -41.192501 3836.494408
-50.288592 -40.856256 3836.555075
-56.490989 -41.647860 3836.547599
-60.400791 -41.884380 3836.355838
-106.341895 -35.774517 3842.056776
-104.234099 -33.745882 3839.349826
-135.870512 54.446231 3815.011909
-137.270969 32.000501 3814.625630
-137.559245 30.631017 3814.792451
-23.310369 -3.534320 3836.584830
-21.826116 -2.883894 3836.524703
13.685314 17.265957 3836.425225
12.286628 16.814965 3836.385558
14.423690 20.983284 3836.451078
-108.488383 58.442003 3814.865161
-68.242473 -49.276957 3836.590731
-64.833905 -47.264001 3836.502956
-66.549147 -49.407913 3836.666011
-64.990435 -50.089178 3836.827849
-67.204065 -51.697945 3836.744943
-68.308895 -52.909922 3837.119213
-62.891599 -48.777983 3836.517561
-32.674445 -53.731825 3836.956979
-56.448691 -54.711412 3836.565674
-60.143427 -56.955540 3836.321056
-62.119434 -59.612438 3836.545036
-37.162314 -55.707778 3839.995533
-47.625204 -66.863531 3836.349899
-8.291462 58.671394 3814.834057
-29.745997 41.729144 3812.578511
-38.582043 38.492148 3815.081455
-43.527385 43.725040 3814.800340
-71.712294 60.788834 3814.994388
-72.090154 58.797783 3814.908738
-73.201651 58.518529 3814.608072
-74.115969 61.516642 3813.850280
-71.783347 56.056226 3814.569826
-74.647205 56.611755 3814.803195
-74.810368 57.970928 3814.763739
-75.577332 54.286064 3814.842640
-76.774757 53.758055 3814.520882
-77.200018 55.669861 3814.764266
-78.027741 52.219326 3814.808657
-79.519043 51.607799 3814.903679
-81.471588 54.791377 3814.888168
-81.065407 50.173254 3814.399943
-83.918850 52.700267 3814.887760
-83.691945 49.522979 3815.073657
-86.570777 51.761038 3814.866468
-86.786798 48.222690 3814.910159
-88.901062 47.431489 3814.613985
-89.461357 48.245844 3814.501483
-90.657343 46.520123 3813.685676
-93.213567 47.753124 3814.917760
-95.083838 46.179707 3814.122268
-97.395504 45.540841 3812.998060
-100.849539 44.628680 3812.061118
-102.645222 44.036641 3811.542710
-105.219105 43.042343 3809.709535
-106.417451 42.474076 3809.497816
-106.769942 42.352000 3810.527329
-110.162894 40.576024 3809.581186
-112.030800 38.659252 3809.249269
-112.335149 35.441518 3809.347832
-113.450459 33.234119 3809.437832
-115.972831 30.638533 3809.405057
-117.376132 29.119119 3809.414880
-118.353786 26.005085 3809.528828
-118.266602 24.304566 3810.202940
-120.379541 21.223986 3810.745343
-121.702917 18.890690 3811.759652
-122.218468 17.865934 3813.155452
-122.543201 17.178427 3814.939700
-123.700804 14.381964 3813.307366
-123.843890 13.987173 3816.711812
-124.290486 12.656945 3817.930618
-124.762042 11.041982 3819.190754
-124.756504 11.062102 3819.829903
-125.294811 8.788521 3820.596793
-125.412444 8.190352 3822.043289
-125.509209 7.657483 3822.992488
-125.610722 7.049777 3820.303222
-125.744309 6.129155 3825.686652
-125.772511 5.914852 3823.606411
-125.867294 5.095949 3826.728248
-126.054570 2.492797 3827.722621
-125.977989 3.872282 3824.641417
-126.079125 1.493522 3828.783385
-126.082472 0.854014 3828.518401
-126.082030 1.015862 3832.625912
-125.967354 -1.938659 3830.429038
-125.957965 -2.061056 3834.518359
-125.873186 -2.978024 3831.942066
-125.427315 -6.049601 3836.096978
-125.710167 -4.320194 3837.531071
-125.041158 -7.873915 3835.670536
-124.586224 -9.609933 3837.067774
-124.406171 -10.219403 3838.129640
-123.711809 -12.428479 3841.599480
-122.641499 -15.980863 3841.926063
-121.965039 -17.498610 3841.927830
-121.393813 -19.674945 3841.907447
-122.920212 -23.347568 3842.228350
-120.811944 -27.719848 3842.284538
-119.423180 -29.209863 3842.284997
-118.129811 -31.219494 3842.291999
-116.724306 -33.955812 3839.904293
-112.687449 -36.966723 3839.161173
-110.005634 -38.615937 3838.086624
-108.663312 -39.348403 3837.732921
-108.932495 -39.398188 3836.542002
-105.306877 -40.995006 3837.242600
-103.851414 -42.728155 3836.213883
-102.930283 -44.201573 3836.394199
-101.460320 -44.687234 3836.353031
-102.826420 -46.594238 3836.429482
-98.860272 -45.327570 3836.452324
-97.237260 -47.822370 3836.897537
-97.097515 -46.618057 3836.321378
-95.410892 -50.159552 3836.570397
-94.428412 -48.263021 3836.688769
-91.749671 -51.249542 3836.455747
-90.023328 -50.044471 3836.536365
-92.147587 -53.371129 3837.918930
-93.432957 -55.217767 3839.070073
-95.888334 -59.912009 3836.611442
-90.643321 -57.865022 3839.965207
-89.337988 -69.481692 3839.979182
-86.583674 -67.079981 3839.772284
-78.889784 -66.363243 3839.988030
-78.256238 -67.923678 3839.991294
-77.577869 -68.992671 3839.994462
-78.323362 -69.520664 3839.994449
-76.236477 -70.065067 3840.005361
-77.914320 -73.403178 3840.024321
-78.731289 -74.103448 3839.798956
-76.378791 -73.153816 3840.003584
-74.973294 -75.075513 3840.009803
-73.059689 -77.043218 3840.016141
-74.644921 -81.577702 3839.483911
-75.057526 -81.758389 3838.952271
-73.029860 -85.096972 3839.043541
-76.088184 -80.457462 3837.361694
-76.234883 -79.173131 3839.397666
-77.109346 -78.661573 3837.434504
-78.110845 -77.074872 3838.287676
-78.898466 -75.744349 3838.438196
-79.406538 -73.476895 3839.792011
-80.486430 -69.506045 3839.991156
-81.592750 -60.944175 3836.348895
-73.631611 65.863445 3811.718802
-75.594288 68.533921 3811.641407
-81.887210 -49.710409 3836.571925
-68.208058 -62.279248 3837.270986
-68.168008 -64.946941 3836.798702
-67.628827 -66.080523 3836.467581
-64.050376 -61.353551 3836.421246
-66.499213 -78.058004 3836.376202
-65.461127 -80.007086 3836.985744
-63.830508 -79.688421 3836.596108
-65.047672 -74.991818 3836.630167
-62.842214 -78.851283 3836.545691
-63.361643 -74.021046 3836.553281
-63.861288 -83.827179 3837.522770
-62.882445 -81.611309 3836.637444
-65.916638 -81.488278 3839.136591
-63.372307 -85.264936 3839.026019
-64.018250 -86.117326 3839.972842
-63.711370 -87.981756 3840.082933
-65.999530 -91.031034 3839.170285
-63.237429 -91.374898 3837.575335
-64.057936 -91.747948 3837.309487
-69.067858 -96.735722 3836.706688
-62.654191 -96.036765 3836.616429
-68.036527 -98.709018 3836.504887
-62.996327 -73.595265 3836.442983
-19.406420 -77.173665 3836.901058
-20.965978 -77.102040 3836.758988
-42.294798 -74.473466 3836.574287
-37.380581 -81.888380 3836.535156
-34.572375 -69.669023 3836.798228
-30.829380 -70.365616 3838.554453
-27.879835 -71.047317 3839.517648
-26.335777 -73.863940 3840.056859
-27.748355 -68.956758 3836.582683
1.348483 54.726478 3815.015838
-12.656521 54.753407 3814.804345
-29.954243 27.040933 3815.164598
-28.506020 31.806808 3811.686072
-19.562706 30.609292 3811.693571
-4.089400 47.355743 3811.466454
-1.331765 49.438885 3811.482452
-4.029958 53.648038 3813.321485
-101.542295 65.200317 3811.833122
-66.439544 -57.491609 3840.019706
-62.824395 -55.123817 3839.673187
-90.998958 -91.162699 3838.998981
-85.991744 -86.518711 3839.248604
-47.615206 -84.087723 3812.387945
-50.557856 -85.912516 3812.616311
-117.522223 67.165752 3811.654725
-122.937888 68.580938 3812.976282
0.474364 50.229246 3813.614728
-0.737038 51.125803 3812.268005
-162.836877 62.524932 3811.672955
-164.872030 64.148231 3814.760541
-63.238122 -82.613549 3815.101173
-51.700679 -85.499100 3814.977533
-127.746010 -80.323884 3836.461261
-177.981465 43.172386 3839.301536
-178.382777 43.674493 3837.369263
-84.127749 -81.161354 3836.680970
-28.561068 -58.542013 3839.859243
-121.234914 -52.926020 3836.713719
-119.722521 -53.761758 3836.680772
-178.077392 36.825335 3836.367888
-64.323880 -57.760098 3838.268875
-65.728975 -59.272581 3837.401220
-98.181653 -57.990217 3837.763410
-99.313235 -57.797332 3839.704536
-44.998777 49.008527 3839.756950
-45.474959 51.024264 3838.544152
-47.174050 66.248522 3837.111353
-44.375518 61.931398 3839.866133
-46.470403 65.068676 3838.849463
-36.419382 -74.329678 3840.038733
-37.805522 -70.576235 3837.466342
