-0.17296595362712636 15.627982424898057 -0.6285517129246243
-0.4174586574392714 15.62683748434285 -0.5230506395743189
-0.6778428709994856 15.60919330259551 -0.24477543600412455
-0.5287146322933474 15.758140568642787 -0.06361207383926648
-0.5402814360160307 15.735103636511045 0.15436067823507632
-0.47331582402766703 15.677456158142531 0.4026797813277806
-0.20803030663895158 15.59423537501415 0.6634657628074766
0.2360878711382308 15.597187806374391 0.6538370766263807
0.5627319178081851 15.590945024027736 0.47196442381334913
0.5851827243606088 15.658002322487636 0.28531723544990506
0.6295921674867797 15.681777335654202 0.1150471255531891
0.5566710729514145 15.695963171935873 -0.2331451439930103
0.44504889379907764 15.623521964373836 -0.5078731838884684
0.19839207331538927 15.64942799085997 -0.5962891521369592
-0.3752790214009663 15.306064255555924 -0.791037843440677
-0.0830785425124261 15.193303945584011 -0.9070599336713204
-0.5695020817558947 15.537046192265858 -0.5262476842737304
-0.4887603206517246 15.332812736730396 -0.7084812130658651
-0.7966341840379398 15.43100993259285 -0.28947747484294806
-0.8091058760632608 15.182525593889384 -0.5343928599021048
-0.9307604980111487 15.278648490785098 0.17544361294442345
-0.8758393956720916 15.386903708861258 -0.10919187751681314
-0.7347054299678935 15.52137481836522 0.310705419321734
-0.8028779030046715 15.369942223808415 0.3435634866079098
-0.4630854959267788 15.476548938411721 0.6411169019209162
-0.5457773292935788 15.196915258093327 0.7480133815907435
-0.02633069204477223 15.464847937969683 0.7882814649313729
-0.28759579648069883 15.252859994177232 0.8351836841015192
0.13459188332489974 15.475329479310224 0.7603662169158792
0.02609732507274532 15.288564473457544 0.873224503977334
0.5326935287837882 15.54286768820874 0.5499204786172309
0.590160597665309 15.21895204784952 0.7020248978720259
0.9084684695242026 15.307019696316617 0.20873902829342494
0.7162332867194721 15.365947496801372 0.5143900429779136
0.858053707231247 15.421960428817393 -0.1091268057325187
0.9251225496761177 15.289760230799104 -0.06605128138142471
0.729069071965746 15.394533166792474 -0.45878825458551414
0.8229995304812324 15.420328243148436 -0.25037117329697134
0.542367163921794 15.423177440618987 -0.614653827962662
0.6482738080098168 15.233071921880377 -0.6506547361235
0.19658931842536348 15.461151081239592 -0.7540956352243811
0.19854949524089738 15.26336172400549 -0.848931921588121
-0.3603981677186375 15.105604146358475 -0.8548362536235705
-0.1647779558745345 14.994168635285785 -0.8961559393117663
-0.6297638971207362 15.039018625853853 -0.6961176888890541
-0.6175321600862351 14.86251744964435 -0.7051448440317105
-0.9674765862287195 14.796399209275908 -0.2326662205582498
-0.8736189075871422 14.799215555020812 -0.41303096334887235
-0.980751 15.057641050679457 -0.005921821418866838
-0.980751 15.12796302742245 -0.16803347676289712
-0.8101062167356703 14.977049752389322 0.5350862469003441
-0.9798413020951822 15.147702834728802 0.2089091513605958
-0.5142771642873316 14.991160842554931 0.7813513777175636
-0.7555173740123543 14.899843040016703 0.6033141648916954
-0.03637157765063178 15.012374511048826 0.9232823661687383
-0.30887691326784955 14.870936837813439 0.8657220719543401
0.36085851408852193 15.059653443328695 0.8547421906606535
0.10224058915245235 14.898964752490125 0.9093690984777815
0.5112708897535443 15.16792759464716 0.783570032474973
0.44880125135878046 15.12228392272598 0.829673127471951
0.8968389498920065 15.054456862789554 0.36841282553777444
0.9664860158192309 14.77372241681919 0.2345728567046125
0.980750432387019 14.975128368946294 -0.028012275074196222
0.9807506957425869 14.901726776956925 0.08110067711756364
0.8684108232303769 15.156808889343244 -0.42303944226638124
0.8558049071790308 14.905628560210939 -0.4472641465637461
0.5374317804473108 14.939164595974592 -0.7642597044280968
0.7506314840105595 15.127027447602195 -0.6069169153363149
0.3624313548724438 15.14109258840605 -0.8544074506482513
0.3427285069160859 14.949178091503217 -0.8585688009759378
-0.37723366153042975 14.572833696649514 -0.7634863695688571
-0.04637647046909576 14.47637527986087 -0.7869196295305688
-0.6088921114780661 14.650741791223613 -0.6488286757200428
-0.4669651203148625 14.415123600645165 -0.6120806601545988
-0.839172729034064 14.62912220376045 -0.34286340857475495
-0.6658181193763877 14.38733803336641 -0.4143637722586353
-0.955550739017107 14.705467658548486 -0.06221889205193239
-0.8519932883004455 14.501345127621583 -0.005949295038642638
-0.8465443402672628 14.711372930554347 0.4177038246982576
-0.7473664220649827 14.41922668550201 0.2921640032690679
-0.3963460972238693 14.46599896352315 0.6947533811833825
-0.5253184880085082 14.471379189515464 0.6028012402204661
-0.19407428942116559 14.66294416804888 0.8455722673261622
-0.2874739325774815 14.540257028389725 0.766761030521637
0.3192283095491444 14.625566278486694 0.801136453554564
0.20037183456445223 14.380571190528503 0.7082589055989905
0.7022800879021617 14.714614931293823 0.6182679090052116
0.47659096115199345 14.532974394763155 0.6757511563217369
0.9010095682182642 14.694118205949437 0.2943671538388317
0.7761095806523409 14.635371257563326 0.4708166488538084
0.8720043065058596 14.540789232984327 -0.06537793978099146
0.8429981243893514 14.483614721833028 0.14449320891903433
0.7357160683795563 14.599909957666878 -0.5100646093841089
0.762805073648807 14.383634908936305 -0.22398002218600982
0.61718293722139 14.618947052513652 -0.6236173637461003
0.7009148911888478 14.553702065144346 -0.5226421060970421
0.20102254935756234 14.5683324846608 -0.7985386781761445
0.28385979718558496 14.588249809074465 -0.7906330501723358
-0.25605458364101447 14.333621136498422 -0.6636359405188056
-0.27144704832142647 14.13481054395431 -0.5094995005918779
-0.65963907538379 14.271010079058936 -0.24001520043880786
-0.7776469291806128 14.360999568189548 0.013024817320347732
-0.6272013505042278 14.300611937312809 0.3520296161545134
-0.5699790373250117 14.280513599920859 0.4248771610790615
-0.19868464245543033 14.244862811662102 0.6094680055638799
0.038229056793632324 14.270034126661802 0.6621592629240027
0.49617186991350437 14.300194968375273 0.4976772990083678
0.6368405188254164 14.316882068213381 0.3608109766473696
0.7626887333873619 14.341987857102017 0.10805159989280527
0.6397371810563512 14.18617098590274 -0.13588780828745736
0.4896957147815076 14.184944036004861 -0.3951197966800105
0.16128178601709744 14.26978929746901 -0.6359816264421873
-0.3660491425846702 13.755016080110979 -0.7336265148453097
-0.46520315410641555 13.847690761770949 -0.4510378752328374
-0.8305715806513818 13.761567458711488 -0.19845354974372365
-0.7902360416030038 13.7874286298348 0.12338978844585445
-0.7089769237494945 13.743233565038373 0.5094334554725783
-0.5517755644809698 13.751137123358479 0.6130948838401132
-0.05603178513938776 13.813878055928168 0.6886496809126399
0.14712794763932047 13.788899103089992 0.7162837224556036
0.5445328265865019 13.799103030309343 0.5061949065032787
0.6958040902771863 13.828342463580679 0.17586418577016333
0.8532548042699168 13.755552492248432 0.1560101079595092
0.6320525312803859 13.809969464417119 -0.37584705564800436
0.6201800231152875 13.745795084373077 -0.5751115479464284
0.07162952357437295 13.749761022161094 -0.8056757266360908
-5.480826846203825 13.510511577037398 0.006502366502454726
-5.488468881834224 13.414194496004948 -0.16865067805350978
-5.821918941626818 13.52233489497122 0.3582723681965473
-6.052611518844614 13.542052164906169 0.35830546714154177
-5.934743222231187 13.266294817281361 0.35185899807691234
-6.240570195831269 13.346834304891463 0.3641862173638254
-5.963651441115237 13.11471168311081 0.24124078990063721
-6.034108434570985 13.209306819639476 0.31158043194442203
-5.808283207137151 13.071771093597283 0.18171273014666747
-6.146490902316133 13.125115603560918 0.23183033819037885
-6.036918085376515 13.045066562700141 -0.08421689868084997
-5.936457639064582 13.03641676839619 0.07263963893108123
-5.788205835072105 13.056385383365278 -0.15345469682115653
-6.318587668413472 13.091824701247845 -0.13229458108084957
-6.04069467241363 13.208733556593174 -0.31067230287591563
-6.3812772354702485 13.154316610761876 -0.2441348603696591
-5.998116782107501 13.380274295815749 -0.3765360345494173
-6.323159630142748 13.363795244469436 -0.36642422756871584
-5.989129976794583 13.51674328372291 -0.3628159652324845
-6.041970556627184 13.49328058937247 -0.36918622132780865
-5.723444752315521 13.658680651571535 -0.27099240081487475
-5.996677548519716 13.592895912622456 -0.34195473984504643
-5.751257859527028 13.735638446161655 -0.1660865033626874
-6.263827856085871 13.745656296609372 -0.23666732603525667
-6.118708074700208 13.806115120714335 0.08303812693446513
-5.873813761219955 13.785029824167472 -0.08151079610518434
-5.965136079433371 13.731862658040168 0.21200028122813105
-6.246439211567697 13.76706371610978 0.18928242545121926
-5.861382486652709 13.627699795950408 0.30504789487738815
-6.265008466582314 13.685546676993692 0.28669844684052764
5.479792722751474 13.523537598553018 -0.08618601491316764
5.493869925412242 13.346117943779687 0.16757916978418144
6.191378215684077 13.510267479826036 0.36825055884023666
6.185288012443617 13.441862059702624 0.3836871988398055
6.224231218164242 13.337085737537258 0.36228923101760924
5.840443309898621 13.326428518843507 0.36738026997364753
5.999159336894246 13.243378181719734 0.34104270687013233
5.937062194394405 13.153278729065615 0.2737029575554785
6.298186687683931 13.113430621870258 0.18063217528093772
5.853433000319038 13.091201648246336 0.213870568714538
6.414713435287393 13.077595305958665 -0.08396054274104958
6.239039967127328 13.06246955826362 -0.04034676327724133
6.261118283702193 13.080941472098335 -0.12001560260850883
6.00749380855156 13.107008518305143 -0.21912618087588198
6.126140500739619 13.13697194876185 -0.2478083962727034
5.782423437795079 13.138282850678031 -0.272364657406741
6.3187344325157 13.300071517825614 -0.35201953756523446
5.792126176753289 13.295464278542127 -0.36128284172017805
6.364268242634474 13.60311430026007 -0.35051980121160015
5.813610672976888 13.430324026843474 -0.3790317124133518
6.140447001255305 13.61041267087215 -0.3378724762664192
5.94798977549101 13.671843472577306 -0.27589551470013096
6.160195322511667 13.746385319595474 -0.2166982871664897
6.075179260381193 13.794741350853018 -0.10150940738681766
6.333559590195673 13.824613859133184 -0.06582303754604081
5.9518533574200365 13.791748969386408 0.028681959335746327
5.938270676002544 13.788256966466092 0.0905390641572417
6.066355655368814 13.743026466035747 0.2069343318408719
6.130896622724353 13.713468831801658 0.2553379489381343
5.966734783630486 13.588256762065633 0.3435948643869511
-0.09145327456306615 19.99303960789101 -0.864139
-0.13055181228244253 20.013507470125973 -0.864139
-0.6830557331280839 19.78748890058865 -0.864139
-0.20910936110235825 19.633884985733257 -0.864139
-1.08085519735132 19.80572182646749 -0.864139
-1.2807677574587168 19.867024986753737 -0.8641390000000001
-1.387520363255232 20.07851149260346 -0.864139
-0.8242584927907536 20.07651191284028 -0.864139
-0.09168303800032054 19.84289339984603 0.86414
-1.0958779490370145 20.14842459446175 0.86414
-0.00708406853133286 20.126808244997697 0.86414
-0.12140255982323764 20.04506516704027 0.8641399999999999
-1.1839579120600392 19.98546133329475 0.86414
-1.326898472624532 19.68593797429507 0.86414
-1.4034996547598222 19.838071910256463 0.86414
-1.1631331816499895 20.005968277774766 0.8641400000000001
-0.8056805393658992 19.62433010685299 0.5575564428123062
-0.7932599115085691 19.624238470608155 0.36444613766847084
-1.2884394193188393 19.627891779533986 0.8266065350336171
-0.362819081131517 19.62106278723908 0.8158165206505592
-1.0859932998542052 19.626398183366184 0.7745701023408914
-0.6936370049842872 19.623503478049127 0.5559868796109229
-1.3142637548029432 19.628082304937077 0.8000542440663407
-0.9191129142002857 19.625166982169766 0.4706225924791477
-0.15834264548626198 19.619554211912998 -0.4853969463577973
-1.1293954211168746 19.626718393218383 0.7391589349005476
-0.665685112806633 19.623297256071893 0.6851831711626715
-0.18938634832021212 19.61978324448576 -0.5395066270244911
-1.2924205776376767 19.627921151511206 -0.8597367514052313
-1.3449923347235895 19.628309012612846 0.36269474523483997
-1.0106755469363744 19.625842508071326 -0.19318775378989228
-1.0251250768138955 19.62594911304113 -0.3564551329435506
-0.9643029599729218 19.625500382875927 -0.08146673777920985
-0.9284134134661215 19.625235598896523 0.16512591722062647
-1.2657940869703583 19.627724708010444 -0.39013693869377064
-1.1681717470463298 19.627004475124835 -0.4170961977354024
-1.347679201349273 19.62832883563393 -0.07056684809163213
-1.0759852590216448 19.626324346577043 -0.385265769253056
-0.5140857210235404 19.622178794175923 -0.642816148167258
-1.3325536917658531 19.628217243457158 -0.8528076117232698
4.14018413986339 20.229759861915866 0.6212920478773724
4.142721207904911 20.17165097976138 -0.050765341703499445
4.146030802600849 20.095848184953372 -0.6931008351806124
4.143604115074014 20.151428917206047 0.2846394027430048
4.159437162163167 19.788789582197026 0.3016660189939808
4.14668644395632 20.080831407461737 0.6518343034473085
4.159819375793396 19.78003537993151 0.2747979715520679
4.150166500153862 20.00112437077041 0.5053038735583526
0.14375700703426011 20.220931547567698 0.8168746645050111
0.4750897147180011 20.223375909094713 0.7728799310358897
0.4789439418240402 20.22340434312563 0.5577908416118774
1.2374627596078116 20.229000211486067 0.6892255652749127
0.6430651952082109 20.224615125122803 0.08285139496163652
0.28772261547469086 20.221993634063608 -0.311748880698529
0.10181505560657161 20.220622126583716 -0.4171081489722802
0.041751858015678996 20.220179018595953 -0.38281245263464203
0.259961957493053 20.221788833623567 -0.3494195694125549
0.22587277173737236 20.221537345339385 0.31043712779073107
0.28506928597487363 20.22197405948979 -0.056289667971892804
0.2452448640761408 20.22168026028896 0.49692455146475994
0.41477061660150777 20.222931039575275 -0.5701475444899773
1.2015546477022545 20.228736017422932 -0.6123650736999836
0.4537960547955654 20.22321884788813 -0.3551706967697043
1.2470917229262286 20.229071961941063 -0.5578481341746712
0.9078482891718267 20.226568925258007 -0.4327266970412773
0.9704679642064626 20.227030752600452 -0.112196485225174
0.7335879504219829 20.225283235910183 -0.46194548772643895
1.215638342759205 20.22884000979067 -0.7536978075263715
1.3272607500558053 20.22966352216156 -0.6735377432350133
1.2673593921191384 20.22922144548317 -0.466442200497804
0.6115456531533857 20.224382613103906 -0.1416953704039567
0.6054197678754124 20.22433769996563 -0.6327288048136361
-4.155031022379841 19.889707591976496 -0.2938038479006575
-4.158531432022959 19.809534380964624 -0.4062403604470954
-4.15842502345208 19.81197155766003 -0.3998123343303604
-4.153469761711373 19.925466629854736 -0.3396168498160392
-4.140787690440178 20.215936169067692 -0.3421981496565681
-4.142948966975448 20.166434397165716 -0.304896964937624
-4.14306695618555 20.16373197807677 0.01603251815963236
-4.14803070854356 20.05004243719923 0.4652691328060353
3.4731005474077175 19.84136189582893 -0.8641390000000001
3.51807071822576 20.090181174857957 -0.864139
3.420933109145293 19.952986862832798 -0.864139
3.511924008423013 20.246391975302764 -0.864139
3.201219723201215 20.000595409618118 -0.864139
3.159364140551207 20.15033374949698 -0.864139
2.0907595708864326 19.83840001114688 -0.864139
2.7137680278636784 20.147999550948352 -0.8641390000000001
2.231989427970364 19.948112227258385 -0.864139
2.3761538443772117 19.952844224389587 -0.864139
1.5423108949235127 19.98845045890295 -0.864139
1.8276687840915373 20.14764470101897 -0.864139
2.3319278498714144 20.049895702277688 -0.864139
1.8211850774802736 20.050309842977875 -0.864139
1.294139482733155 19.88458110711202 -0.864139
1.1085476284855156 19.668449240907538 -0.864139
0.5418265476145562 19.63737097975113 -0.864139
0.11696202490244195 19.619652654149554 -0.864139
0.27645389746524285 20.061282769144448 -0.864139
0.2871289243864847 19.906132353627836 -0.8641389999999999
0.5148503244521287 20.11260046107266 -0.864139
0.436104178065271 20.02273949518628 -0.864139
-3.5833962415534266 19.835421338190862 -0.864139
-3.363760888728044 20.127939218297946 -0.864139
-3.2744105064648767 20.143581261952264 -0.864139
-3.2800294088604245 19.882762377300878 -0.864139
-3.3181469787581865 19.83829801191742 -0.864139
-2.9576276673607733 19.816489085801827 -0.8641389999999999
-1.9999926657166274 20.171879784262238 -0.864139
-2.4961429293396717 20.114785997065496 -0.864139
-2.73203457707636 20.076267860257452 -0.8641389999999999
-2.660734932976167 19.745993888973985 -0.864139
-2.085714987632942 19.91441202780284 -0.864139
-1.6360300787569866 19.783024028693355 -0.864139
-2.0921571131665617 19.77933363959019 -0.864139
-1.8493859443958969 19.853870254558572 -0.864139
3.5758652906401056 19.98176520766131 0.8641400000000001
3.2777109511440488 20.248266449816228 0.86414
3.0990622317324212 20.251602811456696 0.8641400000000001
3.226306716299029 19.88756958019991 0.8641400000000001
2.974187053586611 20.029069762322273 0.86414
3.0042808210740066 20.10919233742868 0.86414
1.6145185455792521 20.19222219254414 0.86414
2.512901973129881 20.036762628736874 0.8641399999999999
2.424114769155306 20.214051720786046 0.8641400000000001
2.788473353705454 20.077028773096295 0.8641399999999999
1.4848040008595054 19.927272632291277 0.8641399999999999
1.6987492533465907 20.078677914316376 0.86414
1.9128106211030622 19.882100518609114 0.86414
1.719020133047871 19.799466887519095 0.8641400000000001
0.37115387208935186 20.085560590289226 0.86414
1.2857405381369857 19.844241448042073 0.86414
0.8713796395989006 19.88116859288292 0.8641399999999999
1.3593112122078563 20.139756113721244 0.8641400000000001
1.0683872146527982 19.667346170401682 0.8641399999999999
0.16504768073678533 20.143534701065683 0.8641400000000001
0.22538490859667906 19.80291312781863 0.86414
0.31365077466280483 19.804277193720885 0.86414
-3.6519800673999527 19.83067383888394 0.8641400000000001
-3.2908010893513238 19.832462768749984 0.86414
-3.3276399392833866 19.76337116758451 0.86414
-2.8263252200418925 20.16827230853847 0.8641400000000001
-3.127295084369517 19.976344429071258 0.86414
-3.2887171705718856 20.1763959134053 0.86414
-2.373144689034768 20.012742445083518 0.86414
-2.646160027482897 19.936764061993724 0.86414
-2.6485508805496583 19.717871412181836 0.8641400000000001
-2.5204203718532074 19.94236313003104 0.86414
-2.142798283968741 20.084792522480825 0.86414
-1.4137755531697138 20.030022020637723 0.86414
-1.9934283208761028 19.924118886430513 0.8641399999999999
-2.053582616611079 20.23355896593597 0.86414
3.5771999513231147 19.68597948400357 0.1205760117013282
3.606433467227392 19.686979433250418 0.7409727615441958
3.3461158330847294 19.678075118659827 0.2815883968694073
3.350837318570648 19.67823661978994 0.04135053271043082
3.6764032919442178 19.68937279139989 -0.18956829302393607
3.6718801242450567 19.689218073843886 0.6257774916208542
3.286507084144014 19.676036167074134 0.1837695181932264
2.934209158054608 19.663985613626835 0.7856163168388209
2.944339624767955 19.66433213207481 -0.07509055856190336
3.175967513500459 19.67225509740146 -0.018760910500733197
3.0170469001369367 19.666819126300318 -0.38552077778297555
2.968808271591751 19.66516909623071 -0.002835407574274529
3.630978680266824 19.68781901639781 -0.7553176709681343
3.328278223812361 19.677464972962138 -0.3368260797833424
3.0295608169911037 19.667247172032972 -0.17425602494479753
3.5959848213168075 19.686622031299756 -0.7143473833608436
2.635283135132751 19.655938879734435 -0.573195429674575
2.2858286071495 19.6482038842933 0.8321761088378542
2.768285909959922 19.658882827443126 0.6392890524441912
2.7235319856052684 19.65789222244838 0.03324076904650429
2.5284415295338443 19.653573995991188 0.20621529998387683
2.5081517956424353 19.65312489321362 -0.19369968139652197
1.6279754800727317 19.633642645186615 0.6529898463291708
1.5229846810314978 19.631318728090356 0.8176770155084508
2.0180848152380735 19.64227751378158 0.49425571280599495
1.8378575665772976 19.638288276741765 0.7039266980945835
2.583932209551179 19.654802253525684 0.5227747143507231
2.0184862829507018 19.642286400061987 0.8497757805947243
1.6378542034346777 19.63386130562467 -0.781036803405093
1.6947401649653018 19.63512044699463 0.2889290932214218
1.4704644246374254 19.630156219348173 0.16829910823845445
1.8210006679986055 19.637915158000364 -0.22950750725298708
2.6434436003320427 19.65611950741575 -0.8265695991181805
1.82443318998313 19.63799113510118 0.11087629851337555
1.6227553887596748 19.633527101162212 -0.38260605742136694
1.7173722719819406 19.63562139699121 -0.17509068226559846
2.2325013206189928 19.64702351235597 -0.7554948834352789
1.5528282691020934 19.631979300494457 -0.6119359347569
1.9528430966118606 19.64083342204507 -0.18084699360795567
1.4194014424286345 19.629025966617224 0.658191560202652
1.2684468011891328 19.62774427906373 0.5822530088372969
0.9837158119763489 19.625643605978624 -0.0675312342635373
1.385826905490821 19.628610279728125 0.5409379426706656
1.314892667150514 19.628086944893006 -0.029303675585806897
1.2610376943911552 19.627689616551304 -0.6308411180466301
0.5266906331171288 19.622271790023156 0.6409116073554418
0.5265405632353786 19.622270682845596 0.30418847672308535
0.26252396266198913 19.62032283527067 0.6628444203920922
0.8389737416006249 19.62457573566229 0.3276250004269471
0.8390104922877373 19.624576006799547 0.7257135249747265
1.0589597015210952 19.62619873632823 0.40430519637558127
1.3951337004995052 19.628678942903278 0.20203342929617546
0.029157654557375248 19.618601117786522 -0.8350957268931961
0.7911687371004944 19.624223042453295 -0.5709968048464358
0.22465967191848743 19.6200434821287 -0.5013345817040783
0.9985175421940201 19.625752809393283 -0.4228971301707577
1.187679298220714 19.627148396894015 -0.6168964596347125
0.27821352483696177 19.62043858888452 -0.5001873651626896
0.15368741125940047 19.619519866774546 0.18551588313136114
0.9802769166216159 19.625618234680143 -0.8378049830646354
0.386088061379796 19.62123445987879 -0.7403710450287394
0.6725910819706076 19.623348206562355 -0.8373901896612452
0.8619262235957937 19.624745073258094 -0.6386222117408652
0.590030434331788 19.622739095025658 0.09916292290753342
-3.614052765132669 19.687240055723155 0.2905955219229254
-3.349226549905354 19.678181522520113 -0.6017652432903218
-3.051171941029377 19.667986392976367 -0.6330483740060578
-3.2835552262769734 19.67593519707584 -0.27893197020488303
-3.3425899952228413 19.677954515345263 -0.6337360906314775
-3.431200116029869 19.680985475557293 0.024111123420755443
-3.5278957574965215 19.68429300565986 0.0644499183776856
-3.7006906846797154 19.690203555655312 -0.8079594529389256
-3.2358460373054263 19.674303276791747 0.4036246683803635
-3.118232397662741 19.670280234515065 0.7350515349405051
-2.9379257514740056 19.6641127418451 0.31693119802464403
-3.1289254663130075 19.670645997086297 -0.046272393676705215
-3.6071087680000296 19.687002532302245 0.7323675945477379
-3.049687264577556 19.667935608763322 -0.29751602811813177
-3.201576125575072 19.67313105472526 0.49704581786083024
-3.2897534974997553 19.676147212512547 0.5136862998500072
-2.1878176193557737 19.64603446171308 0.046471036864096815
-2.008112681881305 19.642056785761543 -0.2287425679678171
-2.2164686022051785 19.646668636416734 0.09347712858290064
-2.583640204889754 19.65479579015336 -0.3052711747276151
-2.80782688445178 19.659758046485777 0.033463317019617286
-1.6763393835536982 19.634713155204327 -0.7662533123143617
-2.3689833893712695 19.650044472438218 -0.11508726538952146
-2.737041323713262 19.65819124466818 -0.694961730417347
-2.7392921004372948 19.65824106444817 0.1375334678557536
-2.19904228286996 19.646282913841063 -0.01748709398602072
-1.9933751002972477 19.641730577006935 -0.6994562150903308
-2.7469641398933553 19.658410881077987 -0.11665575181030108
-1.5410686140172025 19.631719006604442 -0.3013691603760504
-1.5064983328177775 19.63095381128985 -0.153504108215205
-1.5614099352677369 19.632169251241557 -0.026393551453649286
-1.9758742794140687 19.641343205377986 0.5139667714700152
-1.5489196884258145 19.631892786080442 -0.3164580020934288
-1.4216980748182384 19.629076801388678 -0.14379624715185543
-1.8047445864457612 19.637555338033437 0.04350911793820675
-1.5437117547119628 19.631777511158216 -0.027337771039827333
-1.8745890981170112 19.63910131021609 0.4905385905709431
-2.5969772282830887 19.655090998275977 0.6674797991714544
-1.8741002444209058 19.639090489692084 0.8449110567331102
-2.0962874373270104 19.644008488420347 0.37246107601969936
-3.5480745257592625 20.28681207137701 -0.49149655450384866
-3.1371791005672316 20.272757799193243 0.8016187755884869
-3.664844172130331 20.2908060617996 -0.6671485923423128
-3.5074664013686148 20.285423110590234 0.33399948656798045
-3.621200519486111 20.28931327376705 -0.15847171016792422
-2.888224696824664 20.264242559701565 0.7800503670756567
-3.3560161182857735 20.28024290324244 0.1281323793447069
-3.4527512754595193 20.283551633749777 0.3872856522090994
-3.0010282336693344 20.26810089326506 -0.3562766402256003
-2.956731964748464 20.26658578313735 0.18729848686140244
-3.2876485363530765 20.27790445762801 -0.8331873268883644
-3.3271217703323135 20.27925460060918 -0.39324426417721003
-3.1223808366594206 20.27225163919229 0.062402512277715816
-3.2488822011938225 20.276578493422786 -0.5033941379087075
-3.5595196795543482 20.287203541558377 -0.8101516811281532
-2.848250294829497 20.262875274763406 0.43362772740683486
-2.530128492310226 20.255227062366917 0.6822320736344323
-2.2349400353476283 20.248693138788088 0.555682878808199
-1.9354924963439015 20.242064941480336 0.6591637945537526
-2.1582211721277105 20.24699498570144 0.013057979695719979
-2.2632502229868003 20.249319777798434 0.051348704438372916
-2.222749902998614 20.24842331321969 0.4273707828132973
-2.422216140288846 20.252838449110914 -0.22388458348279502
-2.2943576461041575 20.25000833292513 -0.13685028107853864
-2.3517540379916047 20.25127878788178 -0.09775415621807376
-1.9503373368530361 20.242393528358107 0.36964964152502644
-2.7147010633563426 20.259312530634787 -0.32220844671452303
-2.561913751114642 20.25593062121911 0.4521095884390664
-1.8928024524537719 20.24112021042267 -0.10371025776003348
-2.4575614622333135 20.253620874889364 -0.5598520977196164
-1.7906792067699446 20.23885978844276 -0.06738597188692366
-2.4004782512139915 20.252357531177605 -0.8058023543001327
-1.8202014818323338 20.239513129130387 0.12162097401462124
-2.4754377587605005 20.254016675207584 -0.7814959320081873
-1.6459948104217967 20.235657527115865 -0.4047908106944601
-1.4992342929974318 20.23240901103841 -0.20883943216066947
-1.4696945366626044 20.231755297981383 -0.4235832898512904
-1.9341114338261192 20.242034377288785 0.1938408395732334
-1.8243594138750416 20.239605577002546 -0.6135816970010325
-1.9706081240426676 20.24284255686468 -0.4421864974408778
-0.9803974010200439 20.227104019430286 0.3990197565997128
-1.2730611802986154 20.229263556130658 -0.3815897275849993
-1.3188413404821824 20.229601409870693 -0.5847038872877318
-0.7768705046317058 20.22560241000845 0.6020947797853322
-1.2174749172260746 20.228853267271447 -0.018482426337159602
-1.3902909628262163 20.23012835750909 -0.3017533879512051
-1.3763559492450055 20.230025385610666 -0.008936616772768014
-0.554371413670503 20.223960812880758 0.8449493811456935
-1.26928002566986 20.229235548060377 -0.18466585282390477
-0.8383087838248251 20.226055786090505 0.3874233309934994
-0.9773220741429989 20.227081209404865 0.6117985167675484
-0.7878406735050987 20.225683326532817 0.6272489330935296
-0.6108525139520563 20.224377917082595 -0.6827618953950257
-1.0392657806716787 20.227538783291852 -0.7224091269189399
-0.1161719530016149 20.220728125652336 -0.048442950242912494
-0.9512744694383048 20.22688957659357 -0.6365212218524193
-0.02673969650973315 20.220068287548518 -0.7495735898796303
-0.7353401969135095 20.225296396833595 -0.7638474092582783
-1.1471959802328906 20.228335100650003 -0.5974265467179397
-0.7596375827369352 20.225475664825016 -0.16123176849858706
-0.4582821631974538 20.223252241237105 -0.030575323977611812
-0.6854697743245862 20.224928448999464 -0.47097240934628043
-0.9688956816578463 20.227019587259903 -0.7411383962681404
-0.16773013810192577 20.221108525928784 0.46200653086088295
3.448546852590369 20.28340782561818 -0.4417899015628096
3.349199781194784 20.280009757164628 -0.27867100098924336
3.484922159090817 20.284652007049715 -0.7697070524955467
3.282489866129014 20.277728010408136 0.0396000709876686
3.6694502836566634 20.29096360929497 -0.14256756282781408
3.301860008862466 20.278390547008748 -0.19172822468601086
3.27918245545031 20.277614883692546 -0.49239489748747
3.5905008796014024 20.288263222906345 -0.2979745087770021
3.1694670003340466 20.27386217491452 0.6064324395358549
3.42666883326154 20.282659509575613 0.37435724887388677
2.968693037000431 20.26699489979997 -0.3669672935696161
3.1527252699764956 20.27328954056318 -0.05460497210908577
2.894537296969338 20.264458475954655 0.2869734813753868
2.906032357942564 20.264851653161752 -0.5896205120159568
2.910075181214072 20.26498993393873 0.638240913243434
2.900904663101374 20.264676265424256 -0.11043920632622174
2.663383229002775 20.258176717141623 0.5692592533794104
2.101380999858899 20.245737329492744 -0.6405973663969732
2.717152801826987 20.259366855766327 0.6414768191735961
2.0394935600447353 20.244367509562288 -0.42809867825374653
2.1462224108022534 20.24672985170088 -0.5525821359818076
2.408967830158343 20.252545472982874 0.2609198964709881
2.522973803812223 20.255068887352113 -0.6591196221055565
2.756420298262664 20.260236004650146 -0.49676222031026296
2.2844435103474474 20.249789244972533 -0.29929564604769515
2.7491733969304537 20.26007560134523 -0.08207377494787876
2.776930370066895 20.260689975685576 -0.3882505279162248
2.278494223466792 20.24965756313587 -0.8052487923661288
2.3632947324547593 20.251534468720813 0.4540259507199172
1.456640236984278 20.231465702191823 0.763185021264178
1.4855522819549256 20.232105633932512 0.8144985138266075
2.6825669814529634 20.258601258350158 0.8477092058432194
1.6753781434336832 20.236307602483976 0.43947274010362436
1.6602163574026814 20.235972338662286 -0.14607998466572655
2.0163177041952505 20.243854287183943 0.32481031408945427
2.6734284752622424 20.258399043995283 0.7364652271578828
2.13272179325424 20.246430632369457 0.7264868375123454
1.4826258505229781 20.232041347378757 -0.03119925395590803
2.259319721985598 20.249233021056774 0.42783465724258507
1.676427283931336 20.236331336916916 -0.445320683261609
4.056331042685871 19.868787379710025 -0.7980239999999998
3.7505611752604744 19.82554096643853 -0.798024
-3.8902268363872783 20.09528708226574 -0.798024
-3.7983209972606877 20.066173729192606 -0.798024
4.097595492923785 20.17879722114713 0.7980250000000001
3.7001717664977147 20.07170559830381 0.7980249999999999
-3.9853560863506927 19.844692986906594 0.798025
-3.7929036254621 20.0335316339615 0.798025
4.010177117311535 19.764068803952966 0.2570765644404995
3.7224493885041645 19.752190727324443 0.7884595199266937
4.123155822988098 19.768732830353827 -0.05248208467782067
4.045493781658948 19.765526758829687 -0.3610451686182783
3.736099632532367 19.75275424146761 0.44929287188020495
3.9215026610145376 19.760408114066543 -0.18798661586414037
3.7850704821810677 19.754775873192514 -0.6162453880147656
3.780612391725515 19.754591832744737 -0.6995660674701554
-3.875637145185572 19.758514677817345 -0.3818141401107437
-3.7938639127353397 19.75513888666495 -0.5058941219275396
-4.102773440990713 19.7678913977389 0.10311157112513
-4.136287503912287 19.769274936993757 0.03190575604751702
-3.8460015818866182 19.757291252139 0.10212648636909974
-3.8116838929536145 19.755874537314366 0.5562422295663214
-3.7553969839686943 19.75355088147182 -0.20579198037026322
-4.032339820008021 19.764983732389005 0.5271877423703031
-4.133514191390074 20.248853534619585 -0.5156048270871675
-3.989381507830921 20.242904331186573 0.6733011267008435
-4.0673541815315675 20.246122721954066 0.42640885874647605
-3.748711646136846 20.23297047071817 0.589154611329006
-3.9638035206350954 20.24184857724182 -0.2737976593146496
-3.8884244227061524 20.238737238598134 -0.39517327874174246
-3.70403007804126 20.231126199649715 0.3366864203334235
-4.058316515264551 20.245749684320586 -0.7467641702879209
4.121100778569246 20.24834116174372 0.09556781557928443
3.963810744516663 20.241848891477936 -0.06823481555973504
3.8836816533064837 20.238541500012094 -0.6342717187657636
4.086522664249934 20.246913922791208 -0.3824229802956547
3.8175218610512025 20.235810702383137 -0.012509789589739057
3.867949144368497 20.237892128291886 0.013338122704374122
3.7490256826809514 20.23298346857375 0.10853492719474113
3.8069052070293052 20.235372491611272 0.21894827686344606
3.6873783148710517 20.254823040910807 0.4514092762352161
3.708489060986015 19.71206485460287 -0.3486833818969016
-3.7085973916079693 19.70928009623169 -0.029829906156114167
-3.6862171603552802 20.28468627802533 -0.14447470482117375
8.328192835161055 4.522369204159306 1.5960319305859203
7.989192358074687 4.507991047927375 1.5985432926687515
8.08529690358864 4.545645905433001 1.6054954340899175
7.770154523766884 4.831000922178476 1.673360217387939
7.861473910558599 4.803661195136206 1.6663671747658917
7.769545902012655 4.983322710456021 1.707199093096604
8.39168836487731 4.124383017899346 1.3499478638999494
8.187146845903076 3.9261876930235093 1.2081669734745426
8.211869536352719 4.21094332033883 1.4322370853365318
7.900755573529743 4.112085847998846 1.3734233291781235
7.948918160796064 4.113621615082183 1.3718120340513633
8.40252869419275 3.7221483868737355 0.9399821280711503
8.215260558035116 3.6072765499502166 0.7453874565408689
7.917915948223532 3.577260264080706 0.7455602377664858
8.048422623823495 3.504099161836194 0.5701306468521814
8.429119014669128 3.4587685739938925 -0.07758203161662741
8.42195345142577 3.4579589065315095 -0.13028036841221793
8.161788521118172 3.4285620602390225 0.010624092357066323
7.93077069575377 3.4024585708086637 -0.015650160840855437
7.904594903899416 6.533281377668866 1.0252879048279475
8.07060504640441 6.575689823098118 0.9423314581452638
8.3553110706623 6.841380222943256 0.3985416072777052
8.146261155054825 6.818875624215901 0.4365862722288548
8.106942554965926 6.047867287952579 1.4489782247257104
8.359613907302615 6.269821633231585 1.2764329055406323
8.397425238108344 6.31603573589216 1.2402454238053657
7.843553049663308 6.440508248746025 1.1342038790506277
7.763100935177963 6.061190456694085 1.433199159920006
8.037721343208467 5.349293538165702 1.689683043842014
7.830748684324716 5.23267401049323 1.7141567851014785
8.007437435305274 5.458625274643062 1.664415097392996
7.872121882430812 5.671567522042651 1.6162134197235314
7.7947684128232275 5.442502985634073 1.6669256726050126
8.320248167618574 5.841612727047135 1.5804951262133669
9.178811281972953 3.6557304629899443 0.36577164202306495
9.078200908113098 3.6292677303693526 0.31730222577114725
8.805949933566973 3.5576597861094292 0.26513263243964574
8.783498492207734 3.5517544581857416 -0.060274256802829856
9.083192266715688 3.630580504174543 -0.28248160628306007
9.283701834716373 3.6833189352161506 -0.19729186313911826
9.349740349080747 3.7006885184765554 -0.10685291743170297
8.962158198774134 3.5987458794757394 -0.00852171856942055
10.43068349005817 4.3514858714081095 0.2010948534489576
10.645096076802208 4.6650113424263955 0.281540217258041
10.330934202908637 4.205627166412254 0.11859035047459107
10.806113015710046 4.90045886152782 0.2356014680163519
10.968653972796217 5.138134880944724 -0.10334050773140133
10.810699916345943 4.907166071231418 -0.17940086092458016
10.70730879928786 4.755982089138805 -0.32056429897495287
10.829526085774365 4.934694695959793 0.011247401602807433
10.910887344022527 8.161151181490265 1.132097702653819
10.507844166022188 6.99064088997718 1.2392168401025538
10.605432123558217 7.275053252924498 1.2132786208694715
10.735444764811902 7.7282300435970015 1.1785959272003406
10.867436852719704 7.8112814208199275 1.1440259371326542
11.027377971665711 7.165707653251607 1.1034042035340397
10.72833389547463 7.069181858330157 1.1815708467350723
10.943332709935452 7.275755229430986 1.125139486972517
10.714266768997796 7.004223620089932 1.1853505274209593
11.185292502287318 7.701587355616249 1.061302939222248
11.546246538734293 7.865239894445483 0.8137349306491967
11.661267098587867 8.234441073555338 0.7732954403322065
11.594867318740949 8.420141749516457 0.8557594549883709
11.104543033477597 7.0510723120251395 1.0585085382603536
11.280398111496874 7.50264573893702 0.9799457204577471
11.209840231128874 6.781456686853029 0.931422874450567
11.378471061811466 6.627579478928189 0.7690919582156025
11.274991041734449 6.930271595683283 0.8995770468214482
11.430674183605918 6.8710322534894726 0.7619868688642082
11.521491904904881 7.7504749035275005 0.817204938498748
11.68352460889762 7.738122697058596 0.6291576023305971
11.92182277796958 8.143655215965328 0.3090251593533002
11.788430227967362 7.7409267668230335 0.40834634531657843
11.463819035451017 6.944541854706944 0.7335308901191703
11.776385821113465 7.710393249720381 0.4199645522830895
11.885920951940744 7.967021278639189 0.30473552821521965
11.608925111744307 6.761502549003714 0.3431341789078618
11.475392567512964 6.357834350146314 0.44232452249715376
11.719134328837294 7.328380944870973 0.36751154722566026
11.727136557418035 7.280344575715922 0.32873440574094254
11.765955398576287 7.311233146642573 0.2096780400532006
11.765982104358716 7.31135300336123 0.08302405956404915
11.544119817167587 6.315625362495663 0.16144000068535064
11.812601339205274 7.520582166732879 0.05142950451890216
11.59906892448888 6.562239357570743 0.11979460939735023
11.73037427199029 7.151543495538004 -0.011740766973039302
11.610481056453974 6.613457504569568 -0.26126260695792375
11.778707144354772 7.368463538980459 -0.23949182015013984
11.705323271763316 7.039113511726288 -0.21056682417284056
11.943067055777579 8.106118004396285 0.19842820431573577
11.589798239329562 6.520632117422973 -0.2712412592936616
9.96959323028074 8.85181752205303 0.32574803666023144
9.508764822973493 7.727409594655461 0.2854009885854689
9.960155978596521 8.559807871579157 0.5301340159517725
10.242773072253355 9.099813974865592 0.6689889221771913
10.19069557010849 9.064370248635194 0.5945277843561518
9.658754149919101 7.795670949218874 0.5256592437427126
9.513337408032692 7.543417769087353 0.4346831755605167
9.942294559758988 8.369960459829546 0.6401584296693428
9.479184747765103 7.606620765917517 0.3198998684857568
9.52347423833389 7.547247782103291 0.45151830953160604
10.208823865738172 8.386887033629204 0.8841516983313444
9.86588397015961 7.898612184815155 0.7883051115885712
10.371642646557289 8.874904769791954 0.8478430096739729
10.36572027534159 9.014086319055467 0.7990488631437331
10.449575782125605 8.969858632082492 0.8747357204135162
10.281523112878585 8.063516650323761 1.0407906595766994
10.402919303194462 8.518420644207374 0.9846449377351422
9.848166887974141 7.375793008208873 0.9422560364199035
10.263229496275539 8.13656042289383 1.004034144349252
9.751365446448574 7.3849346679702625 0.8682686338384463
10.381030639715028 7.90436838378435 1.093595120343435
10.882028784326966 8.780843304920392 1.0680423708022202
10.294849501173946 7.650440186344108 1.111970963947698
10.658933852404104 8.390446772054531 1.0794347822244772
10.401418794771853 7.945701196145471 1.0917875647380317
10.571444826231758 7.776892854742469 1.146304660380838
10.235376335690647 7.511752202348138 1.1196991310318019
10.148634583439918 7.188544171134849 1.1473595410156014
10.393849997084343 6.956662554822195 1.2244161430929796
10.489041772749115 7.328886444129674 1.1916854259464889
11.555257215424529 9.620677083238675 0.9715111917545256
11.671793298820473 9.867391656819649 0.9437948485044722
11.78435293566709 9.689427126104752 0.9109421396866421
11.662108141705353 9.282831758092513 0.9394342952622308
11.77916257284758 9.380791154073604 0.9096993020103394
11.360105509674872 8.761116541680781 1.0150049864211754
11.862745446998328 9.508552685075959 0.8853532391236023
11.873787305888953 9.50120065675196 0.8746840602062844
12.007007681105891 9.38132471966293 0.7386971892948069
11.776969512959349 8.677099367259363 0.7657249176661461
11.846000258837925 8.884891895603737 0.7562883633747954
11.999679482936866 9.11964993637229 0.6858384481326962
12.092895787946286 8.969342250594783 0.4809298676958478
12.06036957230696 8.91123317600434 0.508393239361141
12.01940603401465 8.882507699254775 0.5732335254551416
12.144156369760864 8.759833972337159 0.2396262973421766
11.91955527599031 8.582328225721596 0.5749039051347128
11.929308746758068 8.30463557590323 0.37396255070009565
12.040040836468378 8.439548082777929 -0.04270280135759458
12.100698827926829 8.619120249478696 0.009052252007537412
12.176268322390907 8.842836490836472 0.19284309748941528
12.276681765007993 9.140099835838281 0.02040863856734909
12.247710195514294 9.054330711836492 -0.12532668183465873
12.364388022830596 9.399743896190184 -0.019082712644280755
10.608299697003087 9.997036967083247 0.3663958912707015
10.624627461684648 10.122797909585453 0.2581974414443484
10.910309874176964 10.460973661560041 0.3956232679770874
10.351828399298556 9.476070117712638 0.4799619416993713
10.246331826015247 9.392462138210172 0.384240914067556
10.663656998753568 9.922064828503146 0.5461801898390781
10.61833768846579 9.859360533862995 0.5342527525483605
10.939924822016565 10.077763313952753 0.7131804261514273
10.92114215429363 9.942199989851424 0.7616541159659338
10.780365247255975 9.865834332170268 0.703130644120797
10.747032394875838 9.532852680718 0.830999823139083
10.47565918781292 9.124324409262599 0.8358131915775848
10.734997444047163 9.564185634503392 0.8088814045749005
11.56144931583726 10.003477557734303 0.950038859474044
11.483158129889782 9.949588114572768 0.9478984232320092
10.966638810206364 9.505112816111176 0.9498639906701508
11.046128118666875 9.29615239239718 1.0004846384489956
10.9873372403548 9.21298470144733 1.00674791949087
11.014952897679773 8.943972723906516 1.0614232955510463
9.086212723483593 5.121247613312787 1.6198974962546304
8.970355825638372 5.335239872792047 1.6829404922965099
8.747545247802282 4.945183929478796 1.6415968726579253
8.559220759298917 5.020502940817801 1.6880162575051167
8.447827201825817 4.441641889604587 1.5731840621834248
9.128270527069978 4.607146791105207 1.478448211089215
8.82504906447929 4.348198443186445 1.4103175061526634
8.65401764125537 4.436062688583267 1.519272967749882
8.629409103633645 4.149037580763519 1.3185193851706014
8.598596417420385 4.203865876564371 1.3696821365565675
8.467488192995683 4.066029815243162 1.2914127541774343
8.988689115360247 3.915367294153714 1.0191306276758967
9.299048471664797 3.919130311836782 0.8527833142808593
9.219060311325553 3.891625188408972 0.8410931661863144
8.525211643659407 3.707762284587958 0.8506282270105066
8.571536911870341 3.7433084442676856 0.8985402387587781
9.281091491414735 3.7027136506588407 0.41753291885432486
8.70237470035551 3.600366506093481 0.5285667057202706
8.57676314511835 6.869822575609552 0.4584996479275
8.470369242960212 6.61372012731073 0.9039410732696016
8.833243148701698 6.336111602050889 1.3112850523794848
8.497902040323359 6.314692931974967 1.2560797402697934
8.481437759098228 6.183376422859704 1.3573322002672785
8.85493193533298 5.741644239661964 1.6015093910177187
8.823860577500987 5.977643614817169 1.5447490922150253
8.56770437644383 5.684728698647154 1.6171682832773944
8.802196971828586 5.4223343926507255 1.677017766865775
10.059713107709356 5.935833991811105 1.4697924639780566
9.853107248729017 5.764693712709462 1.5493468370313659
10.072268650007127 5.427651315401585 1.4491047288304202
9.795400793881479 5.609640239161039 1.5689660016132148
9.82057103353956 5.471315518148951 1.5497368013188915
10.247392309180668 5.238404325716665 1.3181261538109497
10.433667716546275 5.586560231840977 1.3029324882843651
10.156947947333549 5.221747783431792 1.385933106468599
10.39622715616808 5.1921094001552035 1.176931942487658
10.613198687883585 5.184745387194388 0.9872777545316334
10.310090565606728 4.683516148242363 1.0090669435422832
10.276125920153024 5.084689216556346 1.2289106784796542
10.733121847823739 5.055906564231798 0.6767878749267164
10.620635788381788 5.075565903446084 0.9168495613596801
10.942586992958631 5.138853442741114 0.37611613770171715
10.553067351619893 4.899543149183302 0.8311102863730091
10.626321201995705 4.804557972643849 0.5675377781064663
10.368404772263542 4.288302904524465 0.39717231848993223
10.566976700406137 4.591381436121316 0.40192049292773274
10.37528048984581 4.507115834456137 0.6763389445856507
9.203410030954473 7.1896498118102246 0.4819069018692632
9.213623018816088 6.969443838599396 0.8654082585293658
9.205138337261879 6.791993787074571 1.0508865172282078
9.276255489270529 6.707000241916389 1.1398749483711814
9.49677540841358 6.705464551080056 1.2295950085863872
9.791675196623554 6.282221126188062 1.4350988926911985
9.63981212158166 6.654869176838884 1.3171144724181314
9.643129467268793 5.771804358597241 1.5902259190257773
9.990947828846762 6.174109705650572 1.4566602655777485
9.649625396468679 5.7114739692206715 1.6067821676700587
12.384773463653975 9.457791820764037 -0.11246194795964465
12.695893757869559 9.767819575116581 0.05828866656054815
8.546408203650023 6.896325427712718 0.04682320902644757
8.570139622891395 6.906118789374727 -0.06982877829536455
9.07837267694553 7.172193029966816 0.11479878868186914
9.152068405397426 7.2397389961265874 -0.11984801066023498
9.944731379939897 8.885346842442505 -0.2162562494714244
9.492233267129173 7.700695948616175 -0.25234126949455377
9.722364801455562 8.303185815687552 -0.25082703376979754
9.71927500594835 8.295096657068477 -0.09061891250586397
9.455935841883246 7.60566842022697 0.13483587147547074
9.905653560103307 8.783040174441965 0.1885775814804127
9.686377488415554 8.208970168478686 0.15394551133869866
10.021944250567447 9.087491986508741 0.0032089659694312517
9.917721480654002 8.814634279394587 0.21862125127389362
9.755756596628038 8.390606334972867 0.13784645663363776
13.01017539629988 9.961241387041426 -0.20897103700322794
12.935633997852094 9.921495439967972 -0.14115819570175459
13.226348210292507 10.076506104400979 0.16161428909861292
12.929417614975298 9.918180825137096 0.13319476715058692
11.527969424303745 10.906442697273526 0.5252163138667304
11.634022043310754 10.964384738637428 0.5583098145003484
11.058165029046059 10.623462018861332 0.3692833624091222
11.20283022739078 10.744800356618642 0.3875902812646191
11.681119899211458 10.774641297870694 0.7314238157863268
11.628216843316466 10.607227473796144 0.8157313253978772
11.55563353381385 10.731451362004051 0.6876248770593639
11.24408184660673 10.481026454979688 0.6882409803312524
11.819792363535793 10.173730976620295 0.9566811403607561
11.613148122725304 10.420279603472563 0.8833924944601879
11.664315332530972 10.349165684795592 0.9039493144286825
12.19391126154467 10.180405071988712 0.9015478539430353
11.987340728596067 9.927660081550398 0.8903412326589175
12.300004659996162 9.713285196939031 0.6479448251780404
12.099216758353943 9.695477372379752 0.7515080510752534
12.56075453550343 9.65141152799876 0.2389446272519948
12.41678499816 9.715245749043614 0.5358867914803389
8.191779028520932 4.7111354106478345 -1.6414436654059041
8.253639323297289 4.790474670349546 -1.6584951712169838
8.2358911867354 4.605192472367562 -1.6165091261830606
7.783533702161709 5.092136198425638 -1.7312222795298673
8.157254643763158 4.97853160864879 -1.702222730231227
8.178892104021141 4.902605643271334 -1.685140557169371
8.185597096280942 3.936200741151657 -1.216271214642463
8.419401538122674 4.031516715825675 -1.2736804001019912
7.808699042433325 4.277671758452174 -1.5076641219587368
7.9989112080605 4.235828476954651 -1.464011783374942
8.10360975314283 4.20779901554298 -1.4360943912540354
8.198506567147227 3.6002077656072835 -0.7346356818575325
8.400206554738448 3.721941493613212 -0.9400935221053025
8.124966942133774 3.7048718435920014 -0.963265069158009
7.885108685720235 3.5589988624050894 -0.7150458549415603
8.33774201815287 6.667432299421006 -0.7600390608148716
8.390015035889274 6.515628371691098 -1.0768700662210917
8.238767412491653 6.815577567295267 -0.44757968113107816
8.078087084852172 6.832985805467684 -0.40395380018470667
8.39513689755471 6.186715668058505 -1.3433308515283349
8.175938977626668 6.282551206383662 -1.263037997268186
8.033688330695615 6.06314649705557 -1.4354976425821806
8.120059175097882 6.33398377471519 -1.2216710301319431
7.953729863869084 6.353745219007256 -1.2040970887223834
8.075965261984072 5.312140757012045 -1.6985546936005544
7.948588353389133 5.400961961896517 -1.6769624081152341
8.070783897773493 5.179987473706937 -1.7286639655200067
7.85173015274827 5.381997256935318 -1.6806984006869894
7.694768323320649 5.270996394109015 -1.7046829553279246
7.818458881420597 5.8032785223294026 -1.5865664505435337
11.150737712541837 7.996540418374108 -1.0698108397968529
11.02845352549185 7.529874742657485 -1.1025006466462273
11.345070201042116 8.335272081874711 -1.0185454367507767
10.761888417058106 6.768644258965501 -1.1733253459850301
11.139514567124023 7.451421196163287 -1.0736648722086426
10.82684478217731 7.728927898777863 -1.1547499391972917
11.276217551471456 8.29305186560566 -1.0365767255370713
11.204803490052173 8.253053012883095 -1.0552723627554226
11.018873896165314 8.039099140159568 -1.104133890939729
11.224066871084197 8.525415993892405 -1.0497848215879948
11.249225122690158 6.734831086465723 -0.8919208043287409
11.408312602817334 7.242171883839892 -0.8354977183340194
11.270121151484968 7.166639681693162 -0.9386387755024842
11.44386561483654 7.437948380758286 -0.8351017236425726
11.266168668294013 6.955827952499003 -0.9106603721277428
11.474022235800991 8.020806647364598 -0.8965473804851776
11.712972276902535 8.221412805205604 -0.7285804556238655
11.436372215746418 7.900287295172346 -0.9098338165992425
11.247181697201864 7.635406108366209 -1.0271032792605022
11.314613199844468 7.66820095073197 -0.9761729269397019
11.50971639927151 6.654853505456128 -0.5046748589252803
11.537685863305668 6.448372491095718 -0.351601604761013
11.42697561309835 6.548958648899693 -0.6317000599631015
11.815065859956048 7.7642825426656525 -0.36257058201222675
11.665201503762084 7.339166066572574 -0.4865855770002273
11.505458331127894 6.943407396841086 -0.6448595514990625
11.825611865462427 8.29462572327564 -0.5813280565077985
11.639365822370742 7.685966540515699 -0.698928602544374
11.848086957433406 8.265837469541157 -0.5206614563595667
11.517429129608523 7.149311949679633 -0.7131173838864266
10.086284324586813 8.74286616859162 -0.6362999094671131
9.61158048691765 7.727923037017837 -0.4853973893982292
10.101860276356977 8.79778516474115 -0.6247596679917994
10.003688989037304 8.425016314776002 -0.7178099031432432
9.544315827458638 7.444302359207002 -0.5706735738609177
9.864540833048112 8.617643482282979 -0.2996472110831637
9.96812528861991 8.805732726854803 -0.3580414979362577
9.963418547562586 8.633386146868153 -0.480353619204345
9.700091245476209 8.10214737653946 -0.37240781884372454
9.919752548720954 8.544625674404411 -0.4629634731830108
9.933309435284075 7.339377299397268 -1.0163889599574805
10.298795455247259 8.182735239884346 -1.015395948332573
9.99205029139984 7.387319313472067 -1.044204491987927
9.824894156029579 7.294642324243101 -0.9510800943734654
9.809349473953947 7.313316627846602 -0.933704248942006
10.172286328867745 8.83679312875762 -0.7136495401839836
10.301862953057384 8.987918337468674 -0.7605193730361491
10.406831384885148 8.805984787261151 -0.8956822773616302
10.53178037122757 8.920042206560048 -0.9509919541371699
10.129244158275474 8.47156179946763 -0.7986831014188055
10.311736942193093 7.199765386262898 -1.1761862384763835
10.164326854672392 7.251929233269369 -1.141685924488233
10.220690232721575 7.029657502732702 -1.1822970791897325
10.490443349542975 7.806062116082844 -1.127274450242771
10.199874216045577 7.086897148370303 -1.1706662757280615
10.525575243567497 8.374148721440076 -1.0568236881592736
10.274754955153398 7.866767628277629 -1.078910860687057
10.814731806601122 8.489335197749362 -1.0950214497509614
10.687109901418935 8.692701158980979 -1.043712154259123
10.254336351480744 7.627293571504193 -1.1075652883885336
11.590388489149177 9.319698559701589 -0.9580612982587634
11.064558333577466 8.785397868309873 -1.0912353260394263
11.441649952797425 9.07901976714811 -0.9953499662139669
11.641498889968082 9.887778560149307 -0.9522313588896781
11.796712442446463 9.674800132778515 -0.9074019796351385
11.351174011207995 9.175367736319856 -1.0198515025613866
11.712863392662054 8.623161293878553 -0.8046545386826421
11.579086032065936 8.6658508499449 -0.9195909637784229
12.119794360854987 9.384656253079372 -0.6484614804649476
11.961264350215114 9.532737749521127 -0.8110726560717734
12.071523865286434 9.565869159340975 -0.7293581125206301
11.730406749102778 9.011169592900742 -0.876810040638547
12.200608560126527 9.06739198719519 -0.3270695185411254
12.069571924655751 8.795670226923807 -0.41285801873234607
11.979957589671816 8.584061007859447 -0.4546905718885089
12.275105968977075 9.390358940312527 -0.3920615785269083
12.042061389405218 8.857065807734559 -0.5092458590771627
12.082138556112458 9.095859717051043 -0.589181504676999
10.131622908815748 9.306204911745288 -0.27508776584712114
10.726828306248109 10.059788608012203 -0.5079650490835139
10.201870556722834 9.241193073373452 -0.4703422900225085
10.268752642327776 9.491985306882848 -0.31548712414786506
10.849799807972033 10.412332891629486 -0.34144532254745186
10.87527793577307 10.489262868546984 -0.302703932364614
10.925929198256489 10.342426151629446 -0.5525546598170291
10.715029522606892 9.313194960790355 -0.9090041978646325
10.848551608806876 9.54674089841855 -0.8919403326096567
10.935888033425265 9.816891675608408 -0.8277654768350586
10.740754245972475 9.907651013934494 -0.6582410097192521
10.89706194741261 9.928264366674918 -0.7520305185143962
10.873591222609281 9.969060634275078 -0.7182440322012255
11.266826135949117 9.307240518079247 -1.0332843860479461
11.181729180926574 9.517023196702644 -0.9806025401492036
10.842078847123597 9.201781550473768 -0.9858841545963871
11.0505430181716 9.573895071293906 -0.9501593503458574
11.174365732437428 9.917335356374414 -0.9068430583516665
11.294488827579487 9.956398238792834 -0.9180164180743948
8.50858074792062 4.542655607595515 -1.5868066761629105
8.966170369698307 4.74517321243869 -1.5620101935005755
8.71404784876621 4.883892964657436 -1.632802376321271
9.057750825993184 5.158234348173837 -1.632229329905504
9.10807473932591 4.7944916446874615 -1.5500974756124828
8.68982105358013 4.129709681788885 -1.2885180916700323
8.855486126099734 4.030728553807311 -1.16958954184032
8.648073640790559 3.8573909441387335 -1.0814292947180395
9.076556730610527 4.298360086036522 -1.3000977589311848
9.205176285322827 4.309950950162349 -1.2670949180690987
9.185478478103583 4.218708705544614 -1.2157803752231877
8.506963789093362 3.571148097421985 -0.57714457097815
8.700808975349691 3.6356948910536446 -0.60279871238506
8.88507122905722 3.5815804189639113 -0.3874077972579297
8.44339381791626 3.6223786540589904 -0.7190679577593988
8.908396338989522 3.8313123988792634 -0.8913294360602626
8.736507344460815 3.8720036355137455 -1.0714148959584067
8.847156992863454 3.8450300847297543 -0.9538861508516367
8.625331039994464 6.637514172627799 -0.9695361775457868
8.598779012219845 6.863450692860398 -0.4885224393059698
8.484415987495877 6.461433097647422 -1.1362138062662053
8.484071040775293 6.3400879371825365 -1.2329104374590472
8.555226467272094 6.441403095907103 -1.1674698403575174
8.58019729240176 5.701760437574261 -1.6132749839972131
8.562367916187878 5.4277906143518955 -1.6758095375971402
8.649703057768262 5.95474301789488 -1.5523372388364278
8.760119214774827 5.676666614635792 -1.6183487209567082
10.13437503409618 5.532177836312098 -1.432158940279799
10.105635411437236 5.466483384414256 -1.438813219904812
10.130323008662856 5.588498716378023 -1.4375846100534906
10.24923796479321 5.934320869081727 -1.3982463982449924
10.042098833106877 5.985585487031141 -1.4759876615454917
10.19804100342439 4.764381745293273 -1.143637699129883
10.5618933675184 5.114032418101686 -0.9976764691695951
10.274669760886873 4.766830567778301 -1.0790570318455368
10.54030196826136 5.067838002766375 -0.9942419843444054
10.101096704213422 5.166067072543347 -1.4097995594903157
10.299072718876545 5.408636861503297 -1.3431088005700795
10.567541735355924 5.6416264950653465 -1.2146214289644863
10.288399452802281 4.358041430092539 -0.6522010994357968
10.561811035773433 4.663543704669022 -0.5089994586114225
10.394180939917597 4.478932492114025 -0.6004050587196488
10.215693099059047 4.4498167197317775 -0.9220029517671097
10.498936026105438 4.8095244896962575 -0.8248500075564372
10.51326416011804 4.925872963535382 -0.9397682960935455
10.790850783599872 5.012958174932362 -0.5133560868516319
10.908739471248907 5.242794345737173 -0.5683471038414305
9.164116215675183 6.931802630319345 -0.8598262169804154
9.277984660653283 7.106422954682191 -0.7254438192911257
9.215797675920708 6.649259763467445 -1.1555153505315225
9.525324190398653 6.564514950474485 -1.3385919949713732
9.453482941658422 6.842595310999 -1.1091763348519221
9.840589832489131 6.077827017221618 -1.4925957222390092
9.4598991917838 6.24351496581979 -1.4686140321395909
9.677730813798766 6.039571758846812 -1.5129823074680466
9.677578430156137 6.293724120098224 -1.4385410384089825
9.698331093388923 6.517729997386695 -1.360359261988704
8.269920317300231 6.84516744969021 0.13975979702346042
8.135881766159319 6.8423559033356 -0.2831042607663091
8.256437416234176 6.844884849613031 0.20538280665206016
8.068551724409051 6.840943613219924 -0.1606905112457334
10.186398275909784 9.426699472563381 0.02274623885777437
10.130911686761921 9.334466451423065 -0.1301405459059884
10.54107294758511 10.016260247391191 0.08332584051489099
10.394436398523172 9.772512485323277 0.17290871037344202
10.48969204951042 9.930851943671119 -0.05448950049779201
10.453993704005168 9.871512086847588 -0.21102215341879554
10.83857585171495 10.51078679997477 -0.05367577061920773
11.133160336525446 10.791929420502793 0.18139793731510795
11.22353466979633 10.875042638104851 0.1444583981020598
11.480885186389171 11.111716356310565 0.001784928970851623
11.400926696236752 11.038182122080023 -0.04337267859199501
11.225781854266888 10.850547592249583 -0.25519340952441044
10.9641267772281 10.57908773214624 -0.30341324611421183
11.548115633142043 11.108739712289754 -0.2968580362689263
11.705454126960054 10.991375965877378 -0.5953575115298436
11.37229405199778 10.470198693184464 -0.7618032586986376
11.099512069389268 10.487860009595428 -0.6087675704802522
11.400418792165684 10.445255425308638 -0.7926499804688275
11.44026658955321 10.435721092688693 -0.8228460020556134
11.39301750172749 10.30906319790273 -0.8695194092145611
11.441345208170175 10.145299559824293 -0.9062027485080452
11.932194381020157 10.445846731173388 -0.9249618259113117
11.704112504277441 10.009671631120508 -0.949085916758827
12.168993980006679 10.348016594199098 -0.9344957485517164
12.173702789296051 9.761424279251186 -0.7503781305070916
12.350119155462728 9.979055154319646 -0.7824112677162072
12.427478714095706 9.653914208938037 -0.43116266419214266
12.419691951461676 9.524397757261301 -0.2577207325608211
11.843329889039705 11.32445701910869 -0.20390509632717752
11.591084162625407 11.205255519805103 0.027205383682700188
12.443787412301456 11.608209842430504 -0.07932620419586886
12.509100701234797 11.639074357266786 -0.08924447126364332
12.320770508049208 11.463126542527142 0.3431189369759886
12.441323301299105 11.43490888575575 0.46996113496301606
12.109699425088117 11.200819364764099 0.580539743032439
11.663628415966476 11.093595401923908 0.4257771244707048
12.341630690591206 11.24264948236826 0.6514169034235
12.13091451215572 11.126380565182265 0.66537702482797
11.983643527024897 10.920401718819916 0.7772760917162411
12.388597020601395 10.750277681376737 0.9205732091614488
12.152741476270421 10.658273393655765 0.9130356645705184
12.649082480790586 10.352026394836788 0.885529024452765
12.39967153223964 10.333144017196176 0.9074642748831783
12.683957927087578 10.083015984576594 0.6965932502235685
12.702188763976427 10.249094578245199 0.8333422494083288
13.156123514697699 10.066048745901167 0.2664300131697528
13.036611437683197 9.97547048427185 0.2139105705536548
12.860936362895453 10.050209789583667 0.5505751605019931
12.841168988921954 9.944403534750967 0.3592199636871442
12.11918307946782 11.413265984760638 -0.2755115250122154
12.330301606290593 11.465886675834188 -0.3457112481441865
12.33585576450141 11.318693597721749 -0.5671161555894733
11.854292740794289 11.218751859583953 -0.3771627606865874
12.395856936750285 11.302490514411819 -0.6201291084656124
12.290737136354245 11.129655457812344 -0.7333673186771192
12.104240837090588 10.91154094558092 -0.8367678062644165
12.279061313185602 10.905655630437039 -0.8780805721694422
12.275857566872526 10.54897620200493 -0.9475858712945354
12.7334988766986 10.419085862995882 -0.891510648313425
12.259172873342665 10.371833260470918 -0.9292989604030577
12.869449460992536 10.23365236111582 -0.7428861572991295
12.573766936745518 10.126150659098027 -0.7798922304208725
12.945456178041498 9.98936761020537 -0.3361441593575938
13.205151424010971 10.12634538308761 -0.33322345650621543
12.90035647673622 9.978947255153727 -0.3639344939817863
12.881697896641708 10.069486907377147 -0.5666409054142532
9.468777429181173 3.7541099068140245 -0.1701005121518394
9.62575672247101 3.835909527874805 0.1058851770799363
9.512535605730024 3.776911654643261 -0.14571105397460699
9.895527024995356 3.9764828994162373 -0.3538636323729558
10.088586771547561 4.07708351863869 0.3086884491412689
10.106188449016079 4.08625549614467 -0.16372026753298288
10.054368206505439 4.059252723283272 0.09888157236159177
10.144722974112948 4.106335275360271 0.2841757221479458
9.630305672155181 5.044177557668991 1.523583417379927
9.419873343724145 5.215279084211343 1.58999430827973
9.35081786793729 4.900268712353096 1.5348227206051188
9.28608722313637 5.414705252244423 1.6471134491767785
9.457158908600686 5.226433443702736 1.5864347633441902
9.38595205422006 4.198526357427319 1.13456593637849
9.407897662627166 4.533071865920844 1.3339406929921578
9.771309907544193 4.366619486029782 1.0967343289229925
9.519053670746256 4.206495989534007 1.0904365278999861
9.903088771279752 4.822793259037526 1.3578186781584767
10.034737218610362 4.5229651106803175 1.0968555171656045
9.475217209491799 4.659198860324505 1.3892524246298206
9.49300108303793 4.04346747947794 0.9137001357335658
9.710809596902141 4.020018819182795 0.6433593566734556
9.916026495539992 4.113691805487833 0.6147978667471549
10.076828809649474 4.126093437646139 0.4732574706613836
9.808438399638312 4.1808883539288715 0.8473182301524462
10.149100244289832 4.241416178416682 0.6145103747492485
9.881805957090782 4.270060797881635 0.9357940990098592
10.17696042262538 4.4169190013748985 0.9059805329917783
8.836354710069774 6.728801721628219 0.9393952794853898
8.930039634540286 6.929177600257855 0.6073988072610346
8.897350706727016 6.4276605598978 1.2522206494010333
9.104492169729681 6.4161201407477 1.3044804951614033
9.195061821221705 6.525531514365048 1.2383931488910125
9.340354070977217 5.783339513822023 1.5917324658139376
9.191301187334611 5.876988533894822 1.5687980188008877
9.053863969718535 6.030163795524508 1.531066896821272
9.462406729795534 5.962355174394486 1.5458281731058359
8.913116869410945 7.047657217076527 0.3250670725166715
8.834716549400955 7.0153032540747695 -0.19377887587952136
9.564435688218612 5.04861913598229 -1.5341814875368303
9.247105032717226 4.868622857392689 -1.543499866641508
9.376322213529605 4.904956102271992 -1.5320409743137717
9.834385071122028 5.2411781610551005 -1.5284798749593906
9.73672609040825 5.258080827514505 -1.5471382155144968
9.48515610014654 4.114281666669658 -1.0457447153335728
10.058200363724108 4.480518331668536 -1.06159357054069
9.524220706682902 4.1965219370778355 -1.0823428511042843
9.727210627351408 4.57027063384836 -1.2392810683726592
9.367754418629568 4.731618053627665 -1.4785996691480272
9.609334007244604 4.777206344842691 -1.4272820381587068
9.298732120519556 4.686405096597681 -1.4701625057164267
9.579144107056047 4.117977289104727 -0.9585243179446732
9.806455966241764 4.14984249464363 -0.7766489091851424
9.6706440178246 4.180832883996484 -0.9825895145097927
9.613377124916498 4.0436271230153995 -0.7772375503035944
9.992482863451459 4.064473677844099 -0.435494076292969
10.101631019112059 4.158487173676317 -0.5023370147934759
10.247762526013426 4.344610685123595 -0.7025681197888611
9.893750651745052 4.0834232817365725 -0.5661506126058007
8.815897071062185 6.806802059069538 -0.7669877785660439
9.019457490881233 6.8268525850076935 -0.8734368894698417
8.883014326841705 6.144010233602643 -1.4736718969358902
8.966799430043313 6.479916561923655 -1.2253282442806002
8.90144556101118 6.642644598506107 -1.083808279667358
9.106320649971895 5.452026217791924 -1.669866188543542
9.180977051434683 5.846528444037009 -1.576022283729429
9.439738049944044 5.848515180145242 -1.5750724840147488
9.227559363942389 6.108577701408355 -1.5099196486235358
11.039972910835369 5.263884579314592 -0.19101150719950158
11.530365544420913 6.282259471914771 -0.275966576815287
11.40276877221634 6.017285366900422 -0.1428159968303996
11.30127781412409 5.806523955597417 -0.1936818675416432
11.309433274165745 5.823460008823383 0.029047922325506903
11.5223575918132 6.265629740311341 -0.053991301015408964
11.367365626039408 5.943765349028142 -0.06173112383841638
10.400853641506751 6.294775054693366 1.3368641045886245
10.892133773023058 6.570510978433555 1.1470389981145819
10.423345911531943 6.285222572039512 1.3284225852078293
10.785579424519037 6.698207312120022 1.169670875224625
10.67339203557799 6.493805124348351 1.2302028611113753
10.838734355918946 5.671947244503966 0.9823956651766139
10.875042026851428 5.899456645473691 1.0229480062931984
10.640212463154134 5.762929228719994 1.192024804118926
11.011685866581596 6.495737849778005 1.0483559530897768
10.567237160622847 5.791994953662071 1.2676145909026835
11.240144050759984 6.431329144202966 0.8525900016716415
10.990226079744284 5.547061102469764 0.7109759675993579
11.173178556229402 5.80719270969107 0.5757603500355355
11.259116107683873 5.724227682527607 0.3055679078662915
11.027152403233902 5.619266906761825 0.7035328393405353
11.029113998321755 5.783923906890218 0.8383253478857143
11.014709928541354 5.629575876637073 0.7404506272034478
11.084294403390173 5.8730216868626055 0.8047706639009375
9.519883390813597 7.315547578837673 0.7113485378476142
9.281600558538656 7.318945759679373 0.37067832784683996
9.770735164882622 7.107272756833135 1.053480895170686
9.495320004327994 6.95749462713126 1.0395260730262768
9.866840150567816 7.214484096830328 1.0099407138336711
9.837108738343025 6.676939764089668 1.3062984770745312
10.120976785764585 6.386296162568288 1.388675594582372
10.174485006504202 6.405296419499032 1.3834760484144162
10.12807877179506 6.869163540471767 1.2451617729398579
9.958711795309545 7.019227446312136 1.177083360815958
9.22704330466464 7.308457468887347 -0.13121358921435164
9.367808636860474 7.437477031472637 -0.0579615464745928
10.295415333624625 6.161827665018086 -1.3784286587461996
10.419286956300812 6.068026634997603 -1.3324019439237564
10.762937968884675 6.316535231748595 -1.1989942010855645
10.407192851747674 6.39628550322202 -1.3280444142904277
10.5527330602485 6.785173811288885 -1.234898824543642
10.673489925379272 5.579407745300614 -1.1025079106653557
11.00121827642523 5.8172834746749045 -0.8818399408572951
10.774633719784521 5.587804572644099 -1.0133964026421847
10.63960371500612 5.937319507311328 -1.2379014768065004
11.137769434652872 6.491918863779388 -0.9464943602231664
10.984279916494108 6.204947604866517 -1.0136515488421338
10.890027220160745 5.341930704910261 -0.7210892851230554
11.054725526419878 5.721002125423071 -0.7186466902317784
10.87258906415359 5.4328403129812735 -0.8472300101807775
10.91034650298244 5.461026415680023 -0.7902667252366203
11.255382314016137 6.136977280634971 -0.6717217700028193
11.279614624411504 5.8795674302759675 -0.40153094660342736
11.479644153431469 6.305844533011565 -0.39513492541329104
9.457653817811924 7.215959685329077 -0.791375037376345
9.52512805660634 7.379334613786123 -0.6086508542292588
9.658303876256474 6.794316576220359 -1.2299068449403283
9.807143070903575 6.99429539658731 -1.1513538724341068
9.70132354546741 7.15143188338174 -0.9864933184408023
10.34984221945999 6.8178861057514215 -1.2680216573579084
9.990277516156569 6.429441946576033 -1.3762138305126497
9.93447226381478 6.685235676773184 -1.304214685317607
10.269650056945514 6.9491486848982085 -1.2165611834048755
10.015068280110462 6.96660661120198 -1.2008510359107174
11.611027508951794 9.699661894388958 0.7526020347762707
11.621480285206882 9.65694038851885 0.74912560487132
11.22841074804389 8.693085413097485 0.8442749633808605
11.811585807421885 9.682327693495735 0.6982643825885908
11.676428307552793 9.36471565525813 0.7317373819507818
11.724300881969901 9.232040303154207 0.676270590953065
11.974402293231423 9.628553922403377 0.5649560207317654
11.628013584505347 8.487928880635948 0.5869799251121861
11.691948225775203 9.013488155641703 0.6505714932398758
11.557922742011424 8.55674564908766 0.6574234587572365
12.033981118334665 9.301010159881889 0.35660135774773033
12.16731456716085 9.5033629264094 0.21749995793601162
11.93309442769208 8.829439138105734 0.24717586625814905
11.806341112592929 8.678812510232623 0.40390343705464826
11.772279785224784 8.544819638702442 0.3848573248972674
11.876745676188701 8.573597095014737 0.10149368881951355
11.802484840344887 8.354281651907481 -0.1789269525524293
11.825312738670629 8.421636101446197 -0.06972237252849216
12.099265766758853 9.233167862764638 -0.04484468344790298
11.868036447416014 8.54841428944515 -0.1742023241143368
10.77436720328668 9.944024843178703 0.26182793078251637
10.780863983043144 9.928440944590285 0.2903364872054448
10.458806742872515 9.284553981707088 0.4210699732162148
10.383199856541772 9.214713288292295 0.3635152013269515
10.555482399457299 9.331580229418632 0.5404839062645969
10.813121325980726 9.686670786648964 0.5521697348329213
10.978803505656446 9.880395556072513 0.5743183733309546
10.541405438738273 9.188117375356626 0.5971333965634145
10.706180925574438 9.070709102055197 0.7585078732708757
10.62810443698349 8.971603114168062 0.7515823492850833
11.232194257354946 9.82791244150189 0.7291237818455673
11.481010536116912 9.941193972053753 0.7438799164019154
11.354084578579526 9.671670502638552 0.7730968665276505
11.227439343112419 9.395613281668222 0.8051343925785948
11.15193719958429 9.455364338590297 0.7823876399174532
12.349688577259021 9.702219428558546 0.07841079899421946
12.5232617315091 9.875182569992036 0.010707488788701217
12.043586090229656 11.023647867286419 0.4187512473615748
11.758548995101266 11.040181444784604 0.20265281748565164
12.428458246785839 11.377255179266863 0.16731075104663945
12.365074906342947 11.248259085444253 0.3154282955397919
11.886976448460835 10.773806635623101 0.5844209800759905
12.121184593388815 10.945817777454147 0.5442918633082685
12.273077083751193 10.521665396072825 0.7499347587418175
12.229064455360316 10.715266755028045 0.7079034838712007
12.409435366453389 10.564528157456897 0.7541801799499244
12.488010400558803 10.436582101339251 0.7175463924551235
12.582147654602618 10.280117153991785 0.6359487327964548
12.696422299822556 10.259187546208686 0.5645329125158005
12.664252431934784 10.129614903827385 0.43064026221378243
12.986760218060533 10.228602488784649 0.27426582138486444
13.046417474348779 10.268364923447571 0.2897816645343083
13.178312989475732 10.277146851040374 -0.05099562035855279
13.256325567441035 10.31893584021854 -0.043536888620723774
13.261597373958415 10.321759681709693 -0.11300002221946014
11.603134844279625 10.904648255906656 0.23787210467733141
11.306487381329728 10.542851600015993 0.3830999048663629
11.531767787937712 10.843007538772758 0.24195813964700463
11.22482056017627 10.527051893923064 0.2942556613848345
11.50561640219607 10.317665872142571 0.6776638457989757
11.667970884304783 10.71637317801504 0.5001132318560424
11.984210233641663 10.374753452224674 0.7409868975843416
11.613692596388947 10.159774449005202 0.7253328942620062
11.96697161236947 9.932121849313889 0.6908273124678528
11.726400573300486 9.957666817098602 0.7335805309238148
12.308822896969218 10.020640607012325 0.5687818870135649
12.105350826567145 9.745781598295855 0.5243074390305255
12.544957314003879 9.962878813493013 0.2580886218581501
12.243344013306533 9.779096944072972 0.43411445815965766
11.382541186546897 9.034672135765266 -0.8062243082431915
11.565848896002501 9.121230088070533 -0.7594794021062903
11.46641904230268 9.10834923551327 -0.7849903804885959
11.396378334854653 9.253958200194248 -0.8042427264993106
11.343166882024622 9.230710006729426 -0.8182279566726294
11.675348306964743 8.86619104604566 -0.6320575397917175
11.749976046321114 8.736383285728948 -0.5447082559806626
11.676526415179996 8.543659521484525 -0.5608112442716611
11.869487038256711 9.440373105294832 -0.6070978722617972
11.885608834152361 9.3784175718441 -0.5786136621032167
11.853648150114417 8.723305808279427 -0.33750442123622065
11.779411771898529 8.569129889077827 -0.3861524934751211
11.949710498277621 8.914506669920417 -0.2691052049192003
11.81320987976399 8.753843239625603 -0.4392298445333769
12.147864553644274 9.590822440729978 -0.32022103749813546
10.867672219972693 9.953698809724695 -0.41633628555649066
10.46310030062456 9.294049320939155 -0.4182391277775252
10.705874153237687 9.718849391201417 -0.3856859593491301
11.057427445002604 10.335280706375913 -0.33652226388041256
10.838624752277317 10.034946608564427 -0.27640791400811204
10.611178760180065 9.201164269507302 -0.6372714822786706
10.65846421913507 9.285096578157187 -0.6307278394740164
10.71357807335344 9.171814410145323 -0.7179604596126894
11.167470206150487 10.260812740414767 -0.5277183396505685
11.152662020602664 10.138290017452881 -0.5730523955815282
10.706300506088716 8.93725131542028 -0.8105636725021663
11.376123067108818 9.634658764858198 -0.783382526655218
11.296539964282486 9.54563529860608 -0.7877616105022138
11.283272925921953 9.950847476417465 -0.7150069411263494
11.23942546647222 9.741224255341656 -0.7451108976163979
12.037145011691479 11.009468737100764 -0.4333364740958434
12.324886112539406 11.154306991323438 -0.4232237485074407
12.544664056719075 11.39946037711241 -0.21418012231948794
12.123121662321353 11.17807855249819 -0.24714307359746973
11.954304488336255 10.704531326856852 -0.6684714280780515
12.264502366877457 11.042351407733735 -0.5193898769712413
12.11886962606568 10.476880807010255 -0.7419996228637648
12.324214727810494 10.664399442073199 -0.72808128854484
12.31196476050603 10.208503534854291 -0.6850192784635059
12.60253626993558 10.52268802319378 -0.7247083335289498
12.421471706350573 10.097011760279193 -0.5453167038554854
12.72712340107392 10.213141061978497 -0.5056249006056036
12.910660315018188 10.264393637423876 -0.4334303183927655
12.973843235555496 10.30598272711592 -0.44577764068359493
12.966041068025817 10.204311569811708 -0.2580197074253736
10.721393357178366 9.931878505014003 0.04535374369017352
10.303594744617524 9.237412609840305 0.026788697692310265
10.636645578341902 9.79101820768135 0.05477566932184158
10.90076927317143 10.23007410458615 0.009682110215803452
10.790364755292709 10.046530172308408 -0.08933460248631173
11.258099119896146 10.640039454274245 -0.030225186879757823
11.2626243075574 10.644242090380784 0.15132281880473605
11.56120567843989 10.918248342067281 -0.07612294577263726
11.243672137396654 10.565178263416525 -0.2587756502880653
11.15328960690706 10.483133032967554 -0.2584332656459664
11.751554620117693 10.914889857467575 -0.3657925620558009
11.495206437588774 10.750645508862636 -0.3133015062048301
11.416145572752432 10.528616792043707 -0.4902900324520116
11.473530552613715 10.364510826343595 -0.6265784381045392
11.737547359769275 10.383509878335262 -0.705360859708213
11.840147176272398 10.238555400873256 -0.7437429379802505
11.900237406184504 9.930449129295308 -0.7016322683153682
12.066645123043397 10.159555039951954 -0.7155342837946934
12.081895773768892 9.826887191639438 -0.5877506237952793
12.230938743113903 9.813270119413097 -0.4869231660008856
12.283457572253837 9.824945463392456 -0.43981252862201037
12.480953428815683 10.000149477575876 -0.39657285159899847
11.898629852596608 11.134989975897003 0.15810286386157504
12.129067876567678 11.240855427658522 0.025077539482472225
12.317144874669236 11.329286617836965 -0.006117835511892572
12.54762872471262 11.438337395785963 -0.14174266112195938
7.602512108561242 5.078431229150707 1.8238626892545762
7.45844215967899 4.413360859779436 1.6634171980706323
7.678585428947374 4.16464401762964 1.5499009207060859
7.4837513073580215 4.074836613347465 1.4759881032686817
7.680365531371596 3.514721677830695 0.9101149113661593
7.534444955586715 3.388921578527864 0.7159713106692169
7.874205298655561 3.2880218614929304 -0.1479525191694328
7.608575191543211 3.235596863727838 0.1324072329956488
7.858022333663474 6.853362134712008 0.6053322810145554
7.613195494769284 6.705576767775893 0.970388732619899
7.699694828978049 6.593037202593905 1.1488814731651749
7.533519756634972 6.465215299803931 1.2572587752505797
7.608836931168596 5.202914344120315 1.815603115427994
7.37659454255599 5.879173453800121 1.6462218494614096
7.58990582020029 4.7242808152904585 -1.7440920420780386
7.348659996674602 4.836958708281481 -1.747182788805941
7.653291746431773 4.03387142214004 -1.45262585326191
7.5671477704419505 4.207989111442679 -1.586634114684645
7.784766274708297 3.4778595595271966 -0.8169150383805702
7.668646334906895 3.5358709266574113 -0.964925453906761
7.778780008310977 6.760205044981143 -0.8098419061283861
7.826889474966205 6.887589936787105 -0.541715201460533
7.74935447611931 6.449964239332214 -1.2537325527720613
7.741068774560691 6.56206298848366 -1.168912080224159
7.388703147909503 5.246732887135252 -1.787342959500234
7.515369469373647 5.904259079409568 -1.650291804767336
7.792517366154905 6.965999472526789 -0.2252381386964078
7.6942289810547 6.985251210535995 -0.13187554041386818
6.721375768814554 10.154803871678501 -2.387782885514906
6.682133701705155 10.310848163056914 -1.2262954865684506
5.176106716016532 11.30124029522343 -0.17366608289596727
7.046850455627828 10.0861339932477 -1.3494616846721468
6.686291849404633 10.210138854644248 -2.0823269327335177
6.015167432459393 10.670352220915163 -1.448943490147735
5.995499542536171 10.687283403427909 -1.400390708143184
6.3896111926300065 10.400708273171805 -1.9144390592991747
6.545158518092458 10.500929971719387 -0.2597604139234046
5.700246408460819 10.940940448634846 -0.6759847066167007
6.623813961321912 10.419283315452027 -0.5752790574840004
7.537866776821628 9.933847376783671 -0.2070077061534453
7.074028144076665 10.22414373438604 -0.011097399795334513
7.309929409544502 9.923329177079133 -1.444513707848585
7.019446436419866 10.018308980346 -2.07782363405055
5.1960297804096545 11.224522582457787 -0.7415328984247701
5.641073855485629 10.899322146982444 -1.3358603329493763
7.06270862902533 9.911622549338688 -2.7893122610244814
7.417518427956225 10.012753613077763 -0.12495578362002538
4.777374998821875 11.533061549273487 -0.15961893142143138
7.041921810350058 10.004276876286617 -2.0870182495095806
7.6469841293358956 9.841548866909609 -0.46213611543738564
5.864723200900263 10.82676967332892 -0.8432574241993612
5.287367483277679 11.15249125012872 -0.9095672139085176
4.530119764398945 11.686305451168849 -0.06826831787718722
7.296872718328975 10.068558776996666 -0.24555357185620003
5.801904666922109 10.910366994599935 -0.43113571279754054
4.612143365791946 11.638319281553978 -0.07375221858763677
4.992603415845197 11.375953373627015 -0.4456276539209004
7.273683030899402 9.87098262805395 -2.0825489790822993
4.9983938599736035 11.400701601584398 -0.20101960280976053
7.371501002247089 10.028707450981651 -0.2173812978767722
5.191328366416561 11.255160606143555 -0.49838499077116855
5.692835225106399 10.894532397936775 -1.117345719113906
5.689839083020727 10.940572406193464 -0.7315105951206438
6.502738004095399 10.333891389672031 -1.9275268924862756
7.5183296337600725 9.855409451723562 -0.9882331631907552
6.70590023737352 10.400309573264408 -0.32781940871554904
7.334247589197666 9.948009804527295 -1.1073491388671315
4.937292131689097 11.391548457622672 -0.5879004029639103
5.321177336269605 11.213918666031518 -0.2047086668992174
6.561323978683056 10.39106591936267 -1.1351428621746844
5.730084251640193 10.971156532535183 -0.2628704213648801
6.617834799693579 10.454571788892714 -0.2980605845703839
6.289658176262197 10.664297988237594 -0.1217040393251554
6.471917785444571 10.388626492774872 -1.6058593932743987
5.402366164093219 11.083877899930208 -0.9288874346565337
7.3148508932639675 9.975451075448053 -0.9659153820771148
5.486009679718878 11.023813741264178 -1.0313977168327515
7.256332355183313 10.087329780637523 -0.2859133133671169
6.717815225455192 10.373570262495374 -0.500753841727589
6.345174257406759 10.576799873672359 -0.6045041637859865
5.398517217929349 11.140368976601831 -0.4563359742511318
7.354939833676031 10.042468925651436 -0.1808105147275778
5.47113339454544 11.14305892528018 -0.06784705684426579
6.138248323142125 10.757466724852298 -0.07161666793492008
5.158701603392331 11.282376111729958 -0.42542910239837356
5.324886119893229 11.211770785733227 -0.20476623605682095
5.6252259964147235 10.919779105509079 -1.2374019425440188
6.710940234338029 10.338574906547672 -0.8400421138377332
7.341005993739446 9.943274598542754 -1.1146046221062704
4.224141489999003 11.717356096541778 -1.3361465788493538
4.639430740548636 11.504245549533316 -1.1040286411109728
4.6095968472507804 11.484319544450832 -1.4275209866024046
5.734573713689295 10.787608666858187 -1.83856058851759
5.415061482514397 11.016467156924872 -1.4520490375261745
4.29508703271096 11.66773116642836 -1.411593265230213
4.299017379112921 11.66426091090492 -1.4220516669931333
4.577789885703211 11.517565903292112 -1.2979295214363082
4.1331116095985685 11.830164171983672 -0.8114976786928862
5.60842521769487 10.904059805460825 -1.4587423331319707
5.8553365889796485 10.680078651578 -2.1677726739154575
5.090588168544105 11.210119154024788 -1.3970421602947178
4.152891425765118 11.829919176626307 -0.7141912943422585
5.143365495599907 11.155856037623312 -1.6042139179133554
4.82673163371059 11.320756482810905 -1.7601522032336305
5.221676088419788 11.08161907713127 -1.8569454917879429
4.283107366774574 11.773708816658658 -0.5490092246362523
5.149373492554244 11.092867776390374 -2.1224855996306573
6.1604160657426705 10.51506453467005 -2.0709119255173394
4.567190172166999 11.49365959997937 -1.5593840593568882
4.397129631751432 11.651854752350136 -1.0368365247968114
5.924271453040103 10.646094237371816 -2.117136528537193
6.20937545311342 10.438831143124215 -2.488585855048504
5.674487452541355 10.829349621149937 -1.7771711076653018
4.894136179192017 11.32313171884235 -1.4006045947634318
4.3877610446156385 11.69229898028615 -0.7317638172433467
4.154207327839442 11.829582634501328 -0.7105062881415449
4.547837183408625 11.570396052034486 -0.9884884900153912
4.1094620071991 11.827622146442021 -0.9525269952131451
4.289466885597729 11.66957668478836 -1.4237775957968706
7.126627702729949 9.857227817369006 -2.941616846987089
4.839568902064742 11.300375234533224 -1.8730865219341306
5.526439400720473 10.963533114334652 -1.3530431386094484
7.513284674161903 9.77819876092404 -1.6205671520160478
7.277513777811166 9.774221239277738 -2.8308949809664856
7.842507127249806 9.755773324202558 -0.06499807736868056
7.360838841014271 9.74988474208502 -2.5066698684091975
7.605708122417479 9.680263165163572 -1.4312083305852803
7.376700462784873 9.716146037975896 -2.526564459662641
7.706914964899345 6.88509134832129 -0.9392867174477584
7.851671837942075 6.929962335473756 -0.2114891340750882
7.810986825244131 2.0165683108673123 -0.4221894624292701
7.753548879323541 7.401705225356501 -0.7041943886752707
7.498449882421895 1.1797300096953145 -1.9944670764760781
7.835557605813098 7.79018697428885 -0.2914217510213413
7.476431750843046 3.180093400472907 -2.102650435612757
7.449674262092476 1.7714297580928318 -2.2389362600233764
7.764916491864163 6.512694227410098 -0.648160726981567
7.4720827655856255 1.5234260362983492 -2.1265922899784604
7.588254612518137 2.12789837047358 -1.5417992712594288
7.874094145037263 9.17077883910888 -0.09595390546394879
7.848382665586854 3.1836974300251684 -0.23272405031024426
7.631883897880059 3.8610704892786356 -1.3202862239423965
7.3844703046619795 1.3447512080559831 -2.5672736057858656
7.789960029672496 3.634332037330547 -0.5258689589963111
7.535715906541984 1.265543132435162 -1.8070106477542074
7.87877487484416 4.22740922752846 -0.07862304720309855
7.868020252910013 5.414367418241432 -0.1312012682973724
7.650786227582035 5.676889660617321 -1.222980198380527
7.732429777459796 1.6497978945227394 -0.8175821210916934
7.770746625673245 5.540319439072363 -0.6200703938727459
7.853522876391907 5.988603507695939 -0.20336414145442663
7.804890015492507 4.534259278906151 -0.4496820903039692
7.37966491128533 2.0538021683726235 -2.5905425268874316
7.495179123318154 3.5370316666943094 -2.0079533860000285
7.658399111759108 2.3671429172328615 -1.1888592752812754
7.721668114853776 6.9927088696517545 -0.8649826992831314
7.7722566985277695 7.895972962436044 -0.609523926745963
7.505771010887548 1.335546957418829 -1.957465861139606
7.813690303728684 3.3266503108765297 -0.4069548628760106
7.373442260738813 1.1910594341058371 -2.6229080613478746
7.612526760392937 3.1773127123810023 -1.4184587141368628
7.733365438250261 7.033120583830108 -0.806125644947703
7.837625710872745 1.9830575270289839 -0.28830889385298897
7.74732779175222 7.549961865618012 -0.7352839137645649
7.764636567501404 1.730470576662514 -0.6555666050327025
7.87476879564606 6.842620661828487 -0.09548254686891555
7.787601406517956 1.5509241681138644 -0.540339880170903
7.696812696477092 5.36919388170489 -0.991975678451567
7.679991050047754 5.856295738026818 -1.0759327323924255
7.534413535729387 3.773347981625157 -1.8104124254821823
7.815069615300119 4.167598602385062 -0.3989657540866276
7.467789699315592 3.1890350591710597 -2.1460857080100224
7.538430012419183 1.5302279206479947 -1.7930339195960507
7.628356985984816 1.2169796312394658 -1.341333819349562
7.753329953418513 4.225931370637138 -0.7092785492639008
7.454692635073028 3.3413533863878238 -2.211737976714791
7.882641849776989 6.80854919772512 -0.05594480371252947
7.731984776644481 5.256617193942025 -0.8152950587042853
7.619569291497143 3.0473939565098376 -1.3832165149857176
7.846386133356468 4.968236476629449 -0.24052284187898107
7.876861752743979 8.862522648309577 -0.082426876867687
7.822024704569587 6.935417732112627 -0.36052836333022026
7.743191440226558 3.2935094806581593 -0.7614178395628564
7.668059051378254 1.696105922198558 -1.1411372407869653
7.7394435899323435 6.99677042334636 -0.7756143360481953
7.578902237348493 2.671503944611715 -1.5881349204175066
7.419648839945848 2.3277382979975147 -2.3891863084814395
7.555445836450111 2.8568197121977095 -1.7058256547267985
7.876467582587602 9.152042642416568 -0.08404534155195918
7.684729903388817 5.165341345997916 -1.0529756308282479
7.665038507677048 5.525844158064886 -1.1515186759755216
7.819923890364349 2.3756718442746827 -0.3768093986618318
7.644274692342116 3.862946226730509 -1.2579911960058212
7.53279072674145 3.4946283868933214 -1.8189204431814856
7.83753338350442 7.216439611392116 -0.28220853728979467
7.852637599757547 4.031602185927134 -0.21026949740992482
7.84265683141092 5.111792125119583 -0.259091222505836
7.697377899465685 2.8585661140355763 -0.9922834312919824
7.816526295585056 8.50764673812461 -0.38619857467699037
7.690880236644796 1.5762536302693126 -1.0265578338623085
7.893470219673174 4.9913785031430935 -0.0037863368926030106
7.379903700786029 1.705651558803713 -2.589778756402449
7.825577601578081 3.4232956504856995 -0.3470722064081239
7.5274555815862625 4.0992511706116845 -1.844983593927934
7.893110163801974 7.7295214863168455 -0.0021618559922784632
7.773174590380546 7.653312660931058 -0.6052137589558636
7.825220911034411 8.448349689815727 -0.34256220935096937
7.808599788944094 7.5876980055027925 -0.4272017211840043
7.669575227109022 5.805526156694349 -1.1283602470195422
7.679254073199414 6.302077689426422 -1.0790785932555833
7.893758290701339 4.585781347750936 -0.0028468700002028838
7.842908281324078 8.148890791035138 -0.2540175007002398
7.8865586703771084 6.957074479185748 -0.036067330910055914
7.6478675026672915 3.560148016021795 -1.2403087511330149
7.723881302281875 6.248850084137385 -0.8547893273192668
7.6544418878224105 4.021367728025777 -1.2066785812240097
7.679664007362515 6.377837044421343 -1.076922687776286
7.644902982335285 5.191772485350224 -1.2531657523091477
7.429437425355535 1.1231278697624052 -2.3414868188168723
7.628136460471 1.1582024073275097 -1.3425162024754225
7.68705921480757 1.670719588284838 -1.0456488969956426
7.748530342059341 4.424474375231904 -0.7331587602568842
7.72839113422025 5.571669325930262 -0.8329663160546309
7.586675883970932 3.2132879938879255 -1.5483746050676312
7.524205310772205 1.2756812637682962 -1.8648655523160997
7.6911329557141555 5.541115939988467 -1.0203139869383508
7.764600429258704 3.1735760068925387 -0.6539381180728859
7.474744716325084 3.4378656845755677 -2.110808385483876
7.8313031162642766 4.048370880562611 -0.3175040598149821
7.884848758144718 6.688863281388084 -0.04500006454514401
7.643713531376283 3.4061812352587957 -1.2613852854820815
7.496576630765178 3.9662004749475064 -2.0003893179592964
7.622071303050772 1.2842530447149576 -1.372849668656346
7.83823534713529 2.058980666691322 -0.2851488135687492
7.810366167025888 2.963780960060836 -0.4241215786385322
7.4297027135524685 1.349695900650458 -2.3398689295062396
7.889638486374429 2.9596740426310975 -0.025598221892532556
7.535296674307402 2.1188330863853655 -1.8080479404290262
7.707413307248863 2.0405343697861187 -0.9428581760904103
7.685037934392994 6.296992975808966 -1.0500075632802515
7.8299270837072426 8.038772983971747 -0.31941645704478067
7.839097209498967 8.06481571689729 -0.2732824955637927
7.86563982638558 2.4263368222247843 -0.14691652004525513
7.617327186755697 1.2355528480046465 -1.396761018029749
7.485857673302733 2.7675985944409387 -2.0557805801845666
7.686235253465752 3.267425773161849 -1.0477883908809642
7.734573583144445 6.546419382227136 -0.8006623917127851
7.666397366776451 6.014026066883502 -1.1440748827694005
7.870815452753117 1.1111869641866647 -0.12254657663137618
7.64570429495353 1.8099466638653607 -1.2533792942704132
7.731320463728876 5.755951271746709 -0.8180084402736825
7.659423435756081 6.215674080281047 -1.1788822323877124
7.589306115282224 4.426897577663839 -1.5336292542189764
7.606876944386006 3.8053760418464084 -1.446074417922765
7.81742076743112 8.02698795364147 -0.38230468161202574
7.642047028674923 5.2502639226991 -1.2674502191943073
7.682653406424318 6.0663311701727025 -1.0622847159859403
7.44757244690026 2.735588305597296 -2.2482933924121316
7.589814908034729 2.293521278287454 -1.5337473930803562
7.880535348305966 4.717336381298376 -0.06915801488663283
7.485954412360549 5.402970249119933 -2.0519884505086887
7.674180530573169 6.797496532871141 -1.1039635441999522
7.410506728773329 5.393796929288201 -2.431300672089985
7.408120634229471 3.800893390544771 -2.4452945334849834
7.414108348235278 6.079397126063495 -2.412334098435093
7.505100482789672 7.788156906907476 -1.9527427361958811
7.4363140087439294 6.3457893662812666 -2.300364656355461
7.419255737755638 3.3179335625503272 -2.389920481034932
7.384994087309464 3.242455409929789 -2.5622599266792014
7.403187991727711 9.665283651773267 -2.4627361787752022
7.532265074222233 4.682593951316355 -1.8200729327402543
7.758755433589759 8.240319732485572 -0.6769673446970509
7.3955686103818365 5.58206775657935 -2.506163414139247
7.384613467485171 6.2555578450416665 -2.5603937397874894
7.478751615757979 6.825580833629666 -2.0864147673485114
7.588529874676981 5.513392198494617 -1.5361688130641784
7.578572428038585 6.911558068993717 -1.5844743399226986
7.723706539280705 9.155296267633 -0.8520220840922533
7.581886648754335 7.505397412523431 -1.5670677222580485
7.581332156779805 7.374375728823269 -1.5700196946421507
7.860883153249737 9.647517918469282 -0.1617719597387657
7.469793677659796 7.057285782607183 -2.1311586603873636
7.451840499911085 4.2254549590965125 -2.224967583099649
7.631509336113737 7.633165359949906 -1.3174376182739211
7.328804935997193 8.071852896273052 -2.8386834814414965
7.3245587617261645 8.105138768885986 -2.8599886638602756
7.299402508463636 5.446633945961296 -2.9897924306586483
7.377460889646661 7.385121324871459 -2.5949351936832654
7.5048443342106514 9.083797901925198 -1.9524052053058263
7.67327667332775 7.437994831163053 -1.1077040839817838
7.3508180197714506 6.405509220205158 -2.7301066456685525
7.4773947569057615 6.343114488154084 -2.093841364627049
7.466482156393308 8.90008570988983 -2.1454951428635862
7.492804303828163 4.854537899656099 -2.018239720785792
7.317400574961494 7.362254063080999 -2.896907148405638
7.41311150318112 3.7619694320253982 -2.4202525946015103
7.30405903431543 3.997053870973838 -2.968200898671739
7.422882808496553 4.115065698873927 -2.3706860476244764
7.367175769095662 4.765942413592304 -2.649927476381663
7.3665551035480155 4.615611573865077 -2.653236347180955
7.491158318983516 6.011236579588191 -2.025063652923746
7.60264249406103 8.177457972412101 -1.4618781079779257
7.440919891024629 5.052955060479917 -2.278831101807845
7.776232775478371 8.934069313345457 -0.58823265543365
7.473475176118154 5.879276896930584 -2.1141282531014687
7.32383334934163 5.396056046504916 -2.86703387642028
7.716857681222015 9.005510163305045 -0.8866414763179257
7.357577235232833 6.849275319863863 -2.695569142934369
7.324513993066133 6.653972310467506 -2.8620341001956047
7.490905266347202 4.792764748699323 -2.0278643060721606
7.392641104926009 6.500962896315597 -2.5197282836193176
7.621363730245735 8.15148050282545 -1.3677927850364668
7.619620243632098 9.65770345454661 -1.3746684416078379
7.329434865762956 3.3451737517446594 -2.8414458454211853
7.311608846590306 4.22411174050693 -2.9299606443015067
7.613603931014455 8.186113084179699 -1.4067604447871815
7.3231471147976555 7.788156222528933 -2.867483113248508
7.5012980982903255 9.39070663155151 -1.9698483263318254
7.305261160317719 4.126966251921657 -2.9619944451682514
7.294681071186072 7.329031377131121 -3.011167360190194
7.449941722054801 6.7073754535339685 -2.2314000080767835
7.322480462554331 3.7712191615879904 -2.875873514965934
7.298892555998402 3.7586638300565696 -2.9944735521824586
7.538851127121685 5.688212851147622 -1.7857011777984042
7.437698689238435 6.001544310869112 -2.293835232045333
7.622357571719156 8.160486857648365 -1.3627851141480094
7.411867788198846 7.4338404419214426 -2.421899104294769
7.495345916920723 4.7530202944721704 -2.0055895280622305
7.4353779008223455 3.9438469182415883 -2.3080838234910726
7.799826631969488 8.395239135648596 -0.470294373811322
7.341415508386296 7.982772187973206 -2.7753976649687497
7.469920997976603 3.6909670725767754 -2.1347413493893965
7.7086392678900175 7.983681993536968 -0.9292399857677037
7.362524755870374 2.41886578605125 -2.6762538890516847
7.550528908728506 6.90100067008397 -1.7254717249464704
7.439575739366247 3.7590267098095898 -2.287211728320879
7.398597538883286 3.698325851929315 -2.4932989782676502
7.417336518575426 4.880237965394671 -2.3976092543536187
7.300283152594232 9.58725278744336 -2.9801710715722245
7.435078195594981 8.791325222226094 -2.303509777780632
7.330891474822146 3.958826110971077 -2.8333532084264017
7.670077514365097 7.037266852785953 -1.124290005396537
7.375896224867929 3.649565312844362 -2.6074872350133202
7.3518416291631 7.54485930397821 -2.7235313979918345
7.379680414701872 8.554168621283264 -2.5823104256616354
7.432737632896629 9.659673258993415 -2.3141872971018893
7.324486553221419 7.449773443050211 -2.8611737822001
7.676384191326487 8.473320683809561 -1.0907828213175152
7.345251634544982 7.517313453430959 -2.756696056834425
7.748092567175757 8.537734410410554 -0.7302000545732994
7.4929707874943166 8.261433163680527 -2.013129081034332
7.295115686944464 1.5080866472677583 -3.0162842993888064
7.344276075304424 5.988271683810052 -2.763518576611074
7.477797732354784 8.585551185280025 -2.0890025194489406
7.438601868226073 5.9993279281213825 -2.289297429769559
7.423295838514012 9.36158072370143 -2.362028284850788
7.379504192346131 6.053054827580057 -2.5863337964813047
7.466248944236831 6.653165870593286 -2.149486154982012
7.516325657097369 8.347654550149663 -1.895608190418437
7.54027578093946 8.775974206923994 -1.774665623625917
7.52244198528001 7.774560609168768 -1.8655782643756986
7.323796112412768 9.362986479508994 -2.8622448899729798
7.377781709486387 8.054295092949939 -2.5924829015365916
7.834216357459275 9.612144283081616 -0.2958792255643674
7.460667630328608 3.939293326109919 -2.1809496154221897
7.738915384682363 8.07572193801565 -0.776916374060707
7.495039408715312 4.281194004591434 -2.007722314612884
7.741690807491747 9.322017287988452 -0.7614000209404461
7.378730702023631 3.7316283151655827 -2.59313442997286
7.570432828369745 9.077564133958823 -1.6226777501166147
7.4611012517937265 6.123830262704283 -2.176029332983211
7.3875910423523345 9.187752733607073 -2.5417462780051765
7.457032486948661 4.1254292190504644 -2.1989912035739403
7.851227204056201 9.397188888688307 -0.21062965987583745
7.492184327730886 8.098159994985354 -2.0172876898428673
7.47000223755215 8.434393927732318 -2.128382690881348
7.419102190249861 9.516977706366648 -2.3829162231085435
7.417384055931293 8.08516430445677 -2.3933499509014378
7.577880917809774 7.272001825915952 -1.5874986457584597
7.6713122008528725 7.236969614054601 -1.1178323131440784
7.702529342436591 7.194031469744852 -0.9609471743341367
7.371794093111479 6.761929074306327 -2.624205816863132
7.348609629951205 5.2872469403609195 -2.742611727504648
7.707482466814277 7.868182630039289 -0.9352004957727134
7.295730688347992 2.501491810337041 -3.011946336529996
7.4857969821233485 5.116303065502999 -2.0531395053870436
7.69702002742758 8.900144633113538 -0.9865041626301005
7.578833827803306 5.8711856040314565 -1.584465257909346
7.330254217978757 2.5529199341949997 -2.8383205055131366
7.459624781039804 6.690979600601224 -2.1827406024532188
7.466701216003881 3.658707595543607 -2.150968736046798
7.408329681103681 5.241654842220692 -2.4424362679051144
7.715582369614806 0.8685461142811128 -0.6500435926051642
7.7179425676713915 0.9850753903757338 -0.7737577349338783
7.45331911126193 0.8408801726507229 -1.9363413369456723
7.763723185410491 0.8729347943194778 -0.4131294942408017
7.53917662928974 1.0681052278473269 -1.7690770308950121
7.270693996475479 0.9440339800270869 -2.974476104363401
7.3193652274828835 1.0101214869473758 -2.806680296797439
7.667083385643892 1.0440737484432707 -1.0980870280673922
7.38258348678082 0.6365378405314699 -1.515495195244064
7.27483669468656 0.6373554244692214 -2.0604692796237973
7.665992492367233 0.6517310894703037 -0.15193242371916063
7.511267060259119 0.700093969888979 -1.1246926497561733
7.603390635219261 0.7655901164214234 -0.9255078516561223
7.517631157660511 0.8108945395654084 -1.5392287663335504
7.622674000170993 0.7894863235292746 -0.9248666121985257
7.49253582598237 0.7352116216749827 -1.3603859600274752
7.199235980293062 0.5409651770011796 -1.5452221191748068
7.483915084700301 0.5463547063444286 -0.16953366334365721
7.101910824515183 0.5100030769175136 -1.715713334387712
7.052166706930003 0.5114211918656245 -1.980395701335692
7.028824215533042 0.5499426295056209 -2.4943743501359728
7.200376467281132 0.5897042587834671 -2.0413192530330915
7.0399739303107065 0.5759465200602273 -2.7060634518133835
7.334954605276707 0.5998917071723437 -1.4696423672933716
3.37070196829321 0.4982908239722286 -0.21027658701661106
2.650854117997594 0.4967685591681016 -0.21044535270466314
3.281152188304545 0.49832401543146954 -0.7393778395120699
6.668792233967759 0.5055355301971671 -0.8518826746707457
2.907088869685841 0.497444129162494 -0.5282419292200178
6.001450844822746 0.5047049954767759 -2.232477055039691
3.7756170784379157 0.4994340877796972 -0.8924158843027343
4.04510390322008 0.4996323021693632 -0.008810896825527936
5.2936403385893565 0.5030125908762263 -1.7676703596575232
2.206493528519626 0.4957808128968699 -0.09631143047266705
5.50464016624735 0.5028349948621436 -0.2847162379391902
4.37134460030274 0.5007838624226428 -1.106196297514472
2.514198440977679 0.4966875793513681 -0.7049542122853274
1.1940240782233964 0.4938050097120025 -0.48943071733959354
5.538391936404002 0.5036591830632209 -2.074310151691396
5.702177896580231 0.5038054126058197 -1.5985208075462305
5.5856649942781695 0.5032130326842168 -0.7760549191874265
5.874036559252454 0.5041534595894951 -1.5619114234822709
4.412854889237373 0.5006677978769886 -0.6215988028927796
4.570394590516374 0.5007455486198411 -0.014422474878674315
5.655222258521858 0.5032187353046044 -0.43992273887802386
6.21925376529579 0.5053100574340184 -2.575870771415738
1.9761351106752638 0.4953650722972185 -0.26609688252602937
5.0360851474036235 0.5018506796545258 -0.3003725156998447
1.4919153663109852 0.49428917276762985 -0.14278919861138775
6.029579993405856 0.5042881148304044 -1.1000454750087976
3.8369341399702037 0.49922377674990925 -0.0841983286254148
4.963457768684587 0.5017905264122166 -0.5224981795482969
1.507609162283937 0.4943889562115159 -0.3010981209063727
1.260559922533184 0.49388220128337185 -0.3384331539558166
3.7091577763455206 0.4993689203214031 -1.0716125926586098
5.177844200233548 0.5026725696212362 -1.541512851173653
4.44198866084912 0.5005756209044712 -0.25600835632187097
2.3406291286791476 0.49608876438837424 -0.15403323739558233
3.618078294133141 0.49900128286551493 -0.6555461021782234
2.498366046063863 0.49674929806395407 -0.9312680600008801
6.710420952194904 0.5061060358719961 -1.9988175253815916
1.381558578383837 0.49412712692425875 -0.3123727029069927
1.4070554524737764 0.4942424203170943 -0.458268686636346
6.521058980327284 0.5052515808284611 -0.9195793015679629
5.879005072941485 0.5036254454711339 -0.2817278154203151
2.547662841455734 0.49689882040667377 -1.038883270275811
2.642503605094783 0.4971115970016713 -1.0679023196487412
6.246344102224513 0.5052898834334061 -2.391720210071279
6.501899543976365 0.505590940828421 -1.8226334700286193
6.245523689739643 0.5052140738548254 -2.215628743047147
5.540653161717899 0.5035855595004702 -1.8879228579729026
5.08520882593495 0.5024239121810528 -1.4161099179146508
5.415820132015112 0.5027336065124521 -0.4902231342312077
6.480864320923541 0.5052520114795832 -1.1226755850117338
2.8262779681368313 0.49718535415220044 -0.3193415799415574
4.581145338375513 0.5008346941440078 -0.17229315488041994
4.012643600619733 0.500174783455285 -1.4615969133550388
4.062558305003708 0.5003252789056952 -1.5684189702653712
6.700371041689918 0.5060884651801931 -2.0075725392656025
6.502168701217174 0.5058694822531975 -2.483434273039663
0.8871916913798976 0.49304330013419606 -0.22123340021685156
6.3641150290873965 0.5045665575694697 -0.08014086090459038
6.4287447884777125 0.505392089353678 -1.7176943755116936
2.9150645392859236 0.4973656797443387 -0.3016540218842378
3.9364534736112144 0.4997799299863518 -0.9059780345146022
4.304255131227145 0.5002452500388613 -0.1630788313623282
5.4660810197433 0.5035372400689951 -2.147957082269693
2.9263633349603357 0.49774177565984745 -1.1389133795590656
6.1715398850355125 0.5046059153966777 -1.1418452546989517
5.022877980698216 0.5017947295195541 -0.23376381537165464
3.4817014519507197 0.4987035274996875 -0.6333302214036561
1.2052035965836785 0.49372918038856817 -0.2529644868648572
0.23215406542152475 0.49157767668746344 -0.030227536400710776
4.540336119391524 0.5009599400922158 -0.6751923310770346
4.230983308253868 0.5001475563325284 -0.29920243856893614
6.330413068488799 0.504479092881526 -0.04164962485833974
2.7784858702807442 0.4972924469242675 -0.8141920425737652
4.800005588176379 0.5018726381898292 -1.539426808014792
4.889823875320336 0.5016471776436925 -0.551909962060903
3.5153870008036874 0.4987771900360791 -0.6390932289447994
5.586890583079901 0.5034536347655925 -1.3418572824836525
2.564915404508944 0.49659379758171174 -0.2270425997326985
7.178901667079319 0.5065214995522496 -0.6312501755616104
7.028144994804858 0.506775429532786 -1.992803554908541
1.7765685290816187 0.4949966260967117 -0.39351020649745894
6.97142029878115 0.5059771393923365 -0.3802678890424807
5.467534148836024 0.5034904313535781 -2.0293771321968292
4.763566667983692 0.5014453655840837 -0.7068974021221242
4.203337036465343 0.5004529387445792 -1.164150714813169
6.902521947127558 0.505682186839437 -0.02547706915410001
6.12230236195175 0.5041672954512422 -0.34668376573862336
6.754588597308678 0.5062214123792714 -2.051046631203675
3.6125370615357193 0.49926928474336657 -1.3205029450524195
3.7867409889275914 0.4996328208927827 -1.3089242377598858
4.78457983566483 0.5018274799053923 -1.5096263015685336
3.565618028326577 0.4990688107694522 -1.079810714752825
2.248453628829461 0.49621897598329656 -0.9269730007207825
5.11425021565691 0.5021122007904629 -0.5291025309921572
5.745047218019225 0.5033134609376029 -0.21352499748983933
6.082133365164207 0.5044601105323755 -1.2447128385585966
3.9977632855219234 0.5001575371355123 -1.4954071543448075
4.82071612193299 0.5015990083383508 -0.7848296872501194
3.2495591917100426 0.4983517240722014 -0.9640763260854155
6.915477216841072 0.5061438479967325 -1.0578160689890124
3.8213643106329336 0.49939864672918005 -0.5781775019246737
3.962559110479895 0.49971601378042796 -0.6227931039565212
4.2481985299391365 0.5004679384750613 -0.9742740288744328
5.944734500854425 0.5046595245668343 -2.4095155323296096
2.916423607631816 0.49732286263279335 -0.19303586421510266
7.2947500944628025 0.5066092980994696 -0.2575562113507397
5.248634082185273 10.483909472426983 -3.8427264776596153
5.79542953257138 10.639520294596599 -2.548579070312385
5.442652526679641 10.741501398200413 -2.7647188907783584
6.36689633516276 10.041588235230487 -3.5216164800048952
6.789656282910681 9.844018305269401 -3.49302186953834
5.17716766483894 10.24963829229969 -4.666014380243368
5.699070367363993 10.651918750963434 -2.6548798120048724
5.0709471055805135 10.561155178192008 -3.8724593047025104
5.720416095096495 10.425774106626125 -3.314416188779153
5.820919868098902 10.55119094710087 -2.7805147796354888
5.865852120432018 10.413252337766037 -3.1350438798821405
6.5151434945351285 10.093650176532861 -3.1405594072755094
6.952768563294802 9.93010837661255 -2.985669786098177
4.440899350211999 11.469133452343181 -2.0390660700804104
5.515305439405839 10.234514869885011 -4.206198959731529
5.229080875467377 10.919608451665907 -2.539753119949486
6.074783499614252 10.461969211530116 -2.673394780645149
5.11430353489206 11.068935469161929 -2.2549321150344337
5.937280117541579 10.36169968629831 -3.185777003199328
5.202099249759397 10.228489121138413 -4.693369493624367
5.714259473050293 10.144741765268016 -4.182942799679492
5.521107916901041 10.825486437078904 -2.390501196273266
5.004215012082607 11.062199590140475 -2.440287323791148
4.935402920336236 10.60198364949269 -3.9504740435602903
5.983705482412908 10.522477871655871 -2.6246851662973762
6.811807327547821 9.994516296134215 -2.9996928253064046
5.043215602465179 10.768957718721387 -3.2785645547785194
5.6852115915434585 10.330560090907053 -3.6582392803525225
6.2906328209998055 9.919155799082803 -4.0101144103859525
5.762421997405262 10.107660951520977 -4.2242445820373336
5.757023846174743 10.068834176696113 -4.351044105031723
5.302899369371706 10.742374636860541 -2.9712039079104695
4.230519879746391 11.502851616281403 -2.2508207746922992
5.71526249106884 10.067792666539663 -4.416728937157522
5.008578645294547 11.03651657610788 -2.5122876450105065
5.384286605136504 10.450755600027271 -3.7410829792117877
5.087074541020071 10.581797807528481 -3.785203954631283
6.3246491359412556 9.87308806282379 -4.100066777635446
6.064987517206098 10.274957119738792 -3.2598823565867914
5.208364398392295 10.481201641976334 -3.9112739762359423
6.157426221744524 10.155958335222131 -3.4854008135354517
5.3815314775608165 10.717102052797475 -2.93079876880673
5.390679286781428 10.55913915256853 -3.4001112798415214
5.468009938004091 10.424320280406558 -3.6966135899445485
5.222552179842042 10.435527222729643 -4.029699158433662
6.286665865850582 10.011951937800466 -3.7323086187873855
5.711461447807832 10.717933710697757 -2.434481331309996
5.261414705510184 10.316281933924826 -4.336153669289602
6.1719512273087025 10.253667718821962 -3.1648966527754925
7.133965865325313 9.825338200385769 -3.0348449653261413
6.115586851551966 9.951201024836923 -4.1741042029639175
5.074696664284868 10.972068088766408 -2.6103992994184977
5.067744221553988 10.87223592314688 -2.9260611637322915
4.807049738966775 10.862699047486162 -3.3453784452485396
5.735977808649972 10.39203285815084 -3.394297082737527
4.303486117543579 11.553405184679505 -1.9870415739005756
5.473354444165675 10.32036358861237 -4.006483356330348
5.035617418644744 10.953204417595114 -2.726564897577865
6.433207737162666 9.958875371628071 -3.6752856996958503
6.208675773538615 10.134448731325568 -3.4744704504666166
5.599348932162212 10.16951016677119 -4.279184021317368
3.9683729763128976 11.381035783007022 -3.0156265800181847
4.003339409414965 11.634330562016354 -2.1887966117398627
4.847311268091738 10.470351706166987 -4.484803089814215
3.7519387538349336 11.653008136976387 -2.5079330053474465
5.219659103811882 10.103166717657585 -5.050287549684065
3.7715125812331243 11.798680526073925 -2.0332164910959927
4.69477222160986 10.65910460353545 -4.1359438770722186
4.045696764157986 11.534548058874154 -2.4305093322201223
3.8787155326141525 11.422171843020362 -3.02402643481397
4.1333719889925336 11.226393972309538 -3.241536752560336
3.7483564274520402 11.375532204137338 -3.3617321318447866
3.9178742631800914 11.191831440234926 -3.669732948013431
3.724961556995385 11.84090762693548 -1.973767106607045
4.82806271176325 10.521126893541751 -4.358355296658282
4.137986422705723 11.317779932119203 -2.955200046940004
4.655040948571544 10.548662990194131 -4.533102971707036
3.671216915376262 11.553411504358872 -2.933277989257813
4.446246668151063 10.946416994370697 -3.629373049767779
4.117050507713965 11.550448679620908 -2.2751018499585873
4.045824766663419 11.578766331782703 -2.295111606263369
4.355478993923879 11.248124739532559 -2.8426847661472205
3.6207145988064218 11.551529259220205 -3.014615209275743
4.280847761003981 11.347792512045347 -2.649624016593906
3.7088010870240207 11.51466155029463 -2.995515118293804
4.066323275667887 11.193261557183959 -3.4431909526869067
4.049062324212502 11.310563724419538 -3.1103490434384002
3.6526693076381873 11.557423946066264 -2.948767543104603
4.748500208138437 10.670786573965783 -4.01981450445984
4.430951651046595 11.079039640675479 -3.2467435092512096
3.7394197494007386 11.386452695873881 -3.3417152107072443
4.0441470224766025 11.101307248724654 -3.757548556087914
5.0540510106807535 10.291112677590334 -4.723454873353699
4.365345480725082 11.20442338118391 -2.961544147759991
6.996968670044735 9.78606326236029 -3.343694033802562
5.544623600481783 9.797321483400063 -5.4924081111600795
6.968466094041143 9.752556278960144 -3.4425499206124304
5.778787894499533 9.74812891152084 -5.228350967938483
7.19029757247733 9.71548492504908 -3.1491150419751013
6.543941739219175 9.709600668141874 -4.119677620900116
6.875048935966281 6.996373261160329 -3.646078926978269
6.594113785231361 4.93000769950478 -4.0674389409697405
6.266663590136657 2.2313899464417855 -4.558692273303029
6.345189953641024 2.1259500710856742 -4.441215601076665
7.1710271020088285 3.124962992900874 -3.204821550625993
6.73429063614849 1.8268422367380448 -3.8590164675171694
6.761395957816234 6.687811356507902 -3.8163087517059653
6.768589010078613 6.598233574530571 -3.8055830443276593
7.275141864371775 8.206106348599238 -3.0467639380358755
7.184328899872144 2.9691103757070123 -3.1849826500792777
6.035731011878202 2.3259355328023057 -4.9042659972746145
7.129639483342354 4.937643010300439 -3.265963913893864
6.4773864409809345 2.808073741695367 -4.24306883780202
6.998060792732639 6.081934336317568 -3.462381378099328
7.147183468216352 6.255144260563146 -3.2391269805309637
5.69208225585701 1.3896463892492414 -5.418985749789879
6.65588241663222 4.964418958723644 -3.9749803957543923
6.597962167143214 3.308659147112142 -4.062393774329144
6.804806963092898 5.490089764717302 -3.751867228825366
6.861185750066676 3.684517231417958 -3.668285842318259
7.2365238359169926 9.174668813530854 -3.1041332220648417
6.502495737232982 3.2347105430251983 -4.205302110158371
6.996060968546257 3.511050124197535 -3.4665070351412197
6.480310035374665 1.4182809491022228 -4.239305693775053
7.288273143806149 7.540433495068051 -3.0274048582538864
6.129808765601066 2.1573216760717666 -4.76354283491652
6.476070824698099 2.5358389700365986 -4.245157742607651
7.068519909531595 6.608797924276454 -3.356699619578902
6.914802223820155 2.6693174484519933 -3.588490323668082
6.829078659957862 2.427273394771283 -3.716891476313346
6.660550028680479 1.2785566840509088 -3.969618767191489
6.990607080225931 5.471901933049975 -3.4738054326727212
7.047579083085082 4.808353688383105 -3.388833070593744
6.789458754799686 1.4417930303766497 -3.7766211078313825
6.904663795505394 4.638377217071308 -3.6027960215549992
6.792455091513155 1.6207295430049875 -3.7720579308486863
6.789068856723406 5.467342428557828 -3.7754310157732958
5.794199008921365 1.8262544014516195 -5.26596470778831
7.16124645327691 4.359619335650003 -3.2189153637050945
6.776226572957789 3.2681136094748697 -3.7956198292398065
6.701098431601306 4.005871329327883 -3.907732104582644
6.227663496877982 1.6702613691430814 -4.617307324708099
7.188997049653916 5.934600540312392 -3.1766896981102746
7.23393806015515 9.082238169579487 -3.108043836923866
7.265157228804101 2.998092419969281 -3.0640016146772453
6.8945199310610725 3.608407244062214 -3.618431197372784
6.546248635274131 4.370207065553876 -4.13932091576547
6.8602199279846 1.259744274447444 -3.6707996291327714
7.253047116776079 8.851800106671584 -3.0795466121868342
6.738883793293409 4.68730864743843 -3.8508820224791074
6.614303587897224 3.462721503208985 -4.037869206606008
6.593986504259032 3.1448657659583645 -4.068415946086252
7.0326624631046695 6.830482626143198 -3.4102664632145716
7.176250562220334 4.555330363026829 -3.1963738766014
6.26813318541198 3.945197909533324 -4.555737779843135
7.137861024182812 2.929075681708749 -3.254544450403893
7.138246444371492 3.037708597762834 -3.2539197651759535
6.111214006753056 1.115150661376718 -4.7918310565498015
7.17686047499978 3.5782767291576048 -3.1958915566419517
7.116870778923269 4.181182123484063 -3.2854069390115215
7.149937646648234 3.8528598741311666 -3.236063479225834
6.442131917507839 1.8836043415438115 -4.296238326458626
7.164214130213324 8.08011603261779 -3.212834703546573
7.143306336789421 2.116964093702777 -3.246752764022124
6.2063769200920405 3.1100747841234933 -4.648530603443568
5.996037630374531 2.8588548952850816 -4.9634366024603604
7.2833855997664605 8.288049477014736 -3.03439020024493
7.044243257717727 2.285666838213392 -3.3949369614703526
7.1521869400955005 8.192508854155834 -3.230785164797781
6.685143629754648 6.2353077837963955 -3.930627910155713
6.485535845015777 3.0724342237003723 -4.230755905770266
6.816057039916062 4.454448203205038 -3.7354865750545145
7.116662289340807 1.81644238543289 -3.2867608464579687
6.591552921959654 5.782174132211091 -4.070896091693687
6.57186637907918 2.2822228622828513 -4.1019011583963865
6.395669872226233 3.716146759440655 -4.364966362411437
5.995554268016116 3.129688740728017 -4.9640406794352145
7.101648988728829 2.9250164574153996 -3.3087414350531965
6.599192420987551 5.121653111140448 -4.05975378065023
6.944016978627252 5.297380718709563 -3.543609410585141
6.132949784626771 1.2072088185644516 -4.759260573067
6.791954549416232 2.165517228260609 -3.7725670178536497
6.133950428623674 3.624335051580793 -4.756698040590208
6.429483881095709 2.0251470243558067 -4.315105107664875
6.4395363209839225 2.4305620348197174 -4.299881931105487
6.60451849673438 4.596555262543549 -4.052014089670407
6.184550422222196 3.7178139296050285 -4.680928535518182
6.520454696623782 5.728750362119806 -4.177325751912067
6.214718719308045 3.519290357435946 -4.635865909692852
7.101829904187808 7.004377473138364 -3.306673350443226
6.650148090649983 4.431602813153833 -3.9837971832209362
6.779767829773635 3.101142403765878 -3.7903935243032643
6.111663332559071 2.6538355644185545 -4.7904806632635495
7.064366279292319 5.678602160990299 -3.3633258077169415
7.269298174863505 8.809640176405411 -3.0552437354444186
7.125057456186228 6.303274876500597 -3.2722197255405803
6.777825437558064 5.347364010859037 -3.7923108601228224
6.80300406548249 5.147123686392291 -3.754716565915973
6.521495754154386 4.9732977008815755 -4.176100542427747
6.820712701361185 1.427045761749501 -3.729852721106806
6.8953941346581695 3.541548471329741 -3.6171523151968623
6.398314301272151 4.641721647787254 -4.360600891690144
6.705639217568735 4.498925277149496 -3.900719096623795
6.804983655924435 3.5965706029276334 -3.752437054442381
7.1040280768385164 1.7721926324610475 -3.3056887969685773
6.847974034032924 1.2161476906481283 -3.689146131490493
7.280440903685864 5.8206800718472165 -3.0398843518732526
7.216555150420743 8.612724778888627 -3.134266089182265
7.198210777086726 5.695638829786224 -3.1630056505924102
7.114746366790096 6.130229199454071 -3.287727619259993
7.025692569468325 7.00289613364372 -3.4206216931835542
6.762831462146572 3.889426484698374 -3.815393305541244
6.335094101708044 1.7875530445616752 -4.456474220972584
6.314115209037069 2.2285314860031544 -4.487677094008717
6.476015078449198 5.176118899402068 -4.244077892210143
6.5396250418213295 3.8243911087168385 -4.149474314995389
6.4312681320285305 2.831910953529735 -4.312079332684417
7.188228916690124 8.039370446671413 -3.176911951163959
6.570540409393147 3.2689176853523985 -4.103450886530818
7.164644738465088 8.328669276915862 -3.2120807420522293
7.228453188715228 6.084208743814583 -3.1175734369486774
7.142464484596202 3.8062085411600655 -3.247268422127526
6.433819532231125 1.1718654957250667 -4.308992287788343
7.20099372794576 2.8445717515759705 -3.16009681737927
6.811934423243852 4.800994189831001 -3.741503828556682
6.947281375765776 3.2596445415592292 -3.5396216959899522
6.776052567152329 1.4067686348485862 -3.7967003373715196
6.74223586604298 2.70111215654443 -3.8467403840607624
6.3511795989019255 2.3596276117215815 -4.432148498361366
7.131716540510472 3.72318435173616 -3.263390453202256
7.228637277004807 9.29542625436191 -3.1158830991075317
6.353801496375402 3.9012432232420595 -4.427545327242024
6.4631940346444186 7.695538440028346 -4.262156418429159
6.204340931026529 8.84718161040168 -4.649051006113632
5.746541701973585 2.1073218560383964 -5.337165189701881
5.9495198800796345 5.32878769948551 -5.031967716249634
5.684313655296552 3.4422979673407865 -5.429708329498806
6.063467025753711 4.64842050356821 -4.861733070195578
5.957056442997946 4.503457634991328 -5.021051880236299
5.7292697834436455 8.836478750052288 -5.360051195141495
6.040502537693739 8.472139983443146 -4.8944180794605145
5.8076363699830535 4.545937887081305 -5.244656511590508
6.31227781423971 5.474116366236232 -4.488997142575487
6.525677080548242 6.123298361793687 -4.169336127671462
5.960791357839964 8.533873405915621 -5.0136873164618585
5.648075402134234 7.1853146039301485 -5.482294506079973
5.857222612602562 7.213644685405956 -5.16927055590212
5.910837967412528 4.467753800719248 -5.0902385623561095
6.066714000946076 4.2813221771858085 -4.857035277496837
6.338109590820565 6.477772192513686 -4.449895112359554
5.670471021070322 2.0315423630122558 -5.451046581386919
6.349405243410803 8.766834379283406 -4.431981918097551
5.633321985701983 9.257442699552868 -5.503462098083498
5.620428817390175 3.888736174687053 -5.525122319030709
5.899698449302946 5.644621655661669 -5.106391806062907
5.787092095914099 6.547242383067101 -5.274521938164917
6.274104958861829 7.352920031497925 -4.545299597454463
5.6788069724816665 3.27774831069678 -5.4380221394266695
6.065757599337049 4.9203922261279995 -4.858185211353113
6.398673042069269 9.629006379468311 -4.357867644784797
5.7100209917976965 6.524282238401361 -5.389877311791719
5.693614728953905 8.813650936384757 -5.413422902224232
5.714822001726 2.479458610906492 -5.3844732834820555
5.675482517917147 8.744037116112851 -5.440590377365241
6.676942012664705 6.647299018917772 -3.942721005631662
5.704673793116191 4.40712182119766 -5.398812300168663
6.489507357778994 9.464679009903765 -4.2219966079965
6.80626240793226 8.106188868577986 -3.7485365684571335
5.736578729177574 4.038851864727151 -5.3512252781040806
5.705574014669851 4.726252125602752 -5.397324486825072
6.443023719388805 7.068550793377305 -4.292619586072603
6.464436935928706 6.247586739828495 -4.260933910872905
5.610926065531757 9.505081484800762 -5.5368709688622
5.597482195144591 7.281147800363646 -5.55797052356037
6.429722340247714 5.613056922407282 -4.313167492266818
6.695226520098709 9.138569445384398 -3.9142591867486694
6.2744987656660385 9.086945676453597 -4.5439466166265134
5.648288093922994 7.225565589556028 -5.4819584645868735
5.983097073447091 3.5267399500959757 -4.982509367085348
5.982591117358996 3.638111404604554 -4.983217541000823
5.806208568391003 3.8226143087864237 -5.247111898706281
5.840801660659939 7.435200321293299 -5.193748725105852
5.7759993068167805 8.286027893305267 -5.2903577973066565
6.273124556910298 7.551025296967776 -4.546679636403127
6.327565193626769 9.001497617466159 -4.464564582572319
5.840777995580085 4.612206744467114 -5.195027293365436
6.607786143940842 6.885881855376455 -4.046115196701798
5.685939146013019 8.951670486587144 -5.424849465079542
5.759964492128043 4.690447458029733 -5.315939007884132
6.556126453211359 7.821243225669068 -4.123017622902444
5.66309777633373 7.984109641133796 -5.459460132161911
6.4094542997152235 8.919406127621698 -4.342044807851467
6.815110719660915 8.50548136600459 -3.735118275778139
5.874259312515802 2.619981939352969 -5.145796181219271
6.016147897668752 4.716126695733756 -4.9325214598266
6.539374595105786 9.399360924394363 -4.1473936449976225
6.5518965610895785 8.643753496073227 -4.128985909327386
5.977805821149245 8.855792246651108 -4.988081565374025
6.673688421659072 8.582236978694764 -3.946738276059536
5.701197642879159 4.2124039329419745 -5.404100483028293
6.519160642378997 6.3475769211762465 -4.178989919160117
5.638628892671931 4.14585382750745 -5.497770707342986
5.641584691473689 8.944818854000507 -5.491233732087438
6.416706951141501 9.606604835354704 -4.33088780964549
5.691070092201172 4.914577816708704 -5.4189482469356225
5.863359887227263 5.361397599130871 -5.160901126047708
5.806522369020735 7.316410514266432 -5.24510371234992
6.1279846678118375 3.8978818362977616 -4.765505936205262
5.734704268887002 2.637474748865771 -5.354647730232659
5.859978575349599 9.392548476718094 -5.164186443328715
5.792085094250318 8.916050755194934 -5.266006231755315
6.094963671212958 6.3126201748171145 -4.813862068391661
5.704131747633948 6.101411638061378 -5.398877422060052
5.803272849096227 3.6173852812229708 -5.251595896821819
6.101601454306248 8.05034068074362 -4.803162673032292
6.692148930402994 7.570518322191143 -3.9195556500620885
5.874047425248703 4.225976016769279 -5.145406068006158
5.587207728188917 6.376276197536945 -5.573745852089298
5.631620535212222 9.233144726437592 -5.506019203205
6.610057017778585 8.406547029723626 -4.042046938297002
5.709784933937783 5.215405109679105 -5.390806983193935
5.743601734376645 4.049568942064072 -5.3407098700060365
6.09485940374271 4.672664678189933 -4.8147402969047315
5.847081708588911 6.811718466328973 -5.184624512870286
5.687839301428245 7.934934626243942 -5.4224534125891655
5.624225744849298 6.4386360676009335 -5.518316915775793
5.986385780014946 8.604011461466966 -4.975351602502537
5.949439879343411 3.140515459937902 -5.033051087114791
5.723966255910439 7.5372008041948035 -5.368560657129654
6.268692369132186 8.585542807244702 -4.552857319390391
5.866221952160334 9.600790358218987 -5.154750850391249
6.223803832734442 9.042093790840944 -4.619836830959761
6.621422942364663 9.354042429224931 -4.024619355018304
6.127943366590488 8.671209900621026 -4.76346573570754
6.62754134737858 9.263450196454285 -4.015502392361055
6.27111719413432 6.76885282502046 -4.550028314724719
5.840973111871236 2.7399020197453234 -5.195559780365092
5.993741677738121 3.272508577665258 -4.966690517657923
5.802895350287444 6.252990630409884 -5.2510002332509
7.089844903360628 8.996939916723331 -3.323732363618083
5.633276416354537 6.151945375050077 -5.504897853550863
6.340717638085993 7.86345010362375 -4.445381681192197
5.774350890466272 4.772247273172243 -5.294372181238113
5.830926165343868 8.709875065924557 -5.207967150820167
6.193306581593443 8.434546837208606 -4.665746816697422
5.964290949760661 9.397045606455078 -5.008069685908214
5.973630591188215 8.996888888874198 -4.9942681154668636
5.667799692953084 2.0398752110549006 -5.455040844014362
6.500982558542189 6.016730412505423 -4.206341085961059
6.732956345400205 7.798049520629037 -3.858382732453453
6.214307756984532 9.437776627989464 -4.633874492469543
6.214370217378823 8.678301356315522 -4.634115460943395
6.183770158919065 9.460528367171097 -4.679567299525171
5.844154981518259 3.357218277538754 -5.190525922281681
5.622480773501214 6.0332446364036025 -5.521106975250919
6.65711413700027 9.005705341145472 -3.9713570087597554
5.866661526036761 3.2582512587126438 -5.156886020154673
5.739867475191749 5.9229698212043616 -5.345473611323679
5.63559539173256 8.08203231898499 -5.500577310474926
6.909609127865571 8.02774257128561 -3.5939015431315244
5.68753006648183 3.6600959597891523 -5.424798710591647
5.7330519994894615 4.44905878471799 -5.356322770167737
6.007930145452621 5.990465192663789 -4.944259041344449
6.126243026399081 9.058751626559996 -4.765839818871496
6.7460430085022605 0.9978092496549964 -3.805743002668364
5.976288618356229 0.882624605202034 -4.9107019972815955
6.270615292973928 0.9296406521736312 -4.489419874939588
6.199536153839221 0.8378029506276187 -4.558276384218328
5.639468186283656 0.8401183856415328 -5.397423030417414
5.64045144371625 0.8831772053753045 -5.413544041645538
6.663347634713152 1.023626005243111 -3.9400533764333003
6.037612174729477 1.025006657503722 -4.877097720310635
6.839380313467307 0.6361401307994238 -3.3287208658302836
6.942681033089415 0.7598538005996037 -3.3491956079774945
6.643452114980035 0.6774604821033494 -3.680423588998969
6.713500002003247 0.6904959635636495 -3.5940367764605634
5.713637835103347 0.6752462153061793 -5.068856492235446
6.00780996170449 0.7783128834355335 -4.774451449128692
6.746314813976484 0.7915864995848291 -3.6879853457525615
5.785157426101225 0.7715658064025835 -5.098126291348658
6.082431849026332 0.5480060352896424 -4.174356533448491
6.190403154057041 0.5213620363273559 -3.9164329500834283
6.564016735192401 0.5526511101587693 -3.470408475717215
5.911355013271158 0.5388209121550506 -4.39718166644577
6.192548835367581 0.5949274393879509 -4.179203058157715
5.501210211006223 0.6046113733247839 -5.2488786649589505
6.235081444401789 0.5753852000897106 -4.044891659318321
6.397280833603488 0.5799819255645209 -3.818762755739474
1.7864379073591161 0.49595270541315006 -1.398986609373796
2.4732309941696364 0.4979683988816243 -2.053762744045675
5.972094478372709 0.5062027335192918 -3.6910954025238123
5.468371682378155 0.5060949716688761 -4.355013709778777
3.8967590184265197 0.5019274226161008 -3.2281653432231407
4.870584461768704 0.5040910409282157 -3.5768500362959923
6.324067254395486 0.5067994135039433 -3.6624197747524323
4.318774973212882 0.5026108164182927 -3.167048541160649
4.35221155342698 0.501409543238816 -2.1142238918217866
0.8605365314997881 0.4931232402659474 -0.42275148632031434
0.7282780210191072 0.4931212611927466 -0.6190382467109672
5.17104232188893 0.504500425246181 -3.4689236669351375
3.908311812051725 0.5026195129664748 -3.7886095926869965
1.2171946245670144 0.4939757798481418 -0.6006469501259559
5.34128603749769 0.5063435220194307 -4.752692440369323
3.9664541941585436 0.5006305272804428 -2.041253651418055
5.980975557736451 0.5058281253687328 -3.3650933861893333
1.3956816852071379 0.49453097364439863 -0.796979709592686
5.252463030665018 0.5047945412825692 -3.592587357513441
4.325389618558901 0.503369762157014 -3.7906919266931753
6.402448863875724 0.5067225474652028 -3.48094818327235
2.6616939765910046 0.4988418945878398 -2.5008734318552386
3.648592412827107 0.5016471119933268 -3.365578797665946
1.9645040955057655 0.49678888228848483 -1.8305046669417435
4.749437195690162 0.5050820535522851 -4.585424402967209
2.18578485462262 0.49711783513978136 -1.773933650460445
3.625109441230314 0.5012272901619901 -3.050270109528018
6.066777625652177 0.5052487998205184 -2.7530796492045497
3.676836943383841 0.5008523071037305 -2.6598309369340787
0.41289601412338983 0.49217443082430123 -0.30065791966078875
4.861129367374174 0.5050790628422307 -4.415768728749136
4.258703570819964 0.5030003178168558 -3.582094673664107
2.581014989069047 0.4984921323776701 -2.329648084386662
4.761700561866659 0.5024909082502638 -2.4040682427340556
3.856933955501043 0.5001205297440889 -1.7794331098294718
3.6587027702016592 0.5000385475219906 -2.007670950685187
4.151228451848121 0.5015088836201043 -2.4979424019407404
2.9951819831358106 0.4983606917454617 -1.6000811380647981
5.080607943781963 0.5047919927986992 -3.847659250042133
6.299304468651037 0.5066040026418974 -3.5363573480000596
3.910509978789463 0.5001497226316797 -1.7236201949907366
5.914046110889739 0.5066397723474355 -4.142796529867912
3.679151404838925 0.4999058208748694 -1.8662715772760516
5.1630879774889955 0.5064859531439209 -5.138281462895552
3.5176560704547946 0.5009193064201873 -2.953990742665331
5.916819444363252 0.5057993396665725 -3.4370804279264346
3.4871637223064407 0.5010659945592515 -3.122076187353303
2.144379037344101 0.49617071922805606 -1.0452806656390243
3.955724348500651 0.5001822392028982 -1.683095879199043
3.137629823637527 0.499630286056126 -2.4467084105849732
4.9213908733219185 0.5038626712156834 -3.310177364162523
5.5288363976591945 0.5048802196644631 -3.2504869235124803
1.833507235822433 0.4965448479843982 -1.822843500994577
4.063400332731173 0.5023903005107978 -3.3651642393632786
5.681169953717888 0.506706733244822 -4.5472170386403405
2.8624514336142104 0.4979907170500467 -1.489883732191696
5.767272403293177 0.5065136038250477 -4.257137554332396
5.210089533602507 0.5035336089002951 -2.60341895611673
3.771156737897784 0.5021179319505551 -3.575173334246766
4.386464430334925 0.5027833528838191 -3.209771879104465
2.8902089610493826 0.4991109016400799 -2.3834348550664344
5.7092674913937955 0.505979220642518 -3.8978625528937387
3.256176460917689 0.4998672182678292 -2.467074056163024
4.36450062589385 0.5025264581338768 -3.0281957571503
3.800233175967445 0.5009857475129799 -2.5865471037404886
3.993378125275417 0.5027747882426832 -3.790917558525858
0.7210093308762076 0.4929009198718884 -0.4459829330385134
5.644137839444687 0.5067526263522655 -4.640949561936018
4.6125938993747635 0.5035848071861175 -3.5403729019314087
2.2693348686719657 0.4966691652307209 -1.2743573732422209
1.7565424243071006 0.49511003753732946 -0.740296973596268
4.659850205309371 0.5024011534766838 -2.481573727043463
6.509290915078138 0.5063374807807127 -2.9996067897429204
1.326119250558024 0.4941647146677446 -0.5953463097967959
1.6721269689464409 0.4952997070626701 -1.0249634870463407
5.535935444425733 0.5066793845553528 -4.741746031419876
5.485968164887279 0.5047141510843376 -3.176015180230775
4.168528547504491 0.5021969980200791 -3.0464662146706356
5.044827821904698 0.5028137480931251 -2.249834469476155
5.36144775499184 0.504470738689137 -3.159180472408027
3.44224576077724 0.49967214699569107 -2.0257626309820327
4.676067201254307 0.5030152756529658 -2.969952242041133
4.316437830740615 0.5034972077139608 -3.910476574836076
5.361979075629487 0.5035387587552367 -2.38039914840869
5.108217105018164 0.5059896686853285 -4.806119600198348
4.206865952921407 0.5028366102337666 -3.523017444807831
4.07735917373988 0.5014432254709837 -2.553686316240494
4.824714082808697 0.5037274777687379 -3.342009352996529
5.766546978022724 0.504661101897491 -2.7118156477694875
6.411990263968912 0.506328719564555 -3.137913913028801
6.354525924217344 0.506442054221824 -3.318523403161893
5.393036850918107 0.5062172456752204 -4.5698305517356195
5.544374442004821 0.5063019525633985 -4.414048387382644
5.283760739232962 0.5063866211691784 -4.874762873446423
5.165137817252758 0.5043509966068941 -3.353022276109965
2.501566730510139 0.4981957064507384 -2.201104193265585
4.921479797270895 0.5051176024671533 -4.357619547557296
5.476059794382006 0.5048043798090204 -3.2661640698276075
4.0888521598012195 0.5023867574587652 -3.3241152696936456
3.2436050806901378 0.49933269911940337 -2.0396894776088907
4.370049333866698 0.5011442369029526 -1.866058780803764
4.426173256347931 0.5027184195003579 -3.096139178893476
3.88766060568721 0.5017225544232086 -3.070764860102181
5.655575749474392 0.5062591921780717 -4.211928928506268
1.3079212001463372 0.4941374735270831 -0.5998416068681447
4.544475585501731 0.5041153220898236 -4.085175515780562
3.474236019141839 11.127378455557919 -4.180184809292198
4.201632472210633 10.372293187466743 -5.236863197279469
4.2407394508841 10.836315411969876 -4.262691755333674
3.467464958141772 10.151290025808205 -6.178949348797961
3.8820016856421256 11.073539992305466 -4.017721031373405
3.1791117190482927 10.548689364074002 -5.559697040882254
4.159412321640939 10.455128415611574 -5.09583370811128
4.663131740498692 10.414145937689279 -4.842989579998447
3.7492891844405385 10.361384348452361 -5.561397658475604
3.160433504782671 11.463870821939032 -3.7023758535705076
4.109163803957725 9.881775137663116 -6.300823303374422
4.753089149050987 10.14662179915517 -5.329458768442548
3.6628703318983225 10.532431131596738 -5.269676368109785
3.6252208772160373 10.08315376050557 -6.212748802765807
4.727340238304736 9.906010310208236 -5.838255521892339
3.331798225978855 11.201819734024241 -4.123268358414194
4.030738225715638 10.997218765610473 -4.074269696991503
3.1435020112456327 11.19328871558779 -4.266513769968738
3.7962513475975026 11.066027826372006 -4.090365741050209
2.9973198187312624 10.413019903610698 -5.958352167517566
3.4563083887788975 10.066827478579643 -6.358968853367596
3.893243816780299 10.679962173298142 -4.814325681092952
3.6923718307827755 9.829386590452366 -6.686350027863628
3.3373301784879006 11.222671564904163 -4.0769697719920215
3.7382312967097144 9.983089368888596 -6.34167845687387
3.9191181318213393 10.653098747143616 -4.851921484970906
3.139403766266209 10.148328048903632 -6.404204830267524
4.381852340823208 9.880502939437925 -6.121217532463341
4.837125187946314 10.056451821156795 -5.45753330496676
3.048671405485961 11.699093983471691 -3.2964700475283686
3.731207830510334 11.13926317371753 -3.9841998232409535
3.750073572934353 9.879165921989678 -6.546091039908425
4.020501644327678 11.020193504029445 -4.034170028202826
4.02122236907763 9.996464563288786 -6.12526274155867
3.321907123254878 10.169812865744131 -6.238364263996893
4.001517673938474 9.918537674929794 -6.297640967361442
3.6509921611455685 10.690363131273596 -4.95494322788025
3.9932666942594706 9.958267417947479 -6.221982512885649
3.1248059355765636 11.75767427248022 -3.1259134597663327
4.405589562354594 10.317342366310568 -5.212852859100978
3.484997493722582 11.356994163529093 -3.7038677713174044
4.28121317281455 10.080542770839045 -5.779762452505436
5.144470326213132 9.967381077559958 -5.4341513573532945
3.471465797287861 10.256164936892139 -5.962006784375747
3.8314271432452696 10.535716289820897 -5.150338213211375
3.145158739228113 9.807628457181579 -7.096440708475971
3.359784128168573 11.261861759642285 -3.9818972495550904
3.5146526884827094 9.869088552360665 -6.723983547762446
4.691479264601864 10.361907513530978 -4.930776337339865
3.8262538588287462 10.143996769721634 -5.954114634129267
5.212926263900509 10.008297603121104 -5.30481417666432
5.389725558136051 9.839548301483074 -5.531451104899159
4.77386892047183 10.400109964190188 -4.797674036338253
3.665912121418541 10.10901806304794 -6.132716535421874
3.14132126594896 10.226065929057487 -6.244097811920739
4.646518366868282 10.301577202349835 -5.08407879098052
3.53619803312327 11.126087453383889 -4.141420677393711
3.4321260741381483 10.637771498454313 -5.208634782327604
3.847338729658837 10.620816770212688 -4.965838144651693
4.4027205426263905 10.151370086385151 -5.553866822161213
3.9488877338962673 10.108101266093254 -5.945511029515363
2.901732404012295 11.026738749658886 -4.768336569377863
2.649216846108694 10.372184246766647 -6.274378665373495
2.252477275113119 11.171690692126111 -4.906005394971769
2.5101904707355276 10.665873005961851 -5.767239605969116
2.7793447598208623 10.530977065609315 -5.863001176326058
2.291617277104945 11.37952757590141 -4.455222575605759
1.920552645982215 11.780143829347505 -3.884663917121213
2.5720695408157037 11.520816190251155 -3.979164105429124
2.243909149957032 10.94321862535155 -5.378520315010043
2.662426811694775 11.48935770095434 -3.9830618361571695
2.0061418789113508 11.497547708129886 -4.404845302277198
2.09291862282201 11.199847886831941 -4.955091492930087
2.3126239547282923 11.493091049892598 -4.2091655018209435
2.8248675406154917 11.395267442790868 -4.066757427826787
2.893690584146808 11.356102381370814 -4.1007891470217945
2.3708985467411408 11.813168114180911 -3.5162801127752177
2.666365905012151 10.516629651440901 -5.967804492838506
2.0835820975650274 11.591349718904507 -4.161454992739152
2.51516763079826 11.579826740595156 -3.8966207280524143
2.330644051162986 10.906190260431675 -5.3962182189858785
2.632737089745627 11.72822636215828 -3.514868823681912
2.444605469200164 10.871358616543876 -5.391235803704928
2.254337316441738 11.282873891058813 -4.677604844546349
2.613196530028557 10.860011985661755 -5.301768872370272
2.5894238845822857 11.429028987540484 -4.155098149122301
2.150204307845075 11.06943141484118 -5.183267437753099
2.7121836666813453 10.667603920149539 -5.628735386698061
2.341757919808989 11.186849280246555 -4.8153794422920155
2.8591349894656046 10.686672405697996 -5.491586757147573
2.8616361007472886 10.829297535601317 -5.19851904136307
2.0753739311838504 11.423887989334453 -4.5090795518181075
2.2373515919353886 11.693678510088617 -3.8496419807563482
2.0989340481127017 11.698239973683897 -3.932810307108023
5.389431597780706 9.77885588043593 -5.64069066821873
4.164333480084723 9.7955474525245 -6.434635066455525
5.027952392226237 9.732928340979406 -5.924897197436174
3.555772061954661 9.761481179143985 -6.885648635160455
3.358989750035178 9.672750991662312 -7.065700102244063
3.7702776638264974 9.69986800508749 -6.780965857879992
5.5668271399035065 2.0386526719493525 -5.593107604711889
4.418807898155876 2.0129697946582157 -6.360196313972553
3.645810574910354 2.51732485376861 -6.876547663636242
5.112207697014211 1.7762494407031741 -5.896951515576472
5.003527715283191 4.3300312991307 -5.968817552976344
5.431630914122561 2.916527921431687 -5.683184400177646
3.7615474402559466 2.689580111617465 -6.79916414989438
5.514982777539979 4.935519837285775 -5.626896370436254
5.438546421780057 1.1236612909930632 -5.679091217866481
5.05371020513463 3.402645683265515 -5.935559631864436
5.522347538520342 7.96083008966422 -5.621085106680322
4.067938690689364 3.140431273547807 -6.5943075930602735
5.56427815706016 1.475685109728505 -5.594976449793606
5.332572446346194 7.59083004295522 -5.747997524177501
5.357778963884817 4.305820522054814 -5.732121802291727
3.916822559352501 3.984493520866795 -6.695031669032796
3.9479750076095335 1.41130695421823 -6.674973530988222
4.735244364361552 4.755318803642737 -6.147953419985317
5.3944634657847415 2.1410520999444587 -5.708247078046826
5.488220085463181 7.137495735293442 -5.644130610594749
5.397176809025552 5.51405740280246 -5.705441468874218
5.43637530921685 2.277560346926575 -5.680202336288096
3.36614179036952 1.6748374798125012 -7.063664109099253
4.217050801289256 4.350396846837594 -6.4943180971992795
4.553727562265733 5.333687705463571 -6.269068742663397
5.2750237933651745 4.616048619118446 -5.787325688653389
4.437451962206213 5.49284285126441 -6.346714699117895
4.803981921064453 5.78550617432181 -6.101721334719761
5.276069197524341 7.168390291992911 -5.785876065725063
5.0493170321169965 2.080711507797004 -5.938884073995309
4.539211533871292 3.8057110850453477 -6.27921768809439
4.7630718709657565 2.944240995769162 -6.129892660158749
4.267994297417208 1.5131208767344724 -6.461113733849722
5.490566275936369 4.447665722660133 -5.643354505025123
4.126511710491323 2.8980001139993883 -6.555241735371206
5.5118694556895464 3.4159817097305405 -5.629423795414944
4.444236025618023 3.9877195908314818 -6.342624667406261
4.329832839911634 5.460871173622434 -6.418632833033316
5.269556445261195 2.1509286744990557 -5.7917042893113955
5.5072279654459795 3.0986656437111546 -5.632618517127238
4.1048552122660285 3.3757760304980646 -6.569571529496716
5.209959576339946 5.704589528769415 -5.830479826801098
5.22366915604176 5.259240195043926 -5.82145044591397
5.534880216632785 6.151206739021435 -5.613243586084438
5.514769907176095 4.727024648144442 -5.627099961996192
4.84487208069485 2.614480088388191 -6.07533260569144
4.212570943213956 1.5334317115889702 -6.4981404203149395
5.419173373856851 6.52541623361742 -5.69044622494487
3.74151644830427 1.5995937645482763 -6.812869179975895
3.8930151853324935 2.7946193346154127 -6.711289389510906
4.179494886317082 3.8934519667257996 -6.519546602150079
4.117953858226777 4.62203584942115 -6.560452551804616
5.255837777236551 2.104197579346474 -5.800884552977851
5.408554532210659 4.783139189384474 -5.6980542207455915
5.409036618659273 5.516575195420192 -5.6975162645659
3.9127556502973393 1.6375310223502137 -6.698439755639182
5.566957615619939 3.4564597172209726 -5.592603189342913
4.659456195067625 6.509768672395684 -6.198077101966838
5.299927396777604 1.3761560184324009 -5.771639090234972
4.414211789248956 3.9442712158046556 -6.362698986369033
3.9347553871025216 3.832621471208955 -6.683094041961194
5.468414421929422 8.18026197012033 -5.657057451584445
4.171302151010298 1.6036257353065573 -6.5256946607653195
5.156192637791279 6.624578985775233 -5.866134974072268
5.384590874108374 8.105462755024268 -5.713088510519938
5.171354243251241 6.457922512269461 -5.856053367430444
4.734820724777986 1.668695593833276 -6.149144822697291
4.779534904802473 6.892265427722719 -6.11773059333105
5.288170992262819 1.0930387122733227 -5.779577776765445
5.380989493585792 7.8159769393426615 -5.7155800639165
3.556468217927426 2.6898596472138827 -6.9361934833804035
4.567558057168709 4.25094558663372 -6.260146141803428
4.332829507778129 1.5355423617304806 -6.417785677237007
3.4253716793646447 2.1088064177675303 -7.023960293865574
5.331927771320926 1.1028850589330037 -5.750337563942685
5.339230653200924 6.36286804908087 -5.743910023612226
4.9528514258396905 4.219098758773524 -6.002710977905966
5.060411278216109 5.127660113151017 -5.93057448272621
5.368873761416296 6.41897283438799 -5.724086641533162
5.420851424376057 1.7035289606162343 -5.690743980754199
5.3318975788964575 5.656390536066905 -5.749017725473663
4.89283104463611 6.007538087332359 -6.0422889689898325
4.379683593252459 3.432991775128968 -6.385920425896542
4.500977247827629 4.520201222279569 -6.304554733998037
5.193074416048439 7.0053372248748795 -5.841379332732596
4.764764039406643 4.844981785264136 -6.128202637673719
4.780171921515338 1.7338560820419036 -6.118822977199347
4.771384287540785 1.4424696668204893 -6.124780430141921
5.332600675822146 1.3428697219139791 -5.7498173209435075
5.050849922711356 2.26601423320839 -5.937805299127705
3.862203866488554 2.463195249775265 -6.731974365554818
4.394919871443405 5.074184083781746 -6.375256908146618
4.446366116721849 5.739736820043838 -6.340685801242172
5.3813153678949455 6.667459348404573 -5.715700309355658
5.450546889423648 6.536907917962331 -5.669479751627254
5.139143230595806 6.4573499622387605 -5.877576224542407
3.842325487287063 2.9826128880295215 -6.745103805356166
5.423792931534956 7.0393374468079335 -5.687208300833485
5.3032178983494305 6.1930528818369 -5.768022926026607
4.788475092291863 4.7169357035229424 -6.112397116396249
4.586843687845634 5.775190640091082 -6.246811351395885
4.160850592756474 2.1141404686967906 -6.532527926567289
4.5342018734638545 2.709630220570396 -6.282887589060621
5.511692452859015 1.6781397893989147 -5.630053479516186
4.709211809244676 1.8671660481826713 -6.166197729371779
5.093791293995987 5.02100192366548 -5.908302079517032
4.017263214228613 2.672795567258932 -6.628305445912289
5.151547955620742 3.568364655520636 -5.870137835624957
5.010800496244463 1.9278633667299887 -5.964664954614726
4.931317990248023 6.640758307453177 -6.016386495318595
4.07429694176823 2.4443825130584305 -6.590263984112979
4.210282834490134 2.119455169962949 -6.499496828269707
4.80629974522687 1.3320821149377113 -6.101483175979467
3.492689083421122 1.7697789960354302 -6.979080057864321
3.769909267050466 3.5923570945347114 -6.793311290995429
5.470087738085721 5.379510405262957 -5.656763587960815
5.348161528088866 2.615486843566279 -5.739045394806429
5.526226161576191 6.017176609544992 -5.619065477496145
4.513714770736451 2.7739662864651273 -6.296557686587424
4.4642354702888145 2.9909751498065367 -6.32955480277026
5.448387323058156 8.131108744838798 -5.670453582472388
4.636032703520202 5.430993869552369 -6.214045626146573
5.438502329632184 4.644680316657171 -5.678084508538715
4.894131197995284 4.462376689277574 -6.0418749475750335
4.887627372486434 6.135674541414034 -6.0457282398276515
4.929829466310778 5.448050103767068 -6.017732086150183
5.492229497005805 7.382482221783927 -5.641379515193869
4.054700398504544 2.4519658729891 -6.603355730707882
4.011637198528932 2.4753618677864013 -6.632122726670642
3.490714398188203 1.2166721262782967 -6.980562268122851
5.496972555122844 2.6111491155087037 -5.6396144233334775
3.85864530554662 2.63271180447194 -6.734302231949503
3.661201353266036 6.116956290274151 -6.865205604962486
4.242613760664621 6.270623914762949 -6.476672790751113
4.313518756855972 6.327327296742999 -6.429278884166639
5.007530493004736 8.580755973260027 -5.964892371606215
3.182152912622141 5.243537317057974 -7.185552504801674
3.10409788319527 4.336023592933935 -7.237973989940191
4.683314694996435 9.599962323373555 -6.181227036002078
4.125989253994118 5.088101952391862 -6.554946428471849
3.82384792788936 4.780606520345277 -6.756921343418039
3.3964505145487944 8.281927829136048 -7.041470253109466
3.9145815841955383 6.754385450633622 -6.695714860906907
3.1102169997342335 6.885228326346164 -7.2331360458478615
4.366804734409572 6.768763043937874 -6.393544555536895
4.79110707594385 8.805817741775872 -6.109435834576063
3.6494049395767325 6.673340936899466 -6.87292418660133
4.799132017655714 9.421246107569768 -6.103892845346913
3.2105683933821685 9.566602152948686 -7.165295211123535
4.044504563511168 7.760050285667144 -6.608607443998652
3.7800821208575464 4.760135948437599 -6.786170759928777
3.1097578322769976 4.213810963438829 -7.23422805147406
4.130879708311813 6.091091880598255 -6.551383923870285
3.0288645337229636 7.0486186569705 -7.287446042615461
4.1900669637326144 7.305887003528994 -6.511479173851962
3.279254379097945 5.108740214748361 -7.120710950016335
3.376433916695046 3.688618828752684 -7.056195020194803
3.9082374959372004 7.0084152896578775 -6.699879182376387
4.474529884163469 8.874981207235212 -6.3209457840449055
3.760755984245249 7.7020576121341975 -6.798219373631257
4.799131145096496 9.521930741427902 -6.103863834522786
3.2667564552326755 7.998689620542363 -7.128212370347404
5.006375983233701 9.232916537167442 -5.965472103897392
3.122882148613187 6.547425854889174 -7.224772746445601
3.260152078305914 7.845692176435248 -7.132670247252944
4.4227029976541505 7.339862838347059 -6.356026640420329
4.803056866784656 8.375574449336488 -6.101577693276127
3.999911254376128 7.1197870570905355 -6.638591953449182
3.608456450164452 3.434084018072564 -6.901237215805303
4.2632112574100995 9.307830074089988 -6.4620172585056155
3.815713260158545 4.0493864566048545 -6.762571683496761
4.594855501074724 6.978007785941466 -6.241104285955357
3.557596189800312 5.147431442821093 -6.934717383598554
4.143152866291459 5.180780779259672 -6.543450819888985
4.176075037390986 8.775503549895173 -6.520396328499803
4.593685848224158 8.740642909003258 -6.2413677389893
3.25925264014238 2.7343690150161257 -7.134773584780211
3.5159100845132407 8.84137550081516 -6.961485423058461
4.720026947128033 7.353850550693341 -6.157356865692513
5.1513955098561155 9.138271568763322 -5.868600898724555
4.501183534606982 9.32278172392419 -6.3030047502924
3.24354366721844 7.097539288283802 -7.143987542952321
3.446188445959709 8.650795255378215 -7.0081279846595015
3.2937479579074123 6.513350258521485 -7.110613791202282
3.0635259589868955 4.688927472898952 -7.264979576018677
4.060890947113695 6.95923766044203 -6.597893783954274
4.739862646808619 7.233073016052087 -6.144138564450662
3.8426076059973684 8.927044387464939 -6.743167771024063
4.252859124504976 8.561185309505518 -6.469153796299649
3.822735098781303 5.429730766384589 -6.757474118012639
3.356360452189886 6.281639303468177 -7.068845534006669
3.3232816054115855 8.427417997964728 -7.0903174291398825
3.323558851071213 6.952986094183978 -7.0905655535110075
3.3950757585961293 7.109776301480885 -7.042733362394325
3.237714713405536 4.755091273075913 -7.1485708351486865
3.212656002286499 6.868394442927045 -7.16469338827361
4.16362951474417 9.203931776474793 -6.5285862409511175
3.3227882582227677 5.232138290798818 -7.09158624980869
3.371256157514634 2.2648579914438813 -7.060073171501631
3.0742521715992583 7.596389905863303 -7.256957965077451
3.695031582619252 7.806682184644256 -6.842104296440904
3.8048820551643154 4.725042709663916 -6.769610275763773
3.5317903645231903 9.387841052266756 -6.950713930551227
3.7737670927748805 4.907453926884884 -6.79034702940456
3.8434054528956385 4.306010425177788 -6.743992909231752
4.093657297872302 5.094768597014462 -6.576548007879614
4.406684747526409 9.395458465424145 -6.366125507776216
3.832518379061507 8.370995262140642 -6.750072619482906
3.265765258085587 8.726122454515071 -7.128660856057643
3.1258320321606337 9.145295161613948 -7.222038113962555
3.770512727647974 8.363275294335834 -6.791505771944083
3.2750455726939065 2.3829909141708 -7.12432435577999
4.4015726118796 9.216118942458516 -6.369594042800697
3.0279726100241593 4.703111117982629 -7.2887314135084615
3.8030904422715652 8.289158376642684 -6.769759807231107
4.445864462456939 7.683350107907636 -6.340449672689913
4.284214208882459 6.1377927530340735 -6.448915281242023
3.773852512486785 7.363589464687676 -6.789568031193448
3.03821794362505 7.768556936356641 -7.280984680442357
3.9279170648529673 6.37578474269987 -6.686915651457602
3.422408670306541 6.689650159946636 -7.024593566795712
3.4864058097088573 5.952204456625392 -6.982048767286608
3.0944910713215803 7.000581246405801 -7.243609878059838
4.139116881032491 9.1915814233935 -6.5449687017629525
3.2036525069114625 4.912871308305543 -7.171284115594858
3.520070966108025 2.8548435467060145 -6.960464807217498
4.234373574220265 8.359679684732779 -6.481564683326409
3.6588806653083834 4.91215899983512 -6.867110361733337
3.054455429370776 7.887425932424716 -7.270100192333671
3.966059275036942 8.072541206260539 -6.660931100788036
3.790878000811028 8.15948955828918 -6.777958019027375
4.084956808071046 6.711143350674437 -6.581886398886311
3.8126669721305158 8.863786710696603 -6.763192071352643
3.5461390419058976 9.527329841882167 -6.941085444108938
3.1135001741789523 2.549144510112759 -7.2322167857035
3.1653125218503213 7.098116419343822 -7.196259793412648
4.196499690453353 6.020305726222007 -6.507558825985799
3.556419370152792 4.454007404273208 -6.93570752542857
4.051190702104096 8.116828539494218 -6.604035039137301
3.653831806256544 4.378782318760284 -6.870640677446593
4.360429781199737 7.143356774381166 -6.397694063439109
4.193563926114443 9.186277275186029 -6.508589880572564
3.5870495519722265 6.082201755834168 -6.914762507674549
4.5480257354299995 9.385873541235334 -6.271687224098033
4.359099224751011 7.30516801510227 -6.398535552953815
4.457559371154758 6.828960275821078 -6.3328865060961785
3.355625747170593 6.694577428177028 -7.069215075254483
4.4249196543182014 6.569249720951119 -6.354772020029426
4.99866138808129 7.9680833676138025 -5.9709986031011715
3.3876598371324604 4.233060236351724 -7.048534068652195
3.315187075443153 8.919852855847173 -7.095581285783693
3.746707783403024 8.058848007042917 -6.8075012184687544
4.773787974227614 8.785541888652357 -6.121014056816811
5.09017004884456 8.404827797624858 -5.909726053453907
4.57195291754089 8.485210801619756 -6.255964308290593
3.3526210039973 6.965899945760572 -7.071143033197677
3.1864176251806895 2.6697568355387604 -7.183459414265794
3.1021734785759607 5.117207695129971 -7.239030226519506
3.7440587296215293 7.424997739082364 -6.8094575661578
3.55492623631926 7.026389262556432 -6.935949115944095
3.852487655997657 7.687235764311676 -6.736930539843074
5.076090889934037 9.398589519869116 -5.918841361276923
3.347911330167462 9.154757780627081 -7.073646576420738
5.544441726270273 9.572116821109116 -5.605848094061328
4.798506515007487 0.8249615051369072 -6.035515076975191
5.158644205215873 0.9603934867082566 -5.831851068434996
3.73153345018637 0.8460608720408072 -6.754204278495493
4.90377715468477 1.0097452410592218 -6.015620780707929
3.224770011975798 0.8964434306473001 -7.1065666833350045
3.2409725750837404 0.9009619117263807 -7.096973962372848
4.81453972330711 1.0371655073561128 -6.082732644119515
4.753159017418171 1.0197264701602098 -6.118985294927503
3.4810747084262728 0.6591562953417376 -6.759346126100862
4.354470828787489 0.7168377220901785 -6.230303510476494
5.2376267738925835 0.7682637265657202 -5.6888246308350965
4.388564860792751 0.6892252199866565 -6.181412973447101
3.1557289996528213 0.7615707244917984 -7.073576307025298
4.3654975648086145 0.7383548009040031 -6.243281683614094
4.8221878783164165 0.823794962226688 -6.018921220514571
3.4720507724603085 0.6740341365138317 -6.77944388125736
4.718971198837936 0.5270626387668602 -5.667937867038938
4.818893659543127 0.5118484566534864 -5.564416366045339
3.1282426945905555 0.511253019204844 -6.692636794255891
4.802716129112973 0.5662586871027874 -5.706673334626563
3.8274719509675474 0.5597247774336482 -6.342526589011513
3.8046763510477835 0.5623874796080915 -6.364190761384947
3.668527658560765 0.5755165463046669 -6.486880020058004
3.0688609504639603 0.5456995880453325 -6.815531741333117
3.774266769422705 0.5063846965073273 -6.018327419550913
3.898759899523684 0.5057319925164281 -5.571003339476855
4.943166761056491 0.5061875626931581 -5.127051575450512
2.2751248237944335 0.5027329212594646 -4.983222290726544
4.141418881878394 0.5059020706421342 -5.50368589366096
1.7707869171590847 0.49943710854898615 -3.481754196608528
2.315597436879556 0.5022532241972434 -4.688570470666536
1.3409928935609874 0.49592095003979586 -1.8075400810274203
1.55589568185178 0.49761040429045833 -2.6063607461495977
3.5281765269447334 0.5045711415594869 -5.1711230569235
4.934974927926012 0.50645564458937 -5.282076850876676
2.63979110145363 0.5025800706861514 -4.654207820008851
1.7822664393041054 0.4974130305262714 -2.3449470855196557
2.2750366375604276 0.5022475580333592 -4.712520842178874
3.9892320045387883 0.5062982828248223 -5.826436524864086
2.2342826925287502 0.49981010581221885 -3.3800258697314765
2.4338063422091087 0.5014772102755509 -4.176658253417845
2.217074052153758 0.499887250926385 -3.4345637825831803
4.263966973916447 0.5056694514144009 -5.292006629605142
3.5266770233893836 0.5060651771789471 -6.00557470327955
1.7471943271722274 0.4991962907391348 -3.363183249589747
1.4861058941861731 0.4961046531238229 -1.8130240500863275
3.928498541511332 0.5067826162699818 -6.137217312398761
2.0181302890127433 0.4974975646212688 -2.2344507461253227
1.972632619495228 0.5008080553993968 -4.111622656802159
2.433254658432737 0.4994224428302444 -3.0307727945189393
4.558135530854102 0.5062782104806596 -5.434978295327928
3.0018423047652485 0.5007846577593212 -3.410636131342274
1.3193085555466042 0.49631914032247076 -2.044164984801757
3.148905914694214 0.5018752935124428 -3.9207496497927883
0.936310154288816 0.4959224393834539 -2.078864934686399
3.861700680280065 0.5047706284037305 -5.059476099985519
1.691047735751936 0.4975066234823079 -2.4581295166656334
4.169133246397917 0.5061683037666683 -5.633679765429289
3.172702743148502 0.5033167678934279 -4.708971629955513
2.672857983628027 0.5013474903306854 -3.9445093173668058
4.801440477923942 0.5055040135468034 -4.840464231543293
2.2574407678653907 0.5029522116963939 -5.1173738959670105
0.8797773415592814 0.4943686250790114 -1.249855070294903
3.4128260270059583 0.5051347173991177 -5.562615876646775
2.653217700792455 0.5025652445010271 -4.636962542507229
3.0342706340025507 0.5017578402447493 -3.9318515962153135
4.201511612490611 0.5057567353483828 -5.382443858290244
0.24507192432778546 0.4921106210987701 -0.4144686407707646
3.935797594688337 0.5029167490922759 -3.975760425310163
2.338802743287508 0.5038898929247123 -5.586077204404215
2.1765353602651603 0.4983816301617567 -2.621748104180611
2.000240683833102 0.4979802088790543 -2.5156519522754976
3.6398755069525106 0.5022438050799117 -3.7981551966359355
3.5588243987395405 0.5025964294097742 -4.049042432613506
2.669009322107416 0.5053396155520788 -6.174093112167258
4.435816984921202 0.5048055347018535 -4.695203491087323
4.2724166124444185 0.5062593019018479 -5.615407529295162
4.216211386394731 0.506665265335608 -5.879442803186706
2.462381874251577 0.5039622543190421 -5.5438425486878
4.677031273989135 0.5059060861555559 -5.147917230800124
1.8901126515360638 0.4973366299476247 -2.230241446039268
1.9547354985504777 0.4985308004164936 -2.853216152894489
2.129661490897691 0.49980226154613694 -3.445579803178455
4.006075102251439 0.5035916954760065 -4.30530579063658
2.3145929314538916 0.5025811122024507 -4.872154565474715
0.9816327539608811 0.4946979340280076 -1.3654792343135616
4.032932963327539 0.5059344041296419 -5.594236245521872
4.852960516382763 0.5057839443747435 -4.962187429361765
3.2651631402414094 0.5016106662750491 -3.6954195619929666
3.368048976753828 0.5056805302199259 -5.897027572305408
2.176089824727883 0.4985450870384543 -2.7132304975469017
1.782732932970547 0.4972646788875364 -2.2618771566293283
2.04400808206169 0.49988394731563457 -3.548399898539155
0.34048800534749546 0.49225045904754017 -0.42870031932090474
2.1613280827389674 0.5019442593417512 -4.619329287833906
1.0726867290596447 0.4946793158758173 -1.2942316835803112
2.484504518001728 0.5034531990538919 -5.245078528277958
2.7909405586215663 0.5042458355598357 -5.482426710019159
2.085288496155095 0.500532872146645 -3.882811062475483
2.2676419477637877 0.5010920951652542 -4.072887334590119
1.2455008149679765 0.49632914997087213 -2.099082715541695
4.151962171932108 0.5052853124986091 -5.152579464449229
4.839127457763866 0.506790931947981 -5.533182676417876
1.080569761320172 0.49572275962766527 -1.8710487947196963
3.2993512808160705 0.5062369296663399 -6.253333829015916
2.232682653888056 0.4990835632773408 -2.9757928240568643
2.6503464433018857 0.5038624610871794 -5.362535375465258
3.5950734551016827 0.5018894714738058 -3.6304359597396707
0.35190025671568037 0.49215804887708936 -0.36952114338082814
3.360146072825809 0.5053594533867758 -5.723196899279966
2.954055641398708 0.500667147961226 -3.3770242526350254
2.5042927092243987 0.5036556920055295 -5.344812810763556
4.326151164210128 0.5040540963543234 -4.349314547710795
1.7166783555952614 0.4986211309575952 -3.06272693526719
1.282485748328962 0.4955811541629484 -1.6570913544453725
2.7902093520913116 0.5002384380728055 -3.247384495517446
2.858120607262864 0.5004203317448608 -3.3034615069536906
3.956057849002872 0.5060587976363226 -5.715013397072195
3.520596299544915 0.5050319721755137 -5.433264607747791
2.012604155449288 0.4980635778444661 -2.553895549468604
1.8648483989688742 0.4975534062014494 -2.36805719138798
3.8866138527326712 0.5037653392970861 -4.48202228456654
2.352648033545462 0.5015845519529555 -4.290785954094341
4.044970236357696 0.5034398357893256 -4.19459280286902
2.7450117710743016 0.49948153832551995 -2.855357683280648
3.639559433696003 0.5058300733790546 -5.79897005708535
2.7741663415807 0.504520093225878 -5.646633697136242
4.73501697638978 0.5056515508287276 -4.967166199455519
3.2619673066646513 0.5060361134098293 -6.166296091351262
3.7285206458825733 0.5049679906618669 -5.258593723397253
1.8510118802235755 10.880331865032403 -5.571495696397162
2.4535927211209647 10.21020535561432 -6.612327962141134
2.3728963424345264 10.110084605075365 -6.80179373982161
1.6810665510203961 10.856701288889417 -5.64622934606451
1.5319045404097331 11.620022780420554 -4.353787849725997
1.6426209923601836 11.725113895563135 -4.149741772858842
1.7740150207941248 11.227466418495386 -4.985556616659122
1.7682043146587467 9.81273490015505 -7.437099516023053
2.3768352295262862 10.30542304261838 -6.462674117975725
1.8993457299095744 11.255229074691325 -4.9125404092358895
0.6648291108382046 10.267894844628806 -6.868214663154172
1.4643925642345594 10.64712863041619 -6.052319081211907
0.46899655851311844 9.993070651015529 -7.383177755569868
1.3847657767799824 11.127356663291598 -5.236378439623295
2.7501365827734343 10.041867450805318 -6.8449114445838655
2.0767221136556837 10.78277203718176 -5.695577652791805
2.2592141226285185 9.855253888197858 -7.26578636567746
1.3963164783472886 10.816281999146858 -5.7728780269526965
2.346445701876697 10.682493636939911 -5.815613498964455
0.9817023513274998 10.886083017089893 -5.734451131068363
2.064846315670868 11.125641220800954 -5.104073003487322
2.666918450707596 9.989631012835027 -6.951940761822328
0.07422012596314723 9.896096998193432 -7.629667117518643
1.1834252540827526 10.66173539176642 -6.082907398226843
2.7328165862181377 9.896024324555237 -7.100964338168665
2.0512133563399595 10.162577334190114 -6.774860496082772
1.45503622789634 10.35981023603932 -6.551830274607186
1.6832526675614061 11.411499474800259 -4.6848557724903515
2.0911115767015 10.945677541962016 -5.410554770588222
0.5974065256721529 9.947256076542585 -7.436988557126005
0.673339239418845 10.414500639776024 -6.612593182981843
1.270635707069755 10.906535722057642 -5.64155348417297
2.0168016563595343 9.819866942701664 -7.375297281456723
1.277250203129763 11.292465398732045 -4.971787912106802
1.5906871780427294 10.403273479511196 -6.4495670227977815
2.0711624142369653 10.468353556514666 -6.241272377122413
2.2207833533328354 10.07005393739528 -6.901386104404612
1.351914503884503 10.199960734131736 -6.849209979516994
2.037913307950481 11.007585794324603 -5.313908335369526
1.8618959577413243 11.26984901231916 -4.894667168372578
1.185083903511608 10.569275570685111 -6.242722593067986
1.5089989080067892 10.477785727373117 -6.336756848803978
1.8161382560261363 11.32582138564319 -4.806821954676612
1.50497417409715 10.809181358213056 -5.763563301025043
1.4801420888732437 10.143236946972639 -6.921952371447222
1.7864245533754888 10.51378441699795 -6.219221794325913
0.9011971623594895 10.70146894306259 -6.070225620236803
2.087281856667558 9.919835516314146 -7.188127209798106
1.0840030137582266 10.989739078684291 -5.5345646476542925
1.195862926616375 10.846414556181966 -5.760559664039826
1.9752634736070342 10.380390367404278 -6.412704621882212
0.6286835191276126 10.443575872515504 -6.571115989172684
1.1899158236571767 10.951517352119524 -5.579699220494595
1.8203367575105271 10.136147209868778 -6.866563110429138
1.2864382834469719 10.96319701006354 -5.540269912774097
1.4544168824718058 11.322437565195195 -4.884633886475956
0.7720663504158293 10.588674089069542 -6.291277815766096
2.690849934397872 9.967948400651178 -6.984735874421663
1.415310489380438 11.410353455353802 -4.7401378440812545
2.5626519982145215 10.416640520137367 -6.233078461020571
2.4795414380536824 10.218536314110183 -6.592736787660107
0.9322418295658328 11.39006876389395 -4.871360527363386
1.5629456583995829 11.77763254626344 -4.074625234521356
0.5370910732151942 11.682363154358583 -4.443692378572212
1.1377311060266129 11.709881576965905 -4.276554017892589
0.10526036382996272 10.907714044534838 -5.871320694127362
0.7298862650056267 10.804654960189758 -5.925578110654647
0.4245984421899088 10.910257331106711 -5.803395127266683
0.3851978582600245 10.7149081470372 -6.149587123403698
0.6203266824706095 11.280511439111748 -5.1231633283917954
0.0892872659166045 9.937185590826655 -7.555502538720399
0.46438730378780857 10.403845885247106 -6.672610961489253
0.14891048030138568 10.14264870888662 -7.187770152876317
0.4760663149245247 11.012417050596794 -5.616211678758015
0.08836146384253012 11.769417335354323 -4.382168225134265
0.7902862335668753 11.775076477705078 -4.232744407015404
0.2615327903846344 11.801570460988371 -4.29203136612857
1.4998901184427214 11.733071847064673 -4.164349190148753
0.403653289033706 11.043172975517548 -5.577344739693584
1.0738259679429736 11.21956297142427 -5.138522309950204
1.0445474277364233 11.32628659368235 -4.959495453663163
0.4468027182968114 11.353816283285438 -5.03071177010268
0.8688178055574316 10.947264943445187 -5.65093509786511
0.5194426356496117 11.202456162032455 -5.278426172838436
0.31609794271205705 10.255544520923465 -6.958973126716506
0.6471989710299931 11.44484298287674 -4.833187500750188
0.17375623410516847 10.729937738786974 -6.16561357492414
0.7037743911168131 11.06402937540215 -5.481522434786854
0.939630107814273 11.046431848434015 -5.465087499421852
0.5583091982818423 11.553521886830435 -4.662631440750776
1.0978409114569154 11.653663534328958 -4.381861198423231
0.5992052090871263 11.29142743957948 -5.108457594656436
0.31821507108187 10.352770782261294 -6.7901511783677115
0.8216566453350439 11.36396808805243 -4.938565044364596
2.1567773934732166 9.785821273430978 -7.397088976269
0.45630547142005035 9.791635981575622 -7.728057452427749
1.8189507506458718 9.725296511641352 -7.514376937381222
0.42653287884253194 9.7588486560769 -7.768504205772576
2.8650489473366236 9.705712258795273 -7.312610548056041
0.4888213663514834 9.723020675894244 -7.779903958921504
2.731432457353627 2.861915813107476 -7.351440662126068
2.1208836071034183 5.383978325205623 -7.4722580262897065
1.0325579075096505 3.1972160024409377 -7.689284781539499
1.786273093651145 2.688039329034123 -7.539488172878385
1.7878064376569975 5.87137258197387 -7.538389830206376
2.902502420214378 4.204331378042137 -7.317078125197391
2.573643199344907 3.3013143747604006 -7.382717439953647
2.6584882061227026 1.9823920219263913 -7.366169390674264
1.0514431261401358 2.4653634567788902 -7.685710662351682
1.5325609323732916 4.834446877469171 -7.5894198161854245
1.9044934320197897 3.276772512378888 -7.515825926698769
2.6859090514818407 3.977924372055024 -7.3602177161556845
2.779853992145744 6.05958216135931 -7.341012091925322
2.6008240129078763 6.17753677680873 -7.376594027772303
1.4745599288947464 1.8951741446223855 -7.601689468021875
2.1925922339502795 1.7454255777611216 -7.45890106107125
2.9107449467665134 8.548819889897946 -7.314355861317168
2.0537807749364223 5.815506614277979 -7.485498085933007
1.9450724036078118 5.58988403611529 -7.5071777879243005
2.0355215553095483 6.352903909765406 -7.488996147559659
2.81379778535494 7.169332875095203 -7.333983672337591
2.6305031486559813 7.705338213627013 -7.370309717216985
1.2971527647951595 2.239086041211648 -7.636892292947358
1.1037523337682063 2.8823881709739863 -7.675201768217827
1.2224051239628115 1.580341265848717 -7.651924716637778
1.1518672547626516 1.1381497351458965 -7.666065794616026
2.634637054064354 3.672458800696427 -7.370492493584383
1.3473786071246323 1.574925748503596 -7.627067256381762
2.114290632193929 5.136438055750702 -7.473631143838665
2.428982414764366 1.638571108659314 -7.411906687718196
2.497912536551227 7.298243957356267 -7.396785125463884
2.985627094818285 1.8209920855162358 -7.301137542706903
2.2288678217120514 4.249064657666665 -7.451061437160213
2.908643034985489 8.56500455128405 -7.314769924718547
2.347055741453743 3.6312816099970613 -7.4277063239446655
1.800453792348273 5.1303883432070005 -7.536058776997946
1.511010994820007 3.535128795586582 -7.594030184217177
2.5781920760327073 3.0211152171473876 -7.381882441145681
3.0034059177681294 1.5074856652992095 -7.297679240631667
2.9043207717084916 3.034069983369708 -7.317008081199504
3.0028264620710687 8.5903357207638 -7.296029334293376
1.524437115586913 4.728070024722638 -7.591062257249053
2.3185164108568683 7.028807074806388 -7.432536437071697
1.652604859785016 1.6779374695567797 -7.56632821356513
0.5809061771369419 1.9723188925569364 -7.779429300915776
0.5507924012901961 1.4528449948950546 -7.785548774420741
1.3020655221671642 1.3711666224148658 -7.636131383603927
1.7443577992733672 5.392891729606778 -7.547151560726988
1.8577649750110987 2.051753924297498 -7.525426104694063
2.556808471042086 4.692135808765142 -7.385719464302486
1.7608190465472537 2.045584597505971 -7.544711416200254
2.065520481510297 4.143101370099266 -7.483579701491122
2.287721052473234 2.532178057580533 -7.439782661087481
0.27405245517965054 1.77368178063903 -7.840515899488015
1.7542284737476168 6.066362499165252 -7.5450203180200015
2.9307163701277856 8.774291110874122 -7.310327100777823
2.4770160315741636 8.05086193537851 -7.4007541398989485
1.5558650158919078 1.586999260084919 -7.585593658093947
2.172255971620987 3.2950118005110745 -7.462560018019644
2.5957161568872644 1.360293847143812 -7.378810584440196
2.8808732981952274 1.8263719800236067 -7.321973059894622
1.1737375022866285 1.103015076871937 -7.661724281326347
0.7539846361240042 2.2200390463762596 -7.744940065475665
2.967752906732989 5.4740376736184135 -7.303782543816266
1.841309676534957 6.043127838733235 -7.527704553467389
2.000308825482172 1.7066074617643399 -7.497158342432317
2.791992823965266 5.11848383640515 -7.338832062216063
1.9896446805897197 3.4857592958311625 -7.49883618094591
1.9939790273334594 3.3107468365714867 -7.498017640538107
0.860763150573902 3.321114189612371 -7.723426058721147
2.8404408334249283 8.400956597870968 -7.328377090659155
2.9471614490130658 5.945693404585382 -7.307760901084501
2.8756662817660024 2.0504978716100406 -7.322952945456679
2.422171460273429 3.0924601125660267 -7.412899138882536
0.2799935058642913 1.8076566387985347 -7.8393256820854065
0.9850688278237806 2.1362706914829337 -7.698995367158564
1.970012701181296 2.444033490018849 -7.503000846389075
1.0605003341012316 1.7599399444206034 -7.684084872493131
1.1026699386251702 2.102054263231092 -7.675611542892931
2.4568146064252847 5.032645621467043 -7.405524650570216
1.668121444684736 2.209137809313613 -7.5631093839354335
2.337291165585116 1.8314711655295963 -7.43009716541279
2.749422483429232 8.23424492293351 -7.346523341573363
1.422850382377992 2.6821190791221583 -7.611779032123357
2.7873775371928655 4.977421861808584 -7.339785256313553
1.0268747369218785 2.6018426160623607 -7.690563613440849
2.3665360630254226 3.739812954667105 -7.423804393194221
2.9106890852697833 7.768727937913721 -7.3145613851387346
2.3326837881663796 5.273680783385197 -7.430155773649011
1.648338850386395 2.408444699332139 -7.566994722007461
2.5715067304944834 6.208020826032883 -7.382418009707325
2.591145287804536 7.742636539659508 -7.3781291992377795
1.075678334609058 2.601997656536647 -7.680855920614734
1.0933624298396294 1.1904126194235771 -7.677690121063019
2.785575009439882 4.871489983451312 -7.340170201968045
0.2371609421750143 1.4833050084656723 -7.847926455901008
2.8388777940354437 5.325680354610396 -7.329454410463705
2.809880302655151 3.1598781244105454 -7.335762134028013
2.9661141970369154 5.368190310314384 -7.304134882920175
2.669066341373429 1.3202558062970353 -7.364230281164382
3.0012227181329854 3.3226596262042927 -7.297661134303467
0.9626425753118871 2.9884224332128677 -7.703243862251601
1.0951237533589198 4.13954430716177 -7.67660479741328
1.7533743463180183 4.987135820235536 -7.54545917654614
1.034080902403437 1.998590818314455 -7.689280556454831
1.3483434386953943 4.017267230773037 -7.6262666658668525
1.1760289998364482 2.7629731367022576 -7.660854783467562
2.783839836066575 8.429973120345364 -7.339628515062778
1.510135447195696 5.184106055714165 -7.593793388390406
1.34727222176222 2.612694752481897 -7.626829787986821
2.2935690784121268 2.774352250279341 -7.438559060649476
0.8118852750660724 3.0460243472752424 -7.733217044804048
1.4773861897061256 3.2513815565402133 -7.600789298830632
2.850488924549835 3.927875572087792 -7.327493166296355
0.6006016878945352 2.6300229825149044 -7.7753477030641704
2.5181436504270693 2.3334688003937236 -7.393998207391932
1.5801905858919403 2.7700736423643026 -7.580460151505024
2.2746776217165436 7.021960218834536 -7.441258234261595
2.8026617244836673 3.169810224169971 -7.337195525475824
2.4363231882981227 5.975227088084628 -7.409365745944546
0.8764284075278282 2.6701734333405045 -7.7204722661229335
1.962478504303256 3.400081787379486 -7.504261230053752
2.6709807865072817 5.077660779252348 -7.3629130641524
2.4637081417899624 5.5974614466325505 -7.404012677239918
2.3075279370378956 4.520688249316241 -7.435347249923296
2.0595944461510074 2.3381617646207693 -7.485208286871409
2.8671626850988736 6.202060190817988 -7.323609778257531
1.7521072476900708 4.889648544534187 -7.54573551402139
1.528411523514616 2.921741550544262 -7.590721865096859
2.001802862264739 5.353758751491214 -7.495952227074568
2.0483373336667046 5.946092330827833 -7.486548311204719
3.0109755801397506 4.436247248293363 -7.295443641339545
0.9943511570124876 7.609130472668371 -7.6957846800248735
0.8571812896406488 7.902863699001129 -7.722996230995286
0.2803997447257067 3.1628095225179416 -7.838907015833571
1.5871649751894144 7.741140478192055 -7.577833759535951
2.163910207063422 7.64559139049052 -7.46313581504706
0.2890313919112654 4.1848876926278225 -7.836935248838251
0.5002969141550411 9.324648125554226 -7.793630470948144
1.7510981447136673 6.902577375958626 -7.545434493936974
0.03426403999827277 3.4824838049378104 -7.887786753231083
1.8533840042685419 9.245683692787974 -7.524504384634925
0.03486308473895343 4.285237949894711 -7.88746745238376
2.157525026229474 7.9886651901345855 -7.464320371076943
1.2828071792046436 7.825240449159116 -7.638353325302402
0.997334125107029 8.639732302707994 -7.694934380105849
0.17970288502107767 1.9647225051984476 -7.859235576085039
0.07931059768219849 1.6361711510861643 -7.879286759658128
0.5004884875249396 8.963500380665929 -7.793682406334701
0.5458128758209021 6.329704963886403 -7.785323484769876
0.9826660289009719 4.2109813710539115 -7.698956226459035
0.45977042150596303 8.379787354293887 -7.801927265656999
1.3878955936602178 9.425733318339601 -7.617050902230061
1.9610010847665382 6.919065908942555 -7.503678089569467
1.0255246386567376 6.144465161932733 -7.689949060347558
1.703372241320931 8.379641308101629 -7.55455950398728
0.22979001734740703 6.367376554289991 -7.848174951450203
1.297054941620797 8.405053234986983 -7.635374709487804
1.9121883310874381 8.779821828323636 -7.512923625143578
1.486448270551642 9.436162338662529 -7.597444954514703
1.9349582281317945 8.371622714098264 -7.508496183318096
0.5144877137304181 4.980299503085116 -7.791890882385063
1.1156226501936366 4.713589770304266 -7.6723841976382765
0.10245230520705652 2.4369831273402145 -7.874483928322239
1.8900326178907532 8.64327429688937 -7.517364714953297
1.447212331297581 8.171452396085595 -7.605564787277548
0.5261437486395252 4.218342998287511 -7.789762324462193
0.01663434653109157 7.379430966209145 -7.890321926924362
1.528032120949052 5.9545156207807945 -7.590041459344972
0.23535514370086366 5.394971098228011 -7.847310419980156
0.008902849765206906 9.147734803356027 -7.891418942143227
1.2322110241637152 8.676566994463599 -7.648205273384451
0.584292342302381 3.8732760639615753 -7.778281881706086
0.5168185358976723 8.85194080341621 -7.790461971683647
1.9952055230386112 8.166432377161032 -7.496563408734891
0.8138700076872527 7.269594474357498 -7.731769268470446
0.45843872271439945 6.957785605965492 -7.802546691870905
2.868135567739403 9.59546215619613 -7.322570528665227
1.1042439524260237 8.173981243263505 -7.673784813380143
0.40341510485921617 7.575747691252903 -7.813337499770497
1.0379502096449955 7.73554696838797 -7.687080770406654
1.5775139686898045 5.856504013164784 -7.5802233435787745
1.4653126976451458 5.890981307376872 -7.602532969559094
0.827942233391633 7.434909251955938 -7.72892891212131
0.6359275357254125 6.755788855782115 -7.767292331627529
0.08434940000039225 5.854892787388671 -7.877232663777479
0.38272932795697234 3.471333749142243 -7.818475473305849
0.024666970621338744 3.246481894086915 -7.8897545693668105
0.3312235899763063 2.885068582711897 -7.828866770437574
1.5199031186772363 6.061075402693993 -7.591631850949185
0.9154993935270967 4.075436931340571 -7.712350295845184
1.7899732343787778 8.726100010430157 -7.537247114909371
0.3684361418887988 6.651703155011782 -7.8205256322227275
0.9184757781147815 9.173074476396062 -7.7104873082284655
1.1518844935364174 8.491981552511767 -7.66422923580914
2.232347535530429 7.906843625481515 -7.449457647485286
0.29181166969756633 6.588065654075955 -7.835783054535553
0.7595572367516109 4.411679337041727 -7.74328528915461
1.4728843013741335 5.880015589354765 -7.601029617822251
0.7462505014326583 9.187874351309006 -7.744741358036234
0.09184547048332795 8.79832199896468 -7.875007743965672
0.8643239004652339 9.363234525341962 -7.721211376222108
1.1231010779037305 8.35100720344663 -7.669989761384506
2.6221493412457244 9.618757445756081 -7.371494426485752
0.3100354038579 9.16993925985652 -7.8315144129968175
0.9390097120883192 9.011907144824058 -7.706443036938999
0.6977894209066666 7.830569645550615 -7.754719271422783
0.6872438495573256 8.442669842769737 -7.756664306713875
1.593496426255921 7.953069752488501 -7.576521517124184
1.062316130697974 6.49030436930593 -7.682544552129783
1.5386265987404406 8.92567309796111 -7.587193314722679
1.0324001040423598 6.62826430225658 -7.68846082389736
0.24998943096690399 9.58767325824417 -7.8433541505494695
2.579175545767673 8.466492049566522 -7.380329730345231
0.6126691101959413 6.7522680340237455 -7.77191959822548
1.8399514388734244 7.945159367626259 -7.527500536160763
0.388357344616022 6.718337496095056 -7.816546445032778
0.9587189061322022 7.61517487919818 -7.70287086886447
0.23701294296015016 3.390617749547215 -7.847480390479579
2.124532954746827 9.235184973831192 -7.470572119039419
1.6855526556519145 8.77333181164458 -7.558005884894745
0.2324512460393276 4.7940789479914585 -7.848037856182319
0.4834181714801705 3.9688137900159965 -7.798323183574318
0.9497214632017027 8.475810399170761 -7.70444599718217
0.12033917002907168 8.739215470837888 -7.869354730862643
1.9215941938477312 8.749270733412281 -7.511060299621712
0.08973511203560365 5.7344428456680046 -7.876191409671931
0.8524126648795741 6.344942854275944 -7.7243331918138445
0.7323619273817499 7.131301633393843 -7.748016714038425
1.6009102921324734 6.31048891737054 -7.575456337242315
1.0442802677257537 5.2838269801562605 -7.686432908661614
1.5792039202908095 5.715646326779138 -7.579922310056528
0.5995022164891127 8.24336905695154 -7.774166893658624
0.5589409556840693 3.481418185739588 -7.783422284742777
1.8688062700778412 7.904551404679861 -7.521771077419933
1.0093998163932716 9.633348562118053 -7.692286635375355
0.06680518549529114 1.2890367614572618 -7.881860788840838
0.06158194132599742 3.3852124348288326 -7.882377136245257
0.4468683736018912 3.5901494007742913 -7.805687799836618
0.9202422021929461 7.181747608734735 -7.710632424131889
0.21801500900161216 4.794045353763798 -7.850909410829315
0.15104872199742314 8.275570991336169 -7.863361817069301
1.076965255430899 7.4251811580962155 -7.679397575484209
0.22553758499569895 5.1292802829700435 -7.8493294962390605
0.4582554313304646 9.323079632158656 -7.801993433424952
0.41451782228056144 6.340320948457319 -7.8114370495992524
0.7373982530886953 8.688259166473603 -7.746626744361306
1.2678635227039072 6.763073961209296 -7.641590623952651
1.0284950291281256 6.872983828084786 -7.689176577937165
2.33341969128658 8.37559263981638 -7.429236275452161
1.1827324773316508 5.441991300957007 -7.65885361641596
1.9551824895188357 8.539403648242477 -7.504431496043331
1.508119148394337 8.184809317242918 -7.593446337154055
1.9092610364476352 9.622888775722085 -7.513295706029545
2.195119679850059 7.3713273330395666 -7.456996244305651
0.4795284127655366 8.318789145565553 -7.798012364718094
1.1594151320641664 8.76557234629215 -7.662663086655991
0.38809078964018695 6.541366864098822 -7.816643588604915
0.6565633515932336 4.6755463404822954 -7.763706260430314
0.6771152576324779 8.188138008486014 -7.758742469163028
1.423606278360126 6.8825303036494585 -7.610581678746263
0.08217853814334986 2.502653225835121 -7.878500258653996
0.4358470659684877 7.7743919964744155 -7.806836855001185
0.12051574827259003 9.136653081739144 -7.86922051773822
2.91917631078041 0.8396808910240743 -7.2575460271426415
2.9317152173471275 0.8589883810684705 -7.259520100345496
1.6569212891147647 0.8696516385541275 -7.51555983165124
2.5457558481680858 0.8881825236160334 -7.343048329074952
1.1551269391583818 1.058273966954983 -7.659025347942743
0.4280636990699777 0.9929021617156957 -7.788518448033613
0.9604302254294239 0.9371299328175423 -7.6697166333034374
0.3363171411452135 0.9832757676234081 -7.804540165342215
2.00328441873835 0.7419989964634778 -7.370099263175544
2.0496966405990493 0.6527128503578593 -7.289293294574893
1.4302257545202421 0.6948393487943332 -7.446283518781867
1.8782628443983604 0.6279203988577378 -7.30351939533538
0.02828962739099478 0.7385329803478504 -7.760171406052592
1.278350804640883 0.7942434382417884 -7.55617754942123
1.5597635110896526 0.7296387066845408 -7.448412837090449
2.0421050099702978 0.8229328922717054 -7.4272555381975325
1.2587466449656473 0.5293647943614957 -7.232465085528268
2.4274629319868968 0.5633533847728577 -7.069602959744454
2.0966771040948795 0.5426772174523975 -7.093054695532773
1.282623484865433 0.5507849276196687 -7.271585046353067
1.6994170081450568 0.5952856544536227 -7.279819128051849
0.9532768017922246 0.583596619573225 -7.404296133604811
0.20972677936911785 0.6046149990179426 -7.59524425446265
2.0946159996468556 0.5962073998907447 -7.203096839613687
0.030134949507174734 0.4947390378648434 -1.727154769104735
0.03317341855190515 0.5059178430717546 -7.012871875126053
1.8596130328946154 0.50566683754114 -6.530872803292141
1.087424833408358 0.5053650849188631 -6.5417755005842455
1.2883539415039027 0.5055211672656891 -6.575617647300806
0.9338695792622529 0.4973918843744404 -2.8018896517165914
0.09693384828473513 0.5027410644217238 -5.497929010048142
0.4371802714971993 0.5022891695036983 -5.2165541268804745
0.7407652142360202 0.5018162505135193 -4.932529640108502
1.149668457631956 0.5033236920519999 -5.56404452302222
0.3977419467577018 0.49904669292874637 -3.6910710275913288
2.2252553155434582 0.5042839208023954 -5.80417743217851
0.642032986087957 0.5029503093420056 -5.488451385804336
0.2056491405038475 0.49962675051204936 -4.00358288128091
0.9369719955717978 0.503609528542381 -5.741521111707174
0.3616232902576658 0.5067683911212576 -7.349752966802828
2.338725205970391 0.5057160445673583 -6.458840828152104
1.2573585438699768 0.50174564384929 -4.796383753803255
0.8646235876832316 0.5040230127733729 -5.951443792983701
2.1430918295944528 0.5050712305825029 -6.192830026203176
1.563997393647013 0.5027995511639266 -5.233769461299213
1.6750892809917042 0.5016586203563529 -4.672139549753105
0.09469114845964077 0.49665786238941545 -2.6217025982393363
1.6065573272363938 0.5007491335672379 -4.255686129728353
1.2657752322358053 0.5037389744682748 -5.737331460183843
0.01759151728157231 0.5062281605127992 -7.162716666281808
1.492625770847387 0.5063736385328511 -6.938108765309811
0.16961564113728964 0.5060403270966338 -7.0436530277054645
2.7289523299516905 0.5066634410014245 -6.829232081802532
0.21988474309647207 0.5039960397874752 -6.066935185155698
0.7342097537317959 0.502449930969228 -5.233493410196367
0.734090250609736 0.5053445089049782 -6.6023280044263775
0.6072112315706854 0.5029090408198281 -5.475862482728569
0.7177701313463658 0.4990770756405827 -3.6417810499890018
1.9777292762260708 0.50319579124244 -5.338850165038215
0.8174855027362112 0.5042281172943565 -6.0578115875772305
1.2449581944866304 0.503651541476139 -5.7001262260993855
0.5090082316991906 0.4987855831063528 -3.545463106662992
1.9396474260932428 0.5060527438180777 -6.697443366359838
1.7373192762446612 0.5042539614808137 -5.88706659050548
0.28355735588199593 0.49297244477439717 -0.84134543318853
1.3085690619188615 0.5004842279933637 -4.189689073704089
0.5788474570499026 0.5034241321055889 -5.725084817058987
1.8779762595079579 0.5038327498686013 -5.659902297469152
0.13001230930289923 0.5033880995118314 -5.797324344015374
0.12368664577198046 0.497048263122042 -2.800550807317862
2.037381723405042 0.5048722272833508 -6.119750835328112
1.8862379509039526 0.5045804023632309 -6.0118147472733945
0.8020413088607078 0.4978058460369138 -3.023869390387707
0.21493292719336138 0.49554083461189674 -2.069556112487557
2.4397969471471996 0.5046758126259009 -5.946823321857384
2.244463908359509 0.5044167398618208 -5.8631651271458
1.3947039768054634 0.50172647405226 -4.759998871050645
0.3848205910279812 0.4975013611253076 -2.9628725658141093
0.8534834649628047 0.5005221690657179 -4.2981531430395545
1.2566379823203229 0.5049184949546074 -6.296929915265487
2.4548573060285213 0.5062763863392381 -6.700719538913364
0.2476803239425648 0.49601227291879946 -2.2859797087164706
0.13086415574402813 0.5028218840116315 -5.529398453623259
1.407934699618872 0.49999445983985596 -3.938318586358308
0.2525181555941605 0.5046085242153395 -6.350080455398196
2.4305071931658757 0.5062962939107089 -6.714977129058015
0.7491708403947224 0.5051603302870439 -6.512232451019922
2.4817392574794543 0.5055095571834237 -6.33274816996793
0.04331245540864648 0.4965546353810863 -2.5831076593891553
1.9345817903139055 0.5058051087602233 -6.581347366913633
1.2199282121104484 0.4988672355793764 -3.442664728638369
0.35932199213775157 0.5024598988525094 -5.3127769486538
0.8722080746417854 0.5004925400272899 -4.28041737167769
0.5106917568834164 0.5013715903403323 -4.768019711100737
0.9901731385028617 0.49763122419566785 -2.9038710728469126
0.10966567129725234 0.4917264364220236 -0.28671240788722463
0.9656723158677437 0.5036073790666661 -5.734795799351165
1.187853573099674 0.5040088389791824 -5.880446705623115
2.202817484276486 0.504340609885386 -5.835448176691061
0.7981958045244725 0.5032833630908509 -5.614885736491491
2.3847721609491526 0.5066660472500851 -6.898926269656396
0.8676401046665883 0.4973797448752062 -2.809322897443069
1.8752122831266975 0.505693539769786 -6.540397078334555
2.318094239194255 0.505151726244542 -6.196085289197463
0.9021654818815533 0.5038224660586975 -5.849140131670978
0.684289923470949 0.5052927970626402 -6.587780006562242
0.8481042564245828 0.5000404960279468 -4.071445792957066
0.6603617531569785 0.5028414193151183 -5.433312791669934
2.0921667131058372 0.5029445583365112 -5.197282136561636
0.7187223793921783 0.49521078716518724 -1.813270675337474
1.9234626065180624 0.5042997182240507 -5.871678171884339
0.4802101718674089 0.5027516596293046 -5.426700918525447
0.6013408658245615 0.49913037491959833 -3.690144864788371
0.5368546085821536 0.4966627518230819 -2.5360629301350706
0.03275106026646917 0.4944653714099593 -1.597220842394429
1.4543134796744626 0.49918102098905204 -3.5444278954013964
1.7214599846314411 0.503064794685554 -5.32787863643787
0.12464256102461932 0.5014297272524649 -4.8723019478520015
0.25784432302545757 0.5015765239708756 -4.915224846522557
1.6294606120676332 0.5063378685746599 -6.893975430592466
0.055801029105787964 0.5064553688840856 -7.262560403269387
1.1339779641132646 0.5029224746120085 -5.377434693080735
0.09970573809103188 0.49863274967503546 -3.55460539563667
0.5196297396640722 0.4972305505956104 -2.807994329017397
1.2281769430200273 0.5002024857486048 -4.072447575086532
1.3079745657718822 0.4995229973468039 -3.735253003740393
1.1045531935894253 0.5034887629391811 -5.651078533113438
0.747416817160192 0.5058121589807434 -6.82082323719351
0.09973430689829067 0.5066996085368234 -7.369319498461434
2.4389847894096843 0.5066185934026619 -6.865702353004602
-0.3010930007929449 10.448533932375122 -6.627689910782913
-2.6203428125940214 10.046411722921416 -6.862858105894423
-0.6295835607802718 10.374480845458056 -6.6906127269456315
-0.9080223334803531 11.218168063290705 -5.173918461165828
-0.7267432436867417 11.304674784182048 -5.060143101462618
-0.270660914175076 10.215130465581531 -7.03800994388348
-0.7270949095663054 10.904848710736065 -5.752592300965976
-0.9801286914340047 11.090948730513295 -5.379925971506079
-1.4768294093030399 10.216292387319573 -6.796075340521772
-0.12202056580045821 10.035928687938547 -7.37796299824179
-0.9100175396533541 10.196291138066323 -6.943464539590197
-1.3037344338567594 10.427319703584997 -6.464996035743874
-0.29828250208965745 11.28532449967661 -5.178885015601476
-1.0257988431341534 9.920406551490935 -7.398280355012989
-1.2466081993565687 10.637204842414123 -6.112827398270538
-0.9738060121538983 10.403375048490417 -6.5720963154077445
-0.05348301481195883 10.702102707429964 -6.237748603285716
-1.4426578317563348 10.16151744587205 -6.897745489511689
-1.6017494541241486 10.401385916054227 -6.450635739737217
-2.0979948166080886 10.305274941374448 -6.518395400717133
-0.5379750468330555 10.531988867453837 -6.436022886460549
-0.05791369171286935 10.200382559166396 -7.105872170319967
-0.4246015428554046 9.864692106478696 -7.614366325462697
-0.7743020299466213 10.484486667541479 -6.471290707737958
-1.0109712274631428 10.0650586187403 -7.150684996696468
-1.2816979536300594 10.808531048134075 -5.809101878557243
-0.3265346712485937 10.851845909712983 -5.924072328701993
-0.35331030700795435 10.182828747724002 -7.077518162057526
-0.6857456624674788 10.385191489675792 -6.660889995984705
-1.5548361049532677 9.914374891928645 -7.303495326651487
-1.1954443442220162 10.062906130709882 -7.117719190865967
-2.625445462200967 10.026284578635673 -6.896704365044842
-1.1948565005910363 10.631008550661853 -6.133853755875426
-0.40969097503119695 11.459090940388055 -4.855752130668984
-0.11381061953840926 11.632597439106156 -4.614084353022328
-0.727357691580752 11.244930086636746 -5.163501743160805
-0.26072824056611205 10.033930946902666 -7.353832485184084
-1.0934200235924185 10.31075857376587 -6.708720040606097
-1.483467188513535 10.498981588346394 -6.305122889405704
-0.07264092787043522 11.593156456994803 -4.690587315396144
-0.9788666365263614 10.828508517184227 -5.834736844006796
-2.496409624013335 9.910705731451085 -7.122559675253077
-0.31398918272172704 10.73151646481194 -6.134984519630059
-0.1397650932615355 10.083124618577147 -7.2926876295296
-0.12988105664603297 11.243606980108304 -5.284639054238433
-0.13126955539572943 10.477031690096892 -6.612110361875124
-0.43609151578608085 10.141402763454028 -7.13280385514336
-1.8539943472185214 10.495947271487928 -6.2366759652840305
-1.1160928793030955 10.769994811067304 -5.908789540243782
-0.04303971601960638 11.680769533210372 -4.544725052763992
-0.32767026737421673 10.305597251422416 -6.869976979090975
-0.6207657061550997 10.083392179529437 -7.196547124083422
-0.8528262724468562 10.167903241352215 -7.004009887387676
-1.149732000651449 10.905173868354893 -5.667961274261877
-0.826333379066141 10.259556394343676 -6.8505317220684905
-2.3469818693525695 10.235406977594945 -6.589883618461611
-0.4654050627988891 10.10735434153722 -7.185946624898497
-0.3511473996923744 10.597644065902251 -6.35946710494845
-1.2167867866604847 10.833266234562991 -5.779170922315203
-1.3895732007926556 10.833253425253478 -5.7448237160691225
-0.6795845354053581 11.30766435652209 -5.064345470363046
-2.257720538017389 10.641637961240937 -5.904026305627915
-1.838796678239193 10.927199290374503 -5.492748748239748
-0.9691808123163966 11.272230547109775 -5.0681143612806645
-1.5341043484693029 11.748617076438006 -4.130618871411999
-0.35504974076792223 11.750491675540953 -4.361900141930067
-1.7277776627494559 10.699085000330673 -5.909937173462824
-0.9721758198387079 11.841007856860463 -4.082367756467546
-0.8023975432299949 11.816348442470831 -4.158850045687557
-1.5999199267893789 11.776905363131531 -4.068530626684802
-2.862122974263947 9.957016680810142 -6.969601813448719
-1.7085963688892696 10.839132819269164 -5.6711827090428315
-1.8877195067309094 10.813356424759423 -5.680198967963599
-1.962416052401787 11.288720667794685 -4.841986185437065
-2.151550968383514 10.498571163094988 -6.172943590990043
-1.4428377555134153 11.199692912244018 -5.0995371132988225
-1.636611736347082 11.209281860394656 -5.044384593627053
-0.467313914458368 11.603270953802841 -4.594563127644275
-1.5473168852821138 10.967588144512074 -5.48077206819299
-2.0416743565644278 10.710625488586047 -5.827510633118032
-1.7609317622187546 11.041918201713466 -5.309538103322882
-1.051031176345046 11.260985794333099 -5.071309813960052
-1.8205461340199653 11.355964301796377 -4.753736471142414
-0.8334897803739203 11.317389116900145 -5.016888032230002
-0.9073150056327258 11.777116956256606 -4.205931602189722
-2.789858785412074 10.04959828470695 -6.8236200445214195
-2.3634584531734695 10.311822061635418 -6.454251459922675
-2.5265480647787344 10.164289039462465 -6.677345573571964
-1.7136165734577395 10.684743805729822 -5.937593653972554
-0.6295456315759927 11.765181207783302 -4.281856593808582
-1.4666566711541351 10.909435380464219 -5.597539864302375
-1.7740509967350013 10.645122626262062 -5.994198391306967
-1.3916913615667403 11.830236570927102 -4.017577467740533
-1.534735119885919 10.879697708457588 -5.635505381631036
-1.1120467165964985 9.784147283391489 -7.606993937677602
-0.8197987126336668 9.800862138025279 -7.644208003167834
-0.39968296941963705 9.728499424209703 -7.794506136461587
-1.2104358283188592 9.759542328620412 -7.612103589919182
-1.4962440303047644 9.67216002423353 -7.595288356902838
-1.0270654472971468 9.707434393963993 -7.677674098654637
-2.2668258259658556 2.3548763550099094 -7.443983470808964
-1.785990334093363 3.6476021031166646 -7.539305289871194
-1.9626260465317735 1.6942605997033726 -7.504657409352067
-1.0905651623762849 3.2516271416133313 -7.677732887118765
-0.5758943600880029 6.350897855785268 -7.779334399137348
-0.27711232045788375 3.5566182982772663 -7.839462845749256
-1.5046185597511543 2.039245036328389 -7.5956748299488535
-0.3977447252543727 4.921195661742587 -7.815127195115604
-0.7122213669787317 5.180844835884841 -7.752509065605738
-0.3302834301144514 7.252682149417564 -7.8279645928744
-0.8154538005372504 2.970908109674859 -7.73252602118826
-1.1245543975462329 2.9277767768563954 -7.671052772347064
-0.24168840266384795 4.522000224804024 -7.8462683302709095
-1.6914187051794909 1.8449642933564738 -7.5585663818110564
-0.42615295684222937 5.750392796896875 -7.809269626569612
-1.932671029415065 2.6083741808415963 -7.510387847592352
-0.6382211022256301 2.641467947696692 -7.767862006584101
-1.6258869069150301 3.8225322133792683 -7.571108250425352
-1.860405360273744 4.21837108626409 -7.524360845256117
-0.737992094467636 5.142368266451396 -7.7473925395301455
-1.025931268526013 2.8537882089159727 -7.69068861006571
-0.6012858106024934 6.374849960253517 -7.774277745472405
-1.3234075777253567 3.368727403267464 -7.631388388252331
-0.8821327771276439 4.533672335343255 -7.718872957252081
-0.7887283457037934 6.686009568541837 -7.7369154542162555
-2.023946106845977 1.8338015842068154 -7.492425272710154
-2.278278058297185 1.740641571818492 -7.441858675916237
-0.1960252567627021 3.4054401899761575 -7.855629791075147
-0.32257316262729124 2.584345234246066 -7.830662609151237
-1.3691238721094938 2.7995343995707636 -7.622436805327132
-1.7147855418578668 3.761407632425976 -7.553440436261543
-0.17708775536402416 7.970000035432471 -7.858258235463244
-0.4578117719595311 6.19275053697154 -7.802861958988281
-1.584931950763401 4.860028372469117 -7.578995941948147
-2.416482887088783 1.2965988061589524 -7.4144787430779315
-0.6136349973541003 6.0916650721400725 -7.771891966679615
-2.951205876216587 1.2356337664989592 -7.308130803403207
-0.07736909035668182 3.480827500734526 -7.879213196158688
-0.04654081566266113 1.8687097746385348 -7.885747412859897
-0.11035485370665954 8.78268776441864 -7.87132955568332
-1.9724171254332978 1.3360827458107138 -7.502799174735128
-1.071814183211026 2.464414985507121 -7.68165903475773
-0.4656887632105304 4.814377676675962 -7.801638911079496
-0.6553173001726079 2.6507877082427362 -7.764459032760742
-0.16730069289011243 6.573316855949774 -7.860553357420342
-2.7041406193438275 1.879644867748913 -7.357114573246312
-0.018198142853956375 5.022876079146198 -7.890598435807994
-2.012081510362935 2.8194383203742475 -7.4945394593235966
-0.654547009632033 2.832515600062743 -7.764566927849385
-2.2111658384142236 2.9506027418386918 -7.454906361903912
-1.4960573021340162 2.237328055942879 -7.59732836743832
-1.2154403205660333 2.0195490809757195 -7.653200940587623
-2.1718515620718444 2.33939667359823 -7.462878910329533
-0.5781164488859044 3.036544653144781 -7.779719042514945
-0.41159433427231523 5.628411414877473 -7.812195943996464
-0.5268060242199043 7.76109772091953 -7.788746965060736
-1.6300772525834704 2.8604918843601346 -7.570514683802719
-1.142150575262142 3.991942221071842 -7.667287253353396
-0.7766443224355039 7.39026220946924 -7.739143468612433
-1.8844613181991698 1.756082187388918 -7.520189940297734
-1.5679949838766494 4.941011516660129 -7.58234471993063
-0.7179256646496236 2.8246192261422958 -7.751962083649465
-1.4653804570849835 1.9669801907660525 -7.603497807183734
-0.8473444675345966 7.263737992298751 -7.7251118751150125
-1.4162572724114517 3.1389352271656272 -7.612976726481216
-1.435998127422047 2.1948001805542434 -7.609285501643093
-2.7032089210311834 1.595506207111609 -7.357370767843463
-2.711862198790689 1.205441458789299 -7.35574680924695
-0.47541153068043496 5.151536422794967 -7.799620838043086
-1.0340681464646035 2.282457522802994 -7.689212580100488
-0.13054844186024994 7.712015718302376 -7.867579836566483
-0.2062907583985491 7.507713310298523 -7.852564690530794
-1.2534799275835788 4.916519485131115 -7.644911839186344
-0.7721811884368319 5.941302286986029 -7.740392632595309
-0.3052048315203346 6.845346288831396 -7.833054637481249
-1.4786028263089677 2.8634082119971986 -7.600644129850474
-0.8114736008481721 4.294829532689117 -7.7329875290489145
-1.4903359918278312 4.5586291600900655 -7.597887444069949
-0.7333840993237526 4.0394820957625885 -7.7485842027112035
-0.32634096556754133 5.281253402321401 -7.82924049998333
-0.5391127873756588 2.9648096367625376 -7.787495254301083
-1.6940571407104479 2.547615966791475 -7.557866312810695
-2.3199104323820885 2.238717971266594 -7.433453244700527
-0.057299563413043236 3.5872135675828134 -7.883178744001729
-0.3128286793045787 4.781324940517137 -7.832052953077475
-0.7941192427058386 7.247819890631391 -7.735703013674341
-1.896089141234057 3.5608079969509303 -7.5174268964607345
-1.1698318554215736 3.2789078850309727 -7.661958938160669
-0.24260915782189987 1.7743652174383535 -7.846770478077232
-0.916546461036618 5.857652215313473 -7.711697422953179
-2.6394796023260936 1.9573437548866326 -7.369957085720031
-1.2514617295461117 5.684653008779822 -7.645121701255203
-0.8895928924817803 6.654999987711328 -7.716859958211478
-2.3168853449591666 1.3606194073569324 -7.434273982483333
-0.17935168071287924 1.3149656911421932 -7.859467768429298
-0.9055272480687362 5.005907845925719 -7.714101720014405
-2.103678168803526 3.558686307106896 -7.476135350438612
-0.1683592087134943 3.980253352671036 -7.86098955065349
-0.6186557349568288 6.162642285400247 -7.770875575976566
-0.22782114574935025 7.800605234876979 -7.848208973759171
-0.039445278247095206 8.01196195446166 -7.885626593905422
-0.15074444056455066 4.275424619950619 -7.864419730416822
-1.1501844938975165 5.680650093889935 -7.665268018873798
-1.9358251055151665 1.1287720682373692 -7.510129495016356
-0.6397525989790268 4.488531438804929 -7.767096689760452
-0.16861733943440776 2.711058764947355 -7.861254759625868
-1.1332910533860727 4.679245707335455 -7.668878101113121
-0.888115636910735 6.906576189819369 -7.717091056438707
-1.769439572878853 1.6821083373731174 -7.543087665907792
-0.2568402396725244 1.6988651014155833 -7.843958567206642
-0.8365799608392709 7.072560196893669 -7.727300753580641
-1.6470142494961002 3.8344819230043172 -7.566902775157962
-0.32641974471413304 7.897761149689457 -7.828572237125815
-1.3686699125656803 2.1899622933326066 -7.622679139195641
-0.34786520493256057 4.98245771887762 -7.825033581076996
-0.010252745148927048 6.429768203559181 -7.891827977529913
-1.8126572494971365 1.5352083261641618 -7.534527763935174
-0.6233373665690927 1.7316558394535955 -7.771049488823689
-0.3170924423016535 5.425669147615724 -7.831044128626116
-2.751818843915149 1.14202438542987 -7.347814745776327
-0.2688013048847358 5.722622097174931 -7.840575780678093
-0.7172943757643773 1.2179661350615014 -7.752488376146611
-0.24899106425894935 6.5910056868987414 -7.844299700635748
-2.218515827901294 1.3107810896248056 -7.453853350183179
-0.018613590621052545 4.964636732471781 -7.890530323695272
-0.9070792514131732 3.682877721941439 -7.714122988723186
-1.4775834815372393 1.291894156745746 -7.601238847402241
-0.8584074107428569 4.854068136403033 -7.723512320714287
-2.1340604125988243 2.886077353053594 -7.4702596968793955
-0.27660340610939654 7.4670219532739655 -7.838588767264972
-0.956663529543482 2.898968356200053 -7.704455568244109
-2.471891967387837 1.7883067423696355 -7.403334539658845
-1.3998645644231842 7.821875311255097 -7.615069724121509
-1.5169541517524971 5.5981069058748805 -7.59233352662709
-1.613294472175738 7.385926841554486 -7.572724577360509
-2.68636909620126 6.114351089183674 -7.359593877784853
-0.8671713766060277 9.098083078574078 -7.720710782442134
-2.527305911672466 9.389834992905962 -7.390416959326364
-2.656475207476451 2.3682024787227594 -7.366474002957006
-3.000744746727484 5.368439591128122 -7.297246655967243
-1.8570125373256425 5.408988702842577 -7.524738893139954
-1.7628844504931875 9.173801029177248 -7.542523605382899
-1.4198965123223366 9.071561815979761 -7.610773594256223
-2.8457062824955366 3.3543553239701143 -7.328587789664775
-2.805057815025305 2.46670400992678 -7.336894547283547
-1.7157858794510588 7.908207633504995 -7.552207583492787
-1.614094860819829 7.765978359320916 -7.572470628515299
-2.9932533932023935 4.739094936623483 -7.298893665113603
-1.5606133404269407 8.177689163706312 -7.583006124017672
-2.7330795549983535 2.2072324507260115 -7.351276587608586
-0.8666312469157471 9.586820147483202 -7.7206963852645085
-0.7204029735754941 8.598658820108783 -7.7500293152680815
-1.4353016071697122 9.663708493832997 -7.607561717985037
-2.7908260566467153 1.9496347422077878 -7.339854316769156
-2.9413489031088154 1.6886658067790434 -7.309978534971315
-1.294183459779476 8.82222754535606 -7.635841615896542
-1.481023115140359 9.299267948356349 -7.598558000161589
-1.0343969821077503 8.706718212812238 -7.687545123241138
-2.5118205398660227 5.081091857024301 -7.3945713012609104
-1.4435449440202521 6.2109363307017205 -7.606782747055135
-1.6893614628770481 7.940515527019073 -7.557455669686346
-1.8891430476122686 6.394119248240273 -7.518102161274214
-1.6009132661093366 8.429862767698783 -7.574927111689964
-0.7760545652555381 8.818446533290317 -7.738904741905371
-1.5550604346348547 6.727043941660849 -7.58447229137034
-1.1895604845246375 7.171351001257275 -7.657063948510981
-0.33482988516497264 9.65349710860535 -7.82646156824613
-2.5776867876787923 4.167980486400523 -7.381697324208336
-2.8785716106480947 5.286467700050543 -7.321568823670113
-2.103862393563141 5.931978898227589 -7.475507058745883
-1.9581819909294762 6.629736550874256 -7.504310733591002
-2.5451925915666562 7.873794634103797 -7.387237008114387
-0.11476070043975468 9.48092471575297 -7.87027904459878
-1.1136375572011037 9.65320231690454 -7.671547256493817
-0.6222665614067081 9.421019430027242 -7.769344846220189
-2.326996652256657 8.29270380846768 -7.430534424596717
-2.9043386098074815 9.337481486606293 -7.315433588586106
-2.687742022299675 8.288200814473853 -7.358778874420048
-0.6703332721430483 8.746689925087322 -7.759951889997895
-1.8632580472196176 4.813038095551321 -7.523645147207903
-1.8591274598739458 9.05487921637203 -7.523409337589986
-0.7197967074155911 8.690992165888783 -7.750126891569862
-2.1581673499946232 8.223063636385287 -7.46413400109217
-2.0386707935082655 6.874450258921383 -7.488239521044653
-1.2531642925810067 7.11370326924197 -7.644426742839091
-2.6534949979025257 7.8927973363299255 -7.365689595827229
-2.9786491790095764 6.694596894631892 -7.301311141816226
-1.5472867507930264 8.682605913804842 -7.585531076961278
-2.9407663950273233 6.543227590091376 -7.308884225894953
-1.3597651406465188 8.133769551143155 -7.622968239624767
-2.335600816838916 8.836517283503847 -7.428687385475336
-2.5197741303933245 3.2859389503829446 -7.393436742200475
-2.605988307596735 4.842712612809851 -7.375899603584566
-1.9944535257181037 8.947973346987297 -7.496517975742019
-2.0409634155826857 8.779537642623092 -7.487308577728262
-2.920284149317795 9.037029709267294 -7.312336724061437
-2.9411002455572883 1.465064674042913 -7.31008373676403
-2.995389354815053 4.2707490584247445 -7.298585548525183
-2.2837188158439687 4.9802284299391655 -7.439968671984429
-2.4428576052224726 5.0416985455996794 -7.4082986938816955
-2.3857518506651902 9.124379980365045 -7.4186399702642865
-1.6023017795149694 9.300364547997532 -7.574433914961002
-1.2862083303181298 7.677843065904726 -7.6377132465149185
-0.8602934258613328 8.087522376922374 -7.722330810304006
-2.133390511679835 9.654743509237179 -7.468705519144926
-2.315884226384859 7.365323899352093 -7.4329760055729075
-2.7079627309917216 7.908884245808135 -7.354851286314002
-2.8441402187767304 4.882197806874 -7.328518428304364
-1.7401245858657497 8.505448204601079 -7.547217432617803
-0.6305381226501682 8.791264423308652 -7.767856520841388
-2.7137046412870043 5.902923093457616 -7.35420920920667
-2.788680424576281 8.790920410624215 -7.338575668612102
-0.432668342736262 9.529482821555998 -7.807031215751631
-0.8303414407322163 7.855064633588481 -7.728346575608972
-1.478216503729554 5.786344871336742 -7.59999199410198
-2.5352684900990656 8.536983208760212 -7.389045709445442
-0.8438060212000202 7.9672514622610375 -7.725640338962199
-1.4362658505075763 8.126504084169024 -7.607753122593284
-2.570276715792609 7.139441764643585 -7.382430532871403
-1.900038391372365 8.498766939200262 -7.5154102835385626
-1.8454709568827805 9.32904639220711 -7.52605743711182
-2.0102150566866843 5.3078408517659605 -7.494290250330028
-3.008389868645791 7.513665992674052 -7.295191171438772
-1.9862134874109671 6.916968438763336 -7.498663322542502
-2.419812419529157 5.257575519083261 -7.412828848355587
-2.7831052093527404 4.11049156262179 -7.340851415274445
-2.247878474883046 7.92760059756931 -7.446363014488121
-1.1350607169255187 7.59514175315555 -7.66779897448602
-2.259459813290317 6.229526451587421 -7.444482651508153
-1.053295092322115 7.790629611261945 -7.684014426232597
-1.1647243381708778 7.802196400175023 -7.66184690094039
-1.2382699850322043 7.799759499497941 -7.647218378438074
-2.7978428796945245 3.914196193128922 -7.337968845928123
-2.9460653774784484 4.515125888452591 -7.308335771902701
-2.461301104611048 4.112325491517241 -7.404861736170374
-1.888256103165263 8.28408015413999 -7.517807443511852
-2.7832363297492297 5.7560814259943776 -7.340415110364529
-1.6452910616445913 9.06683536679962 -7.565941035877843
-2.7656061213357193 4.265686403789859 -7.3442935102296
-1.4534780442724162 6.063815263049879 -7.60484360705553
-2.1568569720560804 3.605509643489281 -7.465545745523278
-2.4663578397772197 4.263742064314194 -7.4038181434896275
-0.9321606356754898 9.170100027426324 -7.7077656699300725
-1.9147023887921126 7.05398802685105 -7.512853598822223
-2.018674813718583 4.05589529096262 -7.492919594254539
-0.36486468869910893 9.324520726658443 -7.820569287334855
-2.251803333557058 7.768895657909749 -7.445621875034464
-2.6210670372655636 9.324179975834117 -7.371783089921374
-2.33006575106685 6.199551870443302 -7.430445737923986
-1.9494414979603714 6.814055367201904 -7.506003376495007
-0.5588106054401913 8.682172893214544 -7.782151197626841
-1.049411308723175 8.597592938679664 -7.684585793239037
-2.33939660758614 6.416195246236291 -7.428535709988113
-2.167129133443413 5.178631116198195 -7.463110328743875
-2.924239657128513 3.320822706526734 -7.312974898760854
-1.1556314457793029 8.076397620102707 -7.663587233929574
-1.7915651821083993 7.397975739267392 -7.53726134596713
-2.527976191070624 3.226274782886174 -7.391820125344158
-2.943341047326796 3.4983389112457566 -7.3091311458796415
-2.7241370703048613 2.934406174702367 -7.352874082701307
-2.839350609082243 9.667815047809926 -7.328278150218433
-1.8978802802653039 6.7043665404589685 -7.516286878196865
-2.9993158542846885 8.201120423884428 -7.296824730879792
-2.7367971664090978 6.1430436569435205 -7.34955596427743
-2.323032503312806 0.8607771925638005 -7.381008304501537
-2.437061128651507 0.8679132760772054 -7.3599780911424
-1.8855090999806727 0.8440909744968 -7.464175479786964
-0.01870176793167531 0.931401087748452 -7.855712935393011
-2.2356202335621838 1.064576512700055 -7.4455607101591355
-1.4312619658724195 0.9666190773713921 -7.582887570427474
-1.7686180901220927 0.9476260699131908 -7.51138766025542
-1.9325698535308686 0.9194713676975024 -7.4722597867879355
-2.084792114093786 0.679846745704674 -7.3040629906208885
-0.8189021125617708 0.6672147246198125 -7.54573877915362
-0.06687378120485703 0.7760173433055678 -7.782545031783363
-2.2098557432978794 0.6336560345955751 -7.242158923607953
-0.9547348214751554 0.7696686467364969 -7.600848861346705
-2.9377798312608263 0.6540157528077563 -7.113686343378574
-2.7631548427361547 0.7367813511451756 -7.2147683074281845
-2.513173738854895 0.6616597556137154 -7.204273409697102
-0.2346180755064628 0.5879760116411914 -7.556216061453518
-0.5448620994231903 0.5502633911554229 -7.417267423991543
-0.15536628796978652 0.5214582214713649 -7.435748640903147
-0.42577979840704805 0.5357759170971346 -7.411283343659457
-1.930222628007807 0.5857564515707561 -7.214392974806116
-2.445802017004294 0.5991988985672031 -7.139368212413019
-1.928323514849711 0.5541238758642577 -7.149986055629624
-2.8439088461756055 0.5566546524948409 -6.973047452291451
-1.9592477055602209 0.5049087394883177 -6.152559194289467
-0.11160829560894218 0.5013999520056789 -4.860814533552336
-1.4310486027121587 0.5050200830246654 -6.310277589417867
-0.10721105597508833 0.5032370775424302 -5.730443646176242
-2.030411833587036 0.5051557021221814 -6.255189405065201
-0.26684197265897364 0.4929829565279557 -0.8496412603492027
-0.6569255226113365 0.5061641048610293 -7.005254406239208
-0.7641802671941282 0.4954550596970909 -1.9197421655883609
-0.6163602377667486 0.4962600717456262 -2.3298258728110834
-1.6555886288605803 0.501566856982198 -4.63262495043369
-0.8097924089420998 0.5043639963388438 -6.123597729283153
-0.29159510624918195 0.5059258348780294 -6.965248185283462
-1.0996548189413742 0.4985552212932364 -3.319041020216557
-0.7838965691428545 0.49722439516277717 -2.752517689605456
-0.06945476925362379 0.5011139348099989 -4.7339453226723505
-1.2451111769733008 0.5017998835109424 -4.824469457640693
-1.931311731393905 0.5034992509104004 -5.491585906491463
-2.0272474370967815 0.5046592226179683 -6.02103969018177
-1.9622704299015719 0.5025404353882541 -5.032015571734457
-1.531608288043336 0.5003278566014853 -4.071377890429305
-0.5759182645313935 0.5043683208764476 -6.172163232445278
-1.1503791014738356 0.49794117232202195 -3.018574996588977
-1.1831996005257426 0.49803281984244496 -3.0553855943105126
-0.7681914187908435 0.5036835452070441 -5.810095574232028
-2.190223776290218 0.5032155102522039 -5.305907548947967
-0.9734360323061504 0.5042697040690529 -6.04645729948153
-0.1557518483328078 0.5035534436578936 -5.870393987361344
-1.8349627252814027 0.5022078811635857 -4.900077789861453
-1.977275675889674 0.5030403457985718 -5.265432428104849
-1.9226434493408757 0.5067103789656914 -7.011813755557693
-1.6003278427776986 0.5055566834020018 -6.530357667604577
-1.9232211552108727 0.5044183542554208 -5.927828078501703
-0.5552820542979297 0.5063138124727197 -7.09626747756919
-0.815280989445975 0.49644824537689825 -2.379243090873875
-0.40215545791162444 0.49482793109972045 -1.695191882581558
-1.200487993682113 0.5014654246694958 -4.675184023903363
-0.6964441506941311 0.4967186884994913 -2.530770500678292
-2.831055463897638 0.5067384481488525 -6.8443928633525815
-0.49822387207803887 0.5030311630725312 -5.5552918622919165
-0.3284446640684449 0.496299567490122 -2.4057729280241453
-0.12128630375281396 0.5061586559429211 -7.109222994009778
-0.8046807690872868 0.5039998108923625 -5.95239560521543
-1.2204040119144761 0.5007056489589844 -4.311933735453558
-0.19692370640703888 0.5029221074538575 -5.563653136673757
-0.517680752591211 0.5022873980965157 -5.199704184754092
-1.4542353407455078 0.504070752851957 -5.856738701472584
-1.3490680484000712 0.5027798474838692 -5.267204250942541
-0.8280887292777467 0.5030379149658566 -5.492870520434451
-0.48946274897085956 0.4973129683734915 -2.8529694454641628
-0.30261446176368384 0.5049990520586795 -6.524791912039081
-0.4150224983114199 0.5052140923901185 -6.60412252474267
-1.101467380876391 0.5035486290500386 -5.680002613536547
-1.9303130066210963 0.5033998308763181 -5.444770033630841
-2.2926400269228884 0.5062544996579057 -6.722637014809386
-0.12004439401098939 0.5062851788897764 -7.169301196645069
-1.432326597076294 0.5062527392170182 -6.892931585183433
-2.4384432658624418 0.5050848109339219 -6.1405032831775435
-0.07677149248430663 0.49211061148026053 -0.47492722501511053
-0.2230279826809056 0.5029380453088655 -5.565997489706985
-0.987244149864149 0.5058401042487367 -6.786333944305905
-1.2153357983613917 0.49785233711416854 -2.9636452047918627
-0.3950940824848944 0.5022599464352926 -5.2111066424198444
-0.9767875916687259 0.49774489052442134 -2.960285222898258
-1.145859984185998 0.4990592276576961 -3.548188751038517
-2.0686831555010623 0.5042517162909053 -5.8200927960543405
-0.770939482014799 0.49964985122815037 -3.9020638538706245
-0.7909527361683483 0.5032825967464494 -5.615964386908412
-1.1947212898180424 0.5053830095315363 -6.52890959244726
-0.23652822371564866 0.49570709611557146 -2.1438837061151474
-2.716435168511514 0.5067813415269222 -6.8874760280975496
-0.21858009896427466 0.5048990129750722 -6.49420012125735
-0.5069688732359748 0.5065578342248604 -7.221272506533852
-0.23581618317858033 0.49580080538039983 -2.1883393178035577
-0.01720448790210924 0.49325940375985017 -1.0300258192239928
-0.05072881544524044 0.4981661986216595 -3.3437213567176154
-1.921937225308831 0.5023808448349509 -4.964569906261908
-1.700445681594843 0.5024123880915128 -5.023543758838966
-0.37274829998634507 0.4982021941589356 -3.2966895227747504
-0.4869780422134237 0.4992641801502216 -3.776168134515199
-1.2208108872090715 0.5066894026931764 -7.1414975721432175
-1.431254510747146 0.5005384713480079 -4.190936673554368
-0.2982165309623322 0.5051222052592219 -6.583904374314942
-0.7478721224284236 0.5043811703187471 -6.144035813242914
-0.8809378324379401 0.49985932042179915 -3.979239259491701
-2.004067111198023 0.5065697955886124 -6.929137395884188
-0.1689950247976308 0.49560828167345894 -2.1105887463673243
-0.6079488073964295 0.4972646150243993 -2.806535378019426
-2.6774837645779748 0.5059862866343389 -6.519252104953485
-1.3587368311278578 0.5033857764199974 -5.551817474947749
-1.068758707361654 0.5038342179727215 -5.821560323709449
-0.4381708155507552 0.49941691880229927 -3.8581047613271
-0.09814074877693382 0.49934940747644957 -3.8938156892634384
-1.6388160490237946 0.5022445507148321 -4.956434395233944
-0.8401809370874088 0.49760188527666277 -2.919832536691525
-0.2821992263535168 0.5001014989652282 -4.212859133247804
-1.4355461650000083 0.4995863086992513 -3.739816809559736
-1.2456739635704446 0.5047548556552848 -6.221728099962515
-0.5889129711558535 0.4943902422047297 -1.4510657012786898
-0.34044881936792804 0.4930420367780171 -0.8629382770192581
-0.2514738795206053 0.5053965549270515 -6.722938709890286
-1.5181370358590924 0.49972079685019394 -3.7869862761678412
-1.6238827202406936 0.5027776224357398 -5.211487989893712
-1.8078770461796037 0.5019765319961104 -4.796063245747221
-1.895780504655603 0.5040167485425162 -5.743371881499389
-1.140065119087807 0.4974660005425655 -2.795923588758486
-0.8648710935098068 0.502310981614515 -5.141796060026808
-3.5470402638118226 10.205513158348882 -6.014995514976904
-2.5852051643798237 10.663613722740333 -5.72173204460407
-3.8872716468362505 10.324878554889349 -5.543784922059385
-4.0797922090244185 9.997796510634817 -6.083405913311726
-2.5251535188830627 11.267400155025216 -4.528264842364236
-3.4749528380979946 10.403900895108114 -5.657838079289825
-3.2839218104638332 9.898641706091402 -6.817773302947531
-4.130797620958806 10.47230110295345 -5.079867560539352
-3.676848419813772 10.129600380238958 -6.0833572355907455
-3.175233141782932 10.63264076765077 -5.390767734182607
-2.7252253551540866 10.891091374216233 -5.163415079040952
-5.196816113541715 9.88390671051007 -5.569720313226048
-4.399294381529538 9.992234912409067 -5.881283777421858
-2.9350553757146924 9.900340890471014 -7.047407330611424
-3.694315536755205 10.219974628626094 -5.887042958176249
-2.8947825166771417 10.8806877167528 -5.071376003593189
-4.720875213474873 10.198787619551075 -5.244403229266297
-3.5306845921507892 10.036196748724304 -6.371853413390706
-3.3313927114699937 10.487997536376243 -5.581944749435931
-2.7796347144097533 10.980724426308662 -4.943931062989833
-3.5885821303988363 10.47885076450006 -5.428783604873212
-3.5867098973975953 10.262630053511227 -5.871793860334938
-4.0441949798079 10.26879500013995 -5.553515850121238
-3.1502515559068023 10.506312120021622 -5.66556125269232
-4.043234069549332 10.323495947090375 -5.442398727354428
-3.3329512380959168 10.124658595321392 -6.323239032519787
-3.402652084306103 10.846686459994581 -4.801495415846945
-2.7110720970171553 10.625847131368687 -5.714790961964866
-3.941156363815063 10.298428308988306 -5.561820566898264
-3.7061814774751527 10.053711800968745 -6.218804980423521
-2.260682817730087 11.32378821063514 -4.589772805320113
-3.8628905838701773 10.144691301425475 -5.9282153848094685
-3.058426025541885 10.953608942373618 -4.813047733415847
-3.065660798822394 9.812361974739659 -7.139888588193996
-2.987877694399324 11.038511853497003 -4.6867220870192074
-4.467920052197412 10.343463708790935 -5.117835973507782
-2.249955692064003 11.11423110414068 -5.025085352891145
-2.408038579878836 11.031958261656097 -5.087548669622704
-4.522189850148993 10.269997039279929 -5.2316732942332465
-3.164306173660362 10.980897291194065 -4.686548056363151
-2.8320695739818387 10.412017913970644 -6.070816071561447
-3.370838612067261 10.103065435511358 -6.342040300054121
-3.2384723245099316 10.350114059929208 -5.925741228186759
-3.3076719846375044 10.426701138028111 -5.723028779865401
-3.560665294658731 9.85429817496181 -6.723456812838731
-3.5635800540218705 10.04918456904067 -6.323337979732779
-4.699434867743556 10.056914304454901 -5.548589780397526
-3.7068904304107893 10.162620718234237 -5.995820102002872
-3.911301914267429 10.087127937906763 -6.013475265967967
-4.3273472906247035 10.032256893759538 -5.847588718919569
-2.922943489328754 10.031443182657725 -6.7876459281882635
-4.787004989667161 10.059196819781729 -5.485413770871438
-3.4091082142706535 10.40811455711406 -5.693225240764354
-4.211818153562667 10.345519728887208 -5.284757531990861
-2.9922042163336653 10.094884573320813 -6.611750553097883
-3.252761992127746 10.784955926150882 -5.027770289472115
-2.1001266675568084 11.344463049210695 -4.654812593899925
-3.0492935076373078 11.041313289460861 -4.6399616632790694
-3.625200347553542 9.916909827202373 -6.552414273015941
-2.9420501968013233 10.54105037249178 -5.73370374493521
-4.166425595536149 10.465325678040534 -5.070313105424295
-2.521174949690072 11.593793742593057 -3.8640708989286012
-4.331056858498145 10.676008884426826 -4.529864695794625
-3.323819159073972 11.381455554789156 -3.761587355762885
-3.337187842596352 11.272556795806878 -3.97514485567482
-2.568886969958511 11.663066078746157 -3.6906609813967624
-2.785155361410774 11.686395136134824 -3.498491583429634
-3.4626783238711702 11.2408102687665 -3.956155828389487
-4.002502680850643 10.830041167053817 -4.434695575842289
-3.900277971848358 10.98749403664737 -4.181309292565075
-4.833068736023517 10.227737744660876 -5.110290056970438
-2.606120732094481 11.437401791170645 -4.1268350441432835
-3.415183001102821 11.171336166763751 -4.129833179384573
-2.293781752942137 11.549396909160116 -4.1067170604740255
-3.179345679470983 11.589647635860334 -3.4327659399680712
-3.943519177266815 10.632945196134884 -4.8767922949543046
-3.863359153660718 10.950608867197985 -4.2813374613778565
-2.223961567443742 11.671501495935713 -3.903898546771517
-3.183840517292918 11.393299074622911 -3.830920740041001
-4.755017765732573 10.227953711471459 -5.162000833361182
-4.487197419453114 10.485221194038026 -4.815331643538054
-3.966896485969903 10.846447096760983 -4.42496806404441
-3.105617834779798 11.3169188965448 -4.039239214552443
-2.2855703647859062 11.751524158523711 -3.6992391902155966
-3.9080976180086684 10.733198915008142 -4.6956326741656245
-5.355311905333858 9.933133937490155 -5.36324081118195
-4.208111750424875 10.631634788614388 -4.702674386655885
-2.8785659003211936 11.712745803111172 -3.3822397919476668
-4.2408796436594765 10.755718126173736 -4.427265907123063
-3.4716360152187615 11.3185404714556 -3.7913605395304195
-2.831304095174385 11.3338558698434 -4.18792609171784
-5.175977337946157 9.992130236693724 -5.362533535182242
-2.8551924536188964 11.467688686893212 -3.8985316479066388
-4.662090885715636 10.375004491597323 -4.923654361142519
-3.2212045113601984 9.79323378899746 -7.068230312635118
-3.918430370378208 9.798384656003595 -6.594754749398292
-4.148613043171111 9.746356257796322 -6.501670148793645
-3.6439590587336186 9.764221698044885 -6.824523152662793
-4.1708460063122414 9.674638407524466 -6.522543871627858
-4.90018546840886 9.704532438315873 -6.024278198986293
-5.056460399346994 2.534800939843751 -5.933977728150756
-3.6435136797792795 6.209729796609226 -6.876997853339748
-4.098318722628627 5.2640409437634315 -6.573384917720478
-3.413796042742071 1.701386659438947 -7.031816496762959
-3.1747720685373064 1.951091773223856 -7.1914538123234255
-3.8638921064445078 2.7910735123792167 -6.730751276142668
-3.743060225348609 4.347380640558412 -6.811030783053931
-5.533496474732233 1.121405031851875 -5.615648066890694
-3.54105152665632 5.232494023427038 -6.9457483622302245
-3.125381118813695 5.9358931574520275 -7.223283633549549
-4.065825583852877 3.6737800054731564 -6.595563937001158
-4.668436865633213 2.1597378292825122 -6.193357182439081
-3.348052483826408 5.799847395102356 -7.074539351910007
-4.5972310752973105 4.237765959838855 -6.240324114902306
-3.1919102766797676 2.787856364511562 -7.179756281430686
-4.057688536478966 4.147382565798502 -6.600861625358528
-3.9308117356031533 3.682754383407235 -6.685774697510705
-3.785507232136292 3.786181487867367 -6.782833672204543
-5.17950880291598 2.1916965069902004 -5.851860312506623
-4.333215098158076 1.3258741616091763 -6.417590572887538
-3.3010862354293513 2.730301572848094 -7.10682414309853
-3.881723693552924 6.538795762070665 -6.717734157853931
-3.2097022604532475 4.328624161623841 -7.167414822154947
-3.5772543241455663 3.419491593907973 -6.922091730073658
-3.0404398540717703 3.7564130123618757 -7.280680706817052
-3.7504517604657934 3.073381672078355 -6.806466674542931
-3.460494611600242 5.140115442184983 -6.999601964663523
-4.491649083868988 1.993813437709075 -6.311531850750846
-3.9373288357819485 4.940300524843848 -6.681050189579193
-4.968995365762634 1.8363076471330606 -5.992625483886739
-3.759623317780417 2.9879072458895792 -6.800363576875839
-3.1293294105608838 4.294807981847494 -7.221128209441103
-5.0549816472294395 1.7533316133361567 -5.935195675794665
-3.859390858579027 2.1875670774308285 -6.733936442078644
-3.7488098286829246 6.884912165184412 -6.806442580271294
-4.143180468398562 4.309646482656546 -6.543689991495016
-4.702352086959756 3.1107583106806405 -6.17041599638333
-4.738412879678014 3.1421563992793375 -6.146311700643166
-3.870671652559996 2.1780591381844476 -6.726401650768031
-4.8367045106898034 3.57529189823686 -6.080507898834075
-3.0993737219469146 3.2639150984120198 -7.241447214643694
-4.126865074500828 5.857239642032316 -6.554136353506719
-3.122277942099868 6.995102825699692 -7.22504553393388
-4.576786907040081 4.061089130499502 -6.254036447314453
-3.028282201834031 9.46600286136333 -7.287124662309978
-4.051484215892393 3.982189619167377 -6.60505581436613
-3.0341238360987908 7.807306057165672 -7.283709327369821
-4.741425208921846 2.172902006173973 -6.144584041408278
-3.494905634750138 4.52880959586218 -6.976789067638098
-3.1071330776625494 9.194089415269394 -7.234518159245405
-3.6116869237920586 4.54158010180546 -6.898754521450199
-3.194050603908158 2.352247958796744 -7.178454298410858
-3.4413061788271833 5.037206360659103 -7.012453541666944
-4.114221910456207 5.099124908003085 -6.562807255305735
-3.1509964193504314 9.224323065202817 -7.205200707691032
-4.432623227923664 1.5834518569426193 -6.351092392222267
-3.8542764478317277 2.5245984523675844 -6.737254642242881
-4.817757928743194 3.5998357341787846 -6.093160384723008
-3.7534875976467124 1.5915240830412216 -6.804874094966815
-3.1311312735307304 1.5241482678249503 -7.220739258911635
-3.5966939112889342 7.206531301901713 -6.907988614531456
-3.1749592763787433 4.487545414013143 -7.190582601739498
-3.146474680760978 3.663476765735598 -7.209857814347701
-3.760914036871295 4.440559004108935 -6.7990738341523755
-3.478946963580942 4.614840941591865 -6.987427007540383
-3.023957166977897 8.836284887367743 -7.290199796813267
-4.333331549343548 5.2414020527711696 -6.416360972437066
-4.077973619836786 1.9932327620704682 -6.587941225210551
-3.4659818357337344 2.0953317387472525 -6.996831169891082
-3.8197627162076815 2.682823439770684 -6.760269444997443
-3.559170576072481 5.40351600577205 -6.933591288523048
-3.4191696877613453 2.334235542782391 -7.0280397821198175
-4.045024237076117 1.398217210949898 -6.6101323360678546
-3.6414502132100823 2.3241412553057432 -6.87951960137902
-3.971032749555609 1.7839864884119316 -6.659458406760205
-3.051633427689328 5.75603826862075 -7.272613188436202
-3.6516048387712123 2.1673193671870954 -6.872780625825809
-5.238279106839291 2.0877645247375445 -5.812621809899552
-5.060196631525787 2.3596893890775616 -5.931532767508272
-4.444502027911511 2.1472172168567294 -6.342989392073784
-4.402763195210472 2.6881512589014904 -6.370719277140392
-3.0390641782769805 8.627153175768408 -7.280167129197549
-3.8922265625409906 1.496238747393806 -6.712199679430431
-4.56656808702353 2.182311632275951 -6.261417107405142
-3.772335294889702 4.910617223191367 -6.791304118737224
-3.23654321170909 3.6354169147324673 -7.149684179290723
-3.680701640684216 4.567738824681737 -6.8526326511396025
-4.103626681539308 5.254611957914687 -6.569841025366348
-3.1495159027890054 8.71133217924745 -7.206340858780767
-4.4873531394215185 1.3905604464123322 -6.314579762728305
-3.7058001755080516 2.7277919663898835 -6.83640357861392
-3.276010307282627 5.364804902711909 -7.122804383883923
-5.039570048894241 2.8245518477666423 -5.945178270392214
-4.0133948773713595 1.8400244261858887 -6.631136444013169
-3.1782152975557065 3.84184472090684 -7.188596936268242
-3.416739041397316 6.8298552886097195 -7.028341458824595
-4.814716752472409 1.8408684510168047 -6.0957098516059585
-3.333114615317613 4.344624111534687 -7.084948587934173
-5.064072978016643 2.1063067743447244 -5.929017209630319
-3.3727240439069863 7.682798472867449 -7.057500448612238
-3.7796707081498635 4.716346878289925 -6.786459897094589
-4.929260074285614 1.3153530085945968 -6.0193290098240695
-3.0241680948644394 7.621999855504967 -7.290416052890246
-3.685596235379069 1.7552065816769953 -6.850189519831872
-3.5069285856110324 1.4393838265445629 -6.969664370267013
-4.687042497611107 1.6933961328247364 -6.181062471209032
-3.1017639272499866 5.448838015350303 -7.239207413854729
-3.131605438510111 6.290167488569146 -7.219020461449573
-4.347470390214637 3.9517087952869123 -6.407293073425526
-4.8559908993495045 3.1138909229986043 -6.06775686701366
-4.236247135411482 4.424477065461115 -6.481471032676553
-4.0889504293767995 4.4214916599433325 -6.579892457293157
-4.230756412796199 2.50389334752699 -6.485704775695668
-3.820987477835115 3.209271856995668 -6.759296225287821
-3.8980267406241182 4.1288405234493295 -6.707549717839515
-3.194672043340884 4.8212101667009035 -7.177312796708233
-4.794350156986373 3.2092155502924737 -6.10891586786703
-3.625448752893165 1.5130823896083294 -6.890450019808781
-4.960058479188021 2.0400724096663803 -5.998536983282836
-3.2775091738822963 4.10805607591924 -7.122172557662489
-4.607629737414714 3.0447186295051054 -6.233726894969875
-4.511134839501834 2.2039886349989857 -6.298450055534532
-4.674799624554353 2.2464200946007127 -6.18908022295713
-3.2173221077194256 3.0599499301296578 -7.162696593967823
-3.5096411649709855 2.361491986045922 -6.9675806350650245
-3.0818033051520994 1.806361094145935 -7.253616149407869
-3.2805232417000756 2.8399330270470062 -7.120531651841921
-5.046712696986432 1.156409204251763 -5.940896404089003
-3.7685161202839756 5.0152302010954335 -6.793825237590711
-4.399162275185684 4.33215747337058 -6.3726417355525715
-4.728738608651678 3.886848189649561 -6.152556785854708
-3.1925380302720425 2.9528575808273985 -7.17928829304899
-4.875245623526624 9.355244152605383 -6.0530543616425305
-5.208370127971424 4.229293843705932 -5.831976101440594
-5.155877937399312 9.41671935127109 -5.865523534467197
-4.161683595980452 8.736073179584151 -6.530024050741331
-4.4990797962817926 8.577448472369635 -6.304629543465263
-5.225246405704168 5.356167087086912 -5.820368057778559
-5.268477117350005 7.066982734116619 -5.790978657562118
-5.345704245498686 2.4725617483544546 -5.740729314915761
-4.669011854374095 5.820528538657259 -6.191895860474986
-4.651594011523877 6.485163216498719 -6.203338488531086
-4.543906958010375 5.151020894884391 -6.275685426346761
-5.244559438945276 4.068951767586891 -5.8078423410359585
-4.4711184682185126 7.914344659880802 -6.323507892462864
-4.796502652281605 7.314429739256122 -6.106269448045653
-3.8167180778292638 9.104247185822098 -6.760414545604506
-4.83253373948824 9.5773276585324 -6.081528199270446
-4.986761163683904 8.358453582056049 -5.978835350204385
-3.5755045313942695 8.702574644517695 -6.921706691230739
-4.725242722571837 7.491458688837716 -6.153831762468043
-5.101429091301036 9.321504110109199 -5.901933156132625
-3.9241537764026875 8.962220931193475 -6.688670025283203
-4.199942066193575 5.853138732772046 -6.505309036639797
-4.653692990153388 9.208049730914997 -6.20113459175593
-4.539605500466413 8.4432486102439 -6.277590600205619
-4.484472939800384 6.538596758623013 -6.314989620921765
-5.223266119647839 3.617279256965806 -5.822203035218543
-3.6981496663592353 9.275562512562912 -6.839589095067166
-5.403564267671779 7.066433806413202 -5.700716366805386
-4.623532822409807 5.304874447556621 -6.222435780980757
-5.194656874564089 3.675622665636274 -5.841301972015647
-4.702106901244592 8.009297912057814 -6.169138230979611
-5.135338114221428 4.1050784063962436 -5.880811148456588
-5.231861690867227 7.478224513758013 -5.815323294543328
-5.369711427427654 8.743088805445232 -5.722842662957627
-5.071337030370428 3.0229619456297128 -5.923893844380545
-5.042000524255671 8.706481289757882 -5.941823115046262
-5.069468538315693 6.574932158598733 -5.924096913143922
-5.0017062996308415 7.76012823067421 -5.9690254177642865
-4.643846204314364 6.622679761083582 -6.208474939779944
-5.034150570837932 9.210623827161871 -5.946919912587327
-5.148747283481287 3.7067711235971306 -5.871968647827587
-5.423320064851184 5.474229418851448 -5.687984568980241
-5.285634557863407 8.870004702219402 -5.7789837420021115
-4.048439269065322 9.232000320402781 -6.6055456164816
-5.273092595022707 5.973835694016498 -5.788216426463369
-3.457094674449289 9.381945805463433 -7.0006257663620595
-4.199936244624226 6.89444876293797 -6.505006447162584
-4.911280249110648 7.298730608057244 -6.029582041768478
-5.148675354044818 2.8947862200756482 -5.872255693742835
-3.401356144099367 8.673439265936953 -7.038077632950506
-3.9134137886540667 6.959505844803144 -6.696435704908115
-4.741226342330924 8.45198091185983 -6.142869135069609
-3.4003549318028843 8.550399760226155 -7.038782835492417
-4.449062990244135 8.653645241700845 -6.338027317079343
-4.405701696779952 5.208680331184948 -6.368014365791186
-4.951567331472876 7.278423828750302 -6.0026690195798444
-4.260810337914123 5.87686547861072 -6.464631127513464
-5.494087058156961 3.2140311533866543 -5.641364744830505
-5.1522001424078 6.4214427982577575 -5.868862533914424
-4.375185435740344 7.043018081953707 -6.387864819088032
-5.52993957818125 4.682109098031069 -5.616976743118878
-4.791365339493486 6.518310126208442 -6.109936409330175
-5.436342772937137 2.1838627520239298 -5.680251487339604
-5.123473578156606 5.486739735710626 -5.888332135318271
-4.1201637472460195 8.922230721736408 -6.557711968686732
-3.4310762129546557 8.452516452540271 -7.018284317102383
-5.150545018516422 5.424327003674872 -5.870261925660368
-5.299837336192873 3.3315738110102675 -5.77112381406229
-3.6335350051925825 7.787514888954797 -6.883201244754332
-4.3198214439055835 6.4115893446727465 -6.425043741142668
-5.442184278592746 4.975585428602318 -5.675526651143704
-5.49894422056713 1.9292227365651198 -5.638497434920062
-4.494634428201933 8.139112377640512 -6.307728858367678
-5.405426809913162 9.300263184533026 -5.698814391704525
-4.254428045952273 7.36857254991981 -6.468456602983878
-5.13316957014184 6.386892988728107 -5.881588539183227
-4.82476252458217 6.450718375829641 -6.087640991588872
-4.581681836250345 5.092612434084831 -6.250462221346886
-4.8677885859795875 3.6081717009288496 -6.059728484259287
-4.088194201085779 9.219959662991293 -6.578985733301402
-5.052715457006169 6.402807759790466 -5.935341636930772
-5.33600510320605 2.116619686288368 -5.747314843280911
-5.004070692753314 5.918022152639061 -5.96798774932668
-3.7297654936199653 8.156114213385186 -6.818793527338341
-5.50319764400633 1.6444958463946189 -5.635739186039919
-5.432828361802336 3.7398577337564882 -5.682141782615629
-3.7898392614481486 7.529136137582154 -6.778838005397754
-5.1042234883952755 6.796412265732684 -5.900809184896785
-5.18462155197105 3.7834465450770205 -5.847975633115064
-5.499598680598474 4.354099519624327 -5.637346446228093
-5.505500962456578 9.148805284930326 -5.631991480792181
-4.735822836068575 3.99125005333499 -6.147792533119457
-5.328635155952882 5.796648634042983 -5.751156180764426
-4.929871572399425 8.951394522546636 -6.0166732887837275
-3.707698558110791 8.019192696577829 -6.833578498141128
-5.1812888365476075 8.777360878442694 -5.84873267145865
-4.511965287589611 5.651673481526663 -6.296880840291532
-5.516233103798254 6.6170947241002525 -5.625565620319976
-4.3522062349551245 5.675905905502621 -6.403621417615499
-3.9649943600399618 8.916582994671607 -6.661394620429106
-4.1440735661734385 7.761122365774972 -6.542077658481176
-3.5960829149040467 8.60302902261551 -6.90798593745045
-4.307267665546094 7.425435243435373 -6.4331335212910155
-5.400806577704687 3.9832127131203148 -5.703466454939157
-4.862090954179049 6.914477106115749 -6.0625624096496304
-4.701936950283499 5.777633934796552 -6.1699086141156965
-4.0679965086517385 8.979395578029616 -6.592552218546645
-4.36140781075634 9.572501187680686 -6.396326264608309
-5.550199449531088 7.227972154543077 -5.602690213479586
-4.760923607805573 6.731352362910188 -6.130214244842188
-3.42093243611869 8.618312982785111 -7.025013382529647
-5.257008189594524 3.681454554014068 -5.799638390717398
-4.247260716006835 7.243895409316447 -6.4732823603648875
-3.3917061198859555 8.952195770792098 -7.044443536557974
-4.939085914725109 7.344369632044443 -6.010989436020925
-4.914866589154779 3.7604257370344043 -6.028227120354065
-5.572234569355758 9.35186236330004 -5.587341694801213
-4.5311866312876 8.913557631354983 -6.283077493455678
-3.8991623083264475 7.15617752877566 -6.705900366024599
-5.000360665749669 6.8059682979458636 -5.970205371849058
-4.090056511363123 7.961979733470838 -6.578111625735103
-4.44891629531396 7.715543411456441 -6.338401438608392
-5.189342706902511 8.3661565974391 -5.843472267145472
-5.324111626129592 8.615099669372535 -5.7533491811378425
-3.779081618427728 8.835878756539184 -6.785641439262815
-4.997404331868621 8.438437278958336 -5.971700263497168
-4.029847260097641 8.72558762035424 -6.618117461906598
-3.6177720207502357 8.809052642934526 -6.893433086453788
-4.849133302221235 6.212826907629694 -6.071426956216396
-4.704649375485278 7.164127889025101 -6.167688153264992
-4.892562203564379 5.764741134431338 -6.042540539585337
-5.199281183313637 4.348491593961138 -5.838014064722012
-3.8814412659605444 0.8763773554544338 -6.66231531491078
-3.2849567155424624 0.8624873697132597 -7.057082015010437
-4.254993756425193 0.8946310893863498 -6.417698428313424
-3.108884803371629 0.8484325784161976 -7.170892769998413
-4.446770067003684 1.0605799149663893 -6.3348603873692655
-4.11397560604611 1.0239100423400727 -6.547215920304792
-4.548757595169507 0.9297003226614147 -6.2309851334540145
-4.22639412454939 1.0765626966483803 -6.486474116561494
-4.637059798517276 0.660566441044415 -5.9882745510738395
-4.143003514872225 0.6880291175740896 -6.344360919073256
-3.6947721409749112 0.7044817196624604 -6.65941715194398
-3.978787783762695 0.692815531804548 -6.458612433698731
-5.0762685000539305 0.8129652625666082 -5.838909821531155
-3.613486192325512 0.8220438260920971 -6.824894966041084
-4.323137541850116 0.7221533470391179 -6.256266155143453
-5.193418163376623 0.7209070968205517 -5.673584367437788
-4.679210132734128 0.5341315299643485 -5.7115826297455925
-3.5460067070814443 0.5901865621160531 -6.604186231046397
-3.379923265566301 0.526848032679407 -6.562144791267482
-3.470315947640362 0.5814198345894305 -6.633582380024546
-4.31126183041211 0.616533828053661 -6.156509280608431
-5.056354034140209 0.5185092730598043 -5.42184182284148
-3.2547606924227077 0.6203385989411272 -6.871633474307055
-5.240403592546905 0.5780791450173163 -5.442775218300901
-2.4105356605340758 0.49840460041694595 -2.4781541001447893
-3.085301238344962 0.5062877034790985 -6.42473241596583
-2.7505970707489777 0.505945312160515 -6.457448776932969
-1.1457027771291655 0.49479479696351325 -1.3098483894804387
-2.488326357355831 0.5015736226636842 -4.194000927972002
-3.004452436947997 0.5010845850993884 -3.576206635543592
-2.7976597064988167 0.4999411649899026 -3.0765707565348723
-3.869580063952629 0.5035300527708393 -4.362153390329164
-2.7262676983472325 0.504029717577434 -5.405093997864969
-2.7115788116100963 0.5021236325600262 -4.351600339886564
-3.084923955824165 0.5058566819497763 -6.184538706953942
-2.422248147495881 0.5018127720397895 -4.37157806951648
-3.1370351825933342 0.5033899328766105 -4.7736280212051
-4.507851667059705 0.5045809156718288 -4.521751110878665
-4.060187124212173 0.5055285331560411 -5.3496043643347555
-3.88953491088147 0.5055325369732789 -5.465903628822067
-3.411533532217006 0.5043263026828566 -5.112505488360962
-2.771604451567823 0.5023636185759317 -4.4453550654784175
-4.585411234558886 0.5058497429420535 -5.177726330493399
-1.4706617382320866 0.4964215856908809 -2.0001484960844857
-1.9128768112442815 0.5006032658908595 -4.037322727607658
-3.2415376272500325 0.5045855548151181 -5.370756654946796
-1.8573400478211575 0.49955092354675057 -3.487393616117633
-1.82554285060754 0.4979296669022464 -2.6042271894403264
-1.1350054442397939 0.4966777521922172 -2.3674074820600293
-3.125646912683764 0.5006328504990492 -3.2431982755346027
-2.341730206423258 0.5002986604252312 -3.5807480856123193
-0.9057176039343657 0.49557649612009613 -1.906328830473219
-2.510098266893148 0.50414715655731 -5.615097393142111
-2.5633164685720056 0.5006378701557842 -3.621866066867029
-2.4376537176384385 0.5034189808641986 -5.257306386843729
-2.726896691903549 0.5033608500019655 -5.031544974898038
-0.46999638246106135 0.492726014199358 -0.6074246326944878
-1.270997408762394 0.4980748448524577 -3.0558788794294918
-2.270797169346897 0.5000493151596679 -3.4890629098145087
-4.562105350691705 0.505516114962986 -5.00718945064692
-3.09342305599157 0.5058846736013675 -6.194472996377312
-2.7366035635582464 0.5008350921944361 -3.6160597102630527
-2.5854495084692095 0.5002326306477756 -3.381008754339532
-3.642834799920821 0.5045861845474745 -5.102876710682278
-2.0155592622074456 0.5019698605083465 -4.731045182830516
-2.4246329454823834 0.5028354530762928 -4.940487915639899
-3.1006521555242657 0.5038989328197131 -5.081893060628503
-1.8936247327657711 0.4980897523354891 -2.6480244002026048
-2.5646151838275038 0.5030261664920185 -4.953312031420367
-2.2119366385906973 0.501977285240559 -4.603926379734928
-2.97953870521413 0.5063875471722472 -6.551123129572771
-0.9377483739653724 0.49512492065485814 -1.6330072007094432
-3.4691158048706283 0.5044074218167871 -5.1192693014019985
-3.8765846733350657 0.5064092617831515 -5.963641713631233
-2.673386456585535 0.5001789352867438 -3.292276752463323
-1.2163736635389444 0.49652558509460676 -2.2281335084676575
-0.42270235933123973 0.49256493060832934 -0.54917577527517
-3.155479647872502 0.5006329754644584 -3.2233274743909006
-1.1301018102787672 0.4957590265707179 -1.8581729080531233
-2.2802919364145087 0.49980173872703626 -3.3446056913759907
-2.5387143225999513 0.5011277764049795 -3.9116052011853837
-1.9327935111484638 0.5006609248474454 -4.056175316022522
-3.3918865887285965 0.505090120283258 -5.551734296454719
-2.583850984034319 0.5016308790176717 -4.162091792384713
-1.1822902766540213 0.49507445262103533 -1.441399172300923
-1.323226819599904 0.4966093525369244 -2.2034415080953256
-1.3520853915332813 0.49786395907616987 -2.8840359319781363
-4.444743685550434 0.5047526646066541 -4.659743501817785
-4.5442547876491615 0.5053258563493457 -4.912984953404378
-2.416463221032378 0.4986281902481492 -2.5989219179869227
-1.4916847116129999 0.49718958357274506 -2.4145250801118303
-3.708092407609657 0.5026855202201772 -3.99896991553416
-2.661537721005555 0.5007577682079218 -3.6230992264460333
-2.336829515378719 0.5031850546017861 -5.194202289330756
-2.2070686445243015 0.500082461172253 -3.550150268303155
-2.176411664251669 0.5029055159039038 -5.145486259015488
-1.485069442196323 0.4961378854865287 -1.8322557287246357
-2.9204789489375553 0.5022769387850072 -4.2974913615742185
-2.7083258654562403 0.5015372804579972 -4.026677404187486
-3.782793838735522 0.502511493988407 -3.851957948322346
-3.195516133522603 0.5057088545536312 -6.028152040688791
-2.799544619879739 0.5003979964483776 -3.330154849882988
-2.746132686950392 0.5035367773756811 -5.116828735087242
-4.259996276052065 0.5057066074710086 -5.315388805485833
-1.292880759569739 0.49702408001189774 -2.4550813634675666
-0.5884965708785662 0.49351687088405316 -0.9693982344990153
-3.9910736733520884 0.5059522475139707 -5.632170094219987
-4.285185301577921 0.5066428272162644 -5.820823529292852
-3.126172472735335 0.5004700919118756 -3.1520519082681506
-3.2458209773979694 0.5009037112703939 -3.3139726830281346
-1.8321122366272007 0.4967755828858097 -1.9560289592973783
-2.4750935410173356 0.5028907046784473 -4.9375816980811456
-1.0063292725134185 0.4956113738672616 -1.8585355294446464
-3.970914698201425 0.5049531517885275 -5.088297789319521
-2.5440969693706377 0.5036222445685409 -5.299549507110823
-1.1576221342299187 0.496807624363428 -2.4247395990882032
-1.2222802789454672 0.4959469657921879 -1.901401977449321
-2.769734103641726 0.5050195888869318 -5.928241520135089
-2.8065089929293734 0.5030706439050965 -4.81643945051926
-1.558468400038652 0.4964150988529803 -1.9378389114559673
-2.361475110447688 0.5005153583831159 -3.688435606068257
-2.1012951703873664 0.4983520850013458 -2.655557899797384
-1.9902462888216805 0.4992198197581894 -3.213851035563864
-3.8257043364750243 0.5036010490520009 -4.431085749480389
-2.07171692732887 0.4975542557711418 -2.230258293549806
-1.0085379032162365 0.4946095905254776 -1.29821319200589
-1.6035731357281409 0.4990906029044943 -3.4002236483861705
-4.574221745456957 0.5067293169406555 -5.675876935991951
-3.0488708859367444 0.503842609761366 -5.085084317431819
-2.6735922590245873 0.5032082144029583 -4.9820262611325825
-5.529587034965452 10.349632903908407 -3.8328270238439437
-5.98361394238648 10.135466569818186 -3.808184766886888
-5.468109243521386 10.344914599221113 -3.9392621233627554
-5.418858619496069 10.446617663610636 -3.7019933452880505
-3.8846500053184885 11.291501791367947 -3.4146944472094742
-4.766687959194406 10.602101978662592 -4.202610453634313
-5.09060552922681 10.36750746239921 -4.435153671368665
-5.787995349364871 10.250653325539325 -3.748741861238007
-4.290097962803368 11.162282919621465 -3.2030117898489197
-5.066211316613774 10.800821033006685 -3.1467191575250997
-4.510926111257405 10.705575145672874 -4.26899485567764
-5.7208738386569 10.14413865143807 -4.17488615783084
-4.612297480605537 10.974360733804163 -3.295416257006124
-4.308621184090549 10.90266595031402 -3.969120718974814
-5.681191798267303 9.88493268441552 -5.026848620681958
-5.928616719398644 9.900717298247132 -4.608286757504923
-5.477628857365943 10.43327437963546 -3.654837306277228
-5.533118344243984 10.218618420626754 -4.228145065387663
-4.82886425551795 10.427818557858306 -4.642463584659325
-5.845605228802073 10.406830219521813 -3.1849805337965345
-6.220296292579007 9.868268795273355 -4.270975595765556
-4.522936885006982 10.744490392997562 -4.132028317401467
-5.350749864113665 10.176935179777523 -4.6285334050022335
-5.499300191212615 9.851798518254578 -5.400382762327423
-4.646739036292615 10.946051988108763 -3.3304305284417772
-5.428114373636149 10.282869684169926 -4.1888333755226315
-5.9361772474714805 9.91247685176367 -4.5610144478864845
-5.735317864476929 10.266353762004428 -3.779571993132385
-4.4048182681381665 11.061152639521968 -3.3405469467864726
-6.292346844185165 10.045690798724687 -3.6206411176570867
-4.331517120099479 10.983091941640264 -3.688935986854327
-4.016787562003863 11.06033864274725 -3.9237643988757913
-4.590498974034101 10.859056445551733 -3.6806059476249966
-4.41672385348031 10.988232361162458 -3.5456973458538155
-6.429645658550511 9.892785447274992 -3.8826978240310455
-3.200988265101909 11.702093209835558 -3.182400199720701
-3.957505313241601 11.237469181273138 -3.4708743908051036
-5.869037408264013 10.388667449526245 -3.205448134868206
-6.112722188079291 10.107394084431725 -3.7007980325607126
-5.210063371050385 10.211066400252522 -4.734722400601678
-4.897870823781462 10.802355694334882 -3.3939657593199923
-4.972295464812641 10.771307641485953 -3.3775171461200486
-6.588785179330194 10.026213732715714 -3.236545205723526
-6.5378053409535415 10.087716124655937 -3.1247859827383064
-4.517229108393714 10.751785952866502 -4.118262966420132
-3.2670366440044845 11.644731785360095 -3.2589459402737484
-6.8850182828776525 9.895414650571938 -3.193145797956186
-5.936327702778902 10.030368190650615 -4.200312902512877
-5.4735342037954 10.003962339970853 -4.973672902880223
-6.2828276805695555 10.193268437470042 -3.1836393615855902
-6.007863806048318 10.279031580265007 -3.332913547683905
-5.504173853637748 10.025912533740179 -4.860700353199478
-3.817062154482758 11.405029825599676 -3.168712032035713
-5.175833031224192 10.689039022538681 -3.3244546865233513
-6.577831734336301 9.985757575123449 -3.376640982714813
-6.959603640206125 9.876667796090585 -3.13884327902513
-6.0643637798156576 10.055612508989842 -3.931503977924179
-5.951285574220111 10.403204981596842 -3.037903745994649
-3.235113385272 11.69314810599057 -3.1586798379518304
-5.653742934860217 10.073265595346925 -4.492063128800004
-4.8802000509560965 10.456050710205247 -4.479308744570984
-4.753325790614735 11.164706857772728 -2.502331472671682
-4.322150164062821 11.32392342016037 -2.660794267145282
-4.221495165239768 11.470319943914095 -2.3637984258835356
-5.109219333834108 10.865777548114874 -2.8837356632003317
-5.337247130848241 10.797125899895981 -2.7523844523704066
-5.3876335063430965 10.696509113110602 -2.9846318548496917
-5.484007827462622 10.76555929523151 -2.6292629992222434
-4.551346053598237 11.361695444882105 -2.202283326848345
-5.63402032330921 10.752734571103462 -2.4439678614579528
-4.739096349294089 11.222437897249822 -2.347103168490939
-5.7156013381252135 10.601727674362872 -2.7836070340972814
-5.994298074743799 10.551622204570972 -2.519715860378713
-4.655110276042129 11.103227993433226 -2.837305054809197
-4.6073208126063445 11.419600360046188 -1.9414554843192042
-4.617138117875267 11.24774886769729 -2.452233002362974
-5.107629021102935 10.859779479127244 -2.904456020917471
-5.802984312052139 10.615494315199516 -2.610735092151088
-4.96746223385192 11.059085929246983 -2.504811047043052
-4.965380599472214 10.945689260037774 -2.8546593104769076
-4.529920889251173 11.173762177646836 -2.808991673131022
-4.2905822147741315 11.237778431573098 -2.9714444275596406
-5.375074713420657 10.712127910012896 -2.955669813534846
-3.8968604205152033 11.82870315307916 -1.7538200674418292
-4.635903228727743 11.096174470911652 -2.887617945123176
-4.200675028136392 11.4095452360737 -2.5807886869331624
-3.981169302060627 11.574681784074366 -2.4043639523265705
-5.166583273489478 10.938062903695224 -2.57685770932915
-3.5577188112754694 11.748989311099978 -2.505121651224199
-3.968893300876354 11.787198255815355 -1.7729248615687616
-5.048940656172013 11.061147456642326 -2.3765665935521314
-6.218103333417821 10.363033073912522 -2.76141683619638
-4.3363071157916115 11.521704149492386 -2.034852981147306
-4.585497873599947 11.120438544212893 -2.8888625628281126
-5.760427590599035 9.780861717098645 -5.205799954133637
-6.477153216119273 9.802092833592859 -4.0862364639941395
-5.67157701204583 9.73992316254209 -5.398665402717708
-7.043157348289927 9.74755643706425 -3.3367747496735527
-6.659236868850278 9.690848121988324 -3.95739256748987
-7.195343579125077 9.699377433688202 -3.150381421159052
-5.606487390140882 3.7316080051496874 -5.546056258601458
-6.335848701818662 1.6182610939394144 -4.455419299860702
-5.785427331468535 7.505923422010834 -5.2765903240708
-6.599618097076432 1.8562491315986582 -4.0605550115788205
-6.378399731594417 3.6606442964570514 -4.3908372106297575
-5.991777867100918 1.9396863830122224 -4.970216901706905
-5.7488836721003045 8.428002179296067 -5.330875596808558
-5.703463115438346 1.9566184657716947 -5.401703653477311
-5.687736866324901 1.469956874304962 -5.425454108603863
-6.679409947383735 2.953911034767759 -3.9406542487847336
-6.82777403427742 2.4151368725192564 -3.7188487276199163
-5.893307554027659 3.406593100570932 -5.116942059868033
-6.223027457386665 2.146408949655283 -4.624035794649955
-5.613464079541131 9.098910531918978 -5.533250063935393
-6.806157157406563 3.4176228192201408 -3.750759028494038
-6.004761102327877 7.329754153444769 -4.94841123117337
-6.383347146014183 2.7085495786142237 -4.383852361110745
-6.384584995829335 1.3276074755015368 -4.382608225701031
-6.3290683688573095 5.40301786596511 -4.463899244173166
-5.82788797791756 4.725073972635937 -5.2142686113374515
-5.749454254450376 1.7205021091278259 -5.332976971683962
-5.968421435475532 1.3559038277551716 -5.005429541627704
-5.769354122325151 2.530002106909828 -5.30283800258238
-5.97068587344472 4.218336660208569 -5.000779382249758
-6.581071420146682 2.1823286324339426 -4.088168449671979
-5.740132993816044 3.702589437775965 -5.346053942183073
-6.036486770809681 4.88112912419289 -4.902009196626428
-5.88602795238334 1.889881516122351 -5.128505031676659
-5.790496730894857 4.959832192429939 -5.270125222936667
-7.097876245739543 1.2060331619071165 -3.3151442810401646
-6.650580886466241 1.1331150127936953 -3.984602296421021
-5.945266112435785 1.9169429721447853 -5.039836794310244
-6.556353869138411 4.530489049369833 -4.124126342909117
-7.008242919397416 1.9254367136370998 -3.448973281306226
-5.635769848991936 4.612275069648657 -5.501843871128649
-5.582695808238714 4.103952253285972 -5.581498880143017
-6.9801084085610565 1.5270814558662993 -3.4912551346462184
-6.795016537017881 1.4662668463822 -3.768291936064122
-6.4224473014533245 4.8472964251366255 -4.324392420938368
-5.867433914295023 5.070480821301295 -5.154931654313704
-7.059654445901229 1.4193437691868367 -3.372253354547844
-6.237686610918164 5.517359598325052 -4.600611550651548
-5.8050161373853255 6.037253134991042 -5.247920650774393
-6.162047875228733 1.3652761015082202 -4.715642501129797
-6.1020832684419215 1.901132654719576 -4.80514992389788
-6.948464448109419 2.715062492868504 -3.5380903218788298
-5.6047187054076755 3.878877015526847 -5.548638400143532
-5.976450532467578 4.52433846165713 -4.99201712260459
-5.970587564559681 6.65649139923087 -4.99985226531418
-6.603905669706205 1.8751566744833839 -4.054129864733195
-5.686512347745955 8.17124621096318 -5.424334156467899
-5.935373223155887 2.775152141941312 -5.054264447707034
-6.653991562340706 1.293354974316451 -3.9794272495986602
-5.791411535573539 4.403641831041023 -5.269001175307051
-5.6835361329246465 5.172642054761415 -5.430109563748626
-5.663398648292202 8.224282092589258 -5.458902940322054
-6.941540586778206 1.860155468207939 -3.548829299870245
-5.659802707780064 1.9567612553778975 -5.467046113242265
-6.044094233662675 2.554586799272545 -4.8916488761668635
-6.790821812474013 1.2712548039628517 -3.7746557170479536
-5.71645619761132 8.507366323484263 -5.379371852258902
-6.196696729718165 5.490530904283643 -4.661969162298382
-6.033019506840773 3.708427836327886 -4.907715022385096
-5.71041048761475 6.044966178915255 -5.389504840515457
-6.108636729831044 5.106800609236896 -4.793929548232176
-6.213791932934412 3.5285098206782477 -4.637248804687744
-5.700427841090312 3.5930268140892814 -5.405525271131051
-5.6006546885324475 2.4715037211407864 -5.555340727260968
-6.568238439820544 4.224581166109211 -4.106474579855584
-5.898579096591056 4.650055944060433 -5.108504758608623
-6.710392784368915 3.855613647626874 -3.893887793282631
-5.624609794452208 2.2024438442683656 -5.519607867421511
-5.85209806061952 5.631233595630447 -5.177636351457933
-5.638240220639129 9.263327420761954 -5.496097447019772
-6.383540281330966 1.584873957534963 -4.384058402778714
-6.1842971393387245 5.532916449358352 -4.680507815529436
-6.467822485703804 2.2826942913400945 -4.257613508930122
-5.935017872486533 1.7992007362434397 -5.055226270944251
-6.304977879280036 4.877861850270275 -4.500184650466593
-6.064599525000529 4.678119451294109 -4.860024864821655
-5.794879402055989 1.2881729378979425 -5.265183808283082
-6.095426060032533 3.31242359065506 -4.814491343995927
-5.893935980427722 6.920401211770358 -5.114453373929965
-6.846799869206115 2.788180599728893 -3.690210145251437
-5.729008317667389 5.119194229780758 -5.3620790697097975
-6.238548043428516 4.272140268762772 -4.599870965232082
-5.59299202399652 7.776651410691983 -5.564471294571189
-5.965592115355245 1.7182609653997698 -5.009504271290642
-6.971473177997267 2.0563708415429094 -3.5039454872325093
-6.390737141885241 3.161068291303271 -4.372593053963392
-6.0519386938050435 4.104164348596231 -4.879226051828815
-5.716384865632309 2.248490419501004 -5.382236258319981
-6.380131602571144 2.101170158710212 -4.388932380024626
-6.1800343517759755 2.7485822583276374 -4.688114311101626
-5.830377041583397 4.872382916793931 -5.210478554257547
-6.6222400830425805 2.943678640786208 -4.026219643041765
-6.960445153817364 2.202913953882585 -3.5203855516413665
-5.91415828778402 7.504949013577772 -5.083930952820489
-6.097370027382586 3.1422752383710995 -4.8116569536569305
-5.855961774479537 3.280132822642904 -5.172889776726912
-6.401771241689134 5.456742585938905 -4.355067859905666
-6.3943567883958625 5.534735121023186 -4.366130027880715
-6.008248545741213 2.8972498594326543 -4.945144848704052
-6.388875480162743 2.6109001580565963 -4.375621635241865
-5.662999033889585 6.849729048070134 -5.460106632225586
-6.081626619739435 4.392538181555377 -4.834667802394322
-6.568978866261623 4.655711500949576 -4.105176496307226
-6.233877739706735 3.073305060342727 -4.60738878467096
-6.5031886218806685 3.9439670683772112 -4.203952306741482
-5.838131909680947 7.874672777824813 -5.197549751540874
-5.82695359794165 5.049374384439242 -5.215524125832695
-5.939868188101602 5.249830414934901 -5.046446907436166
-6.514619021912475 1.822101989139997 -4.187780366832972
-5.585157422967643 6.408094273941367 -5.576799606394707
-5.857179303881184 1.304548064974882 -5.171938051552485
-6.008137842400853 1.170138217638382 -4.946071490668366
-6.258840096391226 2.8910094620196913 -4.570110236917733
-6.470466720914888 4.012594680684236 -4.2528939337592115
-6.966596309857256 1.0870843195124182 -3.511671313907371
-6.261438925338306 1.326524514885053 -4.5669101176877485
-5.590309676157119 3.1123509388219053 -5.57054080107993
-6.744716370715519 3.810222382576827 -3.8425388329479926
-6.737263380486574 1.6395817802772383 -3.8546494195373766
-5.623016485215137 6.5434675517903855 -5.520079779403394
-6.068106711818454 6.390690072430559 -4.854021424694473
-6.483403077840151 3.731880202463876 -4.233656958652974
-5.937129466413499 1.6704907674755327 -5.052122751620192
-5.664742092711861 2.0846730828483477 -5.459597431680345
-5.607606961010202 6.1962681988202215 -5.543294774620961
-5.587217567643067 5.305339719182462 -5.574202248822483
-6.158321846812282 5.258921035547904 -4.719503372377426
-5.675719431434122 8.831162870256973 -5.440196165012862
-6.900813848250165 4.398429525664344 -3.6086633125291026
-6.464681955187913 7.607504922279477 -4.259968259513716
-6.859154837855121 3.6478504639380267 -3.6713409436367637
-6.110680777499724 9.523561858668181 -4.7889251443109995
-7.120140550351477 6.381028030940919 -3.279544574350545
-6.881399966743982 6.454372524133335 -3.63681302900519
-6.355136407536428 6.1574755099998875 -4.424553301299922
-6.608611744193085 4.680928582910429 -4.04585054451899
-6.5878690435013025 5.362445736785041 -4.076594137823662
-7.1707420871331555 8.992644431968532 -3.202664087339065
-7.128505095883471 8.073591722725432 -3.2662809070831424
-6.943925842891252 6.227578337853692 -3.5433362432324262
-6.906736555731414 6.699654021084827 -3.598786124120907
-6.498200904186081 7.47306602937574 -4.2098627703122915
-7.172618975876919 5.125723676210639 -3.201557721265487
-6.200111941791032 8.766184756587252 -4.655415339724057
-6.970194763603144 8.024894064030809 -3.503230646649182
-7.174308277263808 9.310780488517254 -3.197186828705865
-7.0459504772413215 3.6303340910756834 -3.391789057581822
-6.297552134432006 9.21722542610448 -4.509387105815352
-6.358759722787241 9.460495714423967 -4.41767630980846
-6.906963507596467 8.972657538305253 -3.5974456671624315
-6.375318685701481 9.151603049436197 -4.393030060457029
-5.994393203776635 8.39281367969488 -4.9634597682943475
-6.743198160199112 8.506116709682958 -3.8427433942804754
-5.856836393197335 8.485695399302433 -5.169287311865753
-6.65020834095329 7.861055895263304 -3.9821965964285924
-7.16968931504222 6.711588751429029 -3.205244017702608
-5.834891297363174 8.968077266777787 -5.201918096653634
-6.0068571433581095 8.382668111213945 -4.944810620347564
-6.889578499170746 3.8195696071126464 -3.6257330817817364
-6.007988747846351 8.490226160740548 -4.943069695918652
-6.436208000139693 6.657534098542334 -4.3030008407679095
-6.392692820207887 6.041878770926998 -4.368397020898538
-6.0320379683737695 8.442943964695079 -4.9070982905071965
-7.267993120316472 2.4479923931214205 -3.0599991414203043
-6.607590819646247 9.153439907997871 -4.045409228453956
-6.705545129813507 6.595309926112511 -3.899936495155792
-6.259635791656587 8.525015832137736 -4.566437735657209
-5.718275564903157 9.62148276162877 -5.37615828559461
-6.5984690031094555 4.954420251816364 -4.060909820522643
-5.774004058449957 8.902630832536259 -5.293071160033959
-6.350554522972068 9.370860963675486 -4.429995732537779
-7.278367954996939 4.6101692111307 -3.043520092219928
-6.79516845650028 4.591234812789478 -3.766688017898206
-7.044047031494784 8.894278401578244 -3.39232006213051
-7.197666418460923 2.892732429523886 -3.1650547337645936
-6.782350926614807 5.174894684041643 -3.7856138341528545
-6.710240882275608 8.915621161166555 -3.8918871719476757
-7.217249940629666 2.8131232263109047 -3.135780955792695
-7.292091194459416 1.5570906763963024 -3.0243260654920276
-6.758000687821062 5.336235299179957 -3.8219855257943087
-6.990272887504632 9.463505635466229 -3.4725481746025286
-7.1691676385836205 9.62051920568103 -3.2047439654157195
-6.365955498778188 8.18186046590491 -4.40747004427442
-6.40200372397365 8.962028583598254 -4.3531765236726825
-6.68674343835416 9.65674002188689 -3.926727289801737
-6.17591024829631 7.838650299480666 -4.692044147181059
-6.881128176416509 7.172916136708373 -3.636903418783721
-6.428702730204772 5.76687744560021 -4.314625432251253
-6.946962185338412 5.835868098423228 -3.5389645021964706
-6.967528027079363 5.512705552543555 -3.5083278142984886
-7.09382997448912 4.8472629958522795 -3.319596471422983
-6.897411895294023 6.876373162925589 -3.612663663945127
-6.2017809121197365 7.788893332038276 -4.653347847234251
-6.345767197714111 6.460486756496384 -4.438441907848095
-6.708661835913768 8.088791445047272 -3.894614434863108
-7.147884812554628 5.656502038266449 -3.2383413341511043
-6.1108577873458465 9.450309444441425 -4.788692483099724
-6.396881114348943 8.037052418272483 -4.361250320679077
-7.257007844773878 1.2746551121933587 -3.076956396245277
-7.151227976880307 1.9255899415543516 -3.2349806459087267
-6.3512001570629915 9.42335884391438 -4.429006357535083
-5.741048424737119 8.957106819018701 -5.342368795347347
-7.0751224057675195 5.546950537949534 -3.3472862722728167
-7.169563097694219 4.144245581110356 -3.206563311921804
-6.973758257696415 3.7978059904510033 -3.499758676782375
-5.733076996971235 8.985697716053469 -5.3542862987339666
-5.918192845953957 8.708231578905451 -5.0773628535939865
-6.761360669644238 4.552748713280408 -3.8173019223195936
-6.979976940267671 3.302492773223875 -3.490669840514848
-6.830006726796807 3.4832246211589535 -3.7150366853108316
-6.585443034666524 9.447212413786964 -4.078426403524025
-6.4854811524529765 7.514027353231221 -4.228881200308976
-7.08333074420526 6.903283683872283 -3.334404427276902
-6.412516476686523 7.3351097678527495 -4.33815939729304
-6.827672442826796 4.6402272806430265 -3.7180207641014906
-7.2057138389515965 3.711769384411975 -3.152650290169153
-7.082799930693367 6.1486063533687085 -3.335531129361746
-6.8263872193307265 8.534685996994746 -3.718229515109635
-6.648456904042815 9.670831541543478 -3.9840209676761873
-7.039391792335846 2.821616790325418 -3.40196090585654
-6.952740590453459 5.863467906659258 -3.5303043504560936
-6.0558134840152835 9.469901005755856 -4.871063528083233
-7.153010604725213 2.0098082192463105 -3.232275672045398
-6.843666748675414 3.557509506473151 -3.6945602980547863
-6.374686376340914 9.31648220813108 -4.393903782867428
-6.846837146974987 5.444862626019679 -3.688984460714591
-6.565883759531907 8.507709238236012 -4.108112606536732
-7.191968444202727 6.437968203174859 -3.1720213991864723
-6.511587092485972 8.531823841429778 -4.189362742588284
-6.987794405725457 7.877862001783093 -3.476955642934241
-6.690061005954766 8.833499218950713 -3.922124667444061
-6.757533975263227 4.04866849594184 -3.8232509242229584
-6.5262006011819125 5.561562249985701 -4.168799868845492
-6.429364258042678 9.367457340837355 -4.31205005654884
-6.399538390618198 7.854441111250482 -4.357353826733677
-6.940663927523159 8.314243354906703 -3.5472992927209
-6.257422176448246 7.108355827056411 -4.570374399732126
-6.688519198130576 5.441780352200931 -3.92592551491078
-6.596669415990679 5.749699412877798 -4.063252934636961
-6.55041014796406 7.085295230539299 -4.131896802988406
-6.384455580154645 6.6449201062099466 -4.380459411249737
-7.12432479906761 8.35142125616863 -3.2724148393154486
-6.019959311852718 8.325283290510862 -4.925227094113237
-6.475940091601505 5.3116445712235665 -4.24413012065394
-6.0059540177306205 8.528588720085828 -4.946097995602183
-7.132731983036927 9.586076387658752 -3.259288975378989
-6.886930927364168 6.4956190276219505 -3.6285171957295645
-6.4503229368098625 8.05063153207724 -4.281262954254543
-7.0635641744020115 8.797666064403273 -3.3631531142524014
-6.827229173310769 8.51095231203585 -3.7169798910713707
-6.784944905462163 8.463186522169526 -3.780283839253741
-6.081609217497109 7.797476032237086 -4.8331938271357
-6.523594349551267 7.374088067070305 -4.171902350603563
-6.697237143056534 6.66087164257986 -3.9123414167868154
-7.1160227549369015 9.579399826847053 -3.284299057160731
-6.2892162060580965 8.283194289647678 -4.522273963958611
-6.232436447987796 7.49606011311694 -4.6075975019332205
-7.0092753937641135 3.3240751867925673 -3.446812077106043
-7.185372803556042 5.532781259640148 -3.1822910310767205
-6.574962832038408 6.047667161781961 -4.095607958151865
-6.072346742117992 1.000506814636799 -4.815104935241951
-6.23279887814649 0.9366302330100778 -4.548873430915714
-6.98592838856256 0.8629470580220437 -3.3916301946622545
-6.296751266500461 0.8958583590542862 -4.436503891486488
-5.8896694550408535 1.083489967609277 -5.122404684818044
-7.07542267704798 1.0009698241162337 -3.31408252496212
-7.22862052880148 0.9428763251106257 -3.061070848089357
-7.170162285170197 0.9728387309083518 -3.1608012913481995
-5.994243281162881 0.7024641235049643 -4.687417813246633
-6.272153764466529 0.7159119120351178 -4.290525812690455
-6.366134347037859 0.6242941871672487 -4.020220031212072
-6.584671691716711 0.6518969375806828 -3.7322178289580306
-6.782398555154448 0.6969165656348895 -3.5000084213633063
-6.754753035522628 0.6721449440740335 -3.506327075854423
-5.919138008203657 0.7908613284330032 -4.924917124050905
-6.780874482227461 0.8074384693897314 -3.658695606485704
-5.5181596439170395 0.5443826070910481 -5.00575039720638
-5.420876028175881 0.5878127342364202 -5.308370562976011
-6.294133748905341 0.5139331298817656 -3.734329256944025
-5.661470211314368 0.5649530107732 -4.8656444665233085
-6.391924715394626 0.555602471400675 -3.738633142286818
-6.5507828866431055 0.5595612546934594 -3.515198191360275
-6.7218124779725645 0.5490853608257855 -3.221357659189835
-6.332104260584814 0.5821293494921954 -3.9240709385725614
-4.45905530458775 0.5027744491207664 -3.093699699854504
-4.20136214909302 0.5015589766144184 -2.4647278321401496
-5.610944340421595 0.5064828145494195 -4.465398091023326
-5.660868358222427 0.5061879782155065 -4.144561508911835
-6.401902855875226 0.5061724397876741 -3.0225525525141177
-4.73657953448516 0.5044691570774616 -4.093042602612679
-2.8780114358172426 0.4996412495139061 -2.84440772985863
-4.6828555307975455 0.5039149140852626 -3.710782099491026
-5.271585241794139 0.5036969000574798 -2.6476935346591155
-4.962832704886868 0.5048903712398763 -4.106046418897389
-5.291896245299954 0.5042523220588605 -3.080944391980763
-4.011724404608354 0.5009735541744602 -2.2598492850214402
-2.0920801495848145 0.4958714767951874 -0.8737532977208537
-3.9697240131582383 0.5021739903286054 -3.324792974759989
-4.898113916737879 0.5043379803257535 -3.7417868508018284
-2.6362925108393966 0.4983649301181994 -2.1407356742864923
-2.813276356236562 0.49909059682184687 -2.4816235556433512
-2.2288464595879973 0.4977187445697655 -2.2111076350517798
-1.2952871671798931 0.49476472590493786 -1.142359727499141
-1.6948895126783827 0.4953690835088474 -1.0488100918015586
-0.7060510388532247 0.49311154375528327 -0.6441916801886636
-3.4890362351505306 0.5004595082935912 -2.6129994475119003
-3.7426330242162464 0.5014716456861746 -3.078364341258719
-5.2800261843472365 0.5065444505699502 -5.012104541459667
-0.9470637270766529 0.4938004152858079 -0.8585380691378014
-4.1263916949913035 0.5032321011609108 -3.9735998741643423
-4.857266555259162 0.5055955158243636 -4.852669607324584
-3.600722477523401 0.4995413613082995 -1.679409312106959
-3.6211523041372584 0.4998430990942182 -1.9007148957728779
-3.6882738632386216 0.5003542025404126 -2.2269130049611823
-6.025615101918754 0.5050649161827162 -2.6611825591764573
-3.66381837983241 0.5010105703883071 -2.8114280869439803
-5.2802424344890495 0.5040360268125781 -2.9178292451574706
-4.973311218396313 0.5042992178856915 -3.5968883449918967
-4.345014556288197 0.5032694954633101 -3.6776227682714575
-2.6887664823639086 0.49808295419324267 -1.8268182683511796
-4.8460738365599685 0.5045485034749242 -3.995408407352834
-4.262010440677787 0.5028722335161699 -3.470225846430328
-6.437522819310896 0.5067677150313277 -3.4661601094088796
-5.193087025807948 0.5051855241123263 -4.00783016286675
-3.7796918126472647 0.5007998078397912 -2.4620731969544103
-3.3785019996763945 0.4994876844820315 -1.9671785104241306
-2.5029663953078547 0.4973788332453994 -1.5171105481450766
-3.1012922119159843 0.498398728397026 -1.473027234388929
-5.796042964913193 0.5060360433022942 -3.8154277545399333
-1.1070684291346327 0.4937420108319756 -0.5703196274943483
-3.759779934755655 0.5013684553452205 -2.966562156840223
-4.788681898594132 0.5035459269295225 -3.244382900402589
-4.004710352910402 0.5011145236420356 -2.388023356854053
-5.4720889663299666 0.50386762877373 -2.4901369591857314
-1.9394052057317623 0.4955137430893305 -0.8036231850050235
-3.584210617444472 0.5007230612144461 -2.690566249583213
-3.392296763714195 0.5005743888004326 -2.8536790510963788
-2.6122422851972997 0.49744868714508367 -1.4118791977346214
-4.974209701683997 0.504538747355815 -3.7954951828394012
-4.768856333712967 0.5052355186077896 -4.684470906759806
-3.153408880583357 0.4996843445544298 -2.4682201353345974
-6.613151939022681 0.5068004705106164 -3.2306554298962915
-5.2434613283519695 0.506107623344357 -4.7021784388077466
-3.2124453361537526 0.5005934263818085 -3.1387380542250916
-4.06430001994564 0.501090187500503 -2.278525969106534
-2.4959785601460376 0.4982170484643814 -2.2272837620216652
-1.3155730682527922 0.49414746104994484 -0.5967267983865165
-2.954419050170659 0.4988451699523973 -2.065513830813563
-4.554826030045244 0.5032859957981366 -3.3773912396780554
-3.6363588057955747 0.5004688307832281 -2.4002974610620496
-4.013518297873899 0.5003083393364666 -1.7018645311455312
-4.753814565764579 0.5020079274736675 -2.0126930313851856
-5.995606252845774 0.506109873563226 -3.578390922854392
-5.438374304967645 0.5043316992153437 -2.9279856949627696
-4.474470689074598 0.5020650841309275 -2.478473786654744
-1.003479227364351 0.4937980263391439 -0.7721119779258293
-4.887284695670363 0.5042424110218217 -3.6782157590244413
-6.197155402670553 0.5056188611879822 -2.866869528584447
-3.439546724549184 0.4993297333603174 -1.7439659742252993
-2.2038514144405794 0.4975806513450458 -2.133239621004448
-3.4774359010086986 0.500660356616303 -2.7980223319057487
-4.073945756363588 0.5026253019557584 -3.545554368974824
-5.586685659977666 0.505233586405766 -3.4588882550282443
-2.6560023550191216 0.49895254327802213 -2.601758377336179
-6.1341311120382915 0.5060531630287644 -3.3237334101383063
-4.188630562453188 0.5027205440538334 -3.453421245918342
-4.0062287418849865 0.503008502144575 -3.966783398272194
-3.445483878833791 0.5004465612242442 -2.667372443693676
-4.8061776567796315 0.502945966320409 -2.717370749919789
-3.8116521196916002 0.5005120178105091 -2.174003272641884
-4.871712006549661 0.5049288259911257 -4.274519154907042
-5.346024379143623 0.5066534602979883 -5.004328954076817
-5.303535777406866 0.5050093067681481 -3.695431120839043
-3.7776294918966804 0.5017872176728096 -3.289417723752044
-2.5137365964130622 0.497288298870204 -1.425416590585702
-4.7074057290548845 0.5044913170702768 -4.155202796910222
-5.1135522666509345 0.5048768560130046 -3.8691962763424703
-4.640556302079906 0.5033717995184531 -3.3207128419488763
-5.51268978438802 0.5041379461445937 -2.655025726468394
-5.453296273800772 0.5039066521152862 -2.550837681782023
-6.2476834934140975 0.5065294200636015 -3.551354124723516
-2.5235158851104367 0.4979288987183924 -1.9455330270243696
-6.4905433862948385 0.5062079476010977 -2.9195332304936685
-2.534090397883608 0.4971194957105737 -1.2540434728866616
-6.439050449574827 0.5061824278075453 -2.9752948541870943
-4.217327173068439 0.5013418252263099 -2.2595634432853005
-4.188460752822868 0.5018969872444468 -2.766196588667377
-4.153345321370193 0.5029885297606967 -3.729935279482776
-1.8931739089893165 0.49670244569140076 -1.8651040876823735
-4.399607551348887 0.5015587174374528 -2.1678158732301753
-6.740864933406694 10.264930269140411 -1.3308628227733168
-7.438776569130051 9.861220632771602 -1.337566285444112
-7.547818318375543 9.9334103652113 -0.16077821110398582
-5.521537460734342 10.886333200140616 -2.0499068494075274
-7.604754298759882 9.857556003202147 -0.5350508129611018
-6.772245652499901 10.286233018693192 -0.9876058025057175
-5.11480320571976 11.210549476463589 -1.2715530185417034
-6.733499890436228 10.273233279607467 -1.2955901315972043
-6.170113824582753 10.645959277585279 -0.8823745028172194
-6.470834666869251 10.475930773930186 -0.8510890363355634
-5.906372636271656 10.635777607349162 -2.2969475135162747
-6.149231882425956 10.493283996477869 -2.316789039998378
-6.0669147409509865 10.714023259060463 -0.8085174510428831
-7.125070433621587 9.86178769962999 -2.909734185180263
-6.265667246619925 10.614872053573745 -0.6726903424126672
-6.951245620715092 10.094925601314879 -1.7535399839414993
-4.35045761115816 11.59801512264342 -1.7402813269641568
-6.9428042763453135 10.215130915515681 -0.749278635693273
-5.031726387147025 11.219780946441013 -1.6088241045404732
-6.836469102605503 10.209737757282458 -1.3308225466009058
-4.446246861012456 11.553944363045751 -1.6424669094533781
-6.764547851930622 10.189987968379327 -1.8643678336001983
-4.925765501816632 11.313904019936164 -1.3219396173802629
-5.953499919392352 10.67607407551629 -1.7091376994522691
-6.946435279409236 10.088477040741237 -1.8338746121569478
-7.2654040837370975 9.835492589690158 -2.4331970647411887
-7.327995680392264 10.035420843036828 -0.3776345469940823
-6.9432127888948685 10.188817734990725 -0.9763493418577786
-7.134473378525231 9.90964189890971 -2.4457676015662697
-5.988573705701807 10.604551579884353 -2.1555987402077634
-5.366025485014182 11.08113525233746 -1.1354608187760826
-6.930225075765829 10.052054326040635 -2.2325228610961636
-6.79283780380268 10.141337887313007 -2.145769829551276
-6.052162252282804 10.700090114316305 -1.0040072838429506
-4.939272493416755 11.299227506595187 -1.3818325396140154
-6.945608565266812 10.19293886847619 -0.9284198243699116
-5.885319629806762 10.767085112369038 -1.2594158636423416
-4.94706279785224 11.31184039965661 -1.232840148741018
-6.258316027890773 10.582329114264912 -0.9930180101636045
-6.788039923146633 10.095013672756547 -2.5732627322168984
-6.720173173252007 10.155021045044373 -2.3919318833452445
-7.061708205257107 9.972687008363074 -2.2626113903657643
-7.216803287889957 10.064815271948646 -0.6806812123471984
-5.962668061155892 10.654283501459538 -1.8527898081502863
-6.202145529460566 10.504341366296169 -1.9544913723514792
-7.160417687317253 10.128422624043413 -0.4102836303691273
-6.423966470146995 10.47336789253324 -1.109027665029424
-7.029844095242962 9.966923104572139 -2.472992652304
-6.889968969983559 10.007545729522816 -2.822466462440646
-5.656937702863371 10.863869884130573 -1.5648059238100491
-4.948997776910024 11.234947986157877 -1.8926601122599034
-6.768277242357524 10.349046323932068 -0.4606037051568936
-5.837798696645535 10.825068229127643 -0.9934261787015796
-5.394318466325569 10.970559664554866 -1.95606962024811
-5.556273659842286 10.895879192968327 -1.792153747255923
-6.704617917888621 10.284343510314118 -1.3440461154201429
-6.26929234558698 10.589652738478161 -0.8740652589590379
-5.294556482159626 11.103671047018349 -1.2985269031139552
-6.069188150123521 10.70277975613325 -0.8949920966948103
-6.875197430593847 10.164901141339005 -1.5265412361964406
-6.571540677053619 10.270032773667486 -2.1376819763842945
-7.4224423930570955 10.017551643788666 -0.05841735162380459
-4.6005936647327506 11.50669702949477 -1.2779246426071755
-4.739154256679855 11.458325233293772 -1.0025367525007614
-5.702671725482778 10.957543862250791 -0.5192121253336914
-5.057860378497181 11.35669639415772 -0.2852387943695231
-4.73278901649764 11.538900799634995 -0.33291997768559894
-5.956555170392051 10.864289429599033 -0.05487780591215763
-4.895873754711847 11.433543669534348 -0.43044478710177675
-5.495908625417596 11.05096186430705 -0.7452331191278941
-5.909974527215131 10.81926230012356 -0.6811301831832097
-4.425807322238827 11.634753381830826 -1.0415726159034864
-5.464730367460449 11.140151017037034 -0.12535596401549745
-5.159052713773593 11.223342134788016 -0.9377032808947033
-6.086791863232283 10.753266214716296 -0.36687803248773077
-7.509392009509771 9.968694510843104 -0.04672043235712004
-7.759503869185584 9.828117519963305 -0.01341126479034516
-4.938151942877935 11.4495615947522 -0.07842171858138358
-4.6996495443190955 11.488671290027455 -0.9368993482191593
-5.012735739288836 11.413740225926045 -0.015381983493035918
-4.9105959704457725 11.370737695126792 -0.9033185220575405
-5.904987512256161 10.889851055591867 -0.09154542088340693
-5.146065213603124 11.292799447751047 -0.39819162257133617
-7.099826665197923 10.19451520279372 -0.13938828140454873
-4.106588912425635 11.822389315406866 -1.0125337612152658
-5.062068637856128 11.303946963584016 -0.7234015531723349
-4.628559948938998 11.601856648541238 -0.3087207542324087
-5.37442794169978 11.170903011907864 -0.31156016932797137
-4.571130417541565 11.557562901262465 -0.9831279880728491
-4.943089764247014 11.382071156514138 -0.6412749983224013
-4.665391266992522 11.474432699454324 -1.2331100918860942
-4.174438917950226 11.82821459554085 -0.6207060990287786
-6.250696272143277 10.63631856751637 -0.5612072605805734
-4.977590527564808 11.41168226110154 -0.20998805598748607
-7.264514395952034 9.781645259191883 -2.8495371151224558
-7.60461294221272 9.784325107019223 -1.1228782915062068
-7.265918716738503 9.745666860844693 -2.998302675005521
-7.615204682286809 9.759888810016566 -1.1936430702330398
-7.488430118453234 9.691188080470047 -2.003774528983918
-7.808378298094225 9.683010296358361 -0.4080356819569817
-7.744134493409432 1.426306243805276 -0.7590181427706121
-7.6317039549003125 3.1732117052802327 -1.3220542567015332
-7.306354358097313 4.172744705040436 -2.9564466293395664
-7.519538312595136 2.6402756093942013 -1.8866188001518913
-7.774723357434224 1.3119265571164274 -0.6053807081941115
-7.49245050466872 4.498897506035637 -2.0204669760460563
-7.446561524373161 1.7999521520086863 -2.2545528842499576
-7.53623941929863 3.1216067318965104 -1.8020526399015058
-7.541015049549057 5.866762438163428 -1.774599963371585
-7.858061702447496 1.4410579484316641 -0.1862476703684134
-7.305148385119608 1.8961125157390475 -2.9653656069019294
-7.76320627467144 2.026655837933922 -0.6623844579482324
-7.460719144485998 2.170970085234567 -2.18291211402213
-7.293450657023138 6.081206026225934 -3.018923808609795
-7.354387724665345 1.6298987002180048 -2.71815618453654
-7.3284640722052785 4.5364165810314505 -2.844837114500584
-7.630262487942038 3.91668764166185 -1.3283682944630193
-7.812157288340616 1.7565837236404946 -0.4166293911025673
-7.427404313811948 3.6427139249124547 -2.3485510678659662
-7.354503213811376 8.288188927143436 -2.7092224798392284
-7.73903475607503 2.1048194283364388 -0.7838050849318804
-7.8615201093885085 1.2204797490820165 -0.16913777235605845
-7.318166469519271 9.013347058869417 -2.890990274046419
-7.384400044408165 6.41998530610676 -2.561264384210885
-7.482583034190967 1.593465810209469 -2.073719188907615
-7.448592474725839 5.468570852304704 -2.2397401519793925
-7.3087270830583675 4.524247242897366 -2.944077135804729
-7.3995413951056355 5.44194762648255 -2.486370501962827
-7.599823661007413 1.9927277293920587 -1.483808621346198
-7.639198725840255 2.6544945028499374 -1.285026171438221
-7.4630596767810875 3.038511020741043 -2.170057072788114
-7.6141305998952 2.7231004515079427 -1.4109663479226333
-7.562417580608366 1.6252349206806986 -1.6723231183101794
-7.306191185343436 9.070014214208161 -2.951123128859498
-7.422270528265636 1.5805474400982809 -2.3769474782471027
-7.72188655332914 2.3420576721239783 -0.8697174785418731
-7.363297066741472 5.253271251106676 -2.6688201321103127
-7.652025060965573 2.8125813908763204 -1.2203453677241218
-7.320032456568607 4.283607687497482 -2.8875429574243507
-7.699587771150533 1.2650507529154686 -0.9831724130640317
-7.387523950922819 7.995558508283192 -2.5435827907687187
-7.639545671304383 2.2593318112185328 -1.2837777030560849
-7.496294580120946 5.576179417872323 -1.9997899682452844
-7.601820698761598 1.8984154002015907 -1.4738871321080984
-7.558337405719963 3.5098802570296526 -1.6904712204632648
-7.344147191197513 3.651695864579914 -2.7671025033737293
-7.381068640523942 3.618705744716638 -2.5815268388701575
-7.3263373937956695 3.781714224897942 -2.856475476719693
-7.562800887389184 4.265551539049144 -1.66708371458511
-7.47347117130188 4.250709011843037 -2.1161940922760367
-7.539583272277937 1.898866963134942 -1.7867758978758
-7.497603209345215 6.577756058655905 -1.9919545116848194
-7.360527478197554 3.9651800238676067 -2.6843597870454143
-7.588518064166436 4.499323386781183 -1.537501186889237
-7.6052424150780915 2.478349983408279 -1.4559574143336056
-7.6473532385988845 4.145479735807967 -1.242160078295115
-7.4496854557987895 6.46990870284805 -2.232989133746306
-7.342342329501764 8.723895592979238 -2.769812890768941
-7.581478822039516 4.926618198820195 -1.5723538624966606
-7.605690017091979 3.8540118823078013 -1.4519813375854793
-7.507737853569574 1.1691324929447555 -1.9477894488701843
-7.475064185178413 1.6571214733461113 -2.111439216583878
-7.40048850072211 6.598597111010961 -2.4801580058554378
-7.71923574953856 1.0916526664900028 -0.8846126820125153
-7.650660962707571 3.038362330668278 -1.22691991571603
-7.623511471548904 2.067610862534435 -1.3646277606596593
-7.498243016390923 5.177700258465415 -1.990494405545727
-7.6543816940587615 1.647188067633755 -1.2099597822053976
-7.335956398591993 6.325502975758934 -2.8049260838504924
-7.407701470588852 7.1444220736581405 -2.443211121094019
-7.845673264480569 1.7307740033022803 -0.24816522445640876
-7.367833578033683 1.8572618292452427 -2.6502739358132366
-7.331663221108645 2.0071026068048883 -2.8319270018769727
-7.630339153138491 3.409988409398913 -1.3286185468125449
-7.780582487898105 1.6706499912597759 -0.5754747746922327
-7.609115558742381 2.268123384238329 -1.436749503103565
-7.566329261020101 5.523173686410732 -1.6477676060870405
-7.459653992365862 3.2067399168974613 -2.1869675905700223
-7.707678408484259 3.70188013643159 -0.9394408434589103
-7.690380382613731 3.492603140094573 -1.0266666221961864
-7.644121283711051 4.194240554480443 -1.2583470745617906
-7.308743446993837 7.601564135214963 -2.9401342473217844
-7.461313321007098 2.4761180387287434 -2.179542159907466
-7.564277069601355 4.213021649685841 -1.6597283307104282
-7.411945466443166 1.62247549779963 -2.4288025783538183
-7.480589361273552 1.622959838080929 -2.0837050791716747
-7.349548521381513 1.7239543067034087 -2.742366557004284
-7.522665164428961 3.6433787447392754 -1.8696405869224646
-7.625286149173239 1.9178493940098251 -1.355893716880089
-7.454155683256852 6.281670188153712 -2.2107518882848765
-7.58551159288045 2.1968013256879084 -1.5555043797166295
-7.635943871107887 2.545235034832733 -1.3015265362224482
-7.645514293076607 1.3582903469724552 -1.2549017455549218
-7.560285115867462 4.932830216900795 -1.6788942501119812
-7.383734666225266 4.034276908742642 -2.5676024430893536
-7.3206285166230085 5.147596903800042 -2.883462444663003
-7.2995844116755375 9.428844429421408 -2.983887525782984
-7.427349403856754 2.3517354655552056 -2.350446705277936
-7.365173670272616 1.9021523036025625 -2.6635899064067523
-7.620579302150361 2.7473179861438313 -1.3785160820953504
-7.722933241132253 2.1886520646135343 -0.8646478661860092
-7.531169347762292 5.148768615742521 -1.824998506166702
-7.471586205423053 1.9279604272858848 -2.128584459792119
-7.665901501584724 4.021616835629458 -1.1490668576422234
-7.327684007764873 2.484757706724617 -2.851332662411745
-7.677695716737569 4.142887717097606 -1.0896210695773225
-7.297372872025335 9.437816089070273 -2.9949944545472458
-7.330476785720358 7.112540150819718 -2.8314866454997025
-7.606367707120725 2.574476856559675 -1.4501795821342358
-7.658565628737785 2.8257903237554114 -1.1874470725264645
-7.3753035283068815 2.8473421652118684 -2.611477783849372
-7.509936815186251 1.6347522199242808 -1.9361503597710366
-7.3427317939817875 4.668485015297624 -2.772942596686908
-7.341909508753663 6.798697983265508 -2.7744040721847414
-7.694472140119801 3.853251913186699 -1.0056434758936423
-7.355529669299503 5.671170458905215 -2.7073452865877607
-7.306189659032675 6.48052851197051 -2.9543794190146424
-7.659434543298691 2.61489625942288 -1.1833433101431425
-7.504998565989283 4.246914660587274 -1.9576996016041324
-7.5497178483524845 1.1328895656835434 -1.73678678614018
-7.597034562623051 3.721117648137373 -1.4956620587878677
-7.525473654082283 5.5837040541331255 -1.8530871078732458
-7.371562943723661 1.7893279306510457 -2.631610334721858
-7.4213354642616896 1.7786336756872043 -2.3813998649901302
-7.656767179165238 2.140268459064281 -1.197348523682397
-7.45372439439085 6.990737726173831 -2.212030573871009
-7.496917578792141 3.6672879280043063 -1.9990527190962288
-7.745690429720904 2.5614329965154647 -0.7497718427644536
-7.5047618202673965 5.228017462501362 -1.9576589712113575
-7.327283783535752 4.517954472029169 -2.8507940003405783
-7.396017959999876 6.571845212149157 -2.50266654056653
-7.532111492804519 5.913700480143095 -1.8193023745498698
-7.486197263095145 7.354717010343123 -2.0483217047764835
-7.703093392146084 5.721072881868872 -0.9599591799383023
-7.821646200929268 7.46318562543929 -0.36176898491652204
-7.881944640209734 7.3351331875808725 -0.05878865751886095
-7.882873611777873 6.380557253485286 -0.05531544427691995
-7.665128007952843 6.039498572161322 -1.1504248610847527
-7.8400240528950205 9.263762739037196 -0.267119292314816
-7.495407455299559 8.262948106271264 -2.0008799858959754
-7.688002046621744 8.19655764635629 -1.0327242671041912
-7.702985502466674 9.06978160231222 -0.9563022738017425
-7.52398015471345 8.270903508318815 -1.857225263858639
-7.507451436349714 8.627387113162815 -1.9398737590745267
-7.670888404368085 8.82917150495409 -1.1179671057488016
-7.638454919455393 4.969022160079935 -1.2858619973304086
-7.576211142601292 9.531545526023113 -1.5930613449533284
-7.808191817407364 2.976735435614761 -0.43503481930031934
-7.883867206889184 5.963015396663999 -0.050843901805260105
-7.5679359654664164 9.548129941210876 -1.63464269762724
-7.7255373456123175 6.043701944789737 -0.8467211598287084
-7.87294039313217 2.8252432606068294 -0.10971152545260346
-7.8305840020485995 9.309058051674556 -0.3145208604287006
-7.816431360745986 8.721521529331886 -0.38640781040893657
-7.597574439389821 9.069302875174865 -1.4862403907805612
-7.675081682983789 7.475666142674692 -1.0985833633107935
-7.581784611749567 9.20734100422475 -1.5654481614418114
-7.8822055294770195 6.1914858548575875 -0.058911219692923227
-7.68438083469496 8.161181156586363 -1.0509737020696084
-7.788707729123383 9.383179322411072 -0.5249542781596227
-7.680816482270952 6.882045421527937 -1.0704969677630716
-7.637041488580998 6.103153552230181 -1.291545589609902
-7.7330300931997975 6.41385750409674 -0.8085883737929843
-7.841688524116794 3.98692257262183 -0.26536862043962617
-7.740937155182352 8.942987345071412 -0.7656653183185809
-7.424471197190513 9.121765503902852 -2.356423887477776
-7.569754000071963 6.6080676541872 -1.629189673978926
-7.362834173190519 9.438779576009782 -2.665896779485858
-7.395318762440571 9.293800675153335 -2.5027674281482226
-7.729937279095033 9.163788123031319 -0.8206885770485235
-7.810125055242411 4.910442726302612 -0.42289088791382445
-7.555138657276194 8.315044886973771 -1.7005254463006794
-7.691341631380676 8.173322793441459 -1.0159641674067141
-7.536587538551119 6.987559659384974 -1.7954529496608473
-7.7055004634270485 5.7841396468168504 -0.9477789220325931
-7.58309404966989 7.041375032319051 -1.5615813052468555
-7.662478202091329 8.594481951999919 -1.1605423753958646
-7.876103846742382 3.1359074789872246 -0.09341818555784796
-7.77328578697257 7.104873807702094 -0.6053426745490099
-7.833695022037373 7.139478036066245 -0.30160136618262434
-7.749785670845071 9.368972998732929 -0.7206466104927471
-7.627881532745432 9.518647536978126 -1.3333127711152366
-7.823268133577112 9.461861919032224 -0.3511086197351555
-7.5869595949737505 9.244305905959372 -1.539385394128501
-7.629276326528803 5.911548686018187 -1.3308239926232392
-7.490481541171091 9.666776002028477 -2.0238838331650744
-7.589451762287736 7.945788407011084 -1.5284847656521994
-7.822004997388327 9.362756130665671 -0.3575831173337515
-7.80588978957701 6.230028108847149 -0.4425282495263016
-7.845797995322386 3.1871682936746324 -0.24571179876638086
-7.635196532611479 8.988714380735408 -1.297202301391152
-7.850164081283736 6.677143408814793 -0.21938553571609437
-7.853197295347079 7.9104656040181665 -0.20258993497712444
-7.835115476024324 8.173614353906007 -0.2931634432110647
-7.826679553175811 4.278506976069808 -0.340458208917545
-7.846998355934047 5.990335818218103 -0.2361619828820992
-7.832941722922131 9.236812650188845 -0.3027583863405665
-7.698048775465324 8.055371936933232 -0.9823929681538038
-7.49458590427821 9.245659912766406 -2.003777876674696
-7.5687459388292595 8.235102985556962 -1.6322172292449035
-7.798887757506531 9.32958967481115 -0.4738429906863166
-7.745827025510321 3.5236053425829166 -0.7478782089338122
-7.568873236429704 5.868257513874445 -1.634545301631585
-7.616084119560222 7.270866548423302 -1.395441141045819
-7.611863793392352 7.906105653630075 -1.4158615717771843
-7.867942140486391 9.150325982194756 -0.12690775473829008
-7.700233925357503 8.093119591316807 -0.9713601354204533
-7.72919870396109 6.916917360023556 -0.8272192390901021
-7.6602144169797075 9.360324450389692 -1.170962826553463
-7.381070925451788 8.586307358812771 -2.5752833861178956
-7.62513572137295 5.515634745686155 -1.352136711762098
-7.787053570711557 4.136102309112665 -0.5398501708550849
-7.862944534177941 8.206760952872148 -0.1532156705413759
-7.694838864390007 8.964334665412963 -0.9973904447880538
-7.457409513202938 9.623799250051322 -2.190202137855195
-7.866359878167692 2.6495614227974453 -0.14301433423185902
-7.607831579990217 9.000310526077275 -1.43476074887776
-7.757616483801246 7.998451592456265 -0.6829970753346614
-7.698673442215187 5.329333488899789 -0.9826710260229445
-7.5459085867972515 9.386604576641096 -1.745584428376627
-7.452887600211877 8.183607967825766 -2.2147413532765494
-7.4309291832137525 8.378621165680714 -2.324889288198532
-7.8496107818390195 2.1451620519706727 -0.22785029831794262
-7.734092221437359 5.55405873717306 -0.804326885128199
-7.842473936331022 7.942356273976202 -0.2564599423010679
-7.811546045742786 8.157808133671933 -0.4116748627165249
-7.3775643887708275 9.51989364665307 -2.5917412231457218
-7.743877208394944 4.443636116122493 -0.7565268822508527
-7.878392884538909 8.562112354660357 -0.07510590914270368
-7.759410063833543 4.37056721325046 -0.6785295269877317
-7.680164645645513 6.401646611751994 -1.0743763972463143
-7.652867137636925 4.597205606906478 -1.2138731010432726
-7.6023865954256244 5.695102845160566 -1.4662793050478051
-7.5362106855638045 9.587120137364662 -1.794087651405134
-7.8619698276174645 2.390492525865458 -0.16540949614574801
-7.760436839424057 7.299299548291453 -0.6696949232927334
-7.783365550853124 5.694458236471705 -0.5564369204098876
-7.571647004189506 5.911610422949103 -1.6205462562509574
-7.424392536394557 8.111337083006987 -2.3580864266522097
-7.548219204225285 9.470028288476433 -1.7338635492684893
-7.873778733865016 6.144746390851408 -0.10133421897365791
-7.8260658947151445 4.593614744850944 -0.34314813279425216
-7.526289520998224 7.23341738298396 -1.8469163035688259
-7.691773266059595 5.941922127665313 -1.0165923843184796
-7.806115435261807 7.772934749239479 -0.4394590355072785
-7.736377310668848 7.090059932587646 -0.7909128025317125
-7.794962833938446 2.9566356393734803 -0.5015666553216054
-7.856725191308723 3.080273150251862 -0.19091108932223613
-7.727074603632039 6.680427124673106 -0.8381943793678669
-7.385943261402858 8.827353814698636 -2.5504862105835535
-7.366578530481035 9.510186879812418 -2.646983067703954
-7.5853385471114185 6.095017203599756 -1.5514841873183396
-7.882959994560808 7.910582455009341 -0.05296250597792094
-7.636677022086079 6.083820335953064 -1.293402131497575
-7.549602371987239 8.87995257912875 -1.7276498503319104
-7.713417024198026 4.256098301796182 -0.9098958343628056
-7.636154150949853 8.93179835096208 -1.292459399131806
-7.49562351455832 9.276555519052819 -1.9985227111126047
-7.840614549027225 7.084995972972728 -0.26688285500809733
-7.828435442178389 2.5493609452345423 -0.33379911491877523
-7.786812192121481 6.345879041953432 -0.5382925879886982
-7.856906834594522 7.637301951845789 -0.1842833598474412
-7.457785664266444 9.26951081026873 -2.188755377848216
-7.7201770051096545 4.046199027629372 -0.8761743102528654
-7.321674496311619 0.9983573711063713 -2.781388768808808
-7.347265066703064 0.963914672151005 -2.612662716780381
-7.293346282049483 0.9833754001303235 -2.9063736363988677
-7.611661361795479 0.8474556933538838 -1.1479517126912484
-7.747263315231103 1.0584815444800315 -0.7117575106439102
-7.725776637980631 0.9427934848584696 -0.6851773674575262
-7.824520005185547 1.0381738758004477 -0.2997334375533023
-7.711255116871518 1.0859343036618796 -0.9247241729841659
-7.376011469000991 0.7131277746772678 -1.857198559761602
-7.17999084699993 0.6432599328717836 -2.561092401399712
-7.355370725648125 0.644468158869493 -1.6842652212680136
-7.595151753496438 0.6376220778461205 -0.45121153989342
-7.650860687744731 0.8153302410459473 -0.8873145187935687
-7.73117678730885 0.7067641307405444 -0.04601093022783588
-7.567840995355311 0.7224656936792939 -0.9304359276073058
-7.698640548180894 0.7056920481254517 -0.2052616205950561
-7.055499419095816 0.5562758278037633 -2.425479532380754
-7.1674690437620745 0.5803396995294795 -2.110337880538906
-7.257140009601355 0.5451199454748621 -1.2968957121561808
-7.2762571207884275 0.5241889651467947 -0.9852748767221504
-7.398923189715823 0.6085352739279885 -1.237047551561887
-7.445448677406121 0.5814943278581717 -0.7247246399070446
-7.3269921350645255 0.5995555539226758 -1.506211991693682
-7.4631590471456235 0.5358712081615351 -0.16593700209643894
-3.6337016985492547 0.4993767107984921 -1.4694772191138443
-4.141597363355999 0.49995050957525056 -0.28015218813731746
-7.201515062199792 0.5064850066051436 -0.4308108703175493
-3.6552475007659355 0.49908408678409066 -0.6655262651091653
-6.039762801219746 0.503882087570054 -0.08363497061868279
-2.099285077770061 0.49551917865270956 -0.0133228920857696
-5.818576459259491 0.5036555228097567 -0.6570226515038405
-7.057980910210615 0.5061764395618407 -0.41887558838815153
-4.3808154672223685 0.5010969825977081 -1.8029394389469198
-3.7484880425704667 0.49902713938920684 -0.06139615295590642
-7.0093347563803885 0.5059935877496181 -0.22875762963242763
-6.791760039930266 0.5060765517920204 -1.5198073534971843
-3.5457857386227563 0.4989567696058273 -0.9131682656727844
-0.771250453666769 0.4927530917593526 -0.11422136020445707
-3.6571397488240094 0.4988669067129071 -0.1397278104052256
-5.4263323881511845 0.503189255087174 -1.5205511628479336
-3.72331522401731 0.4994595907721813 -1.2159822408576686
-7.024478154938844 0.5067254669015977 -1.8924662786058573
-5.210615488014387 0.5027637359512731 -1.5934831019068176
-3.2837903562914597 0.49818971867903455 -0.40686142970923217
-1.8783124761732624 0.49527743833711796 -0.5495603456544302
-2.2904947210834816 0.49598712026254943 -0.1644453522041906
-5.324994723918692 0.5023700444174495 -0.08256534097421697
-5.822749733531448 0.5043129399475583 -2.198869219024738
-5.268072480653148 0.5024069753795313 -0.45652688993142215
-4.213008475622892 0.500508191919967 -1.2468783246802422
-5.5024605918909035 0.5032073642628948 -1.1808770792913241
-6.789954309215539 0.5054817907504698 -0.11500580989477435
-4.141047163293939 0.5002955075993378 -1.103055459593686
-5.8159003785852885 0.5037945226526508 -1.0009098796386724
-1.8611407349011968 0.49531883196830817 -0.7342907033225692
-4.6524291254317385 0.5009731415742293 -0.1430429842350547
-4.005769954314953 0.5000157610937785 -1.118122423947731
-4.2713108400105355 0.5005871644153266 -1.141506773277231
-3.07305171395531 0.49801441370569777 -1.0495807401884951
-3.7264662157322057 0.49901442035212407 -0.14187174382888432
-5.142506836365459 0.502251980834907 -0.719333579125536
-4.895848966427885 0.5022282869792087 -1.9030450853574974
-6.081473531240616 0.5048670747433461 -2.215474365306588
-2.9793060679922467 0.4976489549870493 -0.6520966850723697
-2.9626389774465913 0.4976037821026612 -0.6285020762830417
-7.16305100689862 0.5067565843114252 -1.2697841499302027
-2.3238648083399838 0.49613378257065976 -0.3453310262823086
-2.306206707696359 0.4963095611398537 -0.8519694443205738
-6.640749071553174 0.5054910585788417 -0.8871454485465441
-5.35735192062959 0.5025180859037237 -0.27182179105598825
-4.889029253988102 0.5017210009962039 -0.7313983326043968
-6.310024623744659 0.5054540745648419 -2.461895955136769
-5.736653971431792 0.5033968692753481 -0.45399909849306425
-6.151611266707535 0.5049601698259674 -2.0841747208638832
-1.5299043221310562 0.49439429606287694 -0.20170631744811854
-5.616100364479656 0.5029786028772287 -0.06575259702305747
-2.450320355898721 0.4966238796984333 -0.8746640262020701
-5.682619852441157 0.5036297162518943 -1.2791770619190486
-3.3472417609630103 0.4981837445718253 -0.07366680348086994
-6.148392691435072 0.5042687707473595 -0.45674589150899264
-3.731843742349167 0.4991561241269434 -0.45169846477889997
-6.618741683766094 0.505972539216525 -2.1423712563893322
-4.426451934268254 0.5009142038735226 -1.1390028653290551
-5.8446972741520975 0.5042149349302609 -1.855551328609948
-5.802937669541449 0.5034176446714129 -0.1701550560051789
-5.206210785939142 0.5021234108982957 -0.0934317007481862
-5.469436181712601 0.5035251396246583 -2.1023254495064605
-2.7410502455926284 0.4971298280729255 -0.6158132665395466
-5.558874023450437 0.5036031486757139 -1.8381344269630198
-6.592784400887534 0.5050513665204933 -0.08303490407807101
-3.2936543713585635 0.49833730066081655 -0.7081067815749491
-4.864414638305716 0.5017979610986272 -1.0380961060220044
-6.497056613663439 0.5053402232959584 -1.2509695871726625
-6.809607270498568 0.5064755679061668 -2.378633222895836
-5.924742699694108 0.5039025572355806 -0.7105430019772797
-6.807238289832413 0.5063814051925941 -2.1666971701588937
-4.564716662434396 0.5011009017391765 -0.8877192145448537
-6.28081937487038 0.5050544532433247 -1.6587321817954492
-2.014996826156058 0.49543038726583 -0.2259930723123002
-4.345723435328985 0.5009807974832399 -1.7031616787815858
-6.521233458606656 0.5053888927359379 -1.2451220744082678
-2.840801997221082 0.4975766547536426 -1.1765322729497554
-6.863797925330612 0.5060839870070448 -1.1753223747591648
-7.3208517812252225 0.5066322264488533 -0.18083701256832702
-5.710211876951409 0.5039993239138513 -2.0191019292724515
-3.7346017970838754 0.49911926704356846 -0.3502152355997494
-5.792851959514346 0.5038012622652794 -1.1328040644141293
-4.979521570420428 0.5016555283107292 -0.12081801314091686
-6.6272659590513925 0.5057387488735453 -1.5437449162061667
-4.847532034252745 0.5018783772097801 -1.3141380025825362
-2.8058932011829256 0.49736297544855923 -0.8440678936634297
-5.893254011726215 0.5040377982436142 -1.190345894625475
-3.138373716046031 0.4981521104320267 -1.0485195558719764
-3.404367065577846 0.49855116648252706 -0.6599213205449188
-6.355941091048832 0.5051631871735551 -1.5395533161598234
-3.1950269004377088 0.4980510363891224 -0.5234282582155172
-2.3638779385009845 0.49616256748327064 -0.2125989049033331
-5.335870853239971 0.5024447719368952 -0.2055311338559031
-4.264235524635954 0.5002214675285733 -0.3077338762864971
-5.955679071328589 0.5037068593913477 -0.08979742220962213
-6.608890692337159 0.5054576200556317 -0.9678180585979346
-5.662841499512844 0.5036718839453067 -1.47885190451886
-3.830489142760532 0.49959586417276397 -1.0011329822495871
-7.370582806698215 0.5067407593354277 -0.18882827920836742
-4.019477280934902 0.49974817849337855 -0.41310730638014337
-3.4495219672293853 0.49839012689362633 -0.05008451916248876
-6.673081663294678 0.5052763013153632 -0.21407208354735405
-6.994366180238748 0.5064884336577278 -1.4803690484628937
-2.9357568357939985 0.4973518173075285 -0.16467169718148586
-4.990834387667407 0.5021511618734001 -1.2421759245390465
-6.463025465242626 10.506398667201879 0.6250524015575947
-5.550548481618031 11.041601960911922 0.5520488726357197
-5.621583275191421 11.051655039848635 0.10739496932260496
-7.565805538922886 9.865067533634456 0.6654562821119597
-7.624615030675739 9.807892515235906 0.86765794796694
-7.29118306723462 10.084023298893749 0.1394982300088546
-5.235126384446145 11.182106393202684 0.9143264825997166
-6.033388153984607 10.788207915184408 0.3311035598257676
-6.044623729742785 10.750200880948753 0.6055683038431151
-6.635593566974505 10.242010550289557 2.0596784813332056
-5.974198427851864 10.706589903894159 1.3393665847692764
-7.171874470847516 10.116976028914243 0.45236371681111354
-5.273770127905289 11.167436559245933 0.8477903258347922
-6.0823999147244825 10.642455466283092 1.3538578705713316
-7.345024979439825 9.987498948335933 0.7093115324278185
-6.730961926761074 10.283577712994632 1.218279764443076
-7.292112929508931 10.069977026801658 0.2571327112603532
-5.368248722724038 11.209361797221117 0.007746783101027233
-5.89288332267045 10.723000067255862 1.6052719444726067
-7.017508235739132 10.170300531563292 0.7640866485653718
-7.461559974398055 9.824049381413502 1.5467031323404745
-5.6132452362121565 11.030418593374252 0.33423141365531117
-6.156540530333448 10.71931861815908 0.3118350750762003
-6.600482827540546 10.231699514718528 2.325976267636999
-4.491881956727688 11.70654448105038 0.08427302156705148
-5.124172982947505 11.294886993252149 0.49007904452794165
-6.6317325307477155 10.236213709763021 2.129565732841108
-6.922774029262078 10.23994373186492 0.6339227564555828
-7.134974698155688 10.072276395660396 1.027097465197748
-6.9146154951908905 10.112626175351096 1.7835678324248356
-4.533598074414873 11.681723152298535 0.09068608509635892
-5.872988827728097 10.79188977644392 1.1054247539937256
-6.793984958552928 10.171286188373246 1.879230616296152
-6.0494166941530345 10.639191061059273 1.548100719693119
-5.902205797023024 10.792905266947056 0.9496987489315136
-6.745224966675356 10.213609025549495 1.755833475532455
-5.235072780231672 11.220738540434239 0.5782029789821408
-7.379582340732442 9.856201321668106 1.6788662693014285
-7.1760796374269535 10.145761517197762 0.1805706327789441
-7.357343907660539 9.805834840478294 2.2292371358965934
-7.021376236585546 10.187269046845817 0.5968859938361042
-5.258506132131251 11.270254492090992 0.029230918157936474
-6.66024420854907 10.190697551511327 2.382564094370085
-6.644546043522953 10.445461801262178 0.2431008135043506
-6.674761663083066 10.420415873886682 0.3092864609734142
-5.841699020194433 10.779356201640613 1.3718663966302136
-6.714810629160628 10.338127652749236 0.824479129163117
-6.566169440425927 10.299033620074656 1.912163259940471
-5.665525108332808 10.97292724065664 0.5720141830318018
-6.571464030010755 10.499755017825537 0.13774546875364907
-6.978207881503083 10.062775387514279 1.8979478651961923
-6.810464111185109 10.147244158469267 2.0057325714138274
-7.19085620043721 9.928997876526658 1.9937733035899927
-5.073739419572805 11.348811061687785 0.2740767176902929
-7.238442814499885 9.874969492253573 2.224996541584426
-7.057656341058033 10.080172370573926 1.347047910802843
-7.475497223093917 9.941846191785192 0.45090929143906167
-6.690205807172328 10.431161725488188 0.1380730608520961
-7.220595091486496 10.106556276262054 0.29815973501388426
-5.361154863143595 11.156620353365405 0.5026609937411639
-6.450861202595144 10.349241844118755 2.0546637914127586
-5.428629262292677 11.005609243753973 1.4783878896435514
-4.671010209142136 11.457898980809926 1.348839361320975
-4.217903447369468 11.76186648576057 0.97993433041003
-4.668781371967814 11.427335979023407 1.6261748235858888
-6.122174655175076 10.52352903205433 2.189459993692209
-4.792784214985113 11.351001619385748 1.6674592704098117
-6.8964642340541635 10.006825299697102 2.7960913063951907
-4.266946473612165 11.77183114170752 0.6466101295809852
-4.817532138886593 11.384281731671857 1.2532531901745656
-4.315973986623233 11.659219354343804 1.380710336372227
-5.515106316130923 10.943862169028694 1.5813070315747573
-5.8859442697754245 10.692039304836827 1.909750774181795
-4.033042271105709 11.826905056156852 1.3429646269581237
-6.012759878211377 10.576945125160766 2.274399431415375
-6.438574498312825 10.299626455434403 2.548463995439222
-5.690614452037618 10.788111552580876 2.055181700487642
-4.83774371892344 11.36456271576476 1.3233479674528519
-4.903002282706023 11.400834097315377 0.6794343452492831
-6.092763547033553 10.503780410240719 2.5092827057252354
-4.08771215201927 11.833106997651745 1.01411651866362
-4.248005499315248 11.792413074712226 0.5626136495361319
-4.56469785251357 11.621802254875035 0.45610389815762753
-5.232330816642272 11.059949054458393 1.9920777317709646
-4.406522347705537 11.608430128210063 1.367745088768935
-4.084424787287838 11.787626636860963 1.4266679275773293
-4.479442313039407 11.69092066998346 0.28285711761421345
-4.522547959433287 11.550733643240276 1.2868426677318971
-5.1386053914287615 11.188887126777342 1.3405264093139382
-6.10489061473259 10.5371763290711 2.1575175672189397
-4.1130780314488575 11.769149543773509 1.4435094219761886
-5.697962548521575 10.778242207867788 2.104178607425243
-4.508172675407063 11.510443110121525 1.7099458856857883
-5.942120073296693 10.63976903410086 2.082484410586166
-7.533354602573709 9.774304508888708 1.5441618307846359
-7.33630509195358 9.795576804126862 2.4009699417090924
-7.504221186263438 9.725992829628638 1.8676036840786958
-7.671356810226551 9.757261761043832 0.9203373647460854
-7.520107891441288 9.671713399551187 1.8748837070245727
-7.707762588882345 9.712339268096747 0.8681348105042542
-7.775538574470599 2.836613534715849 0.599375863985001
-7.882349317728287 5.4323522260575405 0.05914619317082852
-7.8210413095106786 6.734187497851625 0.3657289759795539
-7.566658771638297 2.049030538864336 1.6504726147598507
-7.575750313705188 4.290270578841606 1.6019548158965378
-7.726559372231392 1.6664798887421313 0.8470786222065794
-7.829920790645579 8.331314588016383 0.31908529956693227
-7.4812585353219525 2.7649651331678804 2.078910095416445
-7.4558530262522185 1.2704010080615014 2.2085069887582005
-7.757726476987141 2.85177244623081 0.6889042292734713
-7.859984552177691 7.684192106224052 0.16875649443561586
-7.877544530279381 5.746330156859381 0.08290759319434654
-7.769017120360497 1.6132350454000326 0.6336960916965612
-7.36995283311481 1.694609012477617 2.639823882440703
-7.854068350610302 4.58268891648351 0.20238996804419515
-7.634656375174416 1.6853396490679458 1.309082120003919
-7.690045885257459 3.449947458560941 1.0284068459073272
-7.734824873498938 2.9166524739480866 0.8039568727000166
-7.854542223580545 8.349415139164154 0.19528240057012636
-7.783501196144925 2.199864690655045 0.5601438801201515
-7.619908279209344 4.309627444928055 1.3799336462634877
-7.719400515557458 5.2298725582300465 0.8785984199483363
-7.679387538550328 4.614533741871249 1.0805289858440528
-7.777022150329561 3.2818896672729614 0.5913588450420637
-7.781838562121234 1.3011450536483982 0.5696299162317316
-7.77967011208081 6.0877760156667 0.574526750752327
-7.529855478273638 3.605740395310816 1.833542253285946
-7.5134607346175155 2.396493726595807 1.917481087470834
-7.504223590081935 1.301856582532276 1.9652924984991
-7.748550473394266 6.606665038818375 0.7303246692649555
-7.879017703593371 8.930003860294638 0.07150763064362968
-7.554990041114097 3.663610146917318 1.707109789024607
-7.889644249607159 4.517947721678886 0.023619220615499096
-7.842433801104517 5.171013766282728 0.26014270984062426
-7.4853440073960105 1.1487616752013126 2.060398539101797
-7.8244162449831265 6.752653799817714 0.3487388791992319
-7.893192519006057 6.160335183953988 0.003720553906267307
-7.6242782837795 5.375578213496049 1.3566269647279465
-7.7964274909813644 6.5852303873832945 0.48965775058349587
-7.8863819449964705 6.947723550103809 0.036971835254453335
-7.706800243291167 2.7465433055818145 0.9450594749949027
-7.77649022668808 5.219039804888991 0.591602904484177
-7.670016841645603 4.088104854571718 1.1282990085244062
-7.397239873758241 1.1618139792612883 2.503311163029075
-7.5389840065435845 2.452160504480329 1.7890972159723606
-7.885967298118707 8.751497491623429 0.03679362170069084
-7.755164207573239 3.1480010909331497 0.7014140057824598
-7.6966694260814315 2.6026283788694857 0.9961710243954244
-7.449017490900902 1.5893254529360177 2.2424714335973754
-7.761825226044221 6.949394623488693 0.6631580958335969
-7.29844339140059 1.1117983700022154 3.000056923146452
-7.701906607967487 5.8439882412341175 0.965775764061785
-7.740752147436321 1.614255952158933 0.7757922996115871
-7.5694445507053905 2.916018239475681 1.63537995902146
-7.715736984018113 4.274819594825882 0.8982143067709925
-7.73851319432842 1.4391127736841172 0.7872679790705899
-7.665256521688256 2.3098964262043253 1.1544614429493454
-7.852581009433524 4.37774746896885 0.2101244235781345
-7.638542708861216 4.754073161232696 1.2856945809198972
-7.845572685363856 8.267969144772986 0.24047744593287732
-7.786841504911205 1.5529992924818412 0.5441625028004655
-7.456083894718768 2.122155167481874 2.2062778346279166
-7.847674867491989 8.748210931287261 0.2293066226174423
-7.823695966881434 8.45295436842454 0.35022698056368545
-7.825739253475641 1.8019124587069721 0.34829823432371615
-7.8513199699448215 1.307074705211925 0.22031616190097258
-7.658469305266366 6.161121089228393 1.1837518037067272
-7.752411198233296 7.091141993059035 0.71030774967484
-7.760415804083625 5.7343296215984445 0.6717679961957407
-7.596241182516668 4.059232328015795 1.4992301840610314
-7.629523615714202 5.52020946890124 1.3300754879944046
-7.757187667894126 1.2445028014761355 0.6936292764657852
-7.808057450318549 4.637678658117766 0.43363319597763667
-7.8848587453525525 5.9957661464887995 0.045823673264740246
-7.618134253907494 1.812669140859644 1.3919846279118986
-7.6363001112914635 3.6390761876832007 1.298367601759043
-7.624716331204381 1.7292652209980885 1.3589989479309585
-7.438669641110732 2.3119069333584137 2.2935870837687196
-7.860426347063825 4.266916656217055 0.17082231691135524
-7.686429219774837 1.9918406277111336 1.0484181879130898
-7.716187156083887 6.404259105053207 0.8932798205914609
-7.830300610442517 3.805677597870872 0.32285309913004695
-7.8010534400617635 4.794960876104554 0.4686473961179233
-7.855276895081152 5.3930620122269595 0.19529762043530163
-7.820502789883232 5.741318499906229 0.36968182005972694
-7.544357479187523 3.6098710737327435 1.7606306542135484
-7.810624582358021 6.292320078278103 0.4186516632521237
-7.711250438685369 6.662883298257381 0.9177739163382647
-7.85384335914518 3.8318470919343492 0.2044629849088668
-7.746211074181747 1.7258519645450474 0.7482084519615706
-7.509062866748879 3.38630520292822 1.9383489527630635
-7.4905865674550185 2.8918430729787383 2.031855787964689
-7.553527379648182 1.596627592740198 1.7170560481888453
-7.866640517193843 4.999102784310264 0.13866309535310636
-7.711280178819642 4.604591514067599 0.9202064703332506
-7.696177699295771 3.748672170882318 0.9972054208448593
-7.70321641900399 5.469021028523254 0.9596612906920917
-7.6731675464200055 3.1167804208624896 1.1136778584875844
-7.71363576909953 5.522999968052564 0.9072120119055359
-7.52216929550594 2.0274596876312563 1.8741631767685836
-7.651690558333027 3.528641914723625 1.2211332047669272
-7.77976972607377 6.654526726842621 0.5733149854323546
-7.670469121422191 3.0555106697592693 1.127320606149074
-7.670003102767098 3.3819726251740505 1.1292539009631741
-7.392787558814788 1.8115306259904 2.5248793911521425
-7.665658390800155 2.4200147064665893 1.152302972080938
-7.707963822698052 2.707110884140491 0.939259238312139
-7.768972936812769 1.9478196667739127 0.6334984904469647
-7.754072873221636 7.312804558652027 0.7016758835026158
-7.802384661353949 3.5579946940019647 0.4635066390382425
-7.793198887875683 7.831649076597938 0.5043254238295446
-7.455602004583808 2.3945216462160515 2.208358781902382
-7.597595722649072 1.8835317383037973 1.4951498105691117
-7.877918187366703 6.460199497783712 0.08013356535205189
-7.810986964817049 1.7505008648100548 0.42252742628693507
-7.7800653379754 7.05326776844464 0.5713286362390732
-7.734493935932445 3.1857971620692127 0.805282972481873
-7.794947885229609 6.502616766207764 0.49719986081806034
-7.8194785896384404 3.1383815601782996 0.3780961270680069
-7.792186860638819 2.50463789267545 0.5160958055353876
-7.746264430283101 4.578031712260557 0.7443622358218173
-7.747649135701261 5.589752374602488 0.736131683402151
-7.75709764569439 2.3064515447374716 0.6927496641877098
-7.696154055249657 1.671457026360563 0.9999300938093135
-7.652821224125535 1.7674938364786372 1.2176582784309542
-7.479439524469399 1.2885836687096215 2.0899069503218746
-7.729068358514102 4.9449243625675265 0.8303523936345617
-7.378564101404047 1.4938070476413268 2.5967840519512784
-7.778230233775158 7.239185310396682 0.5803210916873941
-7.85157156186185 7.72639513619189 0.21099847290748108
-7.676059465000609 4.611551269456224 1.097264068021376
-7.893220222436843 1.8610769272256935 0.008974574828127167
-7.389297294956016 3.6590205740937094 2.540108417496935
-7.4865219723472745 4.8834202138734595 2.0497914274336213
-7.49803522083015 8.644047453680784 1.9871926439368721
-7.667495147307162 6.513165486104223 1.137934237498461
-7.313157741514908 7.305518896585449 2.9183127349875
-7.580963606594386 6.390062590490709 1.573111641899943
-7.569778455169635 9.304733157702472 1.6256865806636804
-7.433218563976067 4.543509973725213 2.318191900467798
-7.420930179393764 5.974546614289739 2.3781744308348887
-7.550923476403584 8.808751153720017 1.721099085374258
-7.6334111773812126 6.642156462628774 1.3091239190204857
-7.634576283250854 8.877073161888498 1.3004627624852638
-7.843585872393398 9.619148575249804 0.24877076320298858
-7.798811435227421 9.007612063006611 0.47463401276120715
-7.348187531617429 9.470487371914874 2.7394902482099606
-7.557032700052245 6.2769708563046205 1.6935621824972278
-7.339773698523165 1.9452092352951955 2.791230119271221
-7.352328970305292 3.813754539825944 2.7257664184901547
-7.326042045287133 3.965292108571646 2.85772946459043
-7.36721218324123 8.90480870822318 2.6445566312544173
-7.403720753248808 9.082358399304207 2.460793109166862
-7.581464003575588 7.315302615092193 1.5694352335760955
-7.346471280557215 2.2640897281539156 2.757159089981605
-7.602738341194762 9.394477716224 1.4598736332278968
-7.303149839712216 2.2673341709622634 2.9749463776512557
-7.49793442546986 4.898120025666338 1.9923987709717899
-7.3164064310979695 4.08439908690206 2.906021492815864
-7.555728977815982 7.526965485238271 1.698548268436772
-7.599191475766286 6.139362598522319 1.4817885649546203
-7.521124213381528 5.519199040613604 1.8750367938026624
-7.550632497790252 8.306740174522274 1.7231917221646151
-7.45042627631915 4.1442873918248075 2.2321838194702037
-7.420066259994878 5.545615384227812 2.383055751324126
-7.344804193955218 3.683102468525022 2.763759890950236
-7.323790167575463 6.8660460105246095 2.8654113104983674
-7.8053254358546535 9.05109330338635 0.4418314063981709
-7.349955503902499 8.89408262126161 2.7313251804362757
-7.459233570267812 4.728372683124586 2.1871738549156015
-7.585820697487488 7.562512492260144 1.5472225442853051
-7.408056966386881 4.800851950502926 2.4443648143048544
-7.4698657885385416 8.479513372725055 2.1290162058743904
-7.7913211685170625 9.153747166169167 0.5121067546806708
-7.351735443571683 6.64836702935239 2.725194156615452
-7.580512666936559 8.858914284176457 1.5722814066794248
-7.4919162381108055 7.773816384246503 2.019046549449901
-7.7468173814529155 7.93931983311251 0.7373657030621681
-7.598054324534347 7.425574583034551 1.4858918068787896
-7.441517993494525 3.881427581303732 2.277298500408977
-7.39344164245057 3.2079754070639552 2.5198392496183093
-7.501258423391356 6.674424213305301 1.973459487954737
-7.307388176646134 8.378620259461165 2.945972022693296
-7.320844135920034 8.157479832972168 2.8786018477291893
-7.703759934341489 7.194962809578726 0.9547636978353624
-7.325214562824838 3.135429207149308 2.862930587026726
-7.7726858505185215 9.162758303875606 0.6057814200153259
-7.476899753376603 5.124037909077732 2.097863674037214
-7.865991815245202 9.444841880102034 0.13634727584282264
-7.409427731283664 4.419169103487619 2.437952355449109
-7.510116950838416 7.0964950001333476 1.9283952082657503
-7.747101047962815 8.717154801876063 0.7349637959563675
-7.407251122585546 8.702937386650353 2.443520759662918
-7.599600286993151 6.701856038298752 1.479027666913506
-7.342603719253584 6.481059623472415 2.771312278814159
-7.47222320523769 7.694952831663763 2.1181489426967843
-7.54976006451092 6.738336792334705 1.7295453518679624
-7.57812125463656 5.350144151016879 1.588705708423067
-7.3823130555673995 5.744043799105058 2.5726047890110055
-7.428649484672943 3.4762207777963448 2.3425011398571822
-7.472317653527959 7.425831350880608 2.118011741758244
-7.488890055538888 8.473413851294538 2.033382511226816
-7.4673338700534995 5.10434084042984 2.145979276361587
-7.469460401120969 3.985845821484619 2.1366916847124613
-7.300829612169798 4.4859130308574455 2.983827653100599
-7.324735584518253 2.626166036121682 2.8659774592152414
-7.462677463396718 6.979369188500235 2.167036300755601
-7.59688317386929 6.214017450401263 1.4932995127687987
-7.403253006149071 2.6794120526340848 2.4711773470247755
-7.612420520991462 7.836580538835541 1.4131525160343779
-7.369547411945176 5.4977450009665105 2.6370909351618366
-7.363797183317315 4.051547991594814 2.6678135597719286
-7.67368914769923 7.417439454987042 1.1056604850885023
-7.401584117029724 7.026777852157838 2.4741134899974684
-7.553694123189169 5.541966356075113 1.711268412373388
-7.309124860742662 9.127740519612724 2.9363013342807367
-7.329382361391367 2.6586293833841976 2.8425758328783175
-7.318822968652995 5.684234631062134 2.8918657022630034
-7.302598790295419 4.448114779953789 2.974980822743872
-7.477224272243012 6.7875473699001345 2.094145279305977
-7.719838145650382 9.168569911815474 0.8714571993018763
-7.468909153207623 3.618684038365945 2.1399236092719285
-7.496956036118545 7.514697361710897 1.9940348746844971
-7.377238782021466 6.929664515116675 2.596627455515128
-7.374672903610001 2.9714488770027128 2.6144927015730577
-7.709808943026529 8.47877958290953 0.9227427176510922
-7.450490293960364 6.1271902009564485 2.2293743614732437
-7.460874803446037 6.981997856979894 2.17609557688749
-7.697914553039714 9.05863146121174 0.9818123461675026
-7.518761474618823 4.983905537410653 1.8875866151658616
-7.631606105076166 9.426736846292528 1.314705268543344
-7.6114712952348125 7.0934172795577215 1.4188569149993597
-7.595131398009897 9.511334629096964 1.4979696772682498
-7.44775034794291 6.707445112335101 2.242421035801697
-7.443933247415208 3.4050708229138147 2.2657538179246792
-7.452484929439191 4.317987834160329 2.221616369194465
-7.348226497466355 3.3429146806633354 2.7469816050262916
-7.462521852192119 7.074444672946949 2.1676993348023355
-7.464000358749329 3.7942714789417797 2.164381478671513
-7.308655845779674 8.549382927982156 2.9393847987442987
-7.672460166278713 7.240241236939761 1.1120612865962947
-7.474949440586002 8.712432400336233 2.1031667835041064
-7.4163137688575125 6.863740956905838 2.4002671441087693
-7.637586259216736 9.236000561066172 1.2848803207999362
-7.500047808367006 6.045015190197212 1.9803352694949417
-7.600202032211179 7.180829501518954 1.4754016039241198
-7.42128668595961 7.083830011809097 2.374990518951229
-7.421420631858038 6.1840579033849306 2.37544592329019
-7.701585334558599 8.070906481982803 0.9645972360028707
-7.337349822399673 9.431462660310688 2.7940239914507954
-7.603690234152725 6.764297045102764 1.4583878015904523
-7.368831327835734 6.865500441436755 2.6389750328955675
-7.350407245796202 9.379991971816096 2.7284445329684965
-7.575492641303704 7.129028540395386 1.5996889541500774
-7.678100285010507 8.007863823243364 1.082743516228444
-7.5299185192673805 6.741855158697274 1.829291015465747
-7.447561826046067 7.031552790335304 2.242962194113112
-7.377920537033985 5.598365750506844 2.594870205465338
-7.527944351853831 6.529406947439066 1.8394823382778476
-7.4368969656170405 6.133200774241372 2.2977050244642423
-7.834492758661077 9.26091284754757 0.2949343032472242
-7.475575746584992 7.2596496145324405 2.101840700064406
-7.402723607944029 4.334736830768289 2.47176214669392
-7.435604119454414 6.714317398966189 2.303475563260118
-7.543280925660582 0.8707709535743761 1.5188545782534129
-7.76180001955289 0.892352109809228 0.4453944421497237
-7.432718882142299 0.8429278878179279 2.042292489402176
-7.685449704010943 0.9643901211689029 0.913048173365059
-7.45745476814856 0.9596160657064154 2.053700927222247
-7.345953306145333 0.9241775068250723 2.5730243270494926
-7.266352423282652 0.8407998813892454 2.8761970181653522
-7.3798158135674745 0.9753625390652949 2.4623385601842736
-7.500375947766259 0.7122941763965005 1.2286163850142937
-7.407384462061248 0.6991550901136556 1.643164288985517
-7.507691631295029 0.6565231844128011 0.967079796224279
-7.230200770043077 0.6265804364221484 2.2414474595186524
-7.239581566390211 0.7311959479385475 2.615892393301891
-7.168046965895577 0.6931422921065741 2.822162559048654
-7.293839746805807 0.7659378154863894 2.4831299340559134
-7.265287097331302 0.7803711544579097 2.6848409658312833
-7.516762700242221 0.5981786089401886 0.5379968857916855
-7.208253947333132 0.5182152060393513 1.2656452876692033
-7.456718423761216 0.5721154234807888 0.5715049205574803
-7.146395956265897 0.5209445860726962 1.6047284567138578
-6.963579287348951 0.5321419542077673 2.639099683268088
-7.068364545533124 0.5877854261991325 2.6852304033630316
-6.99996221994796 0.52685455523451 2.401750228276627
-7.034467183903475 0.5652985362751369 2.6241123191199622
-5.6104629385746225 0.5038576688478802 2.183826564602486
-5.895138366017603 0.5044414980520737 2.1405541298851514
-5.720831533367504 0.5033454455290536 0.4113039534162922
-4.469482645313587 0.5009510307643843 1.0102201211201915
-6.681901664496483 0.5062605403981294 2.50948203843624
-6.531010786829381 0.505217546628918 0.7886439570865045
-4.126373906769996 0.5001882741179513 0.9219078580430872
-6.015602264111154 0.5044646795361742 1.5900494331575283
-2.5436791930932494 0.49689513321815604 1.0501474902577916
-1.1100229567293827 0.4935943997053171 0.4110720037827857
-6.080206279817686 0.5040616489882745 0.30717483484101304
-2.3249481884955645 0.4963267724037636 0.7986670636490253
-4.3358280034337255 0.500266701320932 0.05535065596045859
-4.2066321306551675 0.500492393567399 1.2413793338493575
-6.3670102373337745 0.5051152367526811 1.3699169360810892
-5.712769102908537 0.5032961368226789 0.33461925173695906
-3.265423769782119 0.4981878343648459 0.4947218323622871
-6.3028760273733315 0.5049754318334047 1.3599950523929385
-3.604001887939369 0.4989544954420103 0.6150926841781797
-1.984761154947769 0.4954437778799818 0.4098355781429245
-6.512321199447888 0.5057716026479967 2.1997109491875677
-5.232855488380862 0.5025280020628662 0.9212855770674951
-2.1823097583932487 0.4959106587559321 0.5265677056740785
-5.455669991372009 0.5027192259755654 0.2557027938933024
-5.8191977100608305 0.504119541811369 1.7569749857001549
-3.7567398923324697 0.4992118531982154 0.45902183009954467
-6.722268442814446 0.5064113095842288 2.6649550656023084
-1.960449344144477 0.4953918255497664 0.4085574501386507
-6.6097841306328435 0.506168893203423 2.654176060263058
-2.352016367813233 0.49606131759678374 0.03154417585936942
-6.710620493173681 0.506429121800042 2.7658565738824774
-5.176053443224097 0.5029158504767686 2.128845940245874
-5.584817036481525 0.5036830884705662 1.8977425755102506
-3.603102639601966 0.4990098009787955 0.7510864515341346
-4.050072362515477 0.49990992183144833 0.6437988322035572
-4.646337651895916 0.5013275314447831 1.0161330025881903
-1.929177438084082 0.49537996398393813 0.537574248767751
-2.3119896208602477 0.4962696948509359 0.7281286783212413
-5.673838887945976 0.5033253409897548 0.5997588348319755
-6.069678383195896 0.5046853996809676 1.8428892660676175
-4.370045189918591 0.5005082507286834 0.45754349130574873
-4.354156134133443 0.5008698203406771 1.3969504177591718
-6.002755651241037 0.5040476799817257 0.6633375607069839
-6.321967170620365 0.5047282831554607 0.6764929085393884
-7.0050905845204685 0.5064387902884094 1.3084417660085585
-3.0602529101492797 0.4979625770562636 0.9906995929594233
-6.348288579362794 0.5053758752182673 2.083629630632666
-2.2556207020399954 0.49592833587628826 0.2000315194910119
-2.797849697462755 0.49712497763140534 0.31873677568422004
-5.569917580459604 0.5032397019964863 0.9186237428579846
-3.8220722172845765 0.4992931170710066 0.32375595434739357
-6.404104249394393 0.5055285084004648 2.165867066166548
-6.3482165503266765 0.5045502923644668 0.12140684617382223
-2.7434966899377775 0.4972402328040186 0.8659732776244324
-4.8230558750163315 0.501637463611746 0.8644861167963287
-5.687692916033252 0.5039303103987284 1.968250161074518
-5.881364273261527 0.5041040470545526 1.4076087358498774
-4.777479355685157 0.5013981893038539 0.5248088095615931
-6.67211588882691 0.5060823404732172 2.1350595022864023
-5.691681790953799 0.5035974909213633 1.1570145372761114
-3.4233787580853585 0.49886072083964317 1.3002230392213359
-5.577279305429042 0.5035327446281421 1.5782381675936354
-1.8233488626512409 0.49502833212737063 0.23370638223785525
-2.3881187520504374 0.49637751680747205 0.601717852551843
-6.489051766691592 0.5053701592400393 1.3623782977593502
-2.3709903272049218 0.49629570827738057 0.49335196399860054
-3.1950540191162986 0.49787841872129235 0.1129475483739247
-6.541597938125805 0.5058041750666751 2.1299585926001727
-5.975537156108459 0.5040322423041832 0.7634753445540465
-3.5768682413069186 0.49904612600652315 0.9693277425401424
-1.6003939268493133 0.4946404379936112 0.4324684936794304
-2.5776435062029175 0.49673132405626863 0.4899886271532318
-6.743623965249563 0.5064022992831716 2.5361743794472296
-5.578416021077208 0.502909539486094 0.09103320806873569
-4.987923800018708 0.5018452579897067 0.5296115039991325
-6.719524081480575 0.5055435397580709 0.615879634354416
-6.543845320398733 0.5049742861364238 0.145838904316656
-6.754415332323561 0.5057908002572822 1.0282601957492263
-5.678670367893103 0.5039651707672603 2.096479966438393
-6.827615904274545 0.5064547640886019 2.238638964228452
-1.7933002147069992 0.49492051976587337 0.1284781396923107
-5.502785189646105 0.5027177665673968 0.015369738795536391
-3.7311911688271704 0.49947206854617315 1.2060506081471623
-6.140426463169792 0.5048197410167464 1.8065729383744058
-3.0446694766344926 0.4977691416922474 0.6092059481627295
-4.322753404532085 0.5003296126970593 0.2706346374263242
-4.022850923936689 0.4998869982941876 0.7261559433356752
-5.7628416145565 0.5034449785673532 0.43671640175100906
-4.7744666977558445 0.5015969092015735 1.0123536291079958
-3.370261748912868 0.4986568628690282 1.0826463937580584
-1.8658717697369918 0.4950991340818115 0.1882408271157483
-3.986902352082748 0.5000057550963356 1.1891913543152814
-6.2296338607671755 0.5043031980085125 0.13016587178218783
-2.302976479735468 0.49600136851830423 0.1355723361105218
-6.481063485606865 0.5056241816413327 2.0064029627375306
-3.394174847218645 0.498431082271665 0.4256991248608554
-6.421192691901457 0.5050453277684674 0.9313353324228862
-4.867745779020376 0.5020654905033587 1.6573255104639117
-4.275451647840808 0.5003726977512789 0.6108585402080275
-2.8396991841526225 0.4974950300998972 0.988038435178276
-5.061636789823067 0.5022055042018194 1.0154132181554851
-0.4917628524918695 0.49216139965513755 0.11272674452132066
-6.086732126489857 0.5043286312977542 0.9090406044538739
-4.103080709685425 0.5000007044202905 0.5931176810461107
-3.75266401684963 0.4990653370592858 0.13121278571100284
-5.825733912929203 0.5038327327312814 1.0423095359991144
-5.985923602714021 9.981405245572999 4.27580880498984
-5.89405093064226 9.925743350764009 4.583503669600186
-5.549537613825314 10.150372356727766 4.412255712946213
-6.565484701608194 9.901397319271005 3.6530741981526784
-5.776290621136253 10.582530320783569 2.751484537641456
-5.855864856571004 10.594303603650673 2.5963939746317015
-5.967583666821943 10.430366289274751 2.9304665826278167
-6.062224284796741 10.518124197104205 2.520489089497438
-5.619801295110701 10.331801514773176 3.7523419724647193
-6.358493272561681 10.25452635475437 2.8830950024234405
-4.5367382188479795 11.288976325612703 2.446504589110858
-6.216999903514446 10.097228094116115 3.5758264490715512
-6.256042030656699 9.87418588575191 4.199392743581494
-5.110488497200899 10.948585629258583 2.62863988648616
-5.892963815152147 10.054417558713235 4.191683037297235
-6.98567925812875 9.813207230142229 3.293867291232144
-5.100329377569966 10.757720077665786 3.227454420919842
-4.883992470776331 10.813466034686877 3.380771106096375
-6.309692232366514 10.070582089396824 3.5185780590555855
-6.130656646687006 10.420030462114722 2.718014331405419
-7.15468536346369 9.815056094505737 3.035278305614492
-4.988146435886297 11.013413523358274 2.61351336222764
-5.651386138166897 10.570121797351092 2.976359040091749
-5.159952905046824 10.780816949212301 3.0675980450745906
-4.908394338347519 10.775769232513728 3.4595167582530832
-5.010622122578027 11.0254653530057 2.543025168574518
-6.070008253707272 10.13818318564915 3.6705866289567517
-4.644812253764158 11.194130644937852 2.5747702409514
-6.063219410814149 10.055582692704355 3.9333147007851452
-5.380592983330208 10.106809478905099 4.798301793091799
-5.471120210980408 10.76498572318845 2.6503101034058676
-6.248690116609096 10.214428816665919 3.170033560245238
-5.467035575012565 10.844821793762945 2.412308140070567
-5.648652940326873 10.223312867130964 4.040888552766168
-5.026482956233434 10.957987541747755 2.7256148963228823
-5.925241571867831 9.929490665051343 4.525365363043247
-6.851443586400503 9.810156013296773 3.504095043235349
-5.5169247117938 10.426774306589653 3.61590911039504
-5.442907917621275 10.673573180305238 2.97204529809112
-4.870482059829763 10.683526687091675 3.798306919737935
-6.243072096971967 10.003783267153771 3.8225332281731297
-4.784730861596176 10.947290346646033 3.120131607277612
-7.018664717321338 9.849059370842593 3.13487579740973
-5.784179748335648 9.946529791289091 4.684378862301155
-5.05992310671763 11.145418195459122 2.102460710480577
-4.737368112986076 11.248685994632964 2.2694364009465717
-6.1090661203789125 9.859751606936946 4.46349365674154
-5.93661128117437 10.157741814788277 3.8104249655635263
-5.552036492419425 9.959176187233723 4.993137131319493
-5.524290879486232 10.03991003587209 4.787801210323327
-6.210231019953899 10.2364187315954 3.160353063433928
-5.547615506927248 10.677779584678476 2.8024772571270127
-6.252909206775513 9.822135066455184 4.36323733833582
-7.108491669047034 9.855380160771395 2.9811130567693946
-5.22491751992068 10.513178373394066 3.788731048192029
-5.794744218512125 10.448651893519424 3.1332273343238395
-6.1532065585892814 10.144770051334897 3.5259307861649054
-6.26615331279172 10.146522570231088 3.3515352090302675
-6.077821226457111 10.170108719317732 3.561274853734286
-6.060315137738281 10.501456366438616 2.574311621643743
-4.343193306215997 11.46224900204279 2.206348719610416
-3.4973140931864957 11.519026604062368 3.298686945827913
-4.858344930227281 10.638220553437472 3.9550041378438294
-3.917497586253761 11.318897091004725 3.2817747194634155
-3.372983640023846 11.794107954427965 2.6436436378597232
-3.2560380311977735 11.680916969253104 3.164769353693696
-4.188026988130677 11.365715537161574 2.733742202697975
-3.860557712096833 11.462196078614157 2.9288255718778364
-3.931696341312593 11.311859010571776 3.282045146984593
-4.112937387766115 11.31477644655299 3.0018782465010996
-4.155968952039272 11.494663311528488 2.3874365106866766
-4.836342834507064 10.435697881655393 4.60718662547067
-3.74796265697289 11.60380680469773 2.6643324455518247
-3.991195591390299 11.406658655182616 2.9031291813792497
-3.942246363579655 11.455136571282935 2.828155802492554
-4.6399158098713436 10.835261801989365 3.6794127620976216
-3.9578140060136673 11.56239990405123 2.4768778508382043
-4.943836472390716 10.437381609383419 4.441162775286981
-4.435627770380872 10.980807288158523 3.540116486289234
-3.6663775873605173 11.728893983941749 2.403953708378956
-4.2430298084923415 11.429105761362806 2.4575962735636123
-4.3606148743011355 11.296785833575484 2.6862128296892
-3.925788449338279 11.731770567542533 2.006922388394154
-4.373020011585335 10.958318778180974 3.7025787378406028
-3.653011174258344 11.68524516082324 2.5574230559868028
-4.109767113078023 11.03876038627568 3.8505978412959863
-4.584143105811832 10.656915457461297 4.308212498023103
-4.162629064749369 11.41794357495289 2.6120550689334836
-5.05879332468478 10.255781607556486 4.824396525184486
-3.5829593641599007 11.48243697094926 3.2823900139830258
-4.756563878473506 10.692745621340812 3.940608738852225
-3.75915035427004 11.531781998438067 2.8678192989455553
-3.825255857841597 11.370287783421585 3.26268670898421
-4.536289062767597 11.047009001462513 3.187041164557768
-7.096940120584064 9.784025078603163 3.198579304795878
-7.03815091669911 9.802212883055281 3.2463846341324754
-6.53865605630808 9.742357870992114 4.098064913949546
-5.927922425476986 9.769074356678198 4.979986672301286
-6.815221923645027 9.67639253574526 3.7318609831639185
-6.510764937245708 9.716524098805522 4.165542304095502
-6.359682907444258 2.471819562954083 4.419377792764675
-7.248733782686323 8.948773094047167 3.0859633383046403
-7.055580577594348 5.471819106316976 3.376570148604248
-7.1507637386420235 4.577656522965924 3.2345123991647795
-6.247190781587861 3.1602742730634903 4.587430921863535
-7.231043327884636 6.792498062101035 3.1133892860222923
-7.020934378069699 4.483855787665022 3.4288573050546405
-6.844119099994023 5.3830902622917645 3.693084040608781
-7.04889389829523 1.9297620968483693 3.3881384886347847
-6.7121555196271006 6.195040704105797 3.89022386509358
-6.540857320362977 5.252273618250517 4.147005482091009
-7.062710768346264 2.1018112294697553 3.3673842370633844
-6.599054638925756 6.004378946478633 4.059575493349699
-6.084134475229355 1.3115319927396127 4.832276930897449
-6.484318469332859 2.626604430180934 4.232779087745635
-7.096702134101439 5.663913838753512 3.314942670045935
-6.4045182068126785 1.818131748049987 4.352565041320612
-6.17549614380726 3.1836635937461812 4.694719331498407
-6.718689674875665 1.481837395644259 3.882521939401983
-7.114039050234705 4.96777544664061 3.2893029076162166
-6.823342545850943 6.821935721932195 3.723544274625232
-7.157513105727145 1.965613527501862 3.225562391154737
-6.794937054558607 3.1530409829212376 3.7676730451791567
-6.909884584235347 6.1898128259855465 3.594303409788404
-6.653687979787042 5.1911269698631575 3.9781692425342725
-6.951211010687613 1.5058967053705916 3.534518210375797
-6.582081263912226 2.878244959722375 4.086355677240455
-7.041027343646134 5.989945409242008 3.3981222830466473
-7.219855063000124 6.476727502046322 3.13027288688985
-6.2215018544759175 3.7844093370885146 4.625602097123253
-7.078954179470029 6.20354810579703 3.341266568051304
-6.648914643140524 3.27494169534828 3.986157527989666
-6.986926779709646 7.515404111170096 3.478417301999071
-6.788832465232041 4.581070060159482 3.7761798765613936
-6.085141090481192 1.5988012658653883 4.830643821778753
-7.217603697725053 3.080488821426201 3.1351390405596278
-7.1093821939800685 3.7781783308591694 3.296796655644811
-6.825636300413159 2.6685385029862347 3.7219418534029503
-6.33325818673223 3.9106532666402805 4.458291119216462
-7.1924266352517545 7.798763181648654 3.1707398422400206
-7.0992837155544715 3.0869372299992 3.312214746410594
-6.734149219515476 3.0488740891217274 3.8586944691767107
-6.923006480002391 2.3758506592171242 3.576345922330179
-7.138439838965699 8.69453890121237 3.251142100993296
-7.195393033446553 9.174003747636986 3.1656942318155132
-7.117646779210048 2.1989120755916334 3.2851238098365085
-7.154933209381217 6.98059357149814 3.2272133492246353
-6.944297785386386 7.625688656830829 3.542167562508931
-6.548833270460033 2.0711381320358493 4.136470563685837
-6.9554841886949985 7.712864058157207 3.525387491029961
-6.5089099126350405 5.168180870819542 4.1948552655577895
-6.472123389085489 4.9696133674718865 4.249997754786763
-6.62124101082492 1.929579932834846 4.028166997302218
-6.98036639862909 4.452984968499233 3.489585243736333
-7.05567560165654 4.230192940077717 3.3769751274495285
-6.453727063438938 4.181826482079004 4.277877012524626
-5.807240659643818 1.1039826828049857 5.246769701777103
-5.979238791026214 1.3978808593138552 4.989226521925682
-6.729698925977681 4.072339029465486 3.864903763412471
-6.182680197987626 3.6755101721766184 4.683750863734532
-7.283513854647245 6.243526123600852 3.0351034486570114
-7.221602349137437 8.83856692278117 3.12661700806525
-7.2644374648919 4.727482668143328 3.0643214425996357
-7.186299867300646 7.673466437528745 3.1799644268834584
-6.839984951712355 2.5218363585248786 3.700532209854961
-6.047532117502874 2.277193351609876 4.886630713148151
-7.0030140495357935 2.441073720398282 3.4565772664039374
-6.255466698301705 3.767990310180723 4.574777300266408
-7.185320910238338 8.146023426182738 3.1812212822873547
-6.769074580129001 5.020998936024739 3.805555791960333
-6.943811214189036 5.2398971433312855 3.543947202005154
-5.878190413043051 1.6830253348585802 5.140330595934154
-7.160362242440992 5.4413227619385305 3.2197665852141837
-6.627130100504411 1.1655944867816783 4.019690036010294
-6.703144888910176 5.282838130448924 3.9041112541762386
-6.904733637380249 4.088035132673008 3.6029386211937178
-7.248721122943195 2.5177868360091806 3.0888164615194094
-7.109113372793591 6.464782621909439 3.29601497179148
-6.463269452146404 1.7399663344886662 4.264671947333735
-7.220105367124398 4.743761893520338 3.1306620088800328
-7.270405993761496 9.354751044636092 3.0533496321838496
-7.038175884939646 7.365112940376485 3.4017837518516627
-6.9712925121868325 5.6472005242481496 3.5026389899301744
-7.0024296637839045 7.326211399169771 3.4552989511305547
-7.095164282941732 3.749747816690404 3.318087814442149
-6.993603712338279 1.6832868509066832 3.470994807135698
-7.1499766373887415 1.9874180346693175 3.236831915215424
-6.202928983315921 2.7462143728100643 4.653855930596505
-6.475503578091513 5.519598288560675 4.244696557430305
-6.774136161844528 6.413045670659562 3.79736710802228
-6.408178564107265 4.029059031497338 4.346112554197234
-7.188300531177329 7.425905312998963 3.177079320505839
-6.457248174013612 5.114216730600482 4.2721963824611535
-6.350800421204466 2.6720785980993362 4.432583130981573
-6.806013989158218 4.16885633676825 3.7506475478338723
-6.262395083424787 3.921300425562302 4.5643406638498085
-5.8651442453118925 1.7171828068292891 5.159840532233968
-6.99263090738476 4.403244286267036 3.471252011576333
-6.311125341804463 1.6120579190665385 4.492428301844079
-7.0530957914174826 4.587872001838058 3.380678458818865
-6.721078975958264 4.270895312153455 3.877716938422271
-6.827578875850961 4.466092228715801 3.718242387483015
-6.164944589080348 2.006051606389776 4.7110298463024805
-7.0717746453603105 3.2322706873641986 3.353320971987163
-6.465532192246684 3.303618253237169 4.260596402660546
-7.043918444661337 3.776044955842428 3.3947711202074267
-7.127328930769208 8.728777752480873 3.267755677903785
-6.7238489014371385 3.993982945470926 3.873693484803075
-7.058335176369544 1.3952975487791512 3.3742441449809193
-6.560018219461078 2.651313116043821 4.11947540068215
-6.847462087176899 7.295207259766265 3.687238219501516
-7.146884432038089 5.331961745273937 3.2399857705934636
-7.010111258605054 6.2177613959429685 3.444291121300201
-7.10650742182871 7.880532776620495 3.299291126900641
-7.0499094497491805 1.7695385971262507 3.386689218442335
-7.163728671425637 5.873888687767076 3.21453772850412
-6.540128027313608 4.405688548686935 4.148470042809452
-6.909516040496862 6.140244584645731 3.594876820072853
-5.8201073062298345 1.4865814966250777 5.227344770985464
-6.705307504048205 1.7197299872730882 3.9024449530215417
-6.707095592529669 5.562251321317827 3.8980754631735914
-6.749649550209979 2.7901737025481927 3.835610572189266
-6.227794803334172 2.0768976003604607 4.6169365352788185
-7.183975723101634 6.705694940324098 3.1838692610862385
-6.42716465170799 3.270650716992948 4.31803207248003
-6.471682085071366 1.3745440789352976 4.2522425834942155
-6.283615324113994 3.712921728246062 4.532674130785502
-6.892384832005719 1.4581230445909328 3.622578952308853
-7.2869044027152015 4.727308521694575 3.030697336447803
-6.275903414792149 1.8239785192410398 4.54504829977337
-6.378870558090082 4.268952783217857 4.38986940691508
-6.950606924991108 7.35364778528984 3.532845148334116
-6.419381580180293 7.26238480234009 4.327920729943219
-5.989072776047405 7.521520859344098 4.971809376524414
-5.9940702390194325 4.875716440011074 4.965496648863369
-5.992679826775991 5.320969856747488 4.967381241149057
-6.137163265953564 8.449594606665002 4.749767028208432
-7.035764763880124 8.99932945997157 3.4046719308543056
-6.13859804366467 5.112275461795868 4.7490911195460805
-6.316131415363512 6.301343663075036 4.482869297114286
-5.833324098456504 4.079321111181819 5.206421468931715
-6.43655093375855 8.233317923872299 4.301796891856303
-7.018442311958062 9.550367752298895 3.430353875759886
-6.478569260375629 9.225117291323876 4.238474722746839
-6.142073041543718 7.236564284754536 4.742953839059497
-5.870810259181763 5.962336475730714 5.149489240431921
-6.535121739227549 6.3987112682176335 4.155084055303701
-5.974337446540314 8.118839064996116 4.9935990132206935
-6.0856732705154695 8.02290254800814 4.827015407351306
-6.093738468520259 7.73457951889783 4.815072099230868
-5.820296859788318 3.8320030344050684 5.226027157224539
-5.727677382777953 2.193114515487616 5.365364625074467
-7.000636682409175 9.325109256894612 3.4571012084420314
-6.284123187001393 8.682164977725243 4.529723336546713
-6.471800630272531 7.455847128379258 4.249384750215995
-6.05575761063819 8.470746822076809 4.871589924643589
-5.7193985478558815 7.646660464585935 5.375350371279782
-6.8463469851511425 8.867348154762384 3.688213974081137
-6.643118100063269 8.385558854189007 3.992580033702933
-6.075464296628107 5.4726644338892285 4.843418595769337
-6.628745593540453 9.566068507425111 4.013569544254222
-6.4191889092704475 6.60690474496427 4.328498076695234
-5.989892956854322 8.620358167271043 4.970097422929959
-5.725069056792509 9.399841252316643 5.36609089257815
-6.004864973749216 5.387483831000212 4.94911554727136
-6.274145688405255 9.642928262215795 4.544232134098195
-6.017075573292395 5.803244492039035 4.930657781736122
-6.557108387008547 9.103172958733001 4.120986329575968
-5.868623291525787 8.302207240082446 5.151730645823223
-6.800596972926287 8.465162685843733 3.75686105309185
-6.047847514771734 4.07054794004818 4.885368225757096
-5.681807075435381 3.8949720913746813 5.433264088146217
-6.399610815533126 9.212800894210893 4.356649864359957
-6.151768905153318 7.80443407593271 4.728192580028453
-5.8586196227113625 7.968610807365042 5.166849279432358
-5.743119149614233 6.984706204429521 5.340141816258831
-5.830884045932519 8.19840605211707 5.208257205990762
-5.920915080153446 4.086078321810881 5.075329268667629
-6.269118785581037 8.444746527329903 4.5522836945663165
-6.77385190388882 7.272116592206527 3.7974138951893197
-5.661104544683664 3.8546526019313054 5.4642654039626954
-5.835848497296489 7.213280351630879 5.2012617079875785
-7.1591057435988965 9.092752660495062 3.2200378457357957
-5.791640788453117 8.193908100754316 5.266990898176999
-6.133516184915399 6.9212276884868835 4.7558991137668265
-5.721303755741923 7.257577732172203 5.372670567494555
-6.164935955205825 6.0126804321690175 4.709276654334344
-5.886787768064832 6.591300027867502 5.1252998954817315
-5.627833653149762 2.694343450369062 5.514570400199439
-5.768031274798107 9.652888470014465 5.301681797633029
-5.926611848690424 5.104776658116507 5.066354315244036
-6.000743824565376 3.6190253003138166 4.956062980094651
-7.0644567394723365 9.456115815892636 3.361529945156953
-5.963043204532763 5.387473286548556 5.011706278095645
-6.2279079504448465 6.43006017984519 4.614848346859334
-5.904760953932595 8.091085582097582 5.097739871413118
-6.138742161571539 7.6923902659823575 4.747737886374869
-6.505751030931362 6.498512108349952 4.198996443266636
-5.941482304892104 5.876251708711633 5.043758960571712
-5.950938795651065 7.0275609489267 5.0290987161764145
-5.858930785549077 6.624337110170738 5.166976267237028
-7.009041057748978 8.484461752547611 3.444893799395219
-5.950513683436363 7.7333485798627715 5.029423767504926
-6.765258520745296 8.95163930325319 3.8095343232914782
-6.014731013099866 5.501796472516068 4.934299570704116
-5.810060791691961 5.085149258855166 5.24079402298366
-6.264513629176613 5.9506128991092195 4.560275438172383
-6.206900492849301 4.646891986111886 4.647074421736992
-6.626528047952519 7.076783001388397 4.017985836819538
-5.984780925569371 4.797966263975292 4.979433373769327
-5.6294926413259 9.476128093068777 5.50909753063571
-5.785478301743197 5.741003240835141 5.277295174908094
-5.743496969605301 5.169555968557204 5.340376649040843
-5.606176914018725 1.2634292052658234 5.5476128889091765
-5.845327348944117 6.619529509500188 5.187337376721737
-5.670704439549262 3.878993388734651 5.449887408568307
-5.944816179503954 5.617306251389144 5.03888362891387
-6.400827109382055 8.656988286362022 4.355074603153302
-6.330145337112016 4.9690138135665975 4.462483382742738
-5.688941477295363 4.946355007966083 5.422123153248434
-5.708015942354036 7.835952470735408 5.39230219432226
-5.806266145668635 2.2804429716718886 5.247709679799595
-5.6673857534371335 4.654667332037775 5.454512188883361
-6.115558041466038 8.092922324167013 4.782258797827806
-5.816904847389936 2.62644254126992 5.231635183485272
-6.024675993156535 7.136774419238763 4.9186950056852226
-5.6478001013529395 3.443825765803984 5.484358047805799
-5.633768026906354 6.840187445359575 5.503861119765025
-5.979207709352185 6.029559676457922 4.9872312881154075
-6.903115027782974 9.380175177233324 3.603028459895116
-6.283314229736552 4.771530524860846 4.532658184610024
-5.863577497690577 8.135920309833722 5.159355527167063
-6.265280604298823 8.871956901895347 4.557839588572374
-6.150277743884123 7.511938416032238 4.730553219731521
-6.0521251929007285 5.132599960165344 4.878497977894628
-6.450854333423791 5.789086068320135 4.281467968853439
-6.407181390428022 7.233927601438213 4.34619215811002
-6.604325079550039 7.657154986078021 4.050959060858634
-6.1439196830304965 5.4976799493653665 4.7409567994051685
-5.641799582750098 2.5351766888442033 5.493739075955274
-6.594430509258076 8.229581845870154 4.06551496081415
-5.728706508809159 7.040300759674628 5.361687355230081
-7.128763216369694 9.495218206711524 3.2652712224280283
-6.194182332999006 4.998383127938165 4.665953532036079
-6.824232777959897 8.955465245044305 3.7212713875152454
-6.466116232531102 6.04607094458127 4.258513611524802
-5.776713269819193 7.8001326132961895 5.2895051290966455
-6.710964960243454 9.522342968539492 3.890538794513896
-6.002517380699821 7.084638108398449 4.9518807125671644
-5.922062720359936 4.357683456641219 5.073491955186999
-5.865272365998453 3.4579475564628765 5.158881445291556
-6.479260596139232 9.156546828413571 4.2374702972334575
-6.235008280761364 5.422500692167514 4.6046661696322655
-5.717297279533593 2.423217673912819 5.3807981036469466
-6.759675662454912 7.9394510223732695 3.818335927699767
-5.950788314322791 5.407649929850775 5.030038129167065
-5.936332174830959 8.768114271799368 5.050191686331302
-6.2709934313671365 8.457596677109551 4.549472422247625
-5.761861842279776 6.482247183190392 5.312312911922879
-5.719508129640531 9.524549934497614 5.374358428829616
-5.743279172863047 2.815649773476098 5.341740417437375
-6.123846734417169 7.445460808780533 4.770139346116478
-6.575516049769465 9.572736543535742 4.093230278618098
-7.006061875603789 8.684641952979575 3.449264205030112
-6.483373420222947 0.8564905556268767 4.141124195060931
-6.198641187757595 0.858252288866136 4.567976121760731
-6.122393050212182 0.8576690975089135 4.681851322104206
-6.95912821141877 0.9779681758420056 3.4787374010944507
-5.701957135517092 1.012356595573648 5.374278453360137
-6.6602178727359505 1.059007921291994 3.9591985516026478
-5.8314015775203325 0.9777346055226329 5.166405622344481
-6.428974274103078 0.9984562493614798 4.280540108937665
-6.383468744824557 0.6704770559836872 4.0596373884721295
-5.926514678487869 0.6261509801642051 4.680789040205489
-6.4340677838994145 0.630725022832891 3.9276549735913218
-6.306497770838643 0.6439860822292671 4.137343587902393
-5.618767083379052 0.658453364785588 5.187079244027481
-6.012493812941174 0.7352760282790831 4.706542291924067
-6.912821582313553 0.8141480444517027 3.4707227437446497
-6.351577138163776 0.785885872199511 4.270689392610523
-6.060851705174704 0.5476363776464269 4.2053216104792375
-6.9749730875711355 0.5697583152380946 2.917224968928501
-6.432631743840765 0.5353639187317677 3.6045410001709097
-6.527139906921635 0.5406393738446562 3.482173273402352
-5.509453168252974 0.5877343712306814 5.175525227593309
-6.5764906367763505 0.6056929817571672 3.6435210368578175
-5.86661153281287 0.5802388750678308 4.61389934779008
-5.459119564679121 0.5774757059254915 5.213763887625438
-5.421123965825947 0.505885257377505 4.250666803015835
-5.302395800205141 0.5045285543993028 3.2958247587314657
-1.003302963864547 0.49367723244300066 0.6715465356219765
-6.006345404571279 0.5067966345991899 4.13560840545564
-5.602610313296438 0.5067387317255874 4.6915056656306104
-5.768078942661893 0.5047527567194043 2.786036980262616
-1.5613959717878987 0.495710264921674 1.5334099828833554
-5.314751980199691 0.5050667099033965 3.726567090061348
-2.009984088107749 0.49664583239181076 1.6430311787255156
-1.9120335353872138 0.4959284953202704 1.190815037126562
-5.071627862505412 0.5052892928733876 4.2762333118111115
-5.438861276792856 0.5066667157106931 4.876456968730815
-1.3936868517070025 0.49486474796160784 1.0785945959304064
-4.968024009798824 0.5027233222043889 2.2892988632836735
-2.7394401935700214 0.49745715051793304 1.2285841232826709
-5.773437009187181 0.5049422632248848 2.9362119154985233
-4.4082154166517915 0.5022464482002235 2.729033346889227
-6.01416024243547 0.5067591954837896 4.0926597125214315
-5.613302516613422 0.506277390637453 4.2903911374187675
-6.40730861820311 0.5064336489821882 3.2325155624216655
-3.94067120068466 0.502701157513254 3.808339724098306
-5.41022611123751 0.505570001079284 4.003810923996398
-2.395052343345016 0.49757304516412193 1.8407424025476977
-5.152687562876387 0.5030367777971476 2.274592642313499
-1.805085090072744 0.49574022841174736 1.193715730957266
-5.669353071366894 0.5047976575818462 2.9712725692378994
-4.910340311022502 0.5031504469674911 2.7321785112514667
-6.387254498417185 0.5061022262191507 2.9858677744475317
-5.119529254842952 0.5037662616298263 2.933166919616693
-5.901110309943906 0.5066649763682876 4.183199965979132
-5.03628964411273 0.503177682323047 2.566417067272948
-5.688149317003411 0.5064861185435585 4.352614158266482
-5.003927843360563 0.5028765408827994 2.363466899893345
-3.706026593163405 0.5010820624348434 2.807942644472588
-4.573008047567965 0.504334407488234 4.225363931605084
-2.8311564673878378 0.49835921659417703 1.844336281431888
-4.491457240422713 0.5023683015146903 2.706172240897513
-1.594055906956365 0.49569214302614706 1.469403333374343
-5.3955875457741636 0.5057400004470491 4.16762903231584
-2.4908009472597024 0.4970974786674415 1.300456977557711
-5.267408489621042 0.5047069015935446 3.497065431274769
-0.6398849478642921 0.49284651903214083 0.5219879377787006
-2.9256320454917413 0.49820154582739545 1.5713250696316647
-2.828920040698837 0.49915569683922223 2.5125590815862693
-2.2350807607582963 0.49716625967513595 1.740585696587078
-4.3423576885448405 0.502452943753209 2.99997222932419
-2.2226882643183403 0.49712390440404286 1.7237755914845228
-4.380327014721903 0.5034753344381393 3.7966054975315515
-2.6060022938446954 0.49865987918853794 2.432286887735131
-1.3289195438394774 0.49444787521526556 0.8275340092919473
-5.656489354488886 0.5055849157778838 3.6477019784514377
-4.624625600493605 0.5043424874070218 4.154857602623496
-5.496423469705812 0.5039212360016365 2.4984720210160627
-6.24068158758522 0.5066509571142729 3.663292459041629
-4.737957064756514 0.504007924617593 3.7059628479389737
-2.577188068679379 0.49820765845828574 2.0979113273946814
-5.321796230728593 0.5052518656072033 3.870586563384027
-3.8244738428422984 0.5009073297737956 2.4848125522307996
-2.7485209138548155 0.4982110615485892 1.8443342113677557
-3.16236141712201 0.49890533264193465 1.804532571225405
-4.679889542590416 0.5030791028315389 3.017516944026463
-3.810200028152928 0.5008239557176829 2.4365768960539325
-3.7681049205525716 0.4997964835987435 1.641876484979526
-3.226634299333315 0.5003847496544697 2.9433104403622385
-4.08648611360983 0.5009610222337298 2.1375039159381224
-5.275410933916255 0.5052266911423675 3.918992292298219
-1.5989023839629999 0.4953353335637347 1.1642971531685493
-1.9714106301060703 0.4956355230687912 0.8573871854808727
-5.908119958286263 0.505512937248106 3.2110245695777575
-5.490762131257961 0.5046300353585995 3.09862741990362
-3.229880843765412 0.4998431928581649 2.486377677337451
-3.6117223637468134 0.5003264633408817 2.3183295013071863
-6.349932339699233 0.5060709598018106 3.015624185667965
-5.8990012368764955 0.505549703541539 3.2553630136724103
-5.428169870661984 0.5062398734427125 4.536143786931165
-4.72331179559479 0.5031205283554203 2.9871115811058724
-3.311917598199705 0.5000752761742722 2.5573364989554768
-2.9636486511342874 0.4987863518322603 2.0026061504395414
-2.7791743034708483 0.49885111270486027 2.3327519832886097
-2.7402721332277027 0.4980813540422113 1.7484037939859873
-5.611329556463969 0.5049090385506139 3.151088159932522
-2.5094148672681498 0.49735911954374745 1.4910085337158738
-5.817461730596161 0.5064729143994122 4.148061928767303
-4.555621766221199 0.5040186555322986 3.987804917430281
-5.86397176478695 0.5051225736840105 2.9512342770356956
-2.884068375121611 0.49870254917566526 2.051750808076142
-4.465171637727607 0.5024094923180698 2.779896193327768
-4.085958578317679 0.5009524041655476 2.131099346427062
-4.2682054273244345 0.5020967440452999 2.8136051028511004
-4.397974991379792 0.5023697162539906 2.8472593907930532
-4.9519430327634195 0.5054777849324923 4.612701471852676
-5.554931258488191 0.506369579030698 4.454705826493452
-4.256548863447854 0.5023782983108946 3.0660827200288323
-6.1675163589099125 0.50532215293885 2.6635496237502827
-5.330571508162871 0.5052948535109196 3.8933383242209016
-2.976109637319244 0.49793535970163355 1.27357645942718
-5.571542692986386 0.5050655973044551 3.341323596186755
-0.9868686984783244 0.4939225391730283 0.900916232203972
-5.47207911365534 0.5044988070188711 3.017043410647881
-5.486741898968778 0.5047730534874707 3.2240309995346585
-3.246273079491903 0.4987711060234788 1.56690179868041
-5.871108809667655 0.505806101982832 3.51114007245371
-5.413823954728623 0.5043819173924853 3.0066528286063656
-2.7933543975008224 0.49751006777781925 1.1920693616954456
-5.919224709273022 0.5066293310984383 4.126334322893317
-3.5542057886135634 0.4993373401901107 1.5787214324562235
-3.1594638380242026 11.132922830576629 4.379186462430415
-3.3721015080620895 10.808670946624513 4.899583013816274
-3.068280479471671 10.220547475191418 6.3041798665314355
-5.24258391138972 10.007555770549173 5.286519501954316
-4.3425698298493 10.70609621259523 4.460706917923261
-4.074217328650497 10.297114970738937 5.4756004422305065
-3.08359625231409 9.896087046291688 6.956848669350262
-4.822138517122137 10.278429112466734 5.014032791456952
-4.009369919880781 10.587491888458324 4.925663339829686
-3.2121417489922397 11.191418720825963 4.224475756450258
-3.9172401757813917 10.794660216719032 4.563958490390027
-4.777207467736819 10.36381764501309 4.869598118350202
-3.092609100674713 11.115154140237548 4.460160402285952
-3.0766791057062277 10.524829226505071 5.676892513337915
-3.9898226132337724 9.836655227352477 6.472752706869185
-3.26130270740769 11.560001965439747 3.438578045905254
-3.5478025683138927 10.965130454784418 4.462522258691894
-3.884612345721182 9.941792828487499 6.328246126960675
-3.251706985714505 11.315946251261702 3.9436179447509487
-3.5812073059164 10.583553492819656 5.219798735817821
-3.4319576161798 10.760756519464595 4.957482048821527
-4.209445740208196 10.423961031883561 5.12608561864419
-3.943258519155897 9.928457661922202 6.31630500736699
-4.195410739083158 9.829187171862001 6.350641142297281
-3.1752709380338584 11.643924349612877 3.3246014505786334
-3.255289629304061 10.473610259322667 5.662193924762053
-3.941805859125795 10.552514935399353 5.042269295872817
-4.230779109021244 10.331909885496671 5.29990007789581
-3.3832287667965506 10.042580069543352 6.457342072099404
-4.510448865232298 9.991400832979739 5.808722144806785
-3.8921090403466283 10.719277375369002 4.734764636238873
-3.4137452165426545 10.09790609188207 6.323915501071024
-3.30327636316309 10.935346264879914 4.686761156035963
-4.54028001824944 10.010081627906299 5.7506230405714245
-3.1687751951582 11.445726479158212 3.7338782233201337
-3.1826839663004947 10.110618736168728 6.452332473317574
-4.127253235895448 10.310750166405096 5.412305051735709
-4.337821590220756 10.324222135583822 5.244083413110615
-4.453267609687784 10.31929806356441 5.177005240038355
-5.14295162292732 10.014386105017307 5.339136616595086
-5.273507637281365 9.901055021201813 5.483447760867636
-4.856727935923329 10.340037376741916 4.865049554130261
-2.997543052644147 10.511162506661515 5.757691857072164
-4.290889797647761 10.525993904353877 4.863203948112386
-3.168106525505374 11.451867700786776 3.7217779337205763
-4.057560157816636 10.50833340431649 5.055191733149611
-4.653034688991287 10.181064750919912 5.325948606301404
-3.4066072884652154 9.833151051238772 6.8696037817823585
-3.875408749030253 9.932564133483101 6.353250840737211
-3.697654774376443 11.00786228410424 4.275089239444272
-4.189006337646376 9.976189618046298 6.054580919314189
-3.7426539441754287 10.709627820265434 4.854342189571729
-3.5497650423809533 11.065967406979789 4.255191818371916
-3.422702158938447 11.463951788517008 3.5269737996851585
-4.154638833304984 10.47998535769575 5.048243549775782
-4.010584832251704 9.86539116341627 6.40016968873886
-3.1973005268719223 10.167172768289477 6.327020923585453
-3.248312402007782 9.943899412721304 6.749103884035761
-4.002496697480978 10.239702006270507 5.640822560388502
-3.0952370950941077 10.008284252364373 6.719841312353341
-5.050937490689176 10.016947468420005 5.3953853460205625
-2.9019783570265836 11.426903968122478 3.9506023293970203
-2.090449024010657 11.2199722746084 4.9156302260358276
-2.159647184255056 11.169506851544496 4.972498913613951
-2.601228136161344 11.595557861945327 3.8069821304260527
-1.9992987116753635 11.424743460199299 4.558168675070081
-2.9177611570351525 11.178440510130319 4.447690249126145
-2.399522190394197 11.160317748467186 4.83099348163697
-1.9550858719303261 11.760769225437866 3.9011792947477835
-2.2341092597125893 11.637029821218421 3.967552495139718
-2.1088126089595707 11.43651407426874 4.460945264528442
-2.855317502793974 11.050451066917091 4.750908020897352
-2.6566278839313466 10.780440306193444 5.435325179314237
-2.086885961338149 11.256386914355877 4.843612538477594
-1.7935980606228585 11.75175769903199 4.0274935509032845
-2.5904752257407457 11.627745811379754 3.748404069837835
-2.9985777377459817 10.960001586077498 4.839981035047305
-2.340625789065229 11.804037646408158 3.5551679838725683
-2.3824472065237448 11.230147699484686 4.69973363556373
-2.749468488525887 10.58248076457113 5.777740496985851
-2.95280350391596 10.87758267234237 5.038955860741719
-2.089411783146811 11.569225932975158 4.202765985622071
-2.422508580246887 10.95569341886584 5.233700742728329
-1.809134069748859 11.679962639273098 4.163796606343004
-2.4016837476696438 10.798260590295696 5.569265202758774
-2.663795273301505 10.535630046371033 5.930705922266768
-2.8473333011252455 11.45837260540207 3.9228217309362123
-2.79199103028672 10.098459641141513 6.738227410602653
-2.8312166356484703 11.450319274444938 3.9500442547663894
-2.6695500940208636 10.903002757328519 5.1762844753541355
-2.619331068260292 10.715028507264797 5.593888468457773
-2.0939381482005444 11.346636153622596 4.6545129248562995
-2.592745945356088 10.80075052368218 5.436514155056862
-2.434157514880421 11.381341633099462 4.3562787625317405
-5.3368022441238985 9.792548785818441 5.655647600872845
-4.01055983764264 9.786120659252814 6.551302861411629
-3.803159425416638 9.735332967389919 6.741349802051252
-4.789108670315859 9.765190431564488 6.058584468520204
-4.0723543179576165 9.692416038990014 6.581853623392268
-3.423498593583062 9.701076990703799 7.012236122983784
-5.503426808869211 8.817466741709158 5.633477126026138
-4.4621268168628765 4.514154053540225 6.330519048860207
-3.824433121506443 3.2049291931253947 6.756997758111797
-3.89631730934735 2.369296724326631 6.709212596604262
-5.099365096653878 1.18393411693275 5.905711922824867
-5.5013660564289175 5.680682021905945 5.635778513009786
-3.488762278534403 1.361698106964977 6.981828831724997
-5.27650413165821 2.6131244286080726 5.786930329880944
-5.285712084523956 3.036703043115184 5.780652946477136
-4.763008352633941 2.1441066320235387 6.130175113069374
-5.170940810243261 6.307941165775499 5.856376519615367
-4.571551359392318 5.856504368639685 6.257008379528054
-5.178104352226202 2.486493481662045 5.85271621252115
-5.169666681173831 5.614205328346489 5.857432314532906
-4.359243884464429 3.098734633656623 6.399680292610183
-5.075415454638232 3.7584267116147156 5.920955820380744
-4.447725693387914 1.8762522295759947 6.340918974615542
-4.148944415652142 4.51668972899827 6.539779877988719
-5.531199765185883 4.072864115095816 5.6163181243658284
-4.351216677285905 2.9473834017569387 6.4050885000071425
-5.218938428714576 7.646398617131543 5.823911114049075
-4.648619026971861 5.596360468265169 6.205590129661663
-5.35369512172725 6.925210039376244 5.734082202997744
-5.2791262150651646 5.924441262515677 5.784202437793792
-3.7108022735993096 1.3940856547850613 6.833457056981369
-4.250615012756033 2.4469563844818483 6.472455794669672
-4.045931586380261 4.157166765874745 6.608716734132505
-4.984348080792712 7.3310799964362765 5.9807521401387564
-4.753706978615011 5.611286818346184 6.135368278102501
-5.190637778345154 8.013724352337407 5.842712730664438
-4.1401281794141385 1.2384479906350507 6.546636818930892
-4.721564707844462 2.0454815379052285 6.157895908566328
-5.470118453745068 8.534476993927834 5.655816434171027
-4.994462083281957 7.495255282771264 5.9739458027584265
-4.391817741824729 3.630717715509082 6.377758379186485
-5.437418150113229 5.985741062829444 5.678417190742469
-4.3829703485838785 1.263429618375123 6.384367672621089
-4.070707004133535 2.173512312332599 6.592746946314033
-5.144067384757851 6.9196493995406385 5.874152474386758
-4.8571168504393905 1.3229327909111313 6.067535896493402
-3.5519756809271614 1.9087568478861878 6.939429806829008
-4.135124342528979 2.554630123132676 6.549592382151418
-4.906414492243452 3.7516020295537595 6.033880549136407
-5.544511710883543 9.080824450834882 5.605947486414301
-3.995153790722487 1.6915606205884304 6.643371973291091
-4.234127914856648 4.142791379265334 6.482972332764955
-3.735770118039415 1.7718135894106979 6.816662774045405
-4.654000718532172 3.0280318851805523 6.202751110683796
-5.196285633994276 2.889792862276034 5.840449025026869
-4.284059508787322 3.885842874506892 6.449684867387914
-5.410892291878801 2.0031344523528447 5.697314893125794
-5.08573063227487 5.936483825113216 5.913421553780297
-5.118949916327981 7.931323412205128 5.890637263983434
-4.1720012608545405 1.3345049996683338 6.525311619718594
-3.7202972706152915 1.4259082732965926 6.82710333089019
-5.297462375751407 1.9374383918322886 5.7731256237290545
-5.122683576128855 5.674957796698472 5.888807485307321
-5.407532442774606 5.966903942319894 5.698391713021289
-5.020421364656202 3.8054368998123533 5.957687804657747
-4.508435670500177 5.323040391230605 6.2993381079224315
-4.395160574079536 5.40782824325733 6.375001042497894
-4.652029465564492 1.984675613884441 6.204375744592879
-4.821941009077999 1.7007536414046331 6.090928271165299
-5.297955765112836 2.2229215930799535 5.772711817461805
-4.693902366929625 5.151417450441226 6.175463928730691
-3.8653325954592717 2.6413490237461774 6.729835723199796
-4.2418765164618515 2.8148219031202597 6.478186252098855
-3.761720416775302 1.579450901214241 6.799380047452574
-3.3413450545473298 1.6099518438570435 7.080256608468093
-5.357392991661108 4.556842563307856 5.732309346240414
-4.338223755148453 3.503777369447746 6.4136061100291695
-5.43704262684776 7.28189993971052 5.678286117859931
-4.317320044271715 4.352468701584302 6.4273233921286455
-3.854726226442911 2.5443775135220084 6.7369512435043415
-3.66187232764502 2.4932032997516798 6.865827048720158
-5.4187461544317275 4.069486256856033 5.691458143527145
-4.408806402419134 4.957379727374359 6.36601595190235
-5.131002975088969 2.2682766938250185 5.884252624756935
-4.661395732935077 6.311434542874204 6.1968422778735
-4.737291251269348 6.006830367983816 6.1462203351209626
-4.95600706029523 3.8753278384177263 6.000707425359696
-5.1791882317670614 2.157912651740887 5.852088823723169
-4.095563604443797 3.6483341583173363 6.575703671173031
-4.988019974335954 4.617138075435247 5.979098484015757
-5.222066495921852 6.180371197362768 5.822253059480481
-5.574048111947791 8.238933795261616 5.58646002682003
-4.259688622088858 3.6648804054234048 6.46603407617997
-3.7337831175165554 2.1196577670021544 6.817887931298903
-5.278627528984426 1.3850508430287207 5.785873446522605
-5.056928581260492 4.5803816695501345 5.933066104383437
-4.550718360587593 5.216479818265659 6.271117150847758
-4.3512770295925565 4.80619544685269 6.404500365912989
-5.568200551323188 3.0315363230773142 5.591901903069283
-5.32787499542154 4.154798361513536 5.752151106515728
-5.277549636781641 4.589131069109234 5.785649400129645
-3.67940352665204 2.8123730552541186 6.854019025925171
-3.985921508921229 2.0705974386129076 6.64942907503194
-4.584252256238148 1.797669850161077 6.249718093941558
-4.301156939486363 4.6637288936868675 6.438031491356993
-3.526053468736633 2.4357277478817316 6.956595154672536
-4.577633494743567 5.32950088879449 6.25309974325757
-5.017355187808523 4.557908254541357 5.959514796606607
-4.646611867155771 1.9703258062584474 6.207999893431792
-4.792716956979898 5.840801085752766 6.10923503068721
-4.739030309312564 2.9737165541288153 6.145952219791849
-4.1741782786911745 4.429536733342499 6.522944851726907
-5.465363878967956 1.9169134391601412 5.660943589533113
-3.954652119666198 1.9102921763560123 6.67036983495114
-5.148155425666165 8.178768664659689 5.871049862216603
-5.30930530321248 4.288881832841363 5.764519449922181
-5.186182995304025 5.063651165778472 5.846558730612996
-3.9526207744643633 1.759167896011119 6.67177167266887
-4.963265636713452 5.3537073931280545 5.9954217133490815
-4.132562080865388 4.651096530793206 6.550686582097374
-5.140238447205796 4.5979965521798976 5.877395097258001
-4.656973149207957 6.26676838184088 6.19981051432916
-4.748852801067901 6.672420544899287 6.138299007227381
-4.9992753934888565 1.6296426578238195 5.972458301843805
-5.153289946806161 6.068969525443941 5.868240864465214
-3.885061355006398 2.233247212443337 6.7167736721282925
-4.593470292826216 3.3597481578743174 6.2430984470939315
-5.5503648848485785 5.548260828275019 5.603077601707061
-5.457146555395727 6.1150534213968015 5.665196995771089
-4.27765158458776 2.1370342246039344 6.454481890135751
-4.41823403630564 1.7707107308566281 6.360655753731282
-5.531908516932555 2.99368403754381 5.61616259579128
-5.41308507052283 1.4387295828881987 5.696016061780136
-4.591291966850299 1.9396400507181435 6.244972474652194
-3.874412663614049 1.193373476523559 6.724195352766126
-4.952091641312766 1.4374049127195538 6.004042099015645
-3.6863570440964812 3.117930234112645 6.849282788510626
-4.165188903917791 4.7535420271375415 6.528855866613538
-3.847164348434678 4.0724484774111716 6.741553673432252
-3.1962400514439206 7.073821623626523 7.175604453259786
-4.42181228795237 7.621820543225332 6.356541197339087
-3.5969354435582996 8.027903866547522 6.907587295483844
-3.9482203494869013 9.307497863442347 6.6724893979382935
-4.1836126659870185 5.89318640600745 6.516210010419332
-4.626108051097309 6.7350493904561795 6.2202959912343925
-3.825232339589937 7.814608497832138 6.755106816211288
-3.416917792419286 3.9774964069067806 7.02906345230494
-4.315857722594504 6.308052737256974 6.427724502910388
-3.2281878303111613 5.108310291971412 7.1548360874567045
-3.844147613921434 5.4774295683483984 6.743155886952053
-5.2443742965457325 9.560562868099053 5.806351708884613
-3.3483071655292136 9.372755942255333 7.0733197496245745
-5.391494240169533 9.22737705923422 5.708147272521455
-3.664370451641768 4.240887624220653 6.863643193356164
-3.851102165997853 7.762313638731351 6.737836525404937
-3.636053617142331 6.820829454833902 6.881804601716302
-3.5774364900429547 3.9313585695429616 6.921821763858093
-3.890675993560884 4.247031118553456 6.712428711650176
-3.5922188461673925 9.135915459244531 6.910412724511669
-3.518679735702157 6.027638302616355 6.960464844529591
-3.060547779940379 3.8984890785552064 7.267205762897481
-3.1635363321768257 4.974031294191132 7.198074399020074
-3.729905015076042 5.749707908906853 6.8194102887577746
-3.6436508473360174 9.349724429026631 6.875984000080474
-4.004365202039262 9.033729946687755 6.635055144702736
-3.1042198867265016 3.805762769518303 7.23805225679499
-3.2928668748789782 2.3870736878832655 7.11241978889621
-3.4093098833180333 8.595200466489757 7.032787843365313
-3.332687791732309 2.8568125864347733 7.08567402657125
-3.3735707303390092 3.0208223277103667 7.058308623768423
-3.200175070804085 5.603452689092275 7.173407905408798
-4.867465015311518 8.90896038411234 6.058386456162041
-3.8355944822321577 6.271287509658881 6.7486372685962355
-3.924392475089108 8.10702619274644 6.688764005778109
-4.437419701085805 9.429522060717687 6.345580614968526
-3.879721850187071 7.4355485440074505 6.718809617115965
-3.724598840966414 6.089554018189871 6.8228557427869605
-4.800514176146008 7.155264599695524 6.103637757207149
-4.818870368663538 8.50723478953777 6.09097462564065
-4.2702786449887915 6.936087428503387 6.457994658508184
-3.5113635963907877 7.618168130350984 6.964885221603862
-3.1801490181686303 7.6382889038757495 7.186190017485189
-3.227544279160993 2.9547949546748935 7.155899905270631
-5.05730554457692 8.564087581843571 5.931640449381517
-3.675395932927221 7.511636248134563 6.855313567273995
-3.663908701751371 8.090372032687927 6.862818766912648
-3.8797543631064544 9.247915693453896 6.718254487162038
-3.3282166607390153 6.427945733513895 7.087610508243245
-3.729242382724241 4.727689473504041 6.8201538405627975
-4.726628233791855 8.085464520102057 6.15273304171707
-4.136461585390994 9.31888896086922 6.546707152295399
-3.392952458863448 3.1184893784159797 7.045329409592518
-3.9135416242261614 6.103335433872162 6.6966040342337925
-3.1294134887958056 9.447756534060249 7.219557894741165
-4.0403222411790685 8.817372564753965 6.611093073316867
-3.254400065988776 4.538331643330828 7.137489367592777
-5.150966585734523 8.283626720191883 5.869140626162651
-4.346670199303927 7.91778348343558 6.4066624777598475
-3.2064771159533296 2.16793463517303 7.170208131382478
-3.5579259918150083 3.389898212872894 6.935017633979576
-4.334354306999071 9.267962689541239 6.414494324794211
-4.335148636177642 6.720201974656399 6.414713412804588
-3.8910114575952424 9.099823026462337 6.710776315678657
-4.490525014507513 7.0720657059857 6.310790578013448
-4.257823676868622 5.595137987031459 6.4667114706546425
-3.2455339681551005 7.780371688129349 7.142459331827237
-4.472299055132676 8.730870620709805 6.322480576448278
-3.552740158643079 5.676560716263952 6.937809702863135
-3.4043602693213555 3.0255335045378966 7.0377343052773
-4.767063120863017 7.7879560548169176 6.125802849054784
-3.2753912187166376 2.3317296787735726 7.124112948742919
-3.3208249686617632 6.9448341843513886 7.092397356076523
-3.336382224921742 3.049640816781044 7.083148730772663
-4.805292018361633 8.504006900363871 6.100048347954484
-3.8805327905290534 6.838353782040375 6.718443526517774
-4.81499449315036 7.7979381946625885 6.09377316144419
-4.20725596443582 8.224933792804826 6.499725781829536
-3.0487919488358686 3.061676677689134 7.275307051458025
-3.768667997726978 8.846421015064243 6.792598260176488
-4.297211329576245 9.33779476194318 6.439291940053607
-4.879355306789505 7.971959400763726 6.050717382538318
-3.7682278792008557 8.781085736708835 6.792911567359518
-5.049551259803257 7.927905418529791 5.937008939264433
-3.588699913923789 4.282068935594204 6.914192558360964
-3.609782770132857 4.937395490382289 6.899912558773287
-4.005972049711859 7.670559972766447 6.634382682746134
-3.4371005125213303 4.328760378209914 7.01547439496528
-3.5022129316231974 9.298853765659146 6.970504856433076
-4.905651336955129 9.197616467476987 6.032786191738597
-3.752174448105799 9.134303887880051 6.803534180218206
-5.019826528755678 8.211743272735221 5.9567868510642805
-3.750457592624188 6.1345659236587835 6.805564213130836
-4.266316630924532 8.872536349561553 6.4600720696751175
-3.7567489702053782 9.021648233974272 6.800510735510218
-3.3912565420203507 6.171543084505675 7.045564028844435
-3.7697639359798254 8.496736693608458 6.791968894028072
-3.252397459218308 8.25623366811263 7.1377332363585335
-3.167859113534585 2.6298683547514643 7.195875926672748
-3.8004986691820983 8.168196414717325 6.7715292762788115
-4.40839414191454 7.6539565878883185 6.365497466373443
-4.321241445107513 9.21479760688152 6.423271714626249
-4.560417353265001 7.745135313892658 6.263891871587558
-3.154474969339994 5.405605122043252 7.204001995565906
-4.365105703526865 7.723760140822989 6.394401359696481
-3.930258034312115 8.192733469935884 6.684819535778113
-4.862335798752637 9.629757792636493 6.0616015514233315
-4.96420822183434 8.528958113222474 5.993856490371139
-3.4174199303465342 3.4602516584802663 7.028880166652239
-3.3900686910229414 6.957358937963281 7.046126449455404
-3.817374665048555 8.505087951296476 6.760153933563633
-5.274459326358087 9.363427873247762 5.786307535028464
-3.7529478187737633 4.925601954414723 6.8042561109553334
-4.3084429047567685 8.117263335190628 6.432146454062278
-3.2679942743803627 3.98764375506454 7.1285680745437086
-4.390967703444936 9.410890382427835 6.376624360778571
-3.486851802647384 6.659685167496915 6.981545589450905
-3.7239272532625165 5.877118378099461 6.823367006612042
-3.099943005159013 2.094102205632081 7.241413746543298
-4.601980973395443 8.331097520680995 6.235947464868414
-3.2559091616201474 8.050689476582964 7.135447284169871
-4.292324689994213 6.86701463981791 6.44328427718218
-4.311399617179198 6.0188431381771785 6.430788435076561
-3.448514847868048 9.659830254899166 7.00627856273408
-5.0051239809200725 9.43833366026651 5.9662497858193975
-3.9395897281243197 6.707234730847402 6.679021494805827
-4.150853505231735 5.40297642222775 6.53824327858616
-4.020555133027537 8.635774999661152 6.624354492120891
-3.4155714735965916 4.604981463933286 7.029778356844035
-3.247833400325245 3.91792045238805 7.142059673374196
-3.3326712649016326 4.008129147347457 7.085346220576344
-4.104265316349377 0.8981782334970618 6.519385071769136
-4.408599040807394 0.9574371226714247 6.3322130889142105
-4.784934102499155 0.9775618422789792 6.086248078166113
-5.449565733913451 0.9202011989728056 5.626496719519816
-3.969110387104525 1.0790997922367178 6.659081991808943
-3.113674417964003 1.053264132735601 7.223612468026388
-3.9591145184870653 0.9283037022828537 6.6245956444380365
-3.557105069649621 0.9740731805691643 6.905703880275526
-4.154921553348647 0.6883678326964917 6.33672155740018
-5.013255033588113 0.649905927684639 5.726832713189407
-4.928723613622687 0.7483890606729449 5.876439467101648
-5.417192520034592 0.693609443428874 5.498256158204807
-4.81524824968991 0.7729492318545503 5.975485091085822
-3.9766301459806552 0.7291258409170311 6.494392395264791
-3.119568887071552 0.6883237679110671 7.0284799481109355
-5.090951541377968 0.7945793153299607 5.811719390173239
-5.0378094331548455 0.5626647671773154 5.5409099562483055
-4.496792947013139 0.5632648429760436 5.903854972275048
-4.6249215806686985 0.5238114105360222 5.722928964539421
-4.029277584299846 0.5357778808625461 6.149834298992969
-3.2039003709509224 0.5389142306607766 6.708909955431146
-4.058307872131557 0.5998434348265335 6.2852087218027
-4.869891552636314 0.6175202381311543 5.785630923780634
-3.3709083878782327 0.5734558937182989 6.680765764987821
-2.793771270164264 0.5026513703822082 4.590815820093075
-2.710905907953968 0.5057492504030804 6.374099746455764
-2.683821093136771 0.5036664632520582 5.230473926805427
-3.126644976186217 0.5033306326593984 4.747271363079386
-3.5608587024356657 0.5021440852280574 3.7953146823325192
-3.991624360405632 0.50455911109273 4.8545237544605575
-3.6351375533979478 0.5062791008295736 6.052084951139651
-0.7946272854766961 0.49517644096255303 1.7572830065217586
-3.10165480231477 0.5044430258249853 5.384432580663333
-2.7410801174126287 0.5049927373146884 5.931975115477517
-3.1975163665566813 0.5010181206333242 3.4100589320447954
-2.5114892445382107 0.4998421210668208 3.212505888085638
-3.102000583749048 0.501542530241933 3.7663822164109426
-3.5401858435550806 0.5026274545919727 4.078738412204866
-2.309581846807075 0.5031908878386882 5.215269046083097
-2.647962389324457 0.5017104724963074 4.16343428512508
-2.9089255627411417 0.5062138942504473 6.500953349052164
-4.706557147838082 0.5061429592432389 5.26024976465451
-0.8044377868894952 0.4940762210173843 1.1370544112105128
-2.8108342224819447 0.5052744776416609 6.042514219023132
-3.2820720323067913 0.5053979535142585 5.796515028535204
-2.355072142708069 0.5012876491870853 4.123297511560538
-4.165034977178054 0.5042790737182838 4.582457188816425
-2.854443853404545 0.5028152707093074 4.641694978049005
-3.3874270866984584 0.5049352635176042 5.468042917716193
-1.6221228850835077 0.49757465080685714 2.5420263204678317
-1.0607897442685759 0.4951346354543168 1.556121099300971
-1.929757135021839 0.5000141308812438 3.6971490017206707
-3.2129523511324516 0.5034353969461941 4.7480374054957615
-3.369432108956786 0.5049175322299453 5.470176725580688
-2.518105480833409 0.5012987051060602 4.020528915241511
-0.8995829930794521 0.4954091639767678 1.8169606189557788
-2.5799244210188816 0.5005618393533203 3.5682187320275167
-0.745981593751679 0.4940568382235405 1.1653023478513798
-0.9721021858418344 0.4941613626122374 1.0725144620991751
-1.8219136552884536 0.5006203423861002 4.107336305137444
-1.2362647775324478 0.4947719217525986 1.2365604786861377
-2.8735954940237374 0.5036037322345781 5.06868114858733
-4.376995282876128 0.505619892453564 5.188703012411161
-1.389897177935445 0.497598963023018 2.7107551427540297
-2.477143112817512 0.5041407315692733 5.633105869596782
-0.9502111588479587 0.49504924957555896 1.5823813071682922
-2.68792154432308 0.5052929002213498 6.13491739478836
-2.220725388288408 0.5028212791005956 5.068483051786345
-1.1510540336200648 0.4959024808923702 1.9240922552830009
-3.211599169761061 0.5043923196850886 5.282687633585378
-4.007109738893721 0.5041140971192991 4.595959802051472
-3.4037834991134623 0.5044363620896293 5.178839970139605
-2.7572638999870294 0.5014023063188318 3.918514516956935
-2.991701562182367 0.5049760889552329 5.755229361058541
-2.486738580900819 0.5006610967017714 3.685846572702638
-1.7828999837861237 0.4977356676428436 2.524409506246923
-0.8337677156905049 0.49426283768609747 1.221546613519925
-1.7439527955062513 0.49981091599676464 3.707951518765795
-3.2664259362160757 0.5045824377425783 5.352096390819642
-1.223122585560413 0.4976199976479482 2.8339228151493376
-1.218621365551563 0.4965668162417976 2.2494938440506753
-3.598071120586531 0.5051623705593318 5.45396947282014
-1.4065962375198333 0.49695002181347414 2.337635044819704
-3.3362998853712176 0.5040669676745393 5.017892654290895
-2.499470925205044 0.4986440377602597 2.552277250032465
-2.396079279901449 0.502017862824079 4.50319119610572
-1.1884163459016472 0.4972877397115637 2.6717881186740238
-1.7067392497564828 0.49815684826739515 2.8102217895786143
-0.403126334481292 0.4932310569029847 0.9337918325224119
-4.997122720111113 0.5065872831901024 5.313932318570501
-2.1067044716894894 0.5021184065285297 4.752625689306967
-3.4727516216842313 0.5020476581734915 3.8004014502633803
-3.654122408885903 0.5046084022172016 5.107528420797091
-2.280843362546963 0.4993398355844736 3.0864569103527506
-4.753513213319007 0.505513963961697 4.878037908595648
-2.545978313057859 0.49900624839780106 2.723233498959657
-3.106087386841766 0.5060423300568146 6.273520204868563
-2.040904409376692 0.5004539633342168 3.868209683823552
-2.3786942765153674 0.5031765534881633 5.1610943196394885
-2.393827428665663 0.4999629190825258 3.3585028494076834
-4.316680052599655 0.5065410107975761 5.742779646391616
-4.1864602542435785 0.5066070834532552 5.866643224817097
-1.651950145002822 0.49904681127570927 3.3432283699930174
-1.8720784034423301 0.49779180605140183 2.496134957613835
-2.307242604803681 0.5026366447108572 4.907689995154751
-0.68588654695898 0.49325550445869565 0.7584938686123557
-1.9722683190510093 0.5012477608896339 4.356829982845042
-3.0158192466284905 0.5043970256032837 5.416128312133555
-1.7847779979345937 0.499644691976621 3.5879576765765493
-3.104979553765982 0.5027304780479631 4.426997436319693
-3.941498199437085 0.5060971608084983 5.745900193027637
-1.1966192251902383 0.4947605285269508 1.2566959272204739
-4.715439440184588 0.5059042004300204 5.121141493963106
-3.3233693740607224 0.5065488344249863 6.41085182577025
-1.3388067802383048 0.49640891276603266 2.0811142303576027
-2.309544934616258 0.5026617186513926 4.920137206355536
-2.2457935265114024 0.5000992124873587 3.5334366874548193
-1.3964596114464543 0.4953004818239437 1.424338565806352
-3.4204771551699373 0.5036109281937173 4.707280554682136
-4.797257312327916 0.5065763846502148 5.4413990763437585
-3.4905483205806136 0.5025037445704003 4.0429029533503344
-3.358600828929644 0.5066079495461195 6.42028378468941
-4.395918113756507 0.5045816946191665 4.596980043192601
-1.235432326615719 0.4975014422506173 2.75957066807848
-1.838079110365431 0.4983599048864811 2.835722964287334
-4.705946712528775 0.5055638203073016 4.93762934322613
-3.200880307292543 0.5024485758863404 4.205681129357514
-1.0591317472117794 0.4959032075295124 1.9859180060048254
-2.3727706083710927 0.5041228931570729 5.692895491491909
-3.9299665037965186 0.5066155824860077 6.04276724708072
-1.4317840434859272 11.46027579670315 4.65039832526375
-1.8349118757040976 10.310924239173922 6.560944839727245
-1.9742239516822784 10.129870930465163 6.846827225716139
-0.39175021011866484 10.152182880466176 7.122955135863952
-1.1948537861844912 10.056512086039316 7.128914581706672
-1.994309178206898 11.270545780319702 4.867126963015489
-1.1186884459335484 10.186261735745305 6.919332006897916
-1.73348056177831 9.809858103149613 7.448992010157922
-1.3370414201516732 9.937077455119462 7.30749839692027
-0.593818112415218 9.89808837254356 7.52286558081603
-1.8603813370443738 10.117294735444705 6.89125449846068
-1.4361464254119007 9.89346001881741 7.3633327536014015
-1.0539316926888702 10.952605892320365 5.604867060031552
-2.0832414447736456 11.084744322113485 5.171254535878431
-1.7642170897945315 10.38406684241874 6.448320299771457
-1.3468356806487989 10.394053739138208 6.514044749845734
-2.200526507453449 10.18471634717972 6.706817924996672
-1.969985000708476 9.94485806277509 7.168121811259383
-1.4368854011998036 11.01110662880859 5.427366742436698
-1.0373343744050734 10.965592939051524 5.585674263752805
-2.4056036927509097 10.248885492139957 6.554881452155419
-1.755317002692539 10.031344046905286 7.061023903878057
-1.6931863426754665 10.335894243230154 6.545886497113495
-0.6452602774571681 10.041088592218934 7.264949678153078
-0.5530766321355866 10.060291518000646 7.250025714321978
-0.6189297586474096 9.817662946231598 7.657171371157849
-1.5761678291853434 10.203905206143213 6.797774423426318
-2.280043392869834 10.392893674198023 6.330427655753768
-0.5815510899362062 10.131310468033998 7.121353475600056
-2.0641637966226445 9.824949090522455 7.357076751849917
-2.193630435216959 10.721461976252481 5.778519750802408
-0.6864505586737126 9.821289286322681 7.637459661600662
-0.34317145558110723 10.140090731146612 7.153562240674862
-1.1751797715511407 10.138112887984338 6.9914913716567195
-2.4504230006985837 10.395445595901187 6.292117021746902
-1.3536664794814388 10.842051925655388 5.736731078825553
-0.6988514020967509 10.477471272414164 6.498453438127423
-2.3846833159394336 10.626530710557336 5.904942636687391
-0.43047304792527685 10.12083054652221 7.169556479461903
-0.6216111629052864 10.221744535824413 6.95674877589607
-1.6156987135649141 11.796025929976674 4.0322796759239115
-1.5029211298082799 10.865103475477058 5.6671160898678785
-1.8322836612960431 10.453940518267999 6.313756378601681
-0.9402384292473608 9.833830088355482 7.565256874818645
-2.8225560061659722 9.94933990359424 6.990772281706962
-1.3756167449517 10.99882355802169 5.4608287086983704
-1.8617024115051075 10.491046419795593 6.243635380279024
-1.5218708275993849 10.726992068689626 5.902562528487272
-2.0347945875031117 10.440323846953392 6.297059233989522
-1.941265082776983 11.297022388283644 4.8318192897758285
-1.0977044878706042 9.990849025248854 7.261970418737771
-1.671932179714926 11.128029583996808 5.178096752696667
-1.935886791079646 10.0037182300001 7.072955649605298
-2.047002597612961 10.657963744420709 5.917667881657089
-2.730496553957434 9.998968370589356 6.923125077226031
-2.6516305034786583 9.963169831567138 7.0008173297141445
-1.6601696014224805 10.413461681960277 6.418103301852021
-1.2709532439345195 11.136964328587675 5.242380930327833
-1.1246255430352288 9.99572466862146 7.2481706382182685
-1.1872718984953208 10.460936544825664 6.429939613912559
-1.0389726547358333 10.237711970469553 6.846074106346251
-0.7428635378948344 11.069317519676888 5.464592077225309
-0.23491327762743194 11.399017555239233 4.9945730390172525
-0.6396304965649381 10.992775018412821 5.617701781783367
-0.5934095105430881 10.798470119529249 5.963441336166406
-0.7728691534318111 11.648839431154336 4.454863179143692
-0.11906310953253883 10.191473941753289 7.109141911885393
-0.7952444964331427 11.47946367022471 4.743779580874538
-0.5011630588353012 11.439315690845016 4.87181430197722
-0.8102001243977291 10.851289615604447 5.828833030403474
-0.5530740151138426 11.711131136989444 4.390690867785106
-0.010566119259788741 10.154135580248846 7.1953951860302165
-0.5420621971269549 11.51582289188292 4.731164726409729
-0.12971551026695718 10.258487192981484 6.990952775246912
-1.1930809215086873 11.696243993660978 4.289170810930953
-0.5573248976809312 11.07627831486765 5.48944157736522
-0.768877686935324 11.684362582558581 4.394129288762038
-0.15879515656379353 11.295265982945654 5.189416696417372
-0.05417213323731626 11.098056249749675 5.551804456825965
-1.0487302368770524 11.715106297880995 4.285213517234673
-0.36382810451380615 10.542449100384138 6.45254890564675
-0.1711022261787037 10.22733011566948 7.036686031484891
-0.028594271706988195 10.904333716990477 5.892429150713178
-0.4128047687318101 11.815542192917496 4.237747086442458
-0.8121283402140012 11.278883939571767 5.087835117842224
-0.18983876385421158 11.719763483906604 4.447991220508138
-0.8391130267151357 11.44298400114765 4.79823816372701
-0.2539874207354558 10.880746118554418 5.888450533622091
-0.8203775957458861 10.8929627284395 5.754628727162709
-0.6972450063036392 11.63995526214419 4.485293577963354
-0.11861363479869008 11.704005636022291 4.489452149361896
-0.40858574240656464 11.011454663912344 5.631305388801617
-0.060257036274050636 10.07547886239734 7.321748343486819
-0.33988231636913324 11.06359731353121 5.554657723627908
-2.854130487065726 9.797194781348173 7.244146744550777
-0.5837702752409486 9.779960110433013 7.717317441019177
-2.9584610665557465 9.748570937392746 7.271872292089956
-1.9742290990063334 9.765658464674924 7.456015595932203
-2.0843666571038124 9.68420452614025 7.474570790909839
-1.608832762358708 9.717655834530657 7.558785983644203
-1.090831900797915 3.209161410722069 7.677694808528535
-2.1925583086783615 2.575807045805446 7.458706168465506
-1.4104482775002416 3.113216738996318 7.614143182934928
-1.4801876330881756 5.020310823250115 7.599795053421007
-1.9519116553923155 5.081210577851924 7.505948211999785
-1.368293433117415 1.7146812165967775 7.622877451532526
-2.480177794929057 2.1928799676823085 7.401590760954961
-2.331965461812264 2.168700252426499 7.431078030777375
-2.6368048485878255 1.3693622960690317 7.370641336962622
-2.0264880164309496 1.3037999571277772 7.492057135555719
-1.3149905832729263 4.403819599325638 7.632808666038498
-2.109930855491692 5.435276652306946 7.47442787787231
-1.7280019849739707 5.5008787976857505 7.550381790589728
-2.6485514844232783 7.4534844134826335 7.366785827834204
-2.353305427603269 4.06101286591089 7.426360818051336
-0.44117278410068445 1.8948973081924767 7.807248015944136
-2.503448889446067 4.658965055143181 7.396346175361199
-2.201190753188361 1.210822297374503 7.457329852203492
-1.5872854229269397 1.8062730644303633 7.579294418265142
-2.063199642951854 6.505653643720086 7.483456053519358
-2.189712471299893 2.6817900712496967 7.459245780384313
-1.9928545986749095 2.9083453223972238 7.498346640386128
-2.984534143554837 7.9624102297413675 7.299827738060627
-2.6748683200439816 6.525217663344167 7.361782840480595
-1.6587180764080096 2.549515170984866 7.564900038264863
-2.3783160851833074 3.1978106261914787 7.421601401382333
-2.858506794556855 2.339238796968574 7.326299988148036
-1.7272010344725155 4.287075397373411 7.550844147263346
-2.742240578510827 8.236676614426578 7.34795439755736
-2.982994270311997 5.446873523258788 7.300762065894093
-2.518218017146636 2.68576249227785 7.393901045807962
-1.2291663609651353 2.1434776500933816 7.650444462680979
-1.6245279146498528 3.6556143696496983 7.571424728199878
-1.5214753813564013 2.667557761709431 7.592169806658282
-1.9752180049312165 2.950224343468372 7.501844317573836
-1.4134736441586913 4.953178695733918 7.613082036263664
-1.6909029743681006 5.235032211497338 7.557827605573307
-2.4830407832708166 6.886596069510086 7.399849445667863
-1.7500491965205554 1.6685762480698647 7.546953104261707
-2.4734820718282817 2.8609746005016548 7.402755825240585
-2.124393508769927 5.242895576956426 7.471599110301132
-3.0158090962477337 2.75313250636786 7.294907317266616
-1.5569692717886179 2.675018487237152 7.585107778129099
-1.6178016863028215 3.6674167742015373 7.572759710123511
-2.595215472741307 2.393924120442076 7.378658177047496
-0.9769600135766536 2.762191778724597 7.700456900230044
-1.218278826826971 3.4893211155378 7.652274122466988
-2.903623036800589 5.45958657796739 7.31654679427769
-1.4684525503087857 2.4820577589486166 7.602763003614703
-1.8519051018850394 3.736634175851042 7.526176416738533
-2.9283641609496764 3.039491426667409 7.31222968462511
-1.5318483690688585 4.7652110734037825 7.589582793754049
-0.7937786639232576 1.4697496988755345 7.737216566250325
-2.5970614652678234 8.401591208817308 7.376791113863973
-1.8356162543103636 4.3882673923409525 7.52925377974568
-0.8243484173671987 3.3682806762388777 7.7306618841874695
-2.4137101188738304 7.119655192125485 7.413581971359168
-1.9824861243355947 5.952606182802147 7.499649026359062
-1.8389207446444764 5.710188792490426 7.528266445877277
-2.459404680561137 6.417498882865457 7.404668068262083
-1.8918764310097567 2.289783159501859 7.518586854425291
-1.872789569301426 2.428486078889161 7.52234883449165
-2.1721322427339893 3.897850111619019 7.462439100077362
-2.8420781466741265 5.872111911393199 7.328685829412181
-1.0173855691951788 2.5024496961788216 7.692480613393992
-2.8198271510930124 1.3053777807245954 7.3342519525185885
-2.2190611986540256 3.0201453125821507 7.453323488372995
-2.585325811185724 8.272260325875425 7.379157766712265
-2.3860116856280706 1.2245181067239541 7.420563304767969
-2.3648279337726414 1.158423450383152 7.424793511469584
-0.7338992446278513 2.361748779762971 7.748904613698275
-2.387152581719573 3.828283286150497 7.419686311234306
-2.8149731508666336 7.568973663546469 7.33365370413933
-1.8822465554019707 3.0813280089401163 7.520304736726266
-0.06214810086474881 1.1040906615007788 7.882838061370927
-2.1659237241427856 3.7731984940482493 7.463705170324182
-1.5643616202694925 1.4941635081881048 7.583932162230532
-2.902724475878512 3.0342111139907533 7.317331047665646
-2.579492082218363 7.19964291937377 7.380585955682365
-0.7639319999304746 2.933995122977863 7.742787867019076
-2.9412106450426148 5.518926679920173 7.309055347653828
-1.59699837852932 3.6831855547974115 7.576893803868931
-1.9160523597282617 5.42428843509767 7.51299540868165
-2.0033039495650495 1.6940273529473786 7.496571303943421
-2.091888248529613 1.6028372403536777 7.478973577512095
-1.8219927075256315 1.6896415389388468 7.532637407001164
-2.7317866801441553 2.381255294211707 7.351495668111766
-2.915192336335948 8.828654129460443 7.313404399421701
-2.429913753188669 3.4561434443067975 7.4112735032391175
-0.8459730790635555 3.1737304397475237 7.726409047710458
-2.165723399584353 2.6237546209255225 7.464031987217561
-2.915947555896129 1.407931332016318 7.315106833108022
-2.8306708738300266 7.445346156250694 7.330562101206903
-1.2767900531109437 2.8368290818076063 7.640798429948979
-2.1755487926280486 6.90451482503379 7.461008863554726
-2.2288683884884657 3.032481604224919 7.451369639329126
-1.2660953162433215 1.5666542832881305 7.643242854563419
-2.5867774479746206 2.0867617533330205 7.380413288744113
-2.0892749839620093 1.4187738213642034 7.479539340806008
-0.7772571193489074 1.0927794128922743 7.740597016442102
-2.928345230090187 7.062315655321387 7.311229112786711
-2.3043615168074725 4.953447362131726 7.435873551339473
-1.3102830984712908 3.410150158941698 7.633993121233674
-2.734573889219077 3.0037575500188245 7.350785844598744
-2.6291799525798027 3.6327547589927582 7.371592943317426
-1.3774587179881455 3.474436429141287 7.620615024956724
-2.2275243820066386 6.247971762157966 7.450834199972629
-1.4379011799983925 1.6229981998717224 7.609054514842296
-1.9235063073318135 3.5558656810129357 7.511979197989648
-2.791202392675302 5.408151113246382 7.338921467128212
-0.9337180232597597 3.1472399317786173 7.708962126247532
-2.722026819662388 3.210453779767229 7.353230005384315
-2.2232867431731047 7.191539852848514 7.451441546800475
-2.637787410813152 4.27140454237068 7.369721370170713
-2.5085274113169245 4.004669234849857 7.395499347032865
-2.5258142156790364 1.9412684764818573 7.392575939875796
-1.9012304670336093 4.3470001008657375 7.516212618722621
-2.6550211607258882 3.359052767111172 7.366521145550839
-2.4201398396622835 5.275311142105804 7.412763480336107
-2.7310336809474274 6.971410201596099 7.350499471727968
-2.6115405410927703 4.934382444482516 7.3747766724127235
-2.3822065557190784 1.287855623833773 7.421304378490138
-2.8170794466244273 4.167634535016159 7.334083913914025
-1.1024932859272298 1.3543353387549233 7.67583829286796
-1.0319031859231123 1.4617764747552084 7.689852697356614
-2.188385771713459 1.754756325444601 7.459741120087075
-2.5937928985313445 6.7383357134779205 7.377856519487992
-2.8915269184872927 7.842873218158601 7.31835784829869
-1.9008486362211423 4.98640860723716 7.516128934920894
-2.9936261887761497 8.451625448421174 7.297897082477329
-1.3489640251470287 1.913595490804409 7.626672644642508
-0.29721567410090144 1.5685677466267451 7.835964304872679
-0.616247445364147 7.176841852943442 7.771104804421835
-1.8981484924164107 9.34120885548627 7.515578777544613
-1.956219209087732 9.011694654064335 7.50411007840303
-0.4530528195361034 7.76818375935542 7.803418552055156
-1.2309644859422633 4.652780993027238 7.649460320942212
-0.7905306576183648 6.350372269163812 7.7366441070248335
-0.04682463421874317 7.2542931296499775 7.88435056285651
-1.8465690484502555 9.494096585092423 7.525800382300418
-1.3544730977182278 7.29016078694954 7.624234486145534
-0.23958579154485726 9.625515128416147 7.845416009468122
-0.015507392691149771 2.3278115210661956 7.891809938115113
-0.5190735661563985 4.978558951528081 7.790982712378387
-1.6755815818325386 8.36537393617859 7.560093669539368
-1.856044703940215 7.677127469251487 7.524369202985218
-0.13365459249273387 8.43727104862919 7.866783677666137
-0.2775618908107193 9.423896143548454 7.837912441529195
-1.3925369021719896 6.440025303080358 7.616875387939432
-2.7907135270829397 9.337793550504735 7.338037631377861
-0.025654830965589265 6.465319637564909 7.888758476504165
-1.3822537765104868 7.600543455109868 7.618631079212345
-1.2552899424453219 8.694595129559723 7.643612571689985
-2.159961832988961 8.61043930982401 7.4636833837286485
-1.480112575371218 9.6285789702351 7.598659438167689
-0.17102324010657358 8.507801079834191 7.859332991673312
-1.5658170830415217 7.969872885606829 7.582025903047
-0.1319774008421637 2.6494911819044464 7.868562328572212
-1.9880780663814759 7.581734134735541 7.498129984494128
-0.9134816285319747 8.505477845783451 7.711649603336028
-0.2967390306282783 6.238646354677731 7.83489313859546
-1.0572341051310794 8.294229423934528 7.683108236644317
-0.3755222546704647 8.366301517127237 7.818690988409132
-0.6596970154526464 8.679816437549988 7.762086910309844
-0.49792894697608153 2.755198534109673 7.79574374052984
-0.4105321978126786 5.886412214600348 7.812346241462018
-0.5518574420254437 3.0049608101958247 7.784954351276951
-1.563308305130274 8.350003159672198 7.582430022099594
-1.0502807687029436 5.288138193119681 7.68524187142363
-0.9597526414935943 5.155531444110828 7.703282120655265
-1.1354444767329568 9.14662176563665 7.667338429094691
-0.7207994126394095 8.181145777433334 7.750057406541181
-1.278731863304918 4.905364263946946 7.639895748320635
-1.519166884725455 9.466650314639413 7.5909314916802355
-2.6404751886838844 9.554734623077298 7.367867693271898
-1.5705635186961129 9.221585124698292 7.5807692640283415
-0.9698382143855218 6.648352755808354 7.700903264763694
-0.041240269054231705 2.325746262487659 7.886691872885237
-0.37680724078265576 5.928569079993995 7.819044018674532
-1.4087645344730002 8.2452561797578 7.6131968026069
-0.13893425612801744 2.6150004033234766 7.867187137098799
-0.2922464862212788 2.8317963032256923 7.8366373496340245
-1.1261696878024272 4.405466590651305 7.670367022966172
-0.18746472914261422 4.637533189600642 7.857028871548559
-1.1886379113996908 8.634242097583607 7.656885536521904
-1.3134368331517632 8.71182026555478 7.632042150069697
-0.6867820816708377 5.446204677803365 7.757506699561467
-2.051348919519342 7.8379302608178385 7.48548068069254
-1.1145962001103875 7.414625008304329 7.671917832172117
-2.178319393984809 7.746891490752468 7.460247444751249
-1.8073860360945908 8.885566224121384 7.533746290165391
-0.09624912114475026 2.933216148818046 7.875598278535227
-0.40828033354173654 9.430035380374349 7.811909426823671
-0.7895952314583154 4.558441716631805 7.7372775665931375
-2.315148588919103 8.795697437954418 7.432768604412232
-1.2593953277266596 5.626586617204413 7.643561951655171
-1.4443148091337952 7.004178032794766 7.6064352827293105
-2.60572875572755 8.826282708420774 7.374961052604187
-0.06703650109407505 1.6422326009695067 7.8817313429217375
-2.946149166836577 9.57756273423605 7.307059736258038
-2.017244089795597 8.8665079006328 7.492007739141735
-2.2164100904988318 8.32219059938105 7.452527108599864
-0.2441056652613874 4.202695423329932 7.845870869254633
-0.8774943922031214 6.112318308987995 7.719405401667151
-1.2542261775548424 6.219723104280623 7.644442069639943
-1.4369186659722004 8.135398131633359 7.607624033062965
-0.64695609923685 5.159335714007924 7.765500192643102
-2.0743886306936314 9.66248575971889 7.480442265557753
-1.8192908635713303 6.637901072779281 7.531939451153004
-2.0604566274933727 8.634721131687847 7.483470112160926
-1.7555938697181634 8.046377037039758 7.544257900201176
-1.5080436045377648 5.524638254669931 7.594128250496436
-0.5400958745727206 5.965457579787987 7.786554721197791
-1.5046870928727807 8.070716046257877 7.594160221134891
-1.5757963492058904 9.038834854798512 7.579774017972278
-0.6409020363469636 8.035539692322402 7.765986316172455
-1.60337879234576 8.641753519528697 7.574386675314747
-0.31202999243238055 7.632268786602307 7.831503634807171
-0.47019924610972136 5.772371867758444 7.800506215182445
-1.1961977213686152 7.4634581838766305 7.6556741087899205
-0.08615150318735869 8.601404115811086 7.8761916384670165
-0.7988560779563416 5.739333524110512 7.735140638329089
-0.746132289807578 7.622508416638908 7.745157865562444
-0.19870439175280324 8.209714985774312 7.853901298519049
-0.031065976662003333 2.7070076960103484 7.888620473219202
-1.135662866302116 9.381480773858454 7.667236351427022
-2.166039851330051 7.428688238645987 7.462769440477739
-1.698722545891828 8.110126666219601 7.555554379115496
-1.491213655478116 8.44380578152678 7.59674710161012
-1.1419226798887976 8.953530355271118 7.6660980452079865
-2.161899762296153 8.153634469459186 7.4634119567469535
-2.706258420351063 8.915068458697311 7.354942317216896
-0.9572628461582121 5.287846548343483 7.703744335949834
-0.533101875685921 5.303617291513672 7.788111154221747
-2.043912659647569 7.5707620436764556 7.487026546860571
-2.2425093529435984 9.336665480008639 7.4470823647821875
-2.1406564342387235 8.897215034040132 7.467451862023491
-1.5960656113597167 7.693314723328296 7.576078152681987
-0.26994080079802474 5.5698971125308 7.840390598044462
-2.6432397309038516 9.507079163074383 7.367329690488325
-0.2509398601159447 4.626319021949017 7.844405698838872
-1.3702453430561639 5.9748215831274 7.621425596698007
-1.5524428872049463 7.18643452101947 7.584881793977949
-0.7865053503312642 3.527325879284671 7.73814962046076
-0.10922275602422457 9.189144755924218 7.871455745342536
-0.8303249045594657 4.651901240631123 7.729152607096832
-0.19049329360801467 4.245374243366575 7.856524363856187
-0.07177692266032329 8.758968600822245 7.879011577498639
-0.8698364165169502 4.5297856370657135 7.721323777332945
-0.5244419381824096 7.372689026019705 7.789317134791732
-0.893488455282972 6.62357876414252 7.7160963421622935
-1.968711804590244 8.49667716337039 7.501753734418967
-0.4391766330065856 4.74029678983473 7.806934667340574
-0.035451027609446864 4.990555436027683 7.887178099240933
-0.6258326600644485 7.819976832979806 7.769037617341175
-0.6135502234551534 6.458436387306241 7.771820679098249
-1.0662748322853053 6.39886366192611 7.6817831431642905
-0.30374456713255404 4.812212873567078 7.83385579069391
-1.963685343788886 8.42417842236486 7.502771659156019
-0.9236452968067242 5.2819187166587644 7.71043275379817
-0.028936453921915992 5.003316807518557 7.888470740735383
-0.7080334834758615 7.955607233909008 7.752653014804361
-0.4894507894836643 3.259107611319716 7.797304337600323
-0.7347325227687289 6.934383081259741 7.747597221845512
-2.282790328391187 0.9164880193953452 7.40191128546724
-1.5203942919615552 0.8499605138051542 7.5381647759621195
-2.6655988425749215 0.9435783375435863 7.332035481138
-2.4949231341547424 0.9137971294465288 7.359092729307576
-2.762094138898324 1.0823828848150474 7.344964769427656
-0.836784842886358 0.941065582049772 7.695227364148257
-1.6763282471028857 1.07154854041018 7.558429419405795
-0.5322507642559761 0.8853261345804051 7.742903211620558
-2.6970038798125318 0.7413062145388073 7.2315588701471825
-1.6758243435653755 0.7313344356941325 7.426690097323727
-2.9177375733095503 0.754996462940507 7.198626835878846
-1.1394106561940043 0.6592790502403452 7.475627241374438
-1.2572171828184566 0.7537166659294305 7.527898560360862
-1.365978473824607 0.8006131381803998 7.543858494570083
-1.0966051531905276 0.7541203992674731 7.560169901917188
-1.960869283717634 0.8090916731714183 7.432324141868858
-2.522396346880478 0.5529236421122073 7.029361360784644
-0.8522389961873951 0.5193855074773592 7.2928891453606095
-2.234980868292302 0.5843872464431631 7.150970750699592
-1.7708625479850504 0.5521865556774344 7.177341318254846
-1.671491975234648 0.5890054376310339 7.272513823815573
-0.5260111097587835 0.546433966871504 7.4131761479078255
-0.6982611939897112 0.5596197635781159 7.4059184340954385
-0.9862044405866102 0.562725008440203 7.355002680397925
-0.06935538955114844 0.4946386970720635 1.6718019234094619
-1.9884955469069754 0.5035730752753815 5.514750606424304
-2.002087718139212 0.5054985888188207 6.42254092562519
-1.0273993349437682 0.5030473904663234 5.457350625309672
-0.013342335771568918 0.5035644774967927 5.9035679425343215
-1.0897195602014091 0.4983621267417515 3.229491153401039
-0.6657040294836526 0.5019665052587026 5.0181914478851235
-1.3245624447068236 0.49873366287627735 3.3584616795957647
-0.5732251698600997 0.49703536659460934 2.704859597497707
-2.400681772375351 0.5047823449298795 6.004574082423623
-1.0395651236580357 0.5051890261261751 6.467619684469905
-0.6207590347237929 0.4956457651970345 2.0383207430627728
-1.523469146201892 0.501509586522982 4.631513599072938
-0.2623629887042279 0.4986095915057872 3.511078428707858
-0.20873767700514845 0.49977206755235126 4.071430969580186
-0.7739069581983271 0.5039092156350078 5.915294150693155
-0.2863225263875519 0.5063149780790303 7.149864218952604
-0.5538910958937979 0.494401209056453 1.4631236206673102
-1.206659732110258 0.49865000102169904 3.3423538597185294
-1.451088386419972 0.5065502988242836 7.029450847057237
-1.217132922226523 0.5040965491368633 5.915713016865181
-1.628996968240729 0.5051545812883345 6.334086755252553
-0.043704369723588446 0.49888020787777776 3.682535428077673
-0.9521563989153666 0.5010009535034171 4.50464384580904
-0.40110530054180954 0.5019337970005493 5.055357116355367
-0.17109522276642875 0.49442478304171 1.5504136846490535
-1.516316838846831 0.5017461446089747 4.7447946039267705
-0.03595062189724654 0.49982110509758515 4.128988274678897
-0.36556926844328175 0.49806784622963823 3.2343809548265323
-0.3272402003714809 0.5031118216819491 5.627087898446906
-1.852747802575108 0.5027361331351109 5.14599797832494
-2.440667213723581 0.5046704738834141 5.943721384619655
-0.13807627119852342 0.49859561810062136 3.5291931902124665
-1.1690730856343203 0.49827347149001044 3.171785415718192
-0.5110999099688894 0.49964102524757437 3.9493229439772914
-0.15950350323746432 0.5032008068802432 5.702530180460314
-1.5514184958070805 0.5060645736293937 6.779815008453305
-0.8275911536399468 0.4990583452596976 3.610844108126516
-1.348343325557351 0.503553605471117 5.632878502135952
-0.4276454821569628 0.5005096243327051 4.376646877491828
-1.086056280855206 0.49989014439042095 3.952754790585243
-0.44993481451016426 0.5042450157698345 6.138521983632217
-1.8856138190619511 0.5022987863045568 4.932657681695565
-1.3252750178001553 0.5040179964949432 5.857057967022018
-0.3254776241942252 0.5016351979989311 4.929205566499602
-0.3344864411092713 0.5049023521058669 6.472312690994027
-0.6746722097297718 0.5028950264287178 5.455465981406826
-1.7369935858311665 0.5023964533163345 5.008402720817493
-0.7441725399015663 0.49649269746585234 2.4142507163108085
-1.6680473735950696 0.5057527361542786 6.609161292796161
-0.347776545894037 0.4986039018423813 3.4913981945505235
-0.8376507345306442 0.4992373277865135 3.693476403006814
-1.7256519395531582 0.5025299412556129 5.073779521825532
-0.3919098617042339 0.49722324350220193 2.8297645460381595
-0.00844188063911626 0.5004698547288741 4.44122639133885
-0.22264836473047606 0.50084078676273 4.574016103936699
-1.0561753621081147 0.502381313065806 5.136666859799958
-0.5195715872510053 0.5045499002109246 6.268837318379338
-0.9597817606386785 0.5021393374446059 5.041420717544693
-0.06619154917490477 0.4942117763511437 1.4705584859045857
-0.1603699596441406 0.49763176601390635 3.0689937798283147
-1.2048070711764767 0.5021994447373959 5.021104294102053
-1.104132860057126 0.506612966449826 7.128097544657916
-0.703759634597465 0.498274061806017 3.2646212599449136
-0.16916665029941605 0.5042866190979425 6.214042764907257
-1.7331923424069036 0.506444985268499 6.923538485994852
-2.1593143217828166 0.5037402290438714 5.559812552052402
-0.9130364422444182 0.5037356612946837 5.805553030865115
-0.020319433727766203 0.49959989264673155 4.027495496453125
-1.143897670384839 0.4995983006244933 3.803248827158046
-0.07182497037624505 0.5045087272686238 6.338430818195299
-0.6337362059748933 0.5053972628350303 6.646810508513263
-2.2401450602668933 0.5037265497166341 5.537265923938194
-2.0426577747832657 0.5039333862208222 5.674352874456353
-1.457094964090328 0.5031267569105207 5.409407787217642
-0.03917824891039103 0.4955376969024177 2.1029035607048674
-0.9733114917886955 0.5014274389760202 4.702102785954597
-1.698055206553745 0.5062297284210852 6.828741839708556
-2.0696147792955863 0.5052568771931603 6.294813730373814
-0.20103970235699417 0.4957153260206447 2.1547005805873276
-1.636146334119501 0.5015456518092055 4.626154436137
-0.43307321711062025 0.503010413562615 5.558084764192233
-2.2526908338429075 0.5065250181507536 6.858047857395234
-1.513177830006924 0.5055388540776975 6.5388310021559075
-0.5540379623692417 0.5066390849166243 7.249868670506657
-0.6283303315498843 0.5015444635325754 4.826059852548166
-0.012511394363768772 0.4916871392217815 0.2874419498079218
-0.638354528824077 0.49572044592480485 2.0701341373685707
-0.5166346939364348 0.5005379027118455 4.372317452249573
-1.0195174575218566 0.5038980229518746 5.861146580689216
-1.1368697454453283 0.5033286946720539 5.568592450881425
-2.1775701400611767 0.5033006420023313 5.348319106853684
-0.727883711257458 0.495170261316515 1.792166607000692
-0.749719411787303 0.49619195664573634 2.2709397505023547
-0.6431179491396398 0.4980327741834415 3.1625889365633926
-0.5594738712738742 0.5030536983644736 5.55340963470608
-0.011616137143892917 0.4956032959523538 2.1394050302269885
-0.054119858687046406 0.4978111602752495 3.1749562278802674
-0.5018037762943784 0.503288926489399 5.676110381705149
-0.2576962756053841 0.5002368735723344 4.28147960933749
-0.15519765696477766 0.5038924019368626 6.030412739719748
-2.3811031613172973 0.5065100288447743 6.825417218083222
-1.0686028885715355 0.49999383376359724 4.005256812406302
-0.5607488361370501 0.4993341935571691 3.7943594087198944
-0.7467301886846182 0.4954925028891054 1.94079222537602
-0.03607473985687339 0.5009779899395156 4.676005532345543
0.37961255584564974 10.06173762394104 7.282025077532781
1.4612117882627327 10.14745110650049 6.918421760898836
1.2935511152934027 10.02563453767954 7.16276382580236
0.5177923124873637 10.567325714753713 6.378835931695419
0.7882273415453844 10.508786990167085 6.426435048044041
0.40283936992631414 10.504931566869756 6.50977122060059
1.9572945772651078 9.820575104736182 7.385910166512943
0.6813465456201176 11.372998468580231 4.95083806079581
0.39471193549548994 11.390563866520244 4.977429061374663
1.8862239369000633 9.849082403615071 7.350670940543973
0.774604143992605 10.678287149598424 6.135562236294168
0.5485487112018715 11.17278337449359 5.324035590854159
0.548663843083558 10.573813932115925 6.361457293675104
2.100798538635218 9.88512954379223 7.245553999345013
0.10659514924881033 11.676260494048034 4.539898376172479
1.0187995054141896 10.371415544946014 6.6185055353458875
0.11444092939591305 11.286447077615634 5.213513809808777
1.646413365253929 10.129791072259376 6.912170948107191
0.5231471689159694 11.058459420636806 5.527102993194488
0.019163645035160968 10.899372757179094 5.902897435134882
2.0465401621732267 10.352145052733139 6.447452769401485
2.3010788331094614 10.01977975217451 6.9724949956375815
0.786437504304802 10.758894011118608 5.993593377797609
1.1336875199249767 9.833920782472056 7.526620329260664
0.4298132762094137 11.060867410318945 5.541497491135284
0.1899879025680535 11.632355986372149 4.599355307637763
0.8413508638129171 10.717744207937852 6.0539439256264185
0.10083170206701646 10.857090077567463 5.959888343657756
0.9209983868200949 9.840231195141968 7.557996857849427
1.2440169771139877 10.915181824395043 5.631877016657878
0.9422807954405353 11.05850974113248 5.443645022073046
0.31536608368434943 10.950630807622886 5.755197670575048
1.9897068610212494 10.38614871387375 6.399861591813918
0.530191482252054 10.706376959480941 6.135525973688037
0.819764826163013 9.970180358756368 7.353055095380155
1.821403067759844 10.060044092264445 6.998168560248294
0.28984292068559175 11.080706287282624 5.534977396789511
0.7228252847093792 10.521157914530065 6.418017267559853
1.3868603076962736 10.619885912052885 6.114930806634872
1.4948370070744739 10.585084821233632 6.153730123223638
0.14901786048183335 11.319144067105034 5.15000323679073
0.4834938771719849 11.063963348821659 5.525457443789534
0.8616155223466634 9.836883426039714 7.575607338285526
1.1927902835176754 10.322380995141918 6.66882689555637
0.6448843900317119 10.265690797976658 6.876002307086261
1.5018747795225345 10.109939455080475 6.975305423353836
2.382884891659206 9.970373372366733 7.041797053912687
1.1037761841469975 10.928626004081078 5.636486646582504
0.22081306922930394 10.257726069047026 6.9741505916917115
1.3188698128139649 10.121152382430365 6.992286010431508
0.9648724045825395 10.080891084503111 7.1324349850363475
0.2864851467555302 10.533517409368951 6.483403412643622
1.5214622408626783 10.163776310399294 6.878161149687148
0.4993951326044359 11.360546373192744 5.0085980692251475
1.1666438626605187 10.693551860200603 6.031141501651639
1.6898203651621053 10.117217224201717 6.925315288741338
0.8427498462514588 10.975154018430906 5.607819168555961
0.4669437997709048 10.388304901785547 6.699023197828506
0.405761251225212 10.920099460521156 5.790098762634049
0.4486693713609554 11.40772377335848 4.936974461650771
1.3570228121746215 10.20878764219159 6.832908320999701
2.8985222367905776 9.866579609633261 7.1190063831073145
0.4243462394934801 11.703427221764874 4.429639723314779
1.2141160042606831 11.817351716183866 4.075222192165251
0.7755284695980625 11.637571375325116 4.473850899049012
1.241835632361691 11.443010344721966 4.718086024688908
1.136700362765891 11.511533940013788 4.6203124716401565
0.8359553192786522 11.565351718527513 4.5869192552612805
2.2606217615778914 10.777047118350096 5.66891813089132
1.15108163857226 11.622455795355933 4.425329773207606
1.9538980786316043 11.001721801324756 5.340781606292145
0.3677139204248623 11.843468096435043 4.198346916187175
0.9271512194215723 11.761354815932258 4.229292321550253
2.4467878275692714 10.323204697668128 6.41796477080768
2.0367660386680875 10.463604050542143 6.256344486120998
0.3983160831291372 11.817974434293987 4.236416049425903
1.583691254183656 11.314267703587792 4.873075385490116
1.4120609515456541 11.784244890986216 4.093191200407414
1.0802287768355936 11.120656881210095 5.308563572060997
1.7449274449345926 11.669577976633896 4.225588758591298
1.1224166106714155 11.669231668752506 4.350013487646744
1.048429941080225 11.301118605323374 5.002320193705806
1.148805690170199 11.311131926460922 4.965010684650412
1.412063136865937 11.049737210347352 5.365394064376689
1.5954074057237781 11.668621988919018 4.2569859138332005
0.6684402454302919 11.694241470424696 4.396996655433501
1.3589806794577837 11.413244681128022 4.746340051164003
2.075914755925459 10.734735612905325 5.778944181202905
0.5299782817234269 11.673295088482565 4.460818568661063
1.7129750489011646 11.235368875070709 4.984015918279468
1.3620866216858465 11.167962129635809 5.170563641495205
0.4888823645007577 11.517675628600477 4.738533572755118
0.8858839452568882 11.297155354230314 5.041517096241199
1.625420693428688 11.551053816875404 4.454649744823929
0.8957494247428432 9.7753987998284 7.660969263610759
2.7283301735215204 9.784680446092601 7.284830964220636
0.05864054675944978 9.728131215244808 7.862597573123243
1.6983146018075186 9.757561644185405 7.516409936296608
0.9349593862183148 9.688737602461236 7.701796223951159
2.438857723030753 9.706326095539678 7.397197308305996
0.12159143328330442 4.86376268670564 7.870075730527705
2.0561398477272115 2.171277830548249 7.485941499919931
0.7254891363351037 4.773932658426793 7.749975098820972
0.6761248811809366 4.744572409547018 7.759801621078798
0.33095347384240525 4.795575488301698 7.828447942035009
0.9339183873462011 6.635846325662107 7.7080507863692205
0.7194967613974751 6.835313572891042 7.750652202965066
1.3867280850469144 4.760757902477043 7.618449405668747
0.002707901855086267 5.383582009791032 7.89359337169412
0.5427488809495485 4.1612360894455716 7.786477529344715
0.7322656932085312 6.580177100745835 7.748176020852756
2.6421512995032956 1.4226254565849736 7.369563224526273
0.7677230563259356 6.132382358135838 7.741234935068416
2.4336108559890657 1.4304323028014434 7.411042667515467
2.6921374284951103 1.1118893993434276 7.359697947004027
0.49635962605875167 2.1140682776637063 7.796216259314752
1.2621707694262816 2.4666124616393224 7.6437984603434845
0.5379756283514677 4.080913578786616 7.78744705265008
1.476145652515845 2.2312950045050695 7.601294860741062
0.5377576086890886 6.705943580024581 7.786834784093673
0.6803422697972379 1.6441590342569772 7.759737096595533
1.0168152834026678 3.409350740543269 7.692367380373794
0.3971431708589798 1.1233064932537977 7.8161991518542155
0.7457202811109371 5.283048218255013 7.7458237040692435
0.1492032006404292 8.385683620184897 7.863703746988287
0.57089267021027 2.2386192896202397 7.78135956409151
0.6007728962385516 5.736828668718236 7.774542277037255
0.3312230709344389 3.875838093092182 7.828624032097869
0.32458575300644404 3.7759017342355916 7.82996924093392
2.785872612738228 1.3239554221704144 7.3409998396139144
2.230901657076945 1.8481715471405535 7.451259814529222
0.4627688353332444 7.712472516703962 7.8014996277799895
1.6358519773120297 1.2736069470325435 7.569766401131604
0.8235583417935458 3.0768214769185573 7.730891740439971
0.011031091132740511 3.299612553414694 7.892458280198714
0.3688066308712892 2.5368328283367707 7.82148260970641
2.000923661845814 1.9598080710652783 7.496977531152871
0.04916832283718826 5.371151865653236 7.8843548973262845
0.863124478409347 1.7597186563970109 7.723350487470177
1.7071020698460226 2.566748192810278 7.55527085681226
0.22143568755107196 3.1197237690038895 7.85065101278268
0.6385297448412414 6.271730750510218 7.7668983524811885
0.11915861460766723 7.761650180428559 7.86983586443743
1.3452936614356634 4.074545060001099 7.626862639320455
0.6694531911512139 7.510372012663381 7.760437912028214
2.147805697360834 3.4812857312398204 7.467380784654471
1.4678332018799205 5.3744851926127994 7.602163261985478
1.3674118162819868 4.841567111490961 7.622271478335785
0.1822654581968116 2.8831255465415424 7.858501571779717
0.5282785929150601 2.467017651416776 7.789779010046223
1.1701802567826887 4.852623799516832 7.661500626260414
0.49825485411118514 1.2468857826152924 7.79605586407103
0.2853207773944202 5.445672370804688 7.837362505694953
1.1538843052448633 3.5510022048802585 7.665067198874498
1.5402717819726972 3.398186800919816 7.588247897313041
0.14075743072547045 2.349709093206492 7.866891283300129
0.6499031296413493 3.217312931497983 7.765398919763938
1.44398651322854 2.458870814858157 7.607634889675914
0.6197942030933082 2.1381726023591687 7.771657504257053
1.1596753081863778 4.099074434620918 7.663778405261004
2.254529175408252 2.6493334896952687 7.44635989473216
1.0125042127437174 3.793266559241199 7.693129020131419
0.7186651092125756 1.7654693748896169 7.752083889075588
2.223549790402842 3.1484257736825976 7.4523974404921765
1.5759208525182877 1.7700160187117246 7.581563492755326
1.5470306006025212 3.9020349666001457 7.586777638171977
1.07443497548705 3.464758094377042 7.680892239276075
1.7524604463976694 4.4135883466566534 7.545787216330066
2.2816198622182107 2.077105221099421 7.441114128031536
1.997245828826818 1.5506449333400774 7.4978112935651975
1.2513582401374057 5.28848297305398 7.645244413365602
0.12806523155775834 2.4669878048965312 7.8693866340708585
0.732701583527513 2.26715885423929 7.7491665492016875
0.36317890306029554 2.5168185454554237 7.822607036422374
1.755307124284644 1.3909394330078007 7.545975921259869
0.35679671986677036 2.79073246280333 7.82380812167447
0.3571809159695072 8.636869672171008 7.822271551062045
1.033099785246715 1.5611161225204921 7.689589802933631
2.0989319220920395 2.4171957512269597 7.477368181365277
0.6127434907252368 2.031820001570541 7.773086545136931
0.5690489913374274 3.044207416987511 7.781525089533215
1.9411293298600631 1.4616708609897389 7.508995813825475
0.40325221088387864 3.2719154529645325 7.8144473416205775
0.9172155709414677 4.8239483888178585 7.711825737843858
1.8720685033265703 2.4784390839619297 7.522478954782378
1.3400864175523628 2.1707492305450264 7.628373925358682
0.27047008650287524 5.351731502713675 7.8403399632472945
2.467981718535138 1.991169323618991 7.404065806789651
0.12099556954784267 2.5151262080040775 7.87078085813603
1.0414795815048494 1.7698799246577002 7.687870811535314
0.7296047851754364 2.9661368251000275 7.749607963601321
0.18533686409975594 5.6253643027009925 7.857205719495638
1.2019765515404333 2.7258004117649177 7.655707133657667
0.5619444601676826 6.775734982037742 7.7820062750293655
0.9006136600270184 6.166030695568827 7.714792870198512
0.3873609572976259 8.39554633701342 7.816328623945633
0.3565189230457059 3.26340618040198 7.823745322629634
1.172084082495926 5.215540428865847 7.661031287526692
0.20306132875050678 5.41096903445093 7.853733642126827
1.707738501079094 4.35674141418346 7.554697188245187
1.5139737733063188 3.0154801811402465 7.593574497519494
2.484449038462265 1.454033021639798 7.400924400558167
1.32260855203528 2.353478984672965 7.631804859843923
1.7639106407789962 2.5053592699558127 7.5439862296017495
1.0831684902130339 6.554227662615864 7.67838339485084
1.4059490368697307 3.3692852649802782 7.614973648064932
1.1246535995557432 5.328908632778577 7.670437509173908
1.27449312419047 4.6168349891518154 7.640810338394649
0.5854344552147764 3.385640286080039 7.77818053141714
2.510885171184331 1.3183445589305556 7.395699801624387
1.3189378901938142 4.770430041955585 7.631931336926975
1.605922622372665 4.099945475616741 7.575013822212984
2.017489175280263 2.2061236642184205 7.493620915630493
1.1911008078415695 3.4850851228407835 7.6576808185557805
0.1363073712495828 6.409443268163616 7.86676248614339
1.7411568716179993 1.8826853355467028 7.548667769673448
0.7003981233803062 6.579666669911272 7.754515020363433
0.6607579307890397 6.453950448558345 7.7624313669035825
0.9545102235184874 1.598617142852144 7.705212917387433
2.5559714892191043 1.204292365208559 7.386760035547106
0.4804254719532391 1.5337577763446797 7.799530708882005
0.4159976855054071 7.8067278147987205 7.810779473236574
0.4708175630327905 2.469795115415924 7.801208058761436
0.8160755145026078 5.736398522274953 7.731715907556802
2.036903105208946 2.6724398381335437 7.489642765192089
0.7509290909566132 2.366408814005156 7.745516073127128
1.7977288692177342 3.730903146117995 7.5369532507662
1.3550920146817327 2.9575683055354616 7.625192599579702
0.5827953911391458 4.055784530475075 7.778538098145184
1.1364193770128626 2.402425164075085 7.668828071206383
0.6674217990921949 5.28675867782017 7.761397358635462
0.7049051527866299 7.39866930484662 7.753413957298246
1.6491299596854856 7.212064839675865 7.565642521939016
1.993112482087099 9.003392835914958 7.496773149481285
2.587294211061411 6.127189030370264 7.379300822228119
2.9236090552987006 8.048267496415631 7.311924267098775
2.635262459113225 7.48492056840506 7.369420535007598
2.7216571776417453 7.797660859314881 7.352157519538169
2.7845178583909274 3.730560002960768 7.340668671338771
1.3334066407688143 8.269974626516056 7.628179784363224
2.8426494837936884 4.025362995101919 7.329032009257253
2.540951477004011 8.368877363143449 7.387959565775796
2.337549853308497 4.120975649737521 7.429478686326763
1.7489058819322993 6.446798363618688 7.545986828978354
0.9198598984519933 9.556904429678983 7.710118180068443
2.2362663895245243 6.482764298776832 7.4490358474236995
2.169363145378384 7.7171279618725706 7.462035700127832
1.1122555302364368 7.567967403124986 7.672344644366022
2.926299581676145 8.764926956572605 7.311210251139533
2.3374890515281344 8.505998718884086 7.42839653009101
2.6632294540178902 5.988947202544157 7.364230864543956
2.474425327509298 7.2629365766987934 7.401468415581136
2.8394920008145865 6.346915787257059 7.3290807449723205
2.6767258900520714 7.424928787374994 7.361187918506571
2.454379371675861 3.433196125897833 7.406411486790101
2.5776516797781808 3.7332871506140375 7.381816221160526
2.3461861424897514 4.5728444884885775 7.4276480614915945
1.3935380315313766 6.059174794748203 7.616770599198009
1.2500358704068504 9.029999518288292 7.644573598593234
2.552367164791276 9.269127475378195 7.3854641940614645
2.036157929055766 8.240663268311453 7.488401213588954
2.1807960234104975 8.879228203946962 7.4594715662759645
0.5638542968010816 8.176111379502418 7.781276645050655
2.051489777732437 8.873316398716888 7.48519364611956
2.9214693441991697 6.415703086786573 7.312757276502451
2.4655553437379862 8.210666533190665 7.4029962654978085
2.3963549434683116 8.577177628121241 7.416669617108653
1.5181176229333397 9.140036848357349 7.591221377734943
1.0497646297638648 7.246470583564986 7.684855081190375
2.698880448836011 3.503520654585005 7.357759662683677
2.8501611037467187 3.2976181398818194 7.327719458957246
1.1629018141661134 8.357304071306674 7.662073501616567
1.1113597229885213 9.61554194648058 7.672011874196544
2.211818549852446 5.8342764654521915 7.454060649194537
2.469396268124987 5.3586516752980184 7.40294395780211
1.4725117993870425 7.114607149074355 7.60079836882566
2.6980579137504024 7.6885501343741405 7.356878931521191
2.320126106605433 8.579318900461214 7.431831937135153
3.0027345234696945 4.9399251244748426 7.2969609012172585
2.2425927981527276 6.586816733868796 7.447751481316844
2.832434178664936 8.397057384869253 7.329973034858763
0.9538543782318151 9.134271176899075 7.703461724457573
1.428642761624904 8.352662832368418 7.609215512910638
1.5578601100058986 7.155303340877005 7.583811383392037
2.207738684175048 9.310938583831767 7.4540046090967484
0.21530656803700116 9.337729244829056 7.850317207213806
2.305434138432822 5.972055209184024 7.435404974126401
1.7789705264102331 5.621866605895408 7.540212456654318
2.9190002564611692 5.273806124589773 7.313533360500172
2.0074356794725006 8.36752252876448 7.494082765927408
2.3669915465814277 6.660268567028777 7.4229887089887425
2.4424865039126997 9.670592295017999 7.407220628014389
0.8172784608871422 9.280193120499344 7.730591942515062
2.7240075942187527 2.0408065687566213 7.353126573650771
0.37566106055510695 9.473056084774075 7.818386954156735
2.32416216150564 6.159816143205919 7.431632885343799
0.5814930743834174 9.125947215156765 7.77753105038751
2.70408529979373 4.0456318681491386 7.356589073842226
2.072083141585965 4.918647335200867 7.482084231215695
1.986091801146397 4.028108297569541 7.499411195270221
0.76712882995727 8.70584421929491 7.740710646240873
2.0159257799012065 5.596552464984228 7.493085455729095
2.8842129970102857 3.5650371185146303 7.3208793856064
2.7267592542290533 8.658798864539468 7.350927762980372
2.914310748451416 1.749600570089421 7.315345601131028
0.7586510957973875 9.404638481058772 7.742222592962761
1.1310730976529726 8.063126308371665 7.668478035193692
1.530871246917696 7.906445819952258 7.588992358496406
2.566670390736923 3.8884618015379573 7.383961812078922
1.0035837221534447 9.615631060965 7.693449825722899
2.201753199149685 4.24519996343339 7.456459313825379
0.9830255187826061 9.393695155304258 7.697594488018774
1.875430297192612 9.152628387039712 7.520144344602679
2.69641373698044 4.6177204723447005 7.357972281626557
2.4541324064045376 6.221561270018909 7.405764795081078
1.316412323564233 9.411474366556188 7.631275310412864
2.254527563174535 4.122840264707429 7.445992376904092
2.1910408871713978 6.407298416948883 7.458050588726488
1.5204567911375269 9.641976274394231 7.590630833058345
2.7062522532367677 3.7700643648158483 7.356226805974095
2.0110111324196946 4.7373163770108135 7.49427745572012
2.9735908620145186 8.214588220694676 7.301940766125242
2.802034592757323 3.9131375704416325 7.337138816267422
2.109100370211288 9.077317207064578 7.473683282924153
2.532162307049312 4.802630038653468 7.390597770868865
0.8725515114681353 8.887440594279083 7.719695460621814
2.632548261665142 6.606806193125086 7.370179549328348
2.9795076263603057 7.814475149141403 7.300863694128134
1.0006641228568156 6.972380259247275 7.694690173895302
2.6884860245846665 4.758193937741634 7.359514147120568
1.6061088312300256 6.357149339325078 7.574413292083619
1.2565001724931357 6.375592767488466 7.643950157108902
1.8449123198819835 5.410631818506589 7.527148533995712
1.6641384608505472 6.775057693673109 7.562766198175794
2.619888826216109 7.3377360308463215 7.372515268733728
1.6082987750896387 6.711563802032423 7.573889243743169
1.8230742420676065 8.661760546436748 7.530681101183173
0.8760519818610981 7.294201853075886 7.71939675503797
2.605608423817811 4.223889311594761 7.3761328543165
2.0738369691578744 5.860724524899117 7.481500284836845
1.7282569642280787 8.270081226009218 7.5496391660763145
2.006312626627706 4.035819778506363 7.495387099730696
2.591273494367259 3.8397173614612687 7.379080115612851
2.4700807562736427 8.902015600756894 7.40192358410964
0.21157016187689057 9.197023985041064 7.851095536379923
2.539882059448109 2.808947717625241 7.389559725904751
1.046358527846921 9.076224187305677 7.685075995166889
1.0503692706306378 8.784477578003395 7.684351012271364
2.5840442488052893 9.133281375573524 7.379197131367764
2.8649153100103706 5.2010843184892925 7.324309669568793
2.810808322199556 4.169475756873276 7.335329646117083
1.7603145492736485 9.116867444918999 7.543051208328304
2.999489114943127 2.5799778915450973 7.298195360522602
1.939501822699147 9.641402028094573 7.507277759286354
1.647204886287584 8.612018315034437 7.565676094585905
1.0380583623895803 7.174400725202964 7.68720158643335
2.34204467993574 4.7046788978477405 7.428438951079933
2.409468602025559 5.059707042355361 7.414938908011572
2.4340317810752867 3.2811848167488824 7.410496806440388
2.839520919441562 2.543099692890579 7.330024207207147
2.7369874210080543 3.4368597060441477 7.350196351406197
0.9490672324314946 8.974897355384226 7.704453717280508
2.221913804755762 4.0180029858793205 7.452505816449579
1.6744459351043455 7.1639663884692295 7.56061886529381
1.1399504660813904 0.9586475790898119 7.638992736415551
2.173497612522366 0.8932098748158542 7.418262558079055
0.188892927058581 1.0250532430077801 7.843538665802819
1.4142563850110699 0.8504935683583219 7.559399813660606
1.1060767386753916 1.0716226753420557 7.67187641965692
0.6859210915583387 1.0814735383754996 7.757730598365409
2.1834969467301653 0.9666514960338745 7.433270136934331
1.940897175036596 0.9226659956539309 7.471346814573965
1.8485652886909134 0.6968549694144761 7.36468925348972
1.53382763047711 0.6801326428106954 7.413889439916697
2.7701055551959084 0.6237972975533495 7.1228173173780736
1.8601504566749556 0.6301144983833259 7.308883273314654
2.178020037302511 0.7858270469669625 7.3704794247390435
1.6101004449571372 0.7636583587024527 7.465674890184762
2.937439032767739 0.735912641855467 7.179407973629087
1.2634402413457482 0.7838118910759968 7.550785894051382
0.6490331494544463 0.5547855482887035 7.405810002299106
0.42995781240337755 0.5542091880197525 7.448206552244194
1.375029749182632 0.5419562608479959 7.23512500644137
0.8889439152301617 0.5415254330180654 7.330931495234081
2.754869775690762 0.5371215699188686 6.950755253311182
2.6591083447500106 0.5307801283029012 6.9568159592144445
2.5861867489660773 0.567466514280231 7.0464559512018266
2.4884160499787464 0.5839340391310883 7.099629850258813
0.7264241340498198 0.496888022520264 2.6047135437430775
0.6555861050039123 0.49812335284081144 3.20293971541481
0.5836619673101605 0.5026534896719372 5.359356839664686
0.30272673909387265 0.49704227276363994 2.761930931996048
0.5976573950840002 0.5001010563844379 4.149635013007459
1.3070157310263066 0.5003864930912603 4.143505320909385
1.1245920452835436 0.5019007733477175 4.895830989842063
1.189142369432543 0.5058795409252477 6.76438231221648
1.414917704004399 0.49914598959820095 3.5354604705784576
2.656076194553876 0.5063805345086959 6.709488683109992
0.41893084052748436 0.4951871026863346 1.8615847995548065
0.34724446994965985 0.5008712838655119 4.563653483987004
0.40964111092053423 0.4969773897405121 2.709983820859705
0.8554049793692821 0.4983382388551141 3.2648036498263746
0.9823803881300524 0.5010523382144194 4.522929591998379
1.0592910152913075 0.5001358836330991 4.074278377055001
0.9022493796294653 0.49739747659299877 2.810638924978063
0.03466366719188158 0.49868571295971037 3.5923656792529606
0.4664509333676219 0.5012923137233677 4.7390290038923535
0.44703820475041023 0.5057065479154345 6.830195456020168
1.2854239789823498 0.5041083490122888 5.907708753125309
0.3503731387395472 0.4930961003693834 0.8864750983584391
0.8615518768698112 0.4972238825070309 2.7366488760409435
1.8314683604805164 0.5023994631801832 4.991033404983691
1.7240098403580102 0.5013953882178491 4.537623648184932
0.303002894237614 0.5062770274257125 7.12860164335856
0.17568483282896472 0.4944358971361724 1.5547562223669757
0.18107765130348583 0.49791977894448686 3.201064158149632
0.6522998344088229 0.4957606809873318 2.0863856163753454
1.1288833727575516 0.5021887248023124 5.031137475864973
1.3024623026768414 0.5009562565638076 4.413828151508551
1.9005119095686687 0.5053558769608962 6.375263013380953
1.7325727542333078 0.5028309712294481 5.214746976740202
0.23461583320545723 0.4957934430181025 2.1849602146546454
1.539769066326404 0.4997736245649192 3.8074079804970538
1.5377279608055932 0.504252542432876 5.925705169089756
0.20864350094912787 0.5038397952848757 5.994906768533754
2.2546002982902276 0.5051091485779037 6.188162759583781
0.5247558764187278 0.49773928795215383 3.0473554880900404
1.6232766080195833 0.5005476492327878 4.156800827645314
1.4102194551711904 0.5023664986796255 5.05923780729349
1.6519564603429227 0.5016411750496679 4.6681782260104825
0.47131352147480304 0.49872051043973 3.5219645651436924
0.4963179166037159 0.5066113173697959 7.248220356949678
0.49567416184433016 0.5015550080574475 4.857433182266815
1.9744894037149783 0.5059542343386031 6.6434858659022495
2.324292312095543 0.5056759368328216 6.442310344755782
2.152346762293237 0.5031062168354029 5.261400457853095
0.05663512347684245 0.49199205899011056 0.4228488736956662
1.6486959556801433 0.5038931986060328 5.733713655591462
2.085521987763045 0.5066737106299446 6.961609997170642
2.0950300921949 0.5043692693264341 5.870045698336443
0.33773204644357135 0.5035103032413976 5.813426488433876
0.3187749243214619 0.5035435326407174 5.832910088433487
1.019414045765757 0.5033117949295871 5.583964812103915
0.11981781159516929 0.5002164650420582 4.299255445252982
0.09709882776376116 0.5000770974908865 4.237873516952739
0.13639098663094815 0.4998365993706767 4.116336383446822
0.5768613288924539 0.5017936232605127 4.954115048272807
0.15984604801479854 0.5043561904894814 6.248794713936762
0.18623209268861834 0.4987943084475621 3.613566956737906
0.0292331747919693 0.5051031396437066 6.627976047850091
0.049007625808614494 0.500675256509944 4.53028363605148
0.3510736158603356 0.5001797297168585 4.235885053209735
1.4389304088583976 0.5048084352347812 6.2082155352873025
0.7559291811158947 0.5044557341469037 6.177295967155892
1.0868074009442779 0.49950610433476705 3.771008963077957
1.3813770137350962 0.5022805913021542 5.024352974257099
0.34343187982906886 0.5050741425795202 6.551766323766737
0.03262595522658578 0.5047400915091059 6.455631042318233
1.7530526113891733 0.501634221780719 4.644780970465555
0.8126518936021085 0.4981333538294968 3.1764263188257007
1.1498993764186694 0.5010026612137113 4.466117715190128
0.2594555605604226 0.49933565504587396 3.8549818040448987
0.0031555592798377806 0.5030594260362374 5.666777335724398
0.25104261306331793 0.4972965658028637 2.892456024890593
0.1715311432645981 0.5018063121087636 5.040740550233547
1.32011098504679 0.5051831948225859 6.409058263402132
0.24707472883695522 0.4989605674250022 3.680081411688483
0.10843289991451956 0.503566432557806 5.885578275374621
0.5239565772559188 0.5002521744874258 4.235752442282628
2.0804584750199875 0.5052679168690584 6.29787667104307
0.5520680443137307 0.5033631947983126 5.701230879289773
1.8298224465164488 0.5033025304128237 5.418383170908989
1.8682401918513838 0.5022371437027058 4.906964977519659
0.562158875327356 0.5015301561534456 4.832457085911168
0.29817327539534566 0.49734349845737597 2.9052735901248923
0.4347208298994348 0.5051076320998669 6.549443536709569
1.3598229276533982 0.5061519211773589 6.8592288372315835
2.130092857773177 0.5066932622431763 6.961989400061622
1.3531901408306783 0.501558378041618 4.688455549075887
2.3322743020335954 0.5047372476926312 5.9968561540240035
0.8865383137090265 0.4977522175031459 2.9815060630259183
0.09027525226142794 0.502593374628072 5.429072051103952
0.6734092879627492 0.5016547383581564 4.869237587610774
1.8243169694542203 0.5063674249686853 6.868737535887084
1.1599341775445704 0.5031982211267108 5.502309260980406
0.44037909022626026 0.49496670318388736 1.7531008411222664
0.8113844607506244 0.5002439925304937 4.174710370666455
2.144261627299926 0.5030376332909771 5.230578434107283
1.5772448390750884 0.50211754664162 4.908295361951911
1.3099057770048135 0.4990840754706153 3.527072140591696
1.5725720233506002 0.5004155236319558 4.104410014394899
0.5845678977893228 0.5015631253685844 4.843589387993314
1.3616137007705096 0.5039473745260992 5.816435580725897
1.375183246292228 0.49997451953739 3.935141007039121
2.584927115767716 11.339902034301659 4.340203809870977
3.4111450371637932 10.06553809091876 6.391784958128062
3.225518194460017 10.775928100298277 5.064424850491561
4.010802481000923 9.816257807284247 6.500408947638535
4.216205075601167 9.992561115432949 6.002959376956317
3.310614836466261 9.919393017845337 6.757544946851552
2.0972324336043022 11.312346643985272 4.72236937226315
2.510948164204249 10.610831073074507 5.879193970952805
4.251966251888555 10.38161039264134 5.184201081126557
4.411546396489418 10.12658234478822 5.598618711267196
3.493543018218718 9.928545851366563 6.616616088789931
3.9622130904698722 9.898311384643776 6.365232360953709
4.660463621380792 10.226673774451069 5.227801448073185
3.7817491904809564 10.551214214386599 5.151874074276576
3.4885784696575897 9.98543011521525 6.503713517377288
2.389380209796112 10.87446499439257 5.421794801447786
2.863254303112728 10.61626253445527 5.63269341629064
2.649497897476173 10.640040254122052 5.726940901089098
3.572306005873441 10.28124771271934 5.843385994589873
3.350627149733894 10.405331924736942 5.737991712719599
4.03927952627864 10.20638263548686 5.68432030599519
3.1754046178186295 10.068320245704204 6.543617568796197
2.603088999874311 10.528118339605157 5.9866171110681
2.6929470864672806 10.733315367095182 5.507339435591457
3.4242993282489262 10.706736846988356 5.072967551314321
2.8875635158693522 10.445868130238951 5.964581936840446
2.735651922042285 10.613356104108263 5.723892757883326
3.0971206306095453 10.346143827411119 6.028306179155908
4.144120554729859 10.196452105424445 5.634556713128108
3.1747214694641643 10.109350995138309 6.460244442371589
2.5721997334822153 10.806599475542704 5.43829411834915
4.291268767322999 10.243035755354024 5.441060682903276
3.53956288949729 10.202442175306436 6.026271214066986
2.8800410269256993 11.037307294271713 4.761243740650254
2.7384353430102917 10.286330549974245 6.390176195225732
4.420122852407201 10.331398102539882 5.174430687372476
3.2719746264278964 10.62753286401912 5.336568741399907
2.790032156270007 10.757629018203115 5.3927942025887345
2.3542841368634146 11.056998530670795 5.072312472448299
3.2039821734033915 11.013104217976693 4.594242163479946
2.4086051808683773 10.772919780064324 5.6164152835406345
2.56599640404849 11.006420101278204 5.034187151099542
3.481095704164709 10.642997784293776 5.165242165757958
3.231324473536847 10.682498919159045 5.251429619732002
2.7648247353655435 10.289608866292278 6.365845454692261
3.1058633737253487 10.775076690610726 5.146115202733832
3.306969671740194 10.637293755137431 5.293243387811782
3.1810313858443453 10.378484222570856 5.906164371337363
4.6748908039468535 10.127670590975141 5.420434109269325
2.329225418727373 11.051221692286418 5.100858794548005
4.769112693335465 10.148556018964683 5.314806168311458
3.68735488854641 9.900229485682747 6.544967995490037
3.864494377462668 10.05496752942811 6.110463056844449
3.2956178868582944 10.122529563396691 6.352538963425139
3.3534618467195236 10.643814228010374 5.248856365358736
3.7515908164140597 10.667493332768707 4.934456342934359
2.1911744691076382 11.202406074097626 4.884217960446202
3.5085313859803358 9.84879445968074 6.769540597920671
2.8913111363670114 10.65053189247421 5.543930980400043
3.9384968139034053 10.423158744594161 5.308767689894493
4.942899130065203 9.969146682737613 5.565235474475712
4.009557587889365 10.617844861108189 4.86352466663627
4.527567005210521 10.447549250267329 4.865330848235977
2.76447656386169 11.370960393074274 4.156777120178205
2.318986964914525 11.517523640263546 4.155002064227108
4.526399691842916 10.534020306442724 4.689442201631741
4.391655463464567 10.491900837016818 4.865529821377437
2.546508703857011 11.59485053545568 3.844990149971109
3.5335489324191225 10.917711695581733 4.568927997315566
4.409164841860366 10.456873155099016 4.925395287037228
3.230917985414571 11.546554473996395 3.4863543904415657
4.697235704454397 10.315489541848443 5.021772052548204
4.566277442828668 10.409597135470353 4.917005066191077
5.2907111984020405 9.969286433430229 5.332549052956836
3.0011363295954316 11.823017269158989 3.0750502244759215
4.533642293459998 10.450705472921463 4.85482299233407
3.2440941565489316 11.096143054994213 4.397783853908726
4.0471668439242885 10.988836539812333 4.080423461285303
4.308291638335283 10.456053065766435 4.994472357844218
2.3190399792486964 11.688731038328568 3.805173581708891
2.0303983588128696 11.832774897911047 3.7037430484693705
5.014161196227975 10.11244543773542 5.22484697490252
2.72261990214076 11.680183518448661 3.552972576391684
3.978779888393494 10.792097680667965 4.528074592012317
5.277760775329417 9.993956299381741 5.290799387207554
2.412315178752354 11.66580466331824 3.7896896459429597
3.2584002945210147 11.069332232828803 4.443001834769522
2.51135859709699 11.779008140461306 3.492225212186715
2.8714531162908443 11.359974480595556 4.1077426968960005
3.2398349134610784 11.381052729799794 3.8185321330313178
4.091005597369196 10.77804642249141 4.48179557638392
5.399308702072696 9.879259939570291 5.443918994717531
2.599516077315835 11.665808751439085 3.664597224760868
4.385664264418417 10.721342653063811 4.400761491365928
3.368888990045006 9.798520522752185 6.961750115051366
4.890447254537469 9.802041501801545 5.939878720067752
3.5072197781231513 9.73427546279335 6.939940352457652
3.8436520833435766 9.767416557147964 6.688530460356181
4.986009870509017 9.682000556560393 5.975179151321449
4.174684617054222 9.71746791655479 6.504313964589304
3.872645727040019 5.210639481321859 6.724193607251623
4.387339729153744 1.50458833267651 6.381377072580237
3.0597261387867865 9.516297293940106 7.266101726777132
3.0227974297320026 4.631194025120462 7.2922152427283375
3.3196206733919102 4.029588405229947 7.094061262667115
4.055732905209798 5.878754042793697 6.6016618121460215
3.3146816557564462 1.3355516149403213 7.098154725997941
4.018974054658276 4.400442646119285 6.626658632684627
3.8145684708981427 5.7322980231499105 6.762846012232503
3.7269720127771064 6.262001703604372 6.821220166675252
4.785586196601796 1.6003488065873315 6.115248844262645
3.3175184264954187 7.161955741071391 7.094543550870374
3.2210881926526755 3.0706125243333404 7.160181012721608
3.2199496221648034 1.4134213782265441 7.161429775704254
3.6026707109811174 3.8608033709006584 6.904982800372162
3.301396146382378 5.292523904840024 7.10586661646214
4.821161264758003 1.9406718935594012 6.091378106480558
3.391755953527701 2.6745927405272374 7.046260970769825
3.437756495586215 3.8170587500101965 7.015187940181389
5.2626323806774895 1.9771181910467357 5.79638553082961
3.145340899228969 5.925254167284779 7.2099531755794795
4.8224418671844 1.8981551645728756 6.090534954419336
3.1553157206009272 1.3381171335232351 7.204638983058815
3.1063057562132372 5.714213638789002 7.236097793727568
3.7806032765455164 7.030797498499115 6.78515848093634
4.112872672551398 3.208583875103819 6.564268490889958
3.745149556473783 3.916679286382396 6.80976493710161
4.20180197935307 5.35791828823735 6.50421485709073
4.161259354874351 4.191846543507424 6.531647971543801
4.893600934780678 1.5141514012987898 6.043101019086393
3.9770361614223537 4.767228342415547 6.654572655585525
4.432354322836467 3.2543983103446523 6.350783987405021
3.33979908767792 6.580410496472061 7.07982732306289
4.636044356563544 3.652407251230449 6.214565329650567
4.34863936215919 1.9236240144846746 6.4071124615188495
4.976486151956535 1.8973508058089252 5.987605995161069
5.247377140813488 1.1135662564021656 5.806833056217955
3.29044940290237 1.2567704178904426 7.114369413497592
4.634361600000895 1.8851272007197895 6.216210124409188
3.857711963269627 3.9821043613483456 6.7345338057390745
3.529022859457061 6.147481272476114 6.953519408226157
3.6760790414779265 2.992745094162646 6.856188493963103
4.753674843940012 1.7209066953239234 6.136535847517628
3.273600143678251 7.7376740773160035 7.123719304529727
4.575116893632421 1.250841591688011 6.2559829867945425
3.3563733577898565 3.1277658310298264 7.069769441309598
3.4710357986394245 3.4602413093894895 6.993056472299886
3.3970197156072848 7.280519681591604 7.0413875248129365
3.7195457254441036 7.284604193292584 6.825881131646004
4.227268365332074 4.959907251886883 6.487315948649883
4.008162890475408 4.202862522360448 6.633940609866831
3.056416497357844 3.0031538380282545 7.2702310887211254
4.717569870640459 3.357573876022318 6.16017849174235
3.2280528164568962 7.741841358027846 7.154151856760449
3.667477083515701 4.260814735140262 6.8615627348454655
3.864373846540355 4.234600432418495 6.730008120881024
3.804238060393172 6.464490166208939 6.769532969334616
3.2632427737299343 1.3263999664949344 7.132527814986111
4.98163673289149 2.315607232724257 5.984041319654457
3.1252831416569804 7.877261713106202 7.222780544669067
3.3173293620476283 7.428181117103262 7.094591484310863
4.268355886095383 3.633952585758152 6.460252573901517
3.87232616471191 1.468431162588573 6.725509101881891
3.1138626220490737 5.667441660722614 7.231062225674498
5.293185494514815 1.9799085567966204 5.7759697521723545
3.486382883717194 3.5613852825999266 6.982772084448481
3.4131978504769327 5.071416099306162 7.031228146329087
4.268125821641865 5.173531385795659 6.459952937759114
3.9326316638030456 4.132172098639847 6.684429825208254
4.952381887421519 1.2567450875639565 6.0039006042314815
3.0736001642173747 6.711348466981806 7.257657365240154
4.437870986723913 1.1298366365397605 6.347723487613926
4.83913502804582 3.0600638637923305 6.079038782797648
3.466219194054507 1.8743978026340653 6.996741811611267
4.414980389149845 1.218565912143816 6.362992382000467
4.97580107591733 2.151900154578544 5.987988791504199
4.04193645436805 3.4278923722323418 6.611602020753828
3.5669615176316194 3.547425275283099 6.928935223323252
4.674009901542794 1.964784307580163 6.18969449498446
3.4984639377110316 6.261642618109834 6.973904628786254
4.154924052333973 3.375195970509695 6.5361215687527485
5.020103455905238 1.9282041083632482 5.958452731924966
4.845040149284334 2.2574089080496114 6.075329461415434
3.2374772334139865 8.135523090412775 7.147738729186633
4.404399304228178 3.137860644800342 6.369497267933036
3.695630766461263 4.97436430121759 6.842540908573796
4.203671822514099 2.0767165440918482 6.503931683576238
4.210614569228869 4.261722088906376 6.4986492646852625
3.244892297150506 5.035888824053176 7.143696888040527
4.020199632317297 4.604077583578811 6.625779762643489
3.907185089594477 5.940393500010346 6.700900230575732
4.572681645322886 3.3949047506136933 6.256978805995997
3.0346065080907287 6.984869264288864 7.283631573725147
3.8569186481391196 6.777138855010499 6.734240827432989
3.046763691808497 6.6955793746440655 7.275593583031451
4.464725481853343 4.5260238377373225 6.328779794224417
3.314598338192635 3.0403365199071315 7.097708388313911
3.9552421326903313 1.5447661539928876 6.670083893405217
3.5310458276752588 2.1598132302921753 6.953341953162285
3.242407988024133 5.163925877129622 7.145319148746093
4.96173893075768 3.1199107847521548 5.997099774731835
3.755593088559455 2.111781820378868 6.803318274508282
4.227571459398169 1.275690851095168 6.4881983202865054
3.1451593151361275 3.2966580515669808 7.210848550145128
3.651577477005218 5.929876404169142 6.871695032833537
3.8860590951500327 5.153559649424974 6.715247881204354
3.9188503477400554 4.083770671959035 6.693652467558322
4.405330045640996 2.2648021104288327 6.369132455751277
3.1680109705203394 2.7839842543527413 7.195730515249754
3.553979073059063 1.6822604065641595 6.938159059433074
3.0808127149395146 8.947100662280544 7.252179725519112
3.4144862004700016 7.166864761823684 7.029750249906193
5.514243779583964 1.2539184868832747 5.628476973575964
3.0617392269912984 5.652523026445853 7.265894390279792
5.390922808451642 1.2768896913496173 5.71087072439852
3.0488586989011965 3.0211664708209662 7.275275748708984
4.945440493754303 1.3009814107074626 6.008525673222133
3.7261973315825925 1.8223965722973698 6.823045125035215
3.8173863863273807 1.9614639737869601 6.762073538729738
4.286139436881588 2.9430486760018857 6.448573424881866
4.1502915694889495 1.1781446013141326 6.539863864381298
3.5441020155557834 1.9467226188419384 6.944680828098319
3.79930133899964 3.3016347741090755 6.773762951581701
3.0670440000128822 3.5954925761655203 7.262955585621777
3.166464364478717 2.322065553401429 7.196899946729959
5.2554574956577325 1.8712724389778597 5.801210808633219
5.005283832200894 1.0935784006994027 5.968600669711722
4.680820320220834 4.00546886399547 6.184542993207266
3.705778338683977 3.2971652920742267 6.836254396802412
3.5447096793714756 4.848330928492208 6.94342036187956
3.917975052803761 2.0489694429468663 6.694836510283166
3.4381847371311807 3.8890936063009147 7.014880585927569
4.438959663760123 9.292173856365407 6.344593315334038
3.7964363626090716 7.286827808861734 6.774503788490404
4.176895453750082 8.730909259534698 6.519864189033273
4.517390324311236 8.795118151676395 6.292333898613162
4.492574908842894 8.960463539733972 6.308866370740311
5.399631055672439 4.46272031823877 5.70411444323378
4.928372355009417 4.2922334197788 6.019049605697509
4.485253806455214 7.522611255450133 6.314181308263317
5.284060835237271 2.20029909015359 5.782001783188463
3.1739043595351264 9.604481654999901 7.189784324487569
5.253302434367392 6.158779378736513 5.801388981555913
3.9570569404486267 7.315248203823764 6.6671721878106585
5.435915620032047 4.542970900673892 5.679846256593222
3.379674937981739 9.287163946469398 7.05238620275926
3.6939930465077673 8.721997943401947 6.842531878654765
4.964868085501609 7.7143751498772755 5.993656865484948
5.27961049869651 2.526273030676676 5.784879474832131
4.688144217011837 7.555315118739559 6.178604648272306
5.171342598931486 5.397002479936898 5.8563769687018095
4.152320244248446 7.621492557024123 6.536611299619478
5.381098686025892 8.871029564311304 5.7152000924927275
5.108591613410615 9.178806773284968 5.897192920822352
5.260365584091884 2.4589208814436807 5.797758335933243
4.966090684909398 5.409001498289349 5.993518379601875
5.407196182851508 5.626715344253614 5.6987170446967195
3.5192174451861624 9.284294481582021 6.959147726393098
4.548683702776029 5.3431554860768316 6.272440180864704
4.785727100725394 4.307548878678474 6.1143576087192795
5.2211490774558555 4.656181759794248 5.823315354155419
5.349981328439266 5.75533869844994 5.736908936052195
5.34604209492784 4.94757616442455 5.739778757292151
3.782493867250269 7.396447489732564 6.78378760684011
5.189869046322318 4.34041015441189 5.844308928148392
3.971163985863505 7.142029064241218 6.657797136777193
3.5258075521333607 8.902419813764013 6.954856736450467
3.849923570061996 7.518551570953938 6.738696587655589
3.5398871937364262 8.176831444769489 6.945662548126171
4.522367725989507 5.556418474228079 6.289961194727176
4.3875019547553835 5.5337546170634795 6.380082290061734
3.5285159937476243 8.08027897300673 6.953288954526039
5.579372830768493 6.849661748534233 5.583312398031001
5.143726835268561 7.118830041194147 5.874322529667322
4.549382869439166 6.246377224744693 6.271707211159269
5.467625781630621 3.9601537419176127 5.658829716702835
5.493748516930422 2.824202383422663 5.6417093528266875
4.170627177548468 6.309083881917145 6.5247652157192215
4.72220506623241 6.863534578582822 6.1560494950671645
4.6386531770073995 9.513273184578782 6.211097312488455
5.202568207325676 6.180886875033591 5.835282001867115
3.3906969918944583 8.83744674992414 7.045153845384536
5.233669669928303 3.758359880611529 5.8152135742805315
5.1360501614168745 8.936382310422498 5.878917046975349
5.158649940024263 6.239291678036837 5.86461006193369
5.485019958541284 5.352986295276478 5.646797414556602
4.910991186877803 3.7677102297461618 6.0308176882384315
4.508090667271201 7.693920197783913 6.298871792911145
4.435425260907911 8.160181002307603 6.34728805237827
4.594018012201605 5.544937670588624 6.242089383489054
5.240404303977801 5.058172089702061 5.810331125012194
4.8150343982413615 4.914685792197383 6.094596429733502
4.659970424474176 7.10926270648654 6.197561039263386
5.430899946428619 6.115183780830099 5.682734949263752
5.421607050516364 7.366099917688302 5.6885761421622805
4.952790921661107 7.233996178038854 6.001867934895357
5.446725021519819 4.413275405883197 5.672661812544282
4.718704345657434 7.06096837378956 6.158330500611147
4.69470429187683 6.592899460234598 6.174504567622256
5.020632774215348 7.752384578321066 5.956384906902043
5.532731024447331 9.506851682043747 5.613695494166914
5.285690207284151 6.269824834545827 5.779715485306461
4.545627697854803 5.675293997559956 6.27438439580256
4.946029418161231 8.231510340990637 6.00609227701203
5.016221831985784 4.304033440339466 5.960346990307934
5.3630647083640905 3.573169580234793 5.728809073314606
5.514535247767145 7.632711465775964 5.626405048106678
4.976072122566086 5.280767042968774 5.986886733331403
4.880624407702119 4.354844781721804 6.050935338177554
5.501616541008379 1.9062272104217766 5.636722250453499
4.264173119334675 9.040293735849069 6.461456072181937
4.408256676591426 7.453420648210517 6.365649506255602
5.107703561825611 6.919870164127847 5.898451061256192
4.030336588467968 7.490023792234211 6.618156860020162
4.875766827347902 4.614376326866115 6.054104694203607
4.924211946798154 9.64001875914233 6.020255747032959
5.156221949175697 7.721269686374875 5.865796274752458
5.339817617416295 4.820049786604867 5.743975348785186
5.160051291544426 6.39723923708871 5.863627227748742
5.129530633196635 5.0475793903494655 5.884417659301274
3.716108616891386 7.831784454884866 6.8280167006093455
4.844051116391698 8.279693596893885 6.074217819174393
3.087827778199003 9.596908292585374 7.247301085075917
4.213443507461213 8.68672696264645 6.49545656273916
4.806447554370633 5.768261589658714 6.100082783675948
4.214784085209571 6.144105614910484 6.495309063868069
5.229066722175637 7.31726415080188 5.817241845755966
3.413244620847718 8.409196827641367 7.030214027687513
5.49760780744559 4.80047957150392 5.638549075495515
5.246059811047087 4.273243421638616 5.806783226084428
5.296985834992205 5.313705407207689 5.772449356597595
3.3525949269052457 9.570174140888689 7.0703972026888575
5.006112022099202 4.736862156531485 5.966974775690293
4.241896804018636 6.872254610175768 6.476978643846476
4.0450607246221555 6.44226490725126 6.608626843047727
3.9476106553155095 9.39556659648579 6.6728717943344495
3.7363593357597003 9.594168739333325 6.813966965928654
5.417890485757541 7.84646714224056 5.6909181080910685
5.075223770728385 3.116488033183823 5.92127262861239
5.558108926300741 2.88334536841353 5.598687698206452
3.7708819014496373 8.801128667942148 6.791133102458055
3.6759382537620633 9.28820341418286 6.854429081454361
5.01806436904951 5.858906380458181 5.958658276019176
5.094971247801198 7.5582168782385 5.906770667698197
4.569572282456473 6.2739309607422165 6.258208968344441
4.717232579097189 3.9992826145810905 6.16021490117201
4.087317676133222 8.044165159334343 6.5799202415545235
4.17491641923258 7.242360734588576 6.521624589952129
4.122680810737257 8.45459756965874 6.556170568165423
5.243711997265152 9.503714145410443 5.806812754089575
4.156550537631647 8.351755483762947 6.533569805098015
4.978463788408806 5.920683331806507 5.985100357782302
5.195073132495247 7.188200506578065 5.839993616865133
4.3444427829507255 7.4304840399361805 6.4082953358779635
4.856123351777168 4.293125585444792 6.067324582892489
5.507341896952687 5.235871612589705 5.6319168370981885
4.457053583178918 6.627900260820577 6.333287391647877
5.159775353271506 6.774736467596072 5.863700513338349
4.935865686122642 5.560515132025307 6.013669490110418
3.8381019346148726 8.313463361668758 6.746361623924722
5.241919009012979 2.860497648128001 5.809965766502782
4.16125374555542 7.373824698573111 6.530715009065652
3.8369538756771933 7.0590793888423535 6.7474978744168705
4.689312125030361 5.30942963019132 6.178485199738323
3.6764089921832825 0.8555805040795544 6.793640313789655
4.6062671233990535 0.8961567772205675 6.183404680828733
4.02083059564419 0.8828700539676285 6.57095447816158
3.14502058803232 0.9373041727574025 7.1710130979204125
5.175332613427586 0.9350837696140233 5.813793828369822
5.149031206830926 1.0045774203368851 5.8503395168503864
5.457489556200981 0.876320670608669 5.609220252822933
4.533656479264952 0.9541217359372297 6.247745705588921
3.477708544434939 0.6304561614457482 6.734460323506811
4.414977159372166 0.6775191494890003 6.152699601014577
4.467259195764519 0.6842973237546146 6.124175235923321
3.223066270074783 0.7768526777175693 7.043038324425417
5.155627774397589 0.7872442604253348 5.761565946383302
3.6043594439359965 0.7906965223619629 6.801356694633403
4.187742844950421 0.8055187743069023 6.425567241515769
4.766777109772711 0.7155317474280063 5.953578238201254
3.1078764529562632 0.5461166607048618 6.790472337769446
4.365021768736865 0.5256002033893521 5.9009088232265
3.1268079829859023 0.5665459043189189 6.827176005495363
3.0737777797711736 0.5666938439080671 6.862967127137177
4.58345544718329 0.5666029985312628 5.854012036488591
4.439369744253072 0.5850727857587632 5.9949072931096135
5.1718606779341485 0.5779855436621468 5.488350991385268
4.571722240816392 0.5902063689500534 5.918874213918842
3.0508573531479817 0.5052265451995506 5.85540198868844
2.633670389770462 0.501389278615969 3.9938306431521555
2.6123716028333743 0.498935609483584 2.6394693237402445
2.2617773472113987 0.5010547567498048 4.055734587977447
3.3464572545692177 0.5041224149006831 5.042032889435637
0.9879712240749108 0.495130695675135 1.602579494200198
4.250961464503414 0.5056273583999747 5.277079469071457
4.581977956204338 0.5065045495368621 5.545175209410418
3.7842462147650466 0.5045690327584023 4.998622828727708
2.6418645234622997 0.498975872712505 2.642220521666997
4.808118232330696 0.5056691389586767 4.928102511880199
3.4065064104594933 0.5027797241300945 4.252991292202315
4.607081693243115 0.5052767686383721 4.8435771798771885
4.395820856841849 0.5049759658131568 4.8169574840875145
3.252112442929994 0.5046358610495849 5.39145910609218
3.75742284787807 0.5061138245099306 5.878190279114248
0.10150611365014936 0.4915415052275131 0.1929408762396393
2.160530763394191 0.498117821557052 2.4852395719401885
3.0943554897013366 0.5022004245715714 4.138446117674892
4.675124567726154 0.5061733972549147 5.298228378022611
3.1886270034938287 0.5027466536377873 4.3801281167176125
2.469096738614254 0.5004326966914513 3.5702389950928
2.4941960124557134 0.49903262813522775 2.772546378912086
3.294380277050369 0.5037891709809406 4.8909549091939635
2.2909238979814246 0.49947068419559787 3.152705023545872
0.9369540395612124 0.4944360774404823 1.2492281992087844
0.536384954765235 0.4938520984284386 1.191152205050613
3.2473419626450237 0.5037153830818222 4.881228006228477
1.7615917807855639 0.4994092653888859 3.4721363995654313
2.7243176699196012 0.5051747552931358 6.044702245747774
1.4284826683108278 0.49718971642479376 2.4567066676842657
3.240831656626124 0.5036166329870309 4.830497831873706
1.413622438221108 0.4967567078751327 2.2251150848708363
3.069946284456656 0.5041154039846211 5.222881510675183
1.6305077645418335 0.4987985007653621 3.2190555288213187
0.8879755225632442 0.49539181023219314 1.815037532161011
2.9791084626120616 0.5053539234966455 5.9743914665442555
3.2843953301507924 0.5034500163887118 4.70845505253598
2.863238760984866 0.5013699605341688 3.8296625029730604
1.4761003236444177 0.49871246525503776 3.274239140940491
3.1779296053632606 0.502377449324823 4.181343354105711
1.7476737364012398 0.49714930317681405 2.2208880906028683
4.183608516134832 0.5062282528796732 5.657246661469174
3.862192600941503 0.504826688799543 5.090254434639258
3.2780819532143965 0.5020845217802006 3.951036192170409
3.5008874427838617 0.5049169706840559 5.38202823543849
4.040084079944777 0.5047694415045217 4.939459838058658
4.360462627716903 0.5054696843227322 5.115966476664069
4.585144031339967 0.5060511146321537 5.290145519255967
3.0844393993211523 0.503408912071962 4.819134708913714
1.4493441700451213 0.49860717455788467 3.233388661374601
3.2534966245460124 0.5022904274927107 4.082312463896498
4.635566334026344 0.5049420020171674 4.637820206244758
4.376059681944943 0.504228535342638 4.413264255606482
1.9123983388749064 0.49916081869786577 3.2327933641650817
2.554495692625124 0.49910288300438177 2.77144166906703
0.7754762841884933 0.4942744389178429 1.2669666633017302
1.8335377178952261 0.500928397137822 4.271395685313534
2.781722658653588 0.5006548761418178 3.4852744881409334
1.9023082246839953 0.5002221844871617 3.8315375754620304
1.5937105753017184 0.4971526316740856 2.3256197600728234
3.3956939287766006 0.5036965490123028 4.771597021160299
2.4635359738988187 0.5018847739478158 4.383885466850856
3.3467570070603827 0.5012727800591552 3.4523804947426044
3.8637049227981866 0.5039795886209449 4.616753511346333
2.599417551167952 0.49888796082761233 2.621547783814762
4.718936818808979 0.5054566196140019 4.869154001527653
3.7505975495181803 0.5053746662826955 5.470467597238585
2.9931648682001506 0.5001535976898096 3.0643929449108716
1.852836534475482 0.4997081585970944 3.5778833188584738
1.2539318564448036 0.49585473825742393 1.828721989580734
2.842744964709289 0.5026082572732403 4.534045723855233
3.212665173311711 0.5060984927642522 6.233634868070973
3.7863485370489682 0.5063807580206957 6.007751270208145
4.1279564620065505 0.5052169545791623 5.130356400185449
2.7974975134889446 0.5040695532719336 5.379352024170281
5.0704444604211885 0.506736118791541 5.34795491167061
3.5180341604041847 0.5048428724923605 5.3292410982403045
2.8354782299618497 0.5052901624922512 6.034798101927496
2.140351840344711 0.49776490300657533 2.301873949807306
2.9449200580225607 0.5031740296224994 4.781347442690448
2.636106257599024 0.5050438930240834 6.030651790210967
2.5105002946630792 0.5014221043222142 4.094439773726107
0.7189245351399076 0.4937970510020202 1.038478869050019
3.484884247279754 0.5056906392081285 5.824253407504294
3.8690163706818246 0.5059005660214374 5.684675676568514
1.0326876346376153 0.4943849041963546 1.1567178131328752
1.8276040150000894 0.500713652405107 4.155581447858075
3.3914288476450185 0.5015573949808783 3.5812824513943564
1.1471848062749521 0.49553783585861155 1.7232883387651536
3.6091003223307716 0.5055979766749803 5.6895699501369865
2.344930329094399 0.5022821323773632 4.684771582670406
4.281269510120376 0.5045453350612361 4.653303795206698
3.679113156112427 0.5035304618542876 4.489582841919699
4.969760902619345 0.5062244216836931 5.129818339950949
0.44089368977544197 0.4934652633927692 1.039191058875369
3.5100620427489173 0.5023204617647608 3.9276328919343153
2.831018841195726 0.5035759044937931 5.081609306945365
2.155193097770061 0.5017207041707875 4.498400191623631
3.014692391383294 0.5013331385074227 3.707925833456089
1.9870486034731782 0.5014456648337839 4.457341216864004
2.3532893291845647 0.5036084183864195 5.418954062624604
3.0635972508727867 0.5017585542517897 3.9125344033292513
4.3067897258778105 0.5056873127024075 5.273217084408131
2.97170398897459 0.5032210339416314 4.789668738182377
0.03244271487410589 0.4912052350063495 0.051524892527798904
5.3657892947418695 10.238792835830349 4.416890707206042
5.592395076188714 10.448733770504635 3.4358126268172056
5.1224926751051765 10.460250309329828 4.103858294697236
5.9794808819409155 10.037638441313828 4.113506027960709
6.645453916635168 10.059258442328954 3.0506975593784054
5.344052705758408 10.07237653325844 4.958274242458599
5.769174651671618 10.49524083799517 3.0290378230523243
5.849113743669899 10.087785695461784 4.155278946252267
5.609637400900018 10.031481653725397 4.685842539290954
4.797180816349385 10.40477719714964 4.7603433013957055
5.63205082341112 10.081948270235321 4.497986272162099
4.8474756207406 10.611497617399632 4.052981099160746
3.4470246616417133 11.593128281920956 3.147368321445698
4.646963822399641 10.88975092481905 3.5022515177903797
4.1117177655405195 10.970011586551752 4.057891629877128
5.843826514171302 9.817771300970943 4.9888168931339925
5.919585795061208 10.328120798085795 3.3149354410444776
4.163252242672732 11.128303827656373 3.4967533288372996
3.84651926459217 11.379224604620141 3.2035362228229327
4.318066080802903 11.02872031757576 3.5695548842405485
6.424515181287919 10.089675384277118 3.2883502128151174
4.573333005575642 10.762336033178643 4.002045483601382
5.109889274382865 10.750001219293008 3.2367471239933385
6.551579500485721 9.93442659553934 3.572890070163851
4.651560602126995 10.546496900199319 4.54494233874348
5.7854848679723325 10.211201965635484 3.8731356023400965
5.68788921195001 10.367232310890161 3.5421029252991474
6.002677262826595 10.36379162636048 3.0815090948629846
5.261904107837648 10.09916308717359 4.999313076759004
5.336383367215703 10.60165591236855 3.351370720130567
4.228422188029733 11.162547449447391 3.29451246335817
4.742533724475036 10.810622414088945 3.601172640207868
5.18515226209955 10.4664086466687 3.9912510370638326
6.472011305662787 10.135548313102497 3.0770011169050293
4.228186574346532 10.91638604979057 4.0475546388156864
5.55808923820718 10.477520883025683 3.399132462282573
4.775814370931296 10.515322725895574 4.454304612235309
4.737590437166024 10.441445518707615 4.737405761445085
4.503927577194363 10.702091053014009 4.290129756597823
3.672383057852136 11.360607811010814 3.52107463957364
5.7699070054150035 10.037622020510957 4.427206259413096
4.435557053474309 11.0148036335499 3.436270057968249
5.807745097716047 10.286132484757935 3.6107051466816595
6.598893544573228 10.036365471600272 3.1903802106701535
6.049104556853624 10.154403882798267 3.6522720877887718
4.90540711330741 10.64504144168448 3.863713138913025
6.036684384595093 10.203850980251486 3.5196654618140157
4.926647797201741 10.900061734316228 3.0521466958435504
5.736496245615174 10.502535140426268 3.0556407565160386
4.997727854727451 10.829350290542127 3.1619825964002075
4.476933944402606 11.058936440017543 3.239399843316873
5.266675100184766 10.249279599359605 4.5331603867871015
4.496851713206368 10.760138472606059 4.123227524669081
5.354885807946706 10.657739299026822 3.152193221018313
5.752092678536377 10.22729092694485 3.8739152957237986
6.387467819157924 9.84791148482914 4.08303889046189
6.275249085085592 10.083703455778046 3.530003514849478
6.210689474370469 9.914598760280125 4.143696662780313
5.41003563270801 9.914362944653274 5.342682973021931
6.029356442963258 10.06549866516581 3.9536734300133296
6.974874839748854 9.877429232176992 3.1136639795010743
6.6923188490777115 10.113040522011243 2.816110018448355
5.304138536044222 10.887870618857841 2.5244698883777534
4.520697078054067 11.3277319770561 2.3520083791740927
6.310263445476599 10.354327482216238 2.650113153030728
5.573990701176696 10.748825489398378 2.545766102502073
4.674688318966116 11.333233525289673 2.1047227728716558
4.037010917313522 11.394228583616798 2.872567659397484
4.137722161230551 11.520623756409833 2.335365302935022
4.410644871280757 11.55310130272675 1.8276023131449641
6.010100561221878 10.510861843061717 2.6207032991028636
4.829825500628433 11.287480426976664 2.0124431642825096
6.335701269897359 10.315758713111657 2.7299743470825693
4.466108540272662 11.180680894734973 2.8833428605378053
6.102048042490269 10.459525060617791 2.640066701284445
4.385253900636559 11.439473652339794 2.2130410448651046
4.861168810475086 11.15616489915053 2.3670573871481904
5.023308618634529 11.008248774321427 2.576680887745488
6.4578029157754155 10.20515585532868 2.8854264852723412
4.2087502962912104 11.391221644547281 2.6247365079083735
4.09332227568116 11.640166370070201 2.0362895403290864
5.76163026929918 10.616939530743675 2.6682112787983154
3.9042315736667907 11.71033083711411 2.1047415553157496
4.49011440360576 11.357082181869378 2.3080345233510795
3.9080211987258853 11.672773018411428 2.213910305054659
4.145666702687382 11.50048370084204 2.3850576114081465
4.933326567179985 11.058676277925562 2.557156316183477
6.088849065582073 10.410031249278976 2.811157232590612
5.1417275209118625 11.085054474962245 2.1646066404816073
5.66622066351802 10.703592344043713 2.546043689779992
4.878171011609483 11.174453268576514 2.2856916299621073
4.537939873959401 11.161329576805027 2.835010367527876
6.975020701689259 9.918893764162975 2.9866592752718435
4.947377656493783 10.990227434849375 2.745423034332326
5.637055700780112 9.777453139192868 5.397975484624212
7.206299778082843 9.795663643862948 3.009199316213259
6.015828752991782 9.75612943864938 4.863982970690541
6.976936459886954 9.747257987486993 3.4362435154432784
6.476884550410928 9.679443975778426 4.236550699063947
6.497251850738512 9.711250635507165 4.188654127966114
5.598864405394744 5.268697989648589 5.556793133337796
6.019959957823713 5.56735995989306 4.926447185901358
6.861478151700256 2.3599400459715936 3.6684378531015067
6.4167706597120056 2.503893499627353 4.333926674899004
6.368803605038743 3.261254491792429 4.405380974647208
6.696073887507058 3.7468852589763 3.9153722206090653
5.599519225081722 7.9028789849093455 5.554653122641244
5.730159892703614 1.916344497078668 5.36177168853733
6.583225965410257 3.202179712599339 4.0845010470696215
6.071083868074995 5.592598406295275 4.849923684920024
5.756622041778712 8.761900740160108 5.319153710121153
5.6448365618755 4.256240200838768 5.488436747498212
5.720547336434312 3.895469206370876 5.3752863659036345
5.661110389219397 4.361245231704608 5.464034987768258
7.004709177284144 1.2238852624044663 3.454577619594075
6.563579271305679 2.754468503421736 4.114101577879177
5.8383110514179 4.903436621257639 5.198596526178592
5.763724499374776 3.422160376608754 5.310875563384277
6.468049283359498 3.4679907879542626 4.256758187507462
5.729410203783551 6.575123077445694 5.360842111348014
6.537219453245223 4.670046427184457 4.152708303350803
6.756623856024746 1.5832610435251155 3.825705517839523
5.918277276708312 4.69598595818178 5.0790098914621975
5.695590423160314 3.465533113766335 5.412826378770529
6.42463006592618 1.976232269249313 4.322396598815017
5.936939104440643 6.251860667916983 5.050395320986333
5.869955638768399 7.267308218027352 5.150196056439931
5.5944596376789875 2.1201935407864516 5.564771831842778
5.755618850622605 7.847858147666177 5.321057605808305
6.388054417075661 4.903530832784786 4.375846877990806
5.737293329164698 6.298576470436618 5.349165954713273
5.662257677242599 6.597352804488609 5.46133324357036
5.838498672341223 8.19875279546417 5.196864586976654
6.074928267279187 2.5281647540148393 4.845519603005805
6.251850364815329 1.2878015819238122 4.581283019183465
6.33371989583908 4.605014687423809 4.457295743044174
5.691890081148866 7.266647904360895 5.4166904545618015
6.390917981988325 3.2118946427682853 4.3723061862308565
6.122772896447659 1.5861222607831553 4.774329853501717
6.36772593672727 5.18512666358242 4.406146612801836
6.485837633957658 5.024812235962475 4.229450451855536
5.951736272732061 3.4416894061742376 5.029487282969893
5.902660394870161 2.938971806732469 5.103155950425233
6.107234042619876 2.096150195070849 4.797360807469873
6.331160677354701 1.4446725128796252 4.462517593125597
6.856408245108172 1.7521525874525241 3.6762931580944267
5.972019873768426 4.971072452669631 4.998457221716211
5.667135891936725 1.8712811244868242 5.456113674985409
6.984228800311277 1.971286507761235 3.4848995591479666
6.738911692179675 2.3698659555915156 3.8518672671141765
5.853308108709888 5.358356739241174 5.175951498438689
6.1777980873571625 4.334800208163701 4.690768360177647
6.612447479096692 1.1185588737568242 4.041685489087432
5.970288180042233 6.172239488314585 5.000519933300719
6.719972448518156 1.6928583224417317 3.8805099971457673
6.821533106998023 1.8009189576560944 3.728466048563705
6.070585067261353 3.4767546453392963 4.851601938745383
5.986221002751803 5.274608234530201 4.977070050100063
6.337080919644055 4.567189814972281 4.4522822690636366
7.054115182861365 2.1760549391361117 3.380216957473097
6.116082236375769 2.6366030517364316 4.783880544431055
7.064799096613854 1.5577207198632694 3.3644996337521436
5.718486317502246 7.974069147608802 5.376574824819554
6.28877935284556 3.338359324571698 4.525111852658265
5.583732404430228 2.157210731470335 5.580809979937735
6.589329931868409 1.5732207033410908 4.076083147746543
5.897843130406243 3.9362426166241034 5.109926336782531
5.627707838092804 6.025716360736146 5.513292493602393
6.145944856937219 1.80599945040894 4.739553715691107
5.600731366852204 5.437794319229643 5.553924562067149
5.682829517864986 7.256985096843342 5.430254809487142
6.3579011034166415 3.1807251131948964 4.421733194051177
6.316454130351738 3.948773138076694 4.483424789748106
5.749025201904157 3.956628002952972 5.332639269275641
5.845271517667357 3.6483434456165305 5.188732145806972
5.714162932594914 6.278556015820899 5.383791877616321
6.726113946548429 2.6352906187841403 3.8709035750878535
6.112001871389916 3.8320563029229784 4.789460809324158
5.789141925385694 3.1642072664578853 5.272949266931707
6.225511419599791 1.5977930523805326 4.620565551542817
5.6905935988086584 2.209706620504787 5.420857682606055
5.755598188654009 6.0497404038432885 5.3218803581679035
5.697182348803529 5.794432539459135 5.409418324573048
6.197007347714508 3.177629837377314 4.662529230572168
5.621563857719966 5.041266933919553 5.522921133657176
5.723679754914274 5.859596395291739 5.369733433008492
7.181133453543233 1.4964090707766073 3.190419854780619
5.7970144339494425 8.190402614173452 5.258953853411587
6.0188172564000775 6.061827919586161 4.927939613745331
6.801497629270863 1.4689989393598657 3.7585974450715094
5.69312696837677 2.863671320568165 5.416778241052078
6.147764168554534 6.197645429887312 4.734896991129714
5.667196569133673 3.777514422971499 5.455183425176462
6.986673756709094 1.2624184011833663 3.4815525822663416
5.8176692294152765 3.1936820849880374 5.230242132763398
5.757584133686958 7.128432616467224 5.318433160381933
5.786286935816302 1.5564348120113844 5.277930071429493
6.031908422194439 5.4614618349015895 4.908611667927951
6.078128246571579 2.084498991246597 4.8409258677618325
6.177078897447407 4.608685105704029 4.6917240950823285
6.056752102366156 1.3670593290444106 4.873233484367119
6.953773986359709 2.2509831300186383 3.530355269066165
5.805199347232922 4.373515169246427 5.248385083925773
6.277393132740114 1.7543275868856465 4.542850099373227
6.420310493480124 1.2118270439953776 4.32919791779918
6.972769183165421 1.9179606808148562 3.5020735818666853
6.544684535953523 1.3625874727887075 4.142992502256302
5.771668946820204 4.876249901014082 5.298345518810875
6.009183681492218 6.066996712488004 4.94235501037952
6.898269168940995 2.4090741107146467 3.61335453307953
7.003750519835369 2.4467215703309337 3.4554738574971737
5.602542192103627 6.072796143482465 5.550934835783256
6.259779746916534 4.706903010635398 4.567910197509562
5.583986183842406 3.938685006739705 5.579645671663155
6.097067837686745 4.624509272076658 4.811462215118755
6.502756876031917 2.6768270180270015 4.205162973071952
6.1876219519291755 5.28124222908589 4.675649117920108
7.100430236569016 1.181548159630624 3.311339484334672
6.394294880110631 3.8359689154894405 4.366977476908673
6.085852470406394 6.3515501877840075 4.827486679265794
5.644391148745406 5.055633803557658 5.488751330189257
5.597026973066655 4.301125687656569 5.55996913260812
6.746928565431912 3.3549969473696155 3.839435342881723
6.769096944723087 3.3952778536758736 3.80624025947795
5.811496579570195 6.966701458427525 5.237818653293861
6.318308806858271 1.5297143264545106 4.481714339169255
5.727231766181058 4.444037941777123 5.365040832632225
5.908803482759224 1.630509476854684 5.094538365936863
6.650537374575195 2.0687802717223107 3.984261451162342
6.433518025690217 2.4583402265783127 4.308882514798786
5.870101202478164 1.2510959833378503 5.152627538796258
6.056408429049128 3.840421513578015 4.872658644095254
6.945467623171795 7.325542180632537 3.5405504383767044
7.064090473933584 9.164064126587343 3.3622082351221882
7.192573978772384 2.921068084808133 3.1726700661453524
6.593193480146246 5.982252309491592 4.068358878678688
5.743027895536162 8.865670362102943 5.3394531022646925
7.140000842956363 8.624504470627265 3.248837925619378
7.2410742166371005 6.314827203271748 3.0985885529063273
7.214525289026709 2.392965466037909 3.1400502885387995
6.43383937222187 5.526829849278098 4.307050283894828
6.569666574773582 6.114195547934399 4.103511294936223
7.255684283005309 5.023549923618548 3.0772920781518165
6.263210602355375 8.405052841511946 4.561146285996098
6.029075110854323 9.28279004130349 4.9111686074553695
6.903977301349016 7.825910852773213 3.602424687506569
6.924075535194751 4.588686304976928 3.5737721654608428
6.34850493748671 8.638966424582108 4.4333909797430495
6.488149055843413 6.33278049999404 4.2254147675623575
6.498238394305751 5.731041904714739 4.210580168487734
6.921973389230388 8.446584800023363 3.5752180564328015
7.162002832250947 8.997913372063708 3.2157449999531162
6.389269432109595 8.93872849284259 4.372250387422523
6.648567965379717 7.002074818930714 3.9850355167253833
7.276906964581143 6.700872034430661 3.0447908288184653
6.930406086906179 4.836888092819144 3.564188424563018
6.162533410336515 8.261196491523421 4.711884016469539
6.766963163697157 6.992034376026976 3.807848692253482
6.426176524968273 6.586215900017999 4.318051687921496
6.302078946700228 9.058998640773062 4.502687397291057
6.782545604158983 5.174036654674399 3.7853290830229795
6.397026387385804 6.329225946512539 4.361791285913201
6.4338197501499135 6.6175032654341654 4.3065989843206225
6.886717588622684 6.035607952520165 3.62904471562875
7.1661745088694655 7.760752809496663 3.2100468575187904
7.205773668706099 4.4824049866111695 3.152227208924355
6.643500903308652 8.487377764841776 3.9919643427622584
6.868644530689483 6.50707426386961 3.655885228151197
6.766339517858748 8.561540942731266 3.808090355166623
6.4804559832422015 7.876791002708758 4.236247830277539
6.190234179134562 8.866286007832569 4.6701601464815194
6.169082094585162 9.627731898087553 4.701480960437701
6.917778701506649 9.525132745027243 3.5810205389858143
7.185893967102676 5.706749036155975 3.1814397619474253
6.836838111529538 6.590185834710557 3.7034503547634214
7.046961151379995 3.5862811100492413 3.3903022847800948
7.260171387705726 1.5647257690903094 3.0721009634929457
6.0480843632919505 8.176284327130238 4.883206843931905
6.885602360728546 7.593783903234144 3.6300270778485833
7.265050685552063 8.7687888754868 3.061623692703635
6.414928267898359 9.019649668397566 4.333813495589404
6.878484069418237 9.418562088145624 3.6398761820964722
6.550603062487969 8.054738659599247 4.131186699061715
6.812761989547106 8.821872434823465 3.738499364078342
6.108383534944286 9.635200116744867 4.7923196439057625
6.274492642114248 6.373153664120662 4.5451569602370085
6.877446249322358 3.4500305477500937 3.644059759019434
6.728912163176226 6.0182661748843165 3.8652252849155966
6.089126793150333 8.213917999244504 4.8217658129129966
6.780839525319184 4.391870352169091 3.7882271202093625
6.391074390546772 5.719342920485976 4.370967873435761
7.2084013763294505 5.188138024339345 3.1479835389361166
6.763601293321868 9.117154241844869 3.8119435430138546
6.615844744359304 4.980417079814214 4.034900320814819
6.638700026090533 6.2739794054037725 4.000124833535133
7.2212963160758346 5.186236216141493 3.1286857018197347
7.087942995245815 4.69535281259885 3.3284797382816254
6.615228787247849 6.3467507184290675 4.035220016208264
6.4061581462447705 6.368503297747343 4.348107309060855
7.150431949897699 5.500309296471688 3.234603494283093
7.1639972618221694 2.3126345083453073 3.215706361250311
6.521298183246336 5.81331037961951 4.176032438259575
6.699162725770053 6.910867064358754 3.9093551686772714
6.982517750007742 7.872587937004647 3.484859820756397
6.492893745065999 6.895546828342965 4.218065811373788
7.2673256834204825 6.654016337289485 3.059150904348647
6.598279393866036 6.034470270292266 4.060724244679934
6.35817014233009 9.16813951088033 4.418692743238764
6.881483118690563 5.1552495126834845 3.637266646440429
5.994034686096951 9.146236925374827 4.963670581546438
6.1050940446793724 9.21047162167164 4.797429903020169
7.014422051721853 5.564504808046311 3.4381287602256783
7.133069192554757 1.9134742788690056 3.2621694820211626
6.237006335100363 7.53229657308135 4.600748441489059
6.552414017148003 4.868550304982121 4.129880580870042
6.6193282823723685 7.454017455794171 4.028596698427942
7.068687811779667 4.150233385846188 3.3575374450773516
6.32059956657765 6.774337750410595 4.475976145219644
6.730140941894025 5.5997850423072375 3.8635707114285616
7.27351151731045 7.305125313561259 3.0496061858128036
7.259902139330026 7.387333813430138 3.0699378655706253
6.558046749723415 8.985702556115985 4.119636132937455
7.244495676395249 3.419472386963459 3.094743967206917
7.2893809851933575 2.526466028260687 3.0279617897394617
6.528967169259669 9.459200063162193 4.162948204470068
6.961836714595843 4.249989145005303 3.5174077326587727
7.1901658520594465 4.282289963393251 3.175674190416665
7.164387096574761 5.9405049525896665 3.213524107629747
6.867076466394748 4.689245516101639 3.659033134085467
7.111917558114785 5.235902628223562 3.292360982441968
7.106688094728207 3.0046374983021003 3.301170772868314
6.899593971154775 3.3869027639856135 3.610941113073391
7.18266008665981 9.420208919788925 3.184643071194335
6.538900512779149 8.868986718414314 4.148341989493552
7.118127655929578 7.279208000792712 3.282166401245169
7.088817831518209 7.870385287710411 3.3257711956408986
7.2324719217807525 7.831696728058569 3.1107943264811175
7.278563142874646 6.255108598797855 3.042508629002536
6.117384292072331 9.508605117996977 4.778904826256987
6.507179005234994 5.457007479973599 4.197320343560307
7.172196360478467 4.858818430041318 3.2023134031612637
6.846262320985007 9.634676887193306 3.688004278693529
6.77739507656751 8.750922939145749 3.7914610512902867
7.001407054331381 9.608181489024421 3.4558250428755812
7.082184180819031 9.290925579951232 3.3350731326705856
6.7258466611599825 7.289861711331946 3.8692527414449356
6.715100846885319 6.273030437788053 3.8857831409163235
5.704021369892362 9.133660553684132 5.397712491698484
7.024274717791755 5.8456244996305395 3.42325928625044
6.55177767591671 5.9737820209699075 4.1303458524479195
6.766146497474951 7.979948117626554 3.8086355424442253
7.0378115096751594 4.840410958428026 3.4034430131577325
5.854163513025727 9.443731660349732 5.1728718476381506
7.041205927142528 5.110843790226529 3.398243718108032
6.650876903761743 6.879853118312557 3.9816338039435313
6.831981024793184 7.263584500329836 3.7104227408977026
6.553083097624063 7.117623605599571 4.127888049689917
7.0721441069903355 3.636880147120958 3.3525909623667247
6.929453126830515 6.803527506036596 3.56474792317238
7.162161725960869 4.766791740930255 3.2173718782570235
7.152497585575011 4.998872525406492 3.2317330326669924
7.178975372338185 8.91818311772182 3.1903788913291065
6.499942459613513 5.786575458112452 4.208005376058444
6.487496969251174 7.799726574509318 4.225744194153572
6.125834392031102 0.9163889958719214 4.700692179828847
6.825027988072588 0.874301180542218 3.637079001075001
6.0595751919695875 0.875728206487532 4.783243546265976
6.087442056931155 0.9488837307537703 4.771426601514597
7.124611915795696 0.853007106186723 3.180019757451218
6.902386508497901 0.9191875657240892 3.539642657173563
6.943638338085734 0.8839801187623659 3.463520443891402
6.818456890373374 1.0825372325124607 3.7319908624534754
6.5790131249147965 0.6708401899337936 3.7674996203214866
6.051720606235385 0.6238565230977645 4.490159361109432
6.028125195439652 0.655825397479086 4.570713624229029
5.559790600914901 0.8183612519328335 5.5016411720412
6.92243381913574 0.675410810939403 3.2600020602923574
6.1932886849199384 0.7482520232481424 4.454327740541574
6.240778199086156 0.7525521397726815 4.389339959542726
7.154254826765908 0.7994263208533474 3.0885589936439275
5.432032164058245 0.5267871394986792 5.071036031974582
5.893653507542652 0.5825828763829715 4.5819041724201055
6.206775776168196 0.5248068556711768 3.904389834970227
5.29877180626868 0.5191128320370627 5.242727319917775
6.3489389240192295 0.5632434791747896 3.8305980399094746
5.722611054401636 0.6013571271426879 4.90576712898873
6.244451203826779 0.5619113144067183 3.982158489098655
6.816799911419812 0.603219289880058 3.2749298612737894
3.392658405637688 0.5006031976293099 2.8771915419154963
2.9016647379446314 0.498757950590048 2.071663852218383
4.273565787703593 0.5025640944136146 3.1957124614550874
6.488126776087047 0.5063129604360376 3.010817082051998
2.410414353435387 0.4975357716600325 1.786637290413453
0.988236253319349 0.49352826208459755 0.5697400839143932
2.829789594416252 0.498801394523771 2.215498237982816
1.3419720084360196 0.49433167045097426 0.7109959352389438
5.893618117611114 0.5063835819420944 3.9595151388541656
1.7035284123375523 0.4961485132567925 1.6865293493981262
3.85089561506118 0.502497687312108 3.772848912084688
5.823820168239383 0.5064062547243128 4.082901702910518
0.3823031784471258 0.49220329301327104 0.3705425276213216
4.0985298746606595 0.5023010520839014 3.2380931958392254
1.2830531080204064 0.4941244066790275 0.6261573123488569
3.310093298035831 0.49910339018545097 1.7487687113470858
4.689458785094102 0.5018561431541633 1.9823096868033117
3.0402540111086203 0.49852850770680307 1.6727188127567985
1.945559622594724 0.4962100238273147 1.3756508814885309
5.924464254694842 0.5056390348846803 3.2918270239882963
5.92362263715138 0.5051232554027747 2.8625307151989388
3.678235261272717 0.501367853109181 3.0881048009311782
5.099480411342196 0.5051382859244298 4.108494324115739
5.1187251176280455 0.5034414750576184 2.663250235050786
1.9587843706962227 0.49635467335748157 1.4766073445528631
2.770361451061428 0.4989938898305401 2.4651275842053892
5.2325455343972145 0.5043500119640785 3.2513228178945703
4.220178149368246 0.5028360774981977 3.5026553513878262
3.5841693521137143 0.4997487392290482 1.8773010253905809
4.191865389776637 0.5035587304700665 4.148275528905788
2.989331274322297 0.4985935031758826 1.8031862085834152
4.542538714596001 0.5042767685437856 4.222850299088735
1.8100908772630038 0.49640758670307045 1.7433133288318587
5.258806292612411 0.5032021851846709 2.2538524599651093
0.9579742207044967 0.4933962235754208 0.5048090005213507
5.458143170592699 0.5045885270780757 3.1127965602686745
1.2107121169002504 0.4945537222484594 1.0928019372596254
3.4274391032600904 0.4993005176070717 1.737703753713034
5.122085969752364 0.5038411888396835 2.991888382532843
6.021076626795784 0.5049985133753494 2.612549866362305
6.698517318189604 0.5066701087581624 2.9940809909994823
6.332681577783167 0.5058895701406585 2.8900249764323602
5.931286549230425 0.506761188666889 4.218354089588579
3.0669741827003745 0.49812220179833794 1.2935583173813983
3.3480022889661463 0.4992111282129539 1.7819700580892281
5.67643454086021 0.5046752867418842 2.8585244104975405
2.6954191185979735 0.4987453732749056 2.3698332564816624
5.7251573050742035 0.5064918461571799 4.302010121066093
3.363927747331327 0.4996127185232167 2.093370398580178
5.48576195055667 0.504563622028881 3.0506721920942526
4.371998893273289 0.5017035138615704 2.330012275015154
3.7908503996509686 0.5019936980310072 3.441999168112644
5.990241951628564 0.5067368357778241 4.109792053547755
2.184394979942584 0.4975749682945469 2.157619427386361
4.544888136721377 0.5015255955274982 1.9227446888993638
4.150603459971256 0.5015925923341098 2.568760450473067
4.011393002858046 0.5007938344221942 2.1103266893057735
4.318983367475733 0.5036232611519349 4.011898043269249
2.544399814929573 0.497942823475645 1.9259073481317155
0.552404396495928 0.4926115619084604 0.45677748729333145
4.795143051828665 0.5043368270463442 3.8949358815731516
3.61499643219947 0.5016137891945881 3.3880478621783783
4.347508604892229 0.5012083801269142 1.9533431169759572
3.574907714834497 0.5005938506316856 2.596633470828258
2.4596204833179804 0.49834643895914155 2.3897136813710422
5.900906132547599 0.5064010768681851 3.963212041613756
1.145675508568484 0.493812832503965 0.5716655688075272
2.823553103960844 0.49878708816728756 2.2128893306894506
5.347804312105264 0.5054997386553916 4.038580101585037
2.40635145495016 0.4968383062189541 1.2104964622361447
4.875287214301457 0.5025887355634087 2.315741885146808
3.893489138306916 0.5014420608166468 2.827900619782683
2.5322386751207033 0.49818009569968014 2.1421748984029136
4.597575733137152 0.5037883499006662 3.7327655950897944
4.22794813814423 0.5022630168473732 3.012654406074677
4.787156267177186 0.5033670868108437 3.0973814542520826
5.391659425245486 0.5067526905374429 5.018869594959596
5.895303617273326 0.505202812286673 2.9713246350404834
3.873881467288935 0.5003641584447466 1.9574478650386096
3.322024843890685 0.5000550202460876 2.525301600419891
4.7342703943320394 0.5035847920803852 3.358264050040188
4.290941616104764 0.5036510118312372 4.077030872351711
1.7375988229189867 0.4961429223567508 1.6308722502417983
1.6779595435035488 0.49595338685783164 1.5619107350153183
1.88091266006743 0.49608503552724686 1.3680657925148714
2.7672440709299386 0.4987486411092509 2.265067446737964
4.8323753772980576 0.5039669669561171 3.530466607934342
3.525090704999714 0.5010392331202703 3.042980698492286
2.883158634484831 0.4985831218456558 1.9534188768228955
1.3227123829432 0.4947045436640518 1.0510824057208934
2.77381836051451 0.4985347498026087 2.0766788396861857
1.2599289569070824 0.4944051266430468 0.8951009321289788
5.784647827732227 0.5052243331495598 3.1548977239962586
5.032588990059135 0.5056053059741888 4.598457557029078
4.712407304176294 0.502596777081319 2.56622181563597
1.6288075269848608 0.4954586090896119 1.2224476290084771
3.4938830368804354 0.5014512217939072 3.433600997291467
3.6523221289655106 0.49969982615383113 1.7344720969908438
3.3407990387902027 0.500332078493405 2.7284832012139333
3.663159414473124 0.5003647632045969 2.273320694779725
3.566305420375012 0.5000347957297234 2.142826933255813
3.568088666935777 0.5009979506858799 2.9441684397794505
5.419764101758583 0.5067900746623025 5.008015000546375
6.424107809873334 0.506436353288446 3.209632609900799
4.732434018304144 0.5037022491583704 3.459061717859717
6.021333803228853 0.5062518928591873 3.658445263633314
7.13747815335706 10.078152630202514 0.9633461900834441
6.787642178172753 10.122446285865534 2.336393616916458
7.331807718332965 9.977759589156165 0.8605679675715155
5.654935509702105 10.858239295004859 1.6239090526188331
5.087480098099068 11.145924915017176 1.9716484493238469
5.207420571135402 11.0737914429636 1.9967760172522337
7.198569012111536 9.866370717967362 2.500326894199015
7.21857599680862 9.850495956115342 2.537975854222903
5.140626336078855 11.181540554156566 1.394339985898253
7.613854681050529 9.895518779282602 0.1587447167733931
5.400882927592551 11.01888724016772 1.5022606870748634
5.848006994058632 10.761563557967678 1.4950869510014204
6.761045520791559 10.289178809388968 1.0182698571969555
5.96527613651016 10.582534124134364 2.464447277068643
5.694212018226717 10.893055836800908 1.123286336501379
6.471197465784236 10.471861507265526 0.8847078055172756
6.8609798687239465 10.07941315271513 2.3424152705990995
6.135353307051721 10.662511202424287 0.9130097367273917
6.2592737991235685 10.455673237434764 2.091076090790624
6.764145372841268 10.13557287295237 2.340218999336892
7.569128470782063 9.876522171903169 0.5490117768499583
6.344937803480879 10.35317095277023 2.552960704154878
6.110345754625837 10.605179426529329 1.5379506329841837
6.541564280843804 10.37078527094249 1.4110788704081378
7.356027648894287 10.017027820539642 0.39687611674218237
7.540162313902354 9.821895717001295 1.1702970935610424
5.16257052049519 11.090284774957013 2.0786348442886733
7.018281796004366 10.211928309769654 0.39772442224484156
7.32424048943084 9.900477571130292 1.5715487428951607
5.157269248347078 11.144165459725201 1.6361166732880543
6.835818734781571 10.210757473723532 1.3252196144335362
6.324837649392595 10.500440562115326 1.3716514639942734
5.863067777077339 10.73575686466861 1.644084946734068
6.030467046551323 10.555824659545348 2.3692860549123083
5.67267870124111 10.781660808481748 2.2015202196595487
5.099235281733503 11.212189194317894 1.335551122369563
5.837376771726246 10.73625823201864 1.7688761464043727
6.963838922748064 10.127541384556954 1.4062304421839982
5.994125964123738 10.702668487001349 1.2733326687734658
4.690433755267976 11.405694871474946 1.7057643970896526
6.909443180550626 10.234760749979998 0.7460760223262526
5.27850803238972 11.129483112954391 1.154458029382714
5.7827872563051645 10.858941264278126 0.9750450614667713
6.4021913551153595 10.415137298601776 1.7255530731174868
6.175046506824799 10.594592260601063 1.3048676889544584
7.520505303439388 9.93805849023631 0.25762470724773445
6.324302411097175 10.471957280113923 1.6223621982425713
6.5664924255981365 10.374666760639375 1.2519588186741932
6.069179960995335 10.529058658093316 2.4077304687279577
6.928885394370843 10.055005677724687 2.213562093818426
7.058796150676579 9.979253076942872 2.2200796492284356
5.90396706882774 10.724171964854442 1.5393473725714464
5.975699257588937 10.733487287991343 1.0976130109041453
5.879818372166556 10.704004141355465 1.8363631377503329
5.913903783643882 10.664299057897212 2.0107393345483
7.375799957584202 9.993988445533772 0.49809117530239966
7.347762213230906 9.862193361594887 1.7866596238249888
5.044034333465369 11.19683485090237 1.7467627984763505
7.105232202378639 9.900867353772343 2.6691792708164157
6.470166837165485 10.371737974444716 1.7617208915760418
6.776490365799324 10.344318864018948 0.46048829130836644
5.205882130912201 11.180203653880868 1.0779192818859054
4.9602690775337 11.431896604672819 0.12105650049815841
4.98508927348448 11.32727840151104 0.9072515514295652
4.577643851424295 11.562037800529176 0.9114269565211995
7.38755655612019 10.0284301307835 0.13908370484231852
4.232463091262958 11.754730094391606 0.9688803874753155
5.812654424786728 10.861759670436598 0.8003515753123583
3.948791332877239 11.844067999197977 1.6170767292416302
5.916039994576781 10.825842932084576 0.5933455412176136
5.5988872226082265 11.014412378301119 0.5457927257994408
5.046242756887424 11.274113098724625 1.0627546610056495
6.018390972681236 10.81879684774034 0.14014629004174078
6.8531807389291775 10.311073162101906 0.36443006200976596
5.2566490715430545 11.18122435008526 0.8138084576312556
6.18048146586679 10.695647613351941 0.3975970428893694
6.4255288848718095 10.580817576676424 0.16555424168490904
4.299127113035674 11.694608508346608 1.1572527308034302
7.361043947654115 10.054883421682021 0.042026765445327706
6.458406244308036 10.566137817562256 0.12809402047735932
7.123107172983107 10.180586052822282 0.14364755478404673
6.573935364241635 10.46056208234442 0.46660170529297235
6.155019772190169 10.69176030128416 0.5594510046097398
5.951135270404852 10.802246635073292 0.6223768428792464
6.155934723872361 10.69040235195078 0.5666757221435762
5.553408661665374 11.08866698455153 0.12784886833339384
4.33036443752242 11.718906600488317 0.7886335083841423
6.870055801448619 10.313582313712706 0.25774455692503645
5.140342080625519 11.306001834175897 0.31201001110451465
4.666470024417618 11.601242768914016 0.12348534075004955
4.875666933641523 11.428101663221572 0.5794256653346973
5.850181127445404 10.909355234741309 0.19724811009908252
6.074707294975728 10.765691841574505 0.3194424445906091
4.6821630825585085 11.58358934165479 0.1983101050628752
7.791629228185215 9.771200673853683 0.26525660702437137
7.562335449016322 9.799479976785728 1.2400840349527442
7.500096590533707 9.735630541925655 1.855360151597025
7.688877932974167 9.759775765691083 0.8236520548224477
7.6035148930630205 9.676255621428872 1.448488014555279
7.647691233429942 9.698449107912019 1.1917973707956235
7.375897182955915 7.692867977544922 2.6024156770392186
7.466550424464044 3.757075691195959 2.1516106311284022
7.465883698295329 5.388590006940142 2.152914360432386
7.813071768442638 1.0984412372200225 0.4128629094962738
7.474201983226511 4.610398941298477 2.112072312568495
7.306075990222273 1.7849253364157114 2.9608480880870927
7.543872610188501 5.163716075023928 1.7611188347442233
7.740930421712631 2.2733259636436713 0.7740680522968051
7.454349635752775 3.268784974476083 2.2135612890075973
7.413910174976187 6.32432556111574 2.41302894551825
7.643623268527278 2.0979768363321756 1.263485628829199
7.528166229375541 4.744011599807517 1.8406072426283415
7.433967625310357 6.557673058057431 2.3119001185682264
7.596894595426714 4.526449319854218 1.495358575065458
7.534651821993977 4.0158461984877984 1.8089159864977815
7.435692966358758 4.668191452495357 2.30559820009083
7.367768199189783 4.077212148851356 2.647821903303799
7.428461302429636 2.869618477563621 2.344212188180034
7.4944631122748175 4.992125146176711 2.009733251953298
7.435545506642732 2.071025279812386 2.3095999122775477
7.785432981987019 1.1827966528805103 0.5517069608680814
7.361466168040689 7.74826845992059 2.674895941761916
7.358222618739838 6.49192739003681 2.6927795715347402
7.721239558683633 1.800980150562501 0.8736539443703644
7.507195302267774 3.966089397932738 1.9470120777944813
7.670669190979091 3.9192107366294877 1.1252299125974337
7.472297040053743 5.735371122175849 2.1202368894095542
7.682616224239301 2.425241732284845 1.0670434238024762
7.433716125034848 4.203040832987358 2.316120411856986
7.547465731405657 1.6384069212793373 1.747480478680426
7.4959008295120215 3.341931534804896 2.0045769273098184
7.325932147255959 4.138513801604239 2.858069566732984
7.544464030780188 5.014992947328813 1.7583322555595577
7.566704402993313 1.8707304834873022 1.650469227275884
7.507250967734899 5.490567690164592 1.9448184578379806
7.299614707463994 5.019270736879271 2.9892709703381737
7.350706931462177 8.527820265645556 2.7280078080384045
7.397823237611718 6.574654943462213 2.4935894115825574
7.298382160318077 4.699788951857805 2.9958684853019912
7.323049144396369 7.4114954324007964 2.868454668867421
7.323923796042702 7.949360462948504 2.8633822713487964
7.457616377177237 1.6422959536586257 2.1991800555372234
7.30640415363281 3.8567043845482596 2.956597464856792
7.66590863361213 3.145941675961336 1.150133648505878
7.295653223276757 2.589157288321418 3.012237420117636
7.7435408312148954 1.2497379944023312 0.7622295731412544
7.3622316367937515 7.8042349278348775 2.670977401703491
7.326754070303563 3.759970996604048 2.8544126768037485
7.64017282148631 3.154633327641717 1.279505760665083
7.661514565152817 1.8526061970569656 1.1738477860375216
7.401575869978694 4.295098731309425 2.4775852674360355
7.454187307882276 2.006948769265521 2.2159614280361035
7.364045220613922 3.967292563803541 2.6666766211259154
7.434744584220917 3.795098959931545 2.3114620981956424
7.5547686513247285 1.8361973914650136 1.7105178208271825
7.482257715332841 3.11315939935353 2.073452875673385
7.313203472469491 3.15024430078077 2.9233017481470394
7.434977006618803 5.2317143170759595 2.3084901583440085
7.344483266548688 4.262078259133653 2.7646514156099675
7.688502845444365 1.8077190146165178 1.0382245121948483
7.318646243189879 3.456414833164385 2.8955546616850065
7.328783783024806 2.5917080069902925 2.845675184920953
7.5889915937870915 2.3755102716464025 1.5377899615791948
7.45085673479812 5.481195715854197 2.2283439633262883
7.592425072695119 3.7397652451193286 1.5188160176821632
7.625312488518458 1.245429680714063 1.3566106455846356
7.6024578272394 4.801102596645407 1.4670454536389068
7.405463922496224 7.295557978135141 2.4542719949710223
7.574794836262816 2.5542802494061396 1.6089376584010182
7.5246505136468445 3.467292393800377 1.8598847311343552
7.342660412850196 7.408617619510615 2.7698655038691573
7.646646560411516 1.4252942827944608 1.2491309311829606
7.6793175154569475 3.9225489376206237 1.0817475382401769
7.300209356518465 7.170232981679502 2.983581226127228
7.618832371423151 3.5194789409006217 1.3863337326407845
7.653516441684543 4.417722191190355 1.210837033927735
7.372062459639919 3.3655583208220796 2.627126520483185
7.431307576233052 2.2878411678080437 2.3306333041281357
7.446795677438555 4.351359123271797 2.2501786863044204
7.399911765489564 1.5496889526115278 2.489397788103856
7.5582942150542305 3.4050135342934076 1.6908241359554836
7.544801736327266 2.4258280262095817 1.7598848260416573
7.417203242445785 1.4044804103864388 2.4026497112329985
7.309837986965129 6.447878121937996 2.936081513671266
7.8116910904368755 1.1527776211298075 0.4197358540463181
7.684070856832967 3.987727527190531 1.0577689885452732
7.676334161733167 2.7756133808799217 1.0981857295163098
7.297028431188282 7.491109971941613 2.999170045660369
7.638499200732109 1.2498715754510559 1.2903108065520505
7.409024432422665 3.1283592945477463 2.441603390214989
7.330669028913808 3.7283650319383628 2.834770473096263
7.353652463162553 3.679735337577684 2.7192856739379687
7.430970373097062 7.1649641001105655 2.3262059955123955
7.5501559903557816 3.9310349772952553 1.731077521199176
7.309194874483241 4.331142783478008 2.941971933550579
7.581901884094783 1.237523980639759 1.5748610210552145
7.393464391940033 3.5559857589303383 2.5192923876633238
7.707508253267676 2.0456470108051463 0.9423789245900525
7.324285473651484 7.252133550131164 2.862439261376146
7.678914640299137 1.3928687533025856 1.0869485948730813
7.68253663007434 3.023300200941953 1.0666927927641192
7.44479373427394 3.144261890274967 2.261758504439373
7.3803994346188455 5.714638949411987 2.5822646574816797
7.4391595334315666 1.3236773477296295 2.2923691134577875
7.430300872684418 5.309976253221437 2.3319004893584956
7.404242836915799 6.959641501809982 2.4608325200581684
7.45404093967453 5.744356434293034 2.2120054784283387
7.476375857198523 4.989639067385788 2.1006673966917844
7.413271333584956 7.744492621369208 2.4144578052074483
7.299159697243079 1.8781581636337696 2.995501696488277
7.413582723409293 4.860632695380587 2.4165126226258167
7.449329826029624 5.588818194159248 2.235885168339365
7.335384026618904 7.6800323986033 2.8061057457141865
7.702675941085021 1.1281729413894823 0.9678244266030701
7.593745627927955 3.396652600801214 1.5126078498994557
7.469303565040705 1.9397708345345734 2.1400509933225713
7.538840646899999 3.2150877273549536 1.788862523879314
7.507869797630734 1.6938623117817926 1.9464736155713358
7.695283973457074 1.361727686263805 1.0046932649739695
7.677785860031838 2.0340414190159857 1.0918184693188768
7.426747429890305 6.925320263238182 2.347737062949847
7.6786487619699795 3.5100184972218322 1.0856274728355193
7.510786865084672 2.469747335708451 1.930834471019637
7.398179122228937 1.1178917481260675 2.4986504593364156
7.621627148384189 3.003849623034244 1.372930701833345
7.570784150953937 4.571253924492169 1.6265687616602267
7.419716300113423 2.6934242130418644 2.388397592890533
7.518548491982807 2.435801546136189 1.8918566436321684
7.738703754804888 1.6790636464670798 0.7860083073061787
7.738879318740206 2.6811403881155442 0.7838677176971574
7.627495979575103 2.5826471079842985 1.343954774267511
7.72508983726116 1.1238440836311008 0.8551472831018538
7.727365602565939 4.914269343723234 0.838949637979273
7.7708628872071985 9.667029611635117 0.6143136413998116
7.442504918501445 9.090517176622482 2.265802426305512
7.834956944640761 2.3596443507578173 0.3012556444088835
7.599963236753416 7.624111435820655 1.4760456390615129
7.793588467382538 8.39185567131483 0.5016637423967836
7.890985540558613 2.5476680081187366 0.019345274296344177
7.673830697980726 7.522836474837696 1.1048161186566057
7.775044130874797 8.833797482186858 0.5943381001227364
7.672543950607541 4.535402693423166 1.1150316359044419
7.687557760215531 8.380416213705391 1.0347300578604781
7.477165764637482 8.161532450625293 2.0927157740992817
7.66468309042357 6.255717820895608 1.1523933347744122
7.866551159558622 8.66037370824317 0.13451903432825918
7.74675068660177 9.130502231420955 0.736206641218063
7.4558138931950175 7.481014944565381 2.2009122534941215
7.429557305094928 7.889040878524247 2.3324012243164263
7.772856467244118 4.933908836904839 0.61022715554199
7.84416397128395 3.0679283924254017 0.2540805553181868
7.832880800816299 4.85736620395873 0.3085606688903205
7.748787813665189 5.472508851060285 0.7305528890263236
7.860512229110862 3.469845784597595 0.17138832023636713
7.796361122920363 9.156235306358564 0.4867660467387528
7.54423874623483 8.404121772509312 1.7552131365858483
7.450018727828339 8.251161562713003 2.229080638012587
7.727005764904677 5.6275343358355485 0.8398641414862653
7.803297763097861 4.976916649921027 0.45713460235959313
7.4747172210156805 7.688797467406394 2.1056182923774367
7.722647503275848 8.327240269905145 0.8583888258238282
7.823347934139946 8.317865190015297 0.3521457031561124
7.8307829385008105 4.01101501433091 0.32016875475245965
7.87160212633166 5.958892290334278 0.11251411530039716
7.886290094411872 8.13844330963667 0.03593934502465933
7.641784867671376 8.718160158361913 1.2644221866866052
7.34880911841058 9.363348691196718 2.736500511506514
7.586663359046996 8.107900785523299 1.5423018594410713
7.811657291300746 3.7520646562359348 0.4166445607447445
7.665695312103008 7.646570635900316 1.145560257524878
7.88397904491442 7.3737622372455185 0.04851677015418487
7.84344115317721 7.22880010609886 0.2524961643226428
7.714132544570021 8.127756114391037 0.9014465599246342
7.851219930502826 8.230429037434634 0.21213347389338924
7.6289642465772385 6.844390075733038 1.3312256900578885
7.5727464823514605 8.899159263860078 1.6112743371537126
7.617527826657099 7.509151921688977 1.3878867208445693
7.856340903973068 1.7070562086974097 0.1945697254034214
7.570187759779463 7.452532952895758 1.6259521404524635
7.877430112010521 9.293755963824697 0.07903254875122777
7.844255775201552 3.43372489756174 0.25316027279003905
7.826465816644152 4.276542683173553 0.3415393719084577
7.734470472983235 9.35327644721758 0.7976640126300115
7.580009516490481 9.671339102684168 1.573792218036453
7.430938863624885 9.376380875107223 2.323590360012329
7.8909578444643245 7.4972231412251675 0.013277166381774657
7.601225498354085 7.322597668188239 1.4700779611587258
7.566662373078822 7.668120467232592 1.6434050701637246
7.451983795872723 9.641532370691557 2.21745788662567
7.770853122694538 8.725213586893377 0.615543882984843
7.5969409262663055 6.992061440927595 1.4920324764817199
7.58921096582281 6.7408282916068085 1.5312086602695043
7.643135061190825 6.070164642547623 1.2609552196464462
7.486380572268388 7.960553632762442 2.0466418938342454
7.709711801792006 8.382799863988426 0.9233512623598686
7.790061478702703 7.904429001956272 0.5200063912781613
7.684137728678128 5.232954788969595 1.055871005109385
7.5140320839901 8.273811040477199 1.90723559633065
7.790200226325897 7.224454723269205 0.5201616310196479
7.763712485704724 4.981719302292571 0.6561370610472874
7.5410346008907565 6.236463749855359 1.7740399585455968
7.661793411055577 8.19049699048692 1.16449427435752
7.816745586754338 7.950434352106392 0.38579872352643363
7.7901852239170815 5.592434189677699 0.5222838058565363
7.487543562027717 7.590407704513738 2.0412593619079415
7.759665795004317 4.185471081854111 0.6774797263668365
7.456817938877665 7.618650366447366 2.1956919671022566
7.7290664562377085 5.652470540047787 0.8294730811556128
7.792991924871942 6.007957541737227 0.5076524607588887
7.441183259725435 7.551488651146173 2.2743769781487706
7.887240776564391 2.0380022817887773 0.038810643298291
7.862000808012812 7.928505437499389 0.15831303153721643
7.844063088578025 3.167243376462678 0.25446317345994734
7.528870697231028 7.34408988250748 1.8338028885729822
7.77955407355307 8.350839310291315 0.572270792304462
7.786539569901564 4.574692294195005 0.5418881051652591
7.792783217120249 8.413107029542909 0.5056853540666439
7.538197198341658 6.492727005336209 1.7879831485710802
7.84223010465372 7.409859261902186 0.25835744165608804
7.712866637459659 7.795767481241023 0.9082270542623987
7.849149861604486 6.0847240406279415 0.2252313809783456
7.710749271366494 6.924034998841584 0.9199650233991656
7.575860188433319 9.112690130781333 1.5953528973923308
7.721776175073616 8.83716527063411 0.8621297771697813
7.445925807593368 7.809084603612299 2.250211540791114
7.418115415703145 9.03690890696666 2.388483877930858
7.709987517142719 4.085809616755383 0.9273540982763738
7.54507052375086 6.492253817691985 1.7534292271794367
7.814735078081321 8.846739637546248 0.39478214964829816
7.559184906032445 9.219590831868404 1.6790510749059249
7.758430623742304 3.253678433788317 0.6848579286241139
7.473820414644942 9.01204222983049 2.108467328908101
7.743806883126071 7.801198677484251 0.7526732384872838
7.661666598974781 8.775121209095266 1.164398611234932
7.794601389330335 3.1260364629745414 0.5031754228191725
7.445527483665355 8.145869545636932 2.2517916795595583
7.4864867081029445 7.163236733122627 2.047108245938516
7.782779244801434 5.227548645997754 0.5599737606760997
7.7451646299110966 6.836467644386321 0.7470572797958841
7.600653419707114 5.83758158208783 1.4748163838086998
7.7021415557374695 5.809573069998622 0.9646365713619837
7.552256730974442 6.0930220729274644 1.717802435683035
7.55547872121912 9.094510216411088 1.6978401768015767
7.650280978679746 9.132839775944888 1.2211893249483354
7.661550099172482 8.885127926257784 1.1648463330275836
7.862246922463648 7.160882374111056 0.15803842444372102
7.863028431743377 5.846648465670819 0.1557577243958724
7.821738232647565 4.5909404078798675 0.36491223106374027
7.655617220874921 7.790218935684415 1.1960460537731867
7.673353765515355 8.594649487936326 1.1058696341383214
7.463458672944685 8.387416969028717 2.1613426400234625
7.825333940033841 8.722703983233867 0.3416536674504371
7.784393428179303 3.7365335561954263 0.5537286334839884
7.487184534905175 7.744891172419136 2.042870570710645
7.757349253309107 4.637915969731685 0.6885583382986102
7.665683308674407 6.157030286046973 1.1474886679626441
7.734976817073889 9.635014302110134 0.794765117247488
7.512467045221383 8.383970872779006 1.914965417887463
7.57139592592854 8.46964171571048 1.618602705158154
7.570285270237403 8.876794454730053 1.623675725098607
7.458309987217591 8.659892855077471 2.1868850940756817
7.599407958580436 8.860216691070868 1.477286982224432
7.6492944820486475 9.522867341188292 1.2256596326580396
7.777259719737789 3.063360687168579 0.5904364220846683
7.355031283286625 1.0375480533150754 2.659296104409136
7.722083237900548 0.8695808689659634 0.6185690287204616
7.756331209995234 0.8589910502948904 0.434071319013656
7.354368016863334 0.9909019621118761 2.608358240931428
7.751990261301812 0.8921858327850816 0.4945164456944555
7.874405107431837 1.0579202466135418 0.07192319546814589
7.415060468526967 1.0344511869733446 2.3539051499640022
7.714542019787598 1.0439715815424078 0.859382379497607
7.3330948268503136 0.6228183764800064 1.7090075589857332
7.127863639477976 0.6305113062063028 2.77177877790997
7.3844509068995885 0.6673938596516165 1.63046394543659
7.295275817333478 0.7498556527901421 2.4111028085178448
7.536538936611229 0.7210212731709282 1.0819853248666085
7.660506024742348 0.7450928971162011 0.5557689455823218
7.5765702178599454 0.7814067570712675 1.1240898784972597
7.4497914261583755 0.7902218293730976 1.796976323960445
7.051246413034985 0.5512958771289892 2.3955899627318185
7.220139522349477 0.5572442359028301 1.607749849291295
7.092917785882542 0.5146520716638916 1.808797449646223
7.2445565317181035 0.5452443409424381 1.361442282425765
7.487001799345209 0.5664461844074665 0.360886220952517
7.191689744443204 0.6084068742092155 2.2775636386546596
7.130322850016581 0.6153539252361048 2.657605461705813
7.357077858725197 0.5845316256764459 1.2002726834433104
4.221364422331841 0.500141906957246 0.3341345227160446
5.196447550776789 0.5029224390112987 2.0419888956390455
3.2831343827397292 0.4985297865273992 1.2185822894780463
4.794487972455922 0.5017568514281822 1.2919213176463549
5.171334661603903 0.5022957641430862 0.678494029866417
1.1423605311548184 0.4935708649647455 0.19255378092600986
5.100913122243266 0.5021740588393627 0.7432076140592813
5.151037827235261 0.5028118812082688 2.0074592200126284
2.973825240719776 0.4978644654396387 1.1919731388038728
6.5729411597224665 0.505380229266295 0.9645794495822455
6.159870883180497 0.5047065822493747 1.4398221159966245
6.341409147970642 0.5046809723429535 0.4662837148702548
4.916645885337982 0.5022844982085438 1.932124147044637
3.5397053256978315 0.4989375276848072 0.8980001493996641
4.634131339305993 0.5015045238665055 1.4982525231104853
6.397102883950615 0.5054086977715718 1.9162574919221145
6.373722661744388 0.5050705456225957 1.2299349398340818
3.4458268507080776 0.49853779591724245 0.41970905218145527
6.958053978394764 0.5064401825753075 1.5482254246471632
5.34754900932243 0.5028651432003338 1.1461427448518091
3.982248079522042 0.5000847282510847 1.400331505746667
3.4179812281743414 0.4988752457767726 1.3618927870458128
6.636165283221658 0.5061545062241083 2.4873586688731355
5.589215749548792 0.5033571830194581 1.100886151964398
1.926884764934689 0.4954402914791267 0.6925143184228466
6.2380905492008045 0.5043585338959985 0.21919501847869255
6.299636486025124 0.5051303507181216 1.7445627907668326
3.9145040173053607 0.4999468689606433 1.4131828122961954
5.544613352975686 0.5030548300692306 0.6063577812574801
5.822763023416488 0.5037305175371881 0.8142599686371353
4.596926234451591 0.5012286324484094 1.0294402974080046
7.119172937393537 0.5061988773802637 0.1645862363100984
5.837049596475451 0.5037854032108091 0.8729117704161964
0.8417127266926283 0.4928773660345758 0.05541594663075786
5.008027702885929 0.5019151854301891 0.5947759007884178
3.406844318901591 0.4986253927106892 0.8239253867767237
3.1889608439115555 0.4980443872651866 0.5381237837353539
1.614736293800684 0.4945531553362059 0.15287548258967493
1.671714130839424 0.4947040910204796 0.22523536241878062
3.004719596353195 0.4977151153151109 0.6816174814455214
6.056500356261018 0.5047669471197495 2.103003606574527
5.022461090699947 0.502301808387154 1.4413033505106239
4.336803955144502 0.5007400338858602 1.1756601368513413
5.664934136379356 0.5035985525053983 1.2940119492841873
3.6309174740686623 0.4987906154164792 0.09020065839334536
2.589687314834884 0.4967703180246805 0.5221389885817553
3.543119290248727 0.4987664875644582 0.4742362950263267
1.40477172897601 0.4942285971785728 0.4368952551633389
3.48759989913646 0.4987275652880147 0.6608252146926291
1.81331555696569 0.4949856166978476 0.1826037580770936
4.26573558461128 0.5006560974173339 1.333410544044044
1.6786191452309658 0.4948388716258986 0.5109250321946418
5.728868381785445 0.5041353872077661 2.2487677697627104
2.8473688914319935 0.49739938894936864 0.7221236675560653
3.663113746846196 0.4988943693070505 0.17498466490671638
5.087953974365613 0.5022419708258279 0.9697998802735761
5.830050114071115 0.5043733274225346 2.3057280581260438
6.452420547557262 0.5048372142294653 0.2796115388473573
4.246189252504934 0.5006174916010812 1.339902299275158
6.75586103914966 0.5063887349233892 2.4424192219299257
6.283537701347946 0.5051799546558359 1.9434168087493773
2.106380567437763 0.4956859398495996 0.37408571699703014
4.912212585074557 0.5023075829899756 2.009289626415242
3.56724677556822 0.4987460389420798 0.3043278284056529
6.298337521130771 0.5047735369966696 0.9028671110771754
6.274929547487823 0.505136339229345 1.8830094571887077
6.7656490658600585 0.505649401414423 0.6356501498910719
6.408307859347053 0.5048689853316147 0.5769088509734462
4.630443423271659 0.5013400189740748 1.1257280667133864
2.6114546078567646 0.49695600450571115 0.8541253116610367
6.816483077018349 0.5063760382151882 2.1074675934937472
6.910903850713068 0.5057487095944452 0.14148004514063725
4.085493944844423 0.5002938965297957 1.3785173286778905
4.679950454658938 0.5016245982184947 1.553347005272645
0.7108030988949076 0.49267431563043196 0.23084932945333883
4.449408151317693 0.500992124467848 1.2088341937878309
6.993738313174107 0.5060470103871894 0.43416923258862933
7.07658383937583 0.5065656836625709 1.2506774913185463
6.4510290323156445 0.5053657743357147 1.5431128060432993
6.316993780324286 0.5054363916748547 2.3848292723495126
6.926243748933145 0.5058523258595361 0.3106799216692153
7.03185019275786 0.5059761432979167 0.07410022834616699
4.696218604625549 0.5014583310835541 1.0763070077315497
6.9410808610277765 0.5061583277612143 0.9635234198762127
1.6036210973493616 0.4947154665337222 0.5946055876097913
5.990432815299711 0.5040759694385007 0.7925402820038795
5.41176470264298 0.5026479294973801 0.3069418716183505
4.969910440775983 0.5022387820119429 1.5556665088575223
6.463871779961513 0.505226062401829 1.1464211875057364
0.5628241413539423 0.49235591731678446 0.21788856452103317
5.687032997296693 0.5031773879997441 0.1817108024555218
3.6946667338708012 0.4989880330745493 0.23901621957408214
5.129435524843659 0.5019932456525263 0.16998187677207094
7.0445927071318 0.5066047704068467 1.504426314967884
3.7350530759635756 0.49910113929080313 0.30485838258788867
7.158893435841798 0.5063430584396188 0.307647688051477
2.0025896528284486 0.4955049765843217 0.4656896791069744
5.162300226859801 0.5028562140530056 2.0562281904495645
3.612813270644672 0.49914991424038774 1.0353506642170553
6.950892548621546 0.5065508464661233 1.8473013249703027
2.616935248854012 0.4968685366663287 0.6186415425911018
5.078453969705693 0.502374336625147 1.3322229263804677
6.5891601860410365 0.5055063693728538 1.1829038442356605
4.838851373089446 0.5016160955928307 0.734282491565074
3.8492712664585 0.49982116717545555 1.442309966333553
5.7198808580251095 0.5032493488928348 0.18763997509821445
-6.364480274063409 13.6802934257446 -0.12417854767221642
-6.360330988535518 13.735976860493988 0.28166983865957496
-6.357629000075251 13.772237333442767 0.11054831935156256
-6.348160545334736 13.899303263822393 0.06804957221884433
-6.347879441819455 13.903075647593408 0.8329101723879699
-6.346264793169289 13.92474408655871 -0.15050858788988747
-6.427463059214086 12.381093027383194 0.00031276063364017725
-6.4284667025003195 12.562914516350626 0.22023664051220626
-6.427764151561652 12.435639358437438 -0.3662891174948248
-6.428413236857352 12.553228602095594 -0.20401114127212835
-6.256601830248826 11.932796900050207 0.19882506087481897
-6.240559755681069 11.89781586972401 0.3965306269833248
-6.142804064672916 11.684651744518689 0.08261024630933603
-6.231833005737144 11.878786491500627 0.31254338623517186
-6.253212381322168 11.925405934798691 -0.18959432703658824
-6.241145367225016 11.899092842667358 -0.19350279912078938
-6.252111443537331 11.923005251652878 -0.2347929649793033
-6.132623966852087 11.662453224677005 -0.37360309258399327
-6.012902436366499 11.36982399799817 0.21685596607058494
-6.019220911609395 11.391623173789968 -0.40096684542203426
-6.816667375556435 10.756033297996069 0.008017797207815036
-6.902147912346598 10.705720452481447 -0.16748663794531643
-6.774851661721893 10.780645194990136 -0.5650550012850363
-6.666895815799804 10.844186457910325 0.8221263273705222
-6.670303345749771 10.842180840371928 0.5865894200135034
-6.677691603411283 10.837832230275545 -0.5419275601136508
-6.045599310087903 13.655126738343522 0.3616110852453363
-6.0523323233703055 13.564945412132833 0.06987602394429604
-6.0459739578198555 13.650108974904432 -0.09916573122072342
-6.0601022309885835 13.460876053871694 0.6767449262679968
-6.058016207321248 13.488816005361503 0.30947692064838156
-6.066019154262628 13.381625491265693 -0.3051101486808561
-6.801372228986399 10.396800864800479 -0.5907064432126564
-6.776838499076861 10.411325487084422 -0.9146438518142188
-6.97119924680314 10.29625829095222 0.7872016261442085
-6.97202391581691 10.295769773227718 0.23897375501830304
-6.956570886346096 10.304918152153036 -0.39936871094934956
-6.94262168547033 10.313176342853353 -0.7908915585384099
-6.026442673919302 14.589344827637497 -0.20789155339560472
-6.186084270633414 14.563141138647568 -0.3779249624453328
-6.133948262260168 12.64551421241285 -0.474163
-6.375584312880299 12.62599821533711 -0.474163
-6.282836242179117 12.790521794967635 0.47416499999999995
-6.308449329838538 12.636173232360935 0.47416499999999995
-6.076549064961741 12.037451026720433 -0.474163
-6.11940014132416 12.14898085205555 -0.474163
-5.854081415045025 11.70820442502801 0.47416500000000006
-5.973891452867369 11.503670803736549 0.474165
-6.828641442705499 10.638904565302306 -0.9452561663626617
-6.713195150427936 10.581093853557906 -0.9367196944984413
-6.809242537291469 10.525982510666704 0.9529409743276289
-6.583258859149847 10.63417407878241 0.9172988817111785
-7.769275189889857 9.927167944821283 0.2620997723100234
-7.757872543930558 9.955086467006096 0.40726311989214603
-6.421297496189703 12.917791671331303 0.4081506350353886
-6.4126776474750375 13.033480250992367 0.24909819273610828
-6.408834183086642 13.085064263002334 0.2340442054614375
-6.398855125564417 13.21898423473664 0.21643536676195838
-6.405979916939449 13.12336954613348 0.14438695764361514
-6.386703453778332 13.382059279659895 0.22551237250169798
-6.391975233331149 13.311312677605269 -0.5445962045933991
-6.39974734320759 13.207011172155234 -0.2412465685031409
-6.371303530951745 13.588725886780605 0.9352407284007311
-6.374249303426292 13.549193875906338 0.4543350719326278
-6.372182995245392 13.576923811577204 0.32113834610156516
-6.374391234175136 13.547288923481862 -0.6800786982915741
-6.371546259369008 13.585468655385938 0.13195672843025613
-6.382696933625282 13.435827138330396 -0.7547285742379433
-6.306850974610139 14.503924955896998 0.3395548243103636
-7.9047315688610285 10.154079971537426 -0.10577482927598061
-7.7170749435193775 10.22606473628477 -0.42293696530209857
-7.543458151596454 10.3282541071938 -0.34219576337511387
-7.3524588911755995 10.440673817497414 -0.6816179004991196
-7.294803398356281 10.47460889852216 -0.032608660277712406
-7.2833672691695535 10.481340210641859 -0.5335332885901218
-7.1503888094054835 10.55960951965565 0.36289862086296915
-7.190401809889063 10.536058411340159 0.06194050946379137
-7.152239927749553 10.558519870130228 0.6955737407220307
-7.09063901222506 10.594777178075667 -0.7653104549425704
-7.163811084737819 10.551709457793326 -0.4858056079802444
-7.046384599151935 10.620824941469948 -0.09216333029290047
-5.993730017256064 14.387257011371368 0.43663080060249043
-5.9937917028710395 14.349007643465043 -0.2060395066930586
-5.989355804961974 14.408421687789552 -0.08002569569557844
-6.011216566235314 14.115625502774252 0.411114879767361
-6.004708312317372 14.202792791888376 -0.016180907846039996
-6.022894750835128 13.959216208422976 0.054238264262303215
-6.016397267910532 14.046238862390116 0.32470006587452216
-6.022091365771044 13.969975932708188 0.5277705285871899
-6.027429598966683 13.89847916683505 0.8440106035918998
-6.034112421635907 13.808974398132655 0.28071356451775553
-6.029255892912493 13.874019596444732 -0.13704437259791433
-6.04165492700133 13.707955187531486 0.52735693694215
-6.035332150176501 13.792638764287602 -0.7862120262229397
-6.043713205138308 13.680388524925137 -0.4090430457816027
-5.950725082083217 10.900412183979515 0.3133007624982178
-5.956199081940182 10.897171406930301 0.1405038059454419
-6.0857881548701425 10.820449908844287 -0.6761220876656334
-5.897905371380815 10.93168298434176 -0.43478400050833094
-6.054849598871127 10.838767157058081 0.194268155658648
-6.168812266595192 10.771297480045872 0.2921209003837145
-6.1772034773342686 10.766329042300006 -0.5195890372681701
-6.2566431303479675 10.71929871606653 0.5931316667963643
-6.381623195043766 10.645306024161552 -0.3194481996863601
-6.221306793716286 10.740218403947917 -0.6458065766254959
-6.452909930741991 10.603102022098787 -0.6404515355410525
-6.535403403552766 10.55426337074683 0.7149404857783124
-6.68918580132727 10.463219531843656 0.8709793118882267
-6.473340270508161 10.591006625947108 0.6590794690472127
-6.755425534527566 10.42400287858112 -0.5322511813119504
-6.769946555857046 10.415405926961975 -0.5725689362943814
-6.754702125558298 10.424431458967634 0.03911079441039606
-7.768051269268555 9.87100078391689 0.06690530930893361
-6.045629585957158 14.368302800232476 -0.6254971517408374
-6.222787372039725 14.434716148336179 -0.5758289119335606
-6.287449220381474 14.235452476999763 -0.756194820823515
-6.087153249962439 13.99323263938147 -0.884566308013943
-6.137050225991853 12.955063864504144 -0.6243883412585072
-6.247557749651793 12.798297220287882 -0.4749106608440994
-6.337013737449768 13.193975466174555 -0.8013234635250595
-6.109227742069219 13.18084286448141 -0.7995019805642264
-6.412830729160234 12.93800166631149 0.5989901222642146
-6.128603172021881 12.942401145918586 0.6129121894634376
-6.189691573073391 13.129834155052416 0.7688556338420549
-6.252360018897209 13.358504645329958 0.8956368790246031
-6.308383361968669 14.259683656097527 0.7428018894890992
-6.26787093451076 14.368951547790749 0.6390998413445454
-6.151783959416158 14.197698330184497 0.7722332892992381
-6.283898332192948 14.03338585281169 0.8688788150136012
-7.708255752590182 10.182925830360533 -0.5888754072429205
-7.448876705730073 10.131607162572923 -0.7377384223789103
-7.346071492405514 10.277019228368129 -0.8410671737581227
-7.287882002750134 10.374550093405496 -0.9037569651897993
-7.111671197340389 10.460750351146848 -0.958443
-6.930910307784735 10.398286935666917 -0.9584434030918034
-6.264370612385188 10.942167719846166 -0.7232999285798016
-6.023417768965868 10.98589170176713 -0.5587178274907401
-6.32207115721722 10.874506443033908 -0.7727996177143415
-6.628829305212264 10.81375033766253 -0.9035183104231627
-7.67982104650801 9.950507388170813 0.5164243825524768
-7.469426987987051 10.1190846046403 0.7195369124276595
-7.479718486548416 10.246132881466115 0.7608070811443295
-7.263593981695936 10.135555928586582 0.8344701753962012
-7.209296231803134 10.507521083490795 0.958446
-6.996887415217955 10.45273924379484 0.9584459999999999
-5.957047252103883 10.961822179120771 0.5353133269243775
-6.0510939641509385 11.041241624460648 0.5477497898780556
-6.358377662207888 10.724183087273632 0.8311096065094761
-6.505725468057303 10.801267691553692 0.8613926026016215
-6.109221456753989 12.666409836202485 0.04944300247768052
-6.109428373864231 12.700654822978517 0.12495822850444183
-6.108047775609222 12.472164443761859 0.07652931955564449
-6.108626521394589 12.567947444709795 0.06847452155254005
-6.026133742040617 12.197795878004788 0.009234772349798331
-5.895438756774592 11.912677492318817 -0.3925499350335544
-6.082619588134058 12.321022895625138 -0.2976551247468013
-5.792243795175394 11.687551939091204 -0.37574042994448337
-5.961759018957373 12.05735883608527 0.46681229189721124
-5.911801435293189 11.948373586359645 -0.033976214814758376
-6.007172101000628 12.156430002548477 0.44558041414893806
-5.750027929014712 11.595455677053536 -0.13354901191871463
-5.690726539470171 11.381977971117209 -0.4403719718525793
-5.690294518173069 11.38033780422056 -0.2139210539345141
-5.7094314791221334 11.222673934000019 -0.1877244290288773
-5.723162125310231 11.145979432009856 0.38336678276480846
-5.725988208064092 11.1395676763783 0.33747868539282067
-5.838504093356846 10.976905546962747 -0.15724333101278232
-6.104877801505091 14.543048065905275 0.4404981638638683
-6.225911602816167 14.600710545823974 0.22362152992641962
-7.782726307081623 9.935090559814725 -0.21587595280638328
-7.912624130354765 10.142564165514244 -0.17031525475221967
-6.31719936775682 14.31481700319554 0.27713108980935075
-6.320787837006241 14.26665761851486 0.33014930594073233
-6.307986616357917 14.451636510030728 0.05175253669787841
-6.327923990025 14.170886759314508 -0.4850612413426774
-6.326892009203797 14.18473658243221 -0.3701535584363801
-6.332654102674299 14.10740571182446 -0.5265247657509833
-6.327972182826421 14.170239559411822 0.38844421351889274
-6.329279795722319 14.152690935757901 -0.037383548640512354
-7.582173793458968 10.305466465046006 0.05306008711139079
-7.639727000489663 10.280118159755988 0.03124397132763026
-7.341634841067339 10.447044213758357 0.8002242094102359
-6.276206264972922 11.074142414379 0.04542437271467281
-6.30859604565911 11.055078190047578 -0.27980073405610373
-6.357630938798817 11.026216827931655 -0.5163159874164116
-6.1093387132295724 11.172358720414797 -0.20275201185725755
-6.077821278649937 11.190909609914712 -0.3926794299674605
-6.560213278493322 10.906978792045512 -0.09104687325930372
-6.573490652733591 10.899163853094533 -0.5532875851184411
-6.660858416767242 10.847740000015527 -0.11786801093324589
-6.380966375484913 11.012481745362551 0.22543345079688876
-6.389555806923905 11.007426178697877 -0.5062840128381807
-6.6186907124108325 10.872559514411535 0.6865036305124335
-5.997273938176733 14.325971417809367 0.5781636272030727
-6.099204951921023 12.937156748155898 -0.06389791914678716
-6.105805936495367 12.848748274005896 -0.3764596538010866
-6.100203773973806 12.923779044647782 0.15707251581485554
-6.071808574674395 13.304085539777684 0.04893059577088904
-6.074037673514212 13.274230537296813 -0.4784945883397509
-6.067703061776389 13.35907192959848 -0.44489306909504744
-6.070078604489105 13.327255460474532 0.7334012996238549
-6.087353737783063 13.095883334401396 0.14201174547053785
-7.4288645927712045 10.025303683905747 -0.4949991839694628
-7.48375612831082 9.992806231719154 -0.3297017373799746
-7.590069618183891 9.929865424544131 -0.47088895966572253
-7.740454003777823 9.876617709721499 -0.10082634987616976
-7.125735005458553 10.20476742001889 -0.0009991550832981755
-7.082200891134862 10.230540692010976 -0.9288788213740317
-7.094126548794087 10.223480346407461 -0.792444204214176
-7.2944879465635974 10.104859509937182 -0.15508628902492033
-7.345835905537371 10.074459529384724 0.6367952339912695
-7.345944798853338 10.074395060323951 0.15939748023360073
6.35732762403694 13.776281896091135 0.5481193226399609
6.346598710323565 13.920262948525284 0.8790697069514193
6.3481740591353155 13.899121909839886 0.22279486148781502
6.3641633615132225 13.684546583137333 0.2695237641201178
6.351147268777469 13.859221588165628 -0.4346714902577498
6.356620304356537 13.785773474639434 -0.8660325662780215
6.42801135019527 12.480422225270118 -0.2516275492659999
6.429567361676392 12.762311546136111 -0.11663559498858939
6.427283126517243 12.348496156261145 0.3808148534232911
6.4279049936685695 12.461154520985929 0.4082935043561642
6.269512554938886 11.960950653218244 -0.2543699032757702
6.4224686039958065 12.29448272994961 -0.0337903781129924
6.302197701902709 12.03222305475012 -0.39508713198687634
6.142877001846759 11.684812381660745 -0.3245547416750669
6.084567168710739 11.557663440120821 0.2677825922998563
6.275075684470044 11.973081472215554 0.25035195823817347
6.383535853734767 12.20958696330624 0.46109976744312486
6.067636692696743 11.520745274021372 -0.10534297424852296
6.012094521315863 11.36703665673454 -0.32012500996161036
6.017991894417354 11.387384168271517 -0.102153545689469
6.837381809025677 10.743841474916561 0.48732211412873483
6.942039367828072 10.682241919344875 0.8729491701444975
6.859467264552387 10.730842373269136 0.5055107158013128
6.929822238774693 10.68943240527578 0.1859002215468204
6.90197563114398 10.705821927135617 -0.9283164059529285
6.748645739825458 10.796069664873679 -0.8861996352266055
6.065788813440824 13.384709994115513 -0.6647465678643126
6.066160613777931 13.379730375730075 0.6395357115786183
6.05826482622277 13.48548070716631 0.7217497430524668
6.0477940931349705 13.625718010504084 0.6286008790688322
6.0454907232115325 13.656568238677064 -0.3168041321959164
6.0524119836445625 13.563869818436364 -0.5639058865596283
6.943582647492541 10.312606703239101 -0.3995980897497448
6.870684771494918 10.355764737386485 -0.5812739776010216
7.026465796504385 10.263537369114335 0.4259859128361857
6.813979375678183 10.389337017856622 0.7112928329266474
6.791286610655163 10.402772065974004 0.953032710120822
6.89723791385461 10.34004465657818 0.035089783647624107
6.27167520155363 14.562910736846995 -0.40745575794542394
6.213315347621059 14.636921339437617 -0.05791951232925665
6.388813227934476 12.608438582456552 -0.474163
6.226483304049559 12.363325859766631 -0.47416300000000006
6.318686535361843 12.361032905353646 0.474165
6.35203711700635 12.735054033092446 0.474165
6.1731852638589135 11.811257005865238 -0.474163
5.906542312651637 11.764068766596967 -0.474163
6.026480681983242 11.616780813214573 0.474165
5.860078477294392 11.710675934785847 0.474165
6.587356321952882 10.604905882625875 -0.9203969453763384
6.844916662887264 10.712675396345121 -0.9406669242262485
6.665075727435765 10.622321823861409 0.9275841162102374
6.872466062842864 10.572938212690165 0.9563253438096613
7.8615160096063565 10.129054642979586 0.3967021721781649
7.784390590155666 9.890514386736061 0.07075766526808189
6.425600471723243 12.860038314352053 -0.31871457122424696
6.42034334787038 12.93059234335525 -0.5063023386478384
6.429714561490563 12.804824947830962 -0.197410457513453
6.396089687600714 13.256090677761007 -0.1084134669529675
6.3941516060160515 13.282101158901705 -0.6906254867132593
6.398005634491501 13.230377732785756 -0.3899678894318095
6.3873915816432705 13.372823678670905 0.8509332937972773
6.405469031538939 13.130214174314858 -0.09853185446785545
6.378410360190427 13.493352834324998 -0.2513035973563543
6.36715014897743 13.644463792937884 -0.3894584737318979
6.377372819092933 13.507276449397486 -0.43142242084878635
6.385986363890403 13.391683157461083 -0.7613246823006359
6.376164595425189 13.523490900480548 0.0020516012454664945
6.371439209941731 13.586905207674471 0.6932043878957685
6.318559606562338 14.300450495504952 0.6920952749370081
7.6174263455955 10.284717817747318 -0.32799296144107354
7.939678571419702 10.144513537744354 -0.03373480368636713
7.366188726895606 10.432592884158222 -0.12153937298035294
7.291354109212637 10.476639444642394 -0.6807922938616208
7.51350486626099 10.345884761049456 -0.6864019396536467
7.485980268880782 10.362085336142203 -0.29736972855864063
7.025683950861216 10.633009178995657 -0.6359796104980024
7.072925740438958 10.605203697472241 0.023932578922149172
7.0642665464570324 10.610300006323227 -0.6775858113359793
7.142068199056698 10.564507342771378 0.09543861367260559
7.208237454375139 10.52556086550009 -0.06540755862218267
7.101508956736637 10.588380055280487 0.8933727499189527
5.995152096992946 14.330781982426192 0.2360702802564266
5.989249694016962 14.409835077540903 -0.295766926094174
5.989860828644025 14.443757615013068 0.23899654482692312
6.021749656713929 13.974540438088699 0.3975989360729427
6.023277914439797 13.954071182238685 0.17518194682850358
6.023098502378015 13.956474153956949 0.28596499604693726
6.008982798390663 14.145538961249375 0.13071893011399272
6.010734353931138 14.122078892786481 -0.06166505700428421
6.036706922234469 13.774212641942645 -0.8154902653499325
6.038972671172197 13.743866736046268 -0.7490710714282045
6.043536798348759 13.682737963823609 -0.7193977267201923
6.0251058580467385 13.929588309484767 0.9053900402899747
6.025940033642006 13.91841598891255 0.819727156477446
6.030652986253162 13.855294538721317 -0.19537463877178252
6.092406455766056 10.816532230915689 0.37171369329038656
6.147562693668177 10.783878042031345 0.44436106631474503
6.155586351136282 10.779127881434448 0.590906901667407
5.853406325796418 10.958027308612554 0.3847053061647854
5.874939224479924 10.945279208754547 0.20490445000037447
6.2786028759874934 10.706297078134227 -0.339717429936682
6.222062317361223 10.739770985919582 -0.41991123023005705
6.424156419527884 10.620124496669161 -0.4960070521543367
6.1657874478663315 10.773087946988335 -0.17914091946796562
6.286741666443345 10.701478903619424 0.34041099685468645
6.310055406487251 10.68767615479016 0.11963684661018092
6.750367581612867 10.426996910059959 -0.25215941780054707
6.5067657447222516 10.571217036660247 -0.8525218416435406
6.69956857845308 10.457071767607342 0.030853918990032703
6.600426043375039 10.5157674058344 0.20795045580062482
6.705979403521745 10.453276618488394 0.8046243209461716
6.472448359279518 10.591534072387997 0.373612837078272
7.56352239171908 9.950802415258302 0.5506653333430853
6.139491805746257 14.267804165460365 -0.7247213695441017
6.120154644690042 14.487225330547261 -0.5201061408981799
6.244062787526107 14.018541500797262 -0.8757996603931076
6.199799991763705 14.219737480553729 -0.7616799032078395
6.333613720271842 12.852079350067081 -0.5219651223552512
6.2091204159915465 13.005500888910895 -0.6686453390592788
6.128247782937889 13.125823490317263 -0.7680308675696227
6.338406046807757 13.324683087894234 -0.8743383868746237
6.264206921591221 13.044768150491315 0.7031446945166754
6.383840627710661 12.92070256462421 0.5838963501754759
6.249541357232067 13.274223431264609 0.8482860932222782
6.269608029807639 13.192863730883676 0.8022497908254682
6.250996927578221 14.384163843161735 0.6238979966121719
6.097446843912064 14.276088658419436 0.7142161644746763
6.279413288870167 14.203745810506973 0.7736615202174921
6.095824954717683 14.1413503886606 0.8017583872115599
7.576248499230594 9.982129329926224 -0.5957854408955292
7.796973637519522 10.171858685722789 -0.5246266265612961
7.304337773497643 10.314495710122785 -0.8751691472929425
7.298246670582373 10.415135857954812 -0.911998571510769
6.986459170655415 10.45461976762847 -0.9584431301026175
7.162528298654889 10.516294372585586 -0.958443
5.991982500477436 11.079830027846574 -0.4914679984859561
6.123109937601285 10.955688382293378 -0.6312787951608541
6.482684233603996 10.877105322322963 -0.8301973358822521
6.355443777092136 10.66636144619828 -0.8475944885931477
7.534845515337255 10.189880809438797 0.7064268779539902
7.777981174601189 10.157520960563364 0.5317953353790051
7.176621217454073 10.372714520629755 0.9582575813096451
7.417422667199551 10.22523109103948 0.7864935104091164
6.962213369936711 10.32065608391375 0.958446
7.196000341535993 10.407886786065037 0.958446
5.940258329431698 11.054102070285248 0.4757057469476564
6.273425962851803 10.928819237444639 0.7359619913767138
6.490510305252585 10.65504860437895 0.8993201244397281
6.282444437496894 10.911926613590111 0.7475376293780559
6.107891170568621 12.446108751174783 0.10330491888021062
6.107596896509577 12.397386791689975 -0.06601918285358407
6.1098454430240805 12.769671024065156 -0.45141485367894263
6.109574441412845 12.724802204958715 0.10851430211278242
5.831132299492941 11.77238884764374 0.1804222133737846
5.975594100319784 12.087539443580074 0.3136435857379029
6.025050464168572 12.19543095850361 0.41867520543060516
5.92877733827269 11.985406351132777 0.26230795685298
5.924205946294108 11.975433632406698 -0.16983660939416434
6.034553218553354 12.216161689328361 -0.35842356056609526
5.9537985087470915 12.039991277673211 -0.17618153362256322
5.874892759722167 11.867854465826221 -0.18643227460858347
5.688793303102395 11.374638448007838 -0.043919781398731414
5.732964069397536 11.5423325620777 -0.4700714619568332
5.700660764183029 11.271664025590571 0.3799210439212219
5.701257034745895 11.268333470477298 -0.005309037624532831
5.807357162339026 11.021933132348824 0.2919271960789953
5.783825867111692 11.055952158407816 -0.05992683719657391
6.1908502868233155 14.596747260029113 0.2296236055973334
6.047872443648626 14.614067663481396 0.10476406396144194
7.840368966408259 10.02404001380291 -0.18612230364722893
7.742052011899013 9.881885241517368 -0.26613170105198286
6.30255755365706 14.53121562774384 -0.22331827091512313
6.3161216650062295 14.329290540825788 0.33752083457650484
6.312699862184854 14.375211396492954 -0.23502415388410827
6.325632199827588 14.201654204111557 0.4426389160229591
6.323466406127627 14.230721782630189 0.3632100690361494
6.3377334973618975 14.039240370300076 0.24278988917055982
6.341735444877787 13.98552927418546 -0.2685046307735546
6.335705358770733 14.066460504090287 -0.4441040152857671
7.780479840151736 10.190714394352778 0.3314976566947878
7.617875036151922 10.284453296810655 0.412544304245589
7.411117158683872 10.40614828871515 0.7541634884655184
6.209869287103138 11.113186824743995 0.5534441714883352
6.124927309691355 11.163182833990795 -0.01877829054566113
6.35899718744386 11.025412064029203 0.051855797194853795
6.328870559730623 11.04314443115299 0.2493772283938047
6.352311182031459 11.029347316057317 -0.04412368668619622
6.403077642508576 10.999466765588593 0.10286177423738857
6.4549374864105795 10.968942374938083 -0.16623440580179905
6.484928548278937 10.951290252113292 0.3255169024028642
6.611100187282631 10.877027019083915 -0.07077321468336617
6.552728399101105 10.911383879771016 -0.6188579227199844
6.570311882714488 10.901034474420946 0.24264308496412573
5.994205249011989 14.358457567844686 0.5781464460672188
6.098541577169316 12.946048306114918 0.2809410164332452
6.095522308299804 12.986488859472114 -0.37708123091940693
6.089642517802274 13.065241180859688 0.41400905343129035
6.082439073522677 13.161716910717036 0.3012210737146711
6.087064186733732 13.099773493389058 0.4927732403691255
6.077593316248281 13.22661540124503 -0.25666876543382433
6.083124053356814 13.15254398154288 -0.6496209988103263
6.0688079917449915 13.344274484606421 -0.23925349149881853
7.566688274846091 9.958596982923648 0.26325239785788734
7.644403011598603 9.897697817376212 -0.4567546885867057
7.440818485883236 10.018226024964621 -0.04637356999671664
7.542011662579654 9.958316598329475 -0.5614191404312557
7.354221860630087 10.069494064027644 -0.5625203574920488
7.3451589202771075 10.074859658289572 0.03622512283831175
7.214683126356146 10.152106130617138 0.4735629152371603
7.244967330415143 10.134176510006682 -0.4504619980855711
7.10114949007243 10.219321911222522 0.243443758368117
7.348910070148697 10.072638720292593 -0.7618830539994395
-5.606787249790902 15.487906458328071 -0.7128508052502381
-5.608593682451971 15.539927986485761 -0.04590632850228982
-5.604347613006627 15.41764995975883 -0.04015342628940882
-5.603834206736677 15.402864919992766 0.1868149596114032
-5.60618238368506 15.470487564264149 0.45033841439645306
-5.60104493386003 15.322539624387122 -0.2224211264854994
-5.662069816755135 15.793188392514068 0.14406359489185977
-5.685660728745551 15.8806350975077 0.7063702211290855
-5.716519212816058 15.995023779553646 -0.48397824366175074
-5.623328104253619 15.649578943172559 0.2732748643999112
-5.690402281862588 15.898212595678228 -0.7075427648786974
-5.620973014861033 15.640848989283745 0.20671037386261337
-5.830670169719084 16.29803595846285 -0.11276737968589043
-5.871528092010206 16.40440202257362 -0.460974511837944
-5.803145791830147 16.226381317723085 0.5350262942928311
-5.789169537954265 16.18999786800797 -0.7396861940699007
-5.80146148700666 16.22199697818813 -0.32037960301809265
-5.726638006555508 16.02720841093135 -0.04472852665938401
-5.937039447902283 16.560079336591144 0.5606889749902941
-5.9488129185651015 16.587504564305302 0.7140890710660647
-6.000790615011477 16.708581874634945 0.45060182600499143
-6.019993417290124 16.753313053768466 -0.5520303571839815
-5.961766503367984 16.617678760437254 -0.45929201294746536
-5.906317657249423 16.4885157230594 -0.4719687888439239
-6.177879440999323 17.12623605960953 0.3559137917961219
-6.188211216406109 17.15075866283173 0.2589717112052321
-6.134505584825229 17.023287648199464 0.2489215506112683
-6.133739169166722 17.021468550671997 -0.6016671900283982
-6.1310830397278995 17.015164192924125 -0.6953372810026734
-6.073474817828612 16.878430329444576 -0.7027347804583016
-6.323141755591079 17.51678529602826 -0.11845786604039812
-6.2702802886491185 17.36642026483375 0.5797517278051365
-6.281126914758003 17.39727361355009 0.6842717802533851
-6.315957583284694 17.496349837925244 -0.6500892661337105
-6.25048430149232 17.310110358988222 -0.6302672754928176
-6.240103401894319 17.280581774516772 -0.5324151310036078
-6.376610110437064 17.75221101335303 0.5550682278373408
-6.368146449690169 17.706769431527086 -0.0245735918278861
-6.349435475991355 17.606309799719465 -0.2020206301500215
-6.373116109887018 17.7334516470879 -0.35396767211740104
-6.380006471882286 18.021050617300595 0.41143111660142906
-6.3695372023344525 18.23183707937189 -0.09680788268335781
-6.37548342972776 18.1121167656308 -0.2769952205448488
-6.375054220060888 18.120758398817646 -0.683978144536955
-6.375045653802911 18.120930870373932 -0.43149776511057936
-6.38703999300341 17.87943891972685 -0.6937760398463391
-6.283117961718646 18.572969386920082 -0.2021773540019385
-6.354611931964007 18.295664404683706 0.6774522255040344
-6.28495369696021 18.565849086749232 0.40720519775726816
-6.329335295579041 18.393705360860473 0.05251570820373802
-6.357611804874371 18.284028742245813 0.4932538389585738
-6.356338402853296 18.288967910173156 -0.430331308082625
-6.166038024406701 18.814197104925803 -0.19214148116772983
-6.140182243662779 18.86490591893729 -0.19067572231963137
-6.185371107248432 18.776280721282248 0.04515909274640234
-6.265357579901022 18.61940983792559 -0.5826514710769399
-6.221212361550409 18.705988220106686 0.04842733510435426
-6.1909308934485345 18.765376770357047 -0.6298286828246407
-5.997191603752191 19.05209335414198 0.46603116151646234
-6.045515758564916 18.993136990012623 0.5187099795777559
-5.911180711646523 19.157028235956776 -0.6757843308322884
-6.058726938247383 18.977019106048452 -0.23015760573937785
-6.06999495594308 18.96327191570735 -0.02634708864790644
-5.958791220978352 19.09894253253517 -0.506124636699337
-5.643333729486303 19.379299483327404 0.22240308123976654
-5.7178311250274305 19.317571307467873 0.1993599654128377
-5.651132949788975 19.37283708771057 -0.2563541236485059
-5.742238875036342 19.297347165752022 -0.36047368325550166
-5.707785203255559 19.325895308881627 -0.5573866408766396
-5.847361479433486 19.21024309232899 -0.6052646463606364
-5.316327838000301 19.572478000437815 0.6454431982211576
-5.4612690936513655 19.4872309744212 0.48387366503934537
-5.3346123509908505 19.56172398600897 -0.2830791112779697
-5.607825109369105 19.401034229204235 -0.3355467348579031
-5.61600741088747 19.396221818360416 -0.6690732271986577
-5.592749834725336 19.409900733940876 0.14508091828858366
-5.219717719555231 19.61408067533132 0.5080560142872615
-5.109188465463218 19.661251929592733 0.0653892362866337
-5.0043829956086725 19.705980409008507 0.024574344523958444
-5.274546896144162 19.590680888088865 -0.2814891492546725
-5.181281700114121 19.63048425337722 -0.29669208093185884
-5.183767161915708 19.629423517452032 -0.12447477282138916
-4.773336120711875 19.76048166695509 0.7491445633314994
-4.642366275337958 19.785910740628616 0.5610012192093767
-4.469513254965533 19.819471841485026 0.6912108718642742
-4.372595754661095 19.838289320031013 -0.08583118164778766
-4.554185288519092 19.803031939817785 0.5585624809726882
-4.931205730810543 19.72982974143324 0.5457861106483646
-4.8351795367569 19.748474164171974 0.2273624488280496
-4.913231219646937 19.733319668197066 -0.004114544072297721
-4.623361858419198 19.789600633646128 -0.15137627656513286
-4.9210592892852505 19.7317997720791 0.05097125899262759
-0.33361584600565936 19.84457022276879 -0.3886368920651498
-0.302233501523818 19.844105812906303 -0.5092233656994697
-1.6493470494887403 19.864046249776468 0.7275425186583264
-1.0198491671592298 19.854727643535373 0.5715855620417045
-0.7374534588699209 19.850548018573384 -0.05756983581008854
-2.8874452727173106 19.88237475917621 0.5481495965109073
-0.5900187421650894 19.84836522937788 0.11452797575873869
-0.9879506656002597 19.854256134837463 0.04440118266969917
-2.736405857357236 19.88013887878173 0.5168476405387888
-2.9915048962962394 19.883915190096076 0.5651801098656962
-2.6250850547466467 19.87849104577328 0.4328699229718168
-0.3876234069443997 19.845368453004212 0.5671035249659273
-3.5161343239000393 19.891681374182422 0.7173430597997151
-1.9360237426731297 19.868290703230112 0.265714756451661
-2.6146851372407935 19.87833672134066 0.7092863798204001
-3.112713901478561 19.88570938358394 0.6643014724714281
-1.8302389188619892 19.86672459009607 0.3560067401201522
-0.6509186360734674 19.849266154711646 0.572280186060105
-3.1198151475110265 19.885814556485705 0.6274546168342646
-0.31775055254421813 19.84433561290841 -0.5784446613053766
-1.2412707464981276 19.85800548391334 0.5632188649599046
-1.4870562735736037 19.861643825771313 0.6837447774543617
-2.0709537892537813 19.870288216014572 0.21563214896765515
-0.35642553333828947 19.844906613584104 0.5668055183070365
-1.1371476754306518 19.85646429876755 0.40742093222361053
-0.3596592466541777 19.844954573981056 0.49937701217966574
-1.664392851707438 19.864269238195234 0.5348862570454114
-1.5397983449849013 19.862424883004312 0.46891759981414427
-2.0779657612667077 19.870392184253483 -0.15167178889039182
-3.075678787850463 19.88516135759689 -0.5975333729321912
-3.11555451417419 19.88575163906919 -0.19150052900575737
-1.3552460804061048 19.859693744961902 -0.5789645733355709
-2.5517928958068183 19.877406260343868 -0.36118415663500525
-2.6238795553123264 19.87847336114502 -0.004641234168018815
-1.2084514634429628 19.857520740214007 -0.6058078161750621
-2.8038191761100584 19.881137012295298 -0.3870311741553363
-2.7322714495664355 19.88007788933359 -0.47430980961158015
-2.962181288682353 19.8834812509985 -0.734100427096166
-2.497663129614231 19.876604975927776 -0.06368644352484396
-2.907900927464066 19.88267773732011 0.35652173272815296
-1.657351906247915 19.864165825801813 -0.3564677525921373
-2.723661914147712 19.879950442144253 -0.11086037002872559
-3.2199371593267134 19.887296818233164 0.31912133862732883
-3.115628041900332 19.885752727502144 -0.307806893787559
-3.657916004728831 19.893780231114558 -0.18378456999015452
-2.329502736240494 19.874115693004672 -0.2753998915015795
-1.1496308771186783 19.856650017458627 -0.7065345982839819
-3.3167736310943448 19.888730291185198 -0.6119859588952605
-2.7293252905663086 19.88003427726097 -0.7467703042448749
-2.677126126215918 19.879261571596988 -0.12575718860179674
-2.209517080997544 19.87233954205366 -0.13137296639755536
-0.7934016217167592 19.851376746003968 -0.7356978342527836
-1.5759381673240433 19.862960655987784 -0.7428556780165109
-3.1892236244145065 19.886842164932045 -0.6975349386300541
-1.8942202570706121 19.867672194506692 -0.3243851174268574
-3.1351761534238785 19.886042098734084 0.14629447959404174
-5.911780043460929 15.338318181705606 -0.07689518648198881
-5.912057879933493 15.346319903986535 -0.1458498207655735
-5.914515306442795 15.417094069350211 -0.40244976894564044
-5.9187827983777055 15.539998326607234 0.40017246974579274
-5.925380232298129 15.579037780120316 0.44062895882700936
-5.941637197217043 15.6392985849089 0.459321507321089
-5.951854217876441 15.677170714826618 -0.006791682789045739
-5.985888602074124 15.803328715471082 -0.35564097323903143
-5.9883693493107835 15.812524351016535 -0.4374123757491502
-5.967610470959861 15.735575722687873 -0.34725886731011557
-6.062237819783127 16.036410499218643 0.14633980641137237
-6.119030379539981 16.184318210899857 0.43235733874423854
-6.0572376941574815 16.023388672456402 -0.2556041948934026
-6.0786812378247514 16.079235166743842 -0.6102670059675959
-6.089285401880102 16.106852089307473 -0.16418363863341762
-6.15088958958795 16.267290769116904 -0.40843973766354474
-6.2005032607874755 16.38807124765849 -0.4058746870398595
-6.333560673079826 16.697908842320203 0.6665878663578844
-6.180646418516677 16.341832589166895 -0.603390057635801
-6.286926377959679 16.58931618611384 -0.06397591895146768
-6.32933596420598 16.688071181921828 0.5725527676006889
-6.2833874614942085 16.581075462455694 -0.6848443938409938
-6.444904687339499 16.961811475115475 0.2432852389652137
-6.394802148569611 16.84278503221966 0.4644477078238268
-6.390420198448783 16.832375022095732 -0.019457846744988405
-6.45412357176412 16.983712381685695 0.023230456350888218
-6.439222176753643 16.948311779524026 -0.08544640454718239
-6.432274453732181 16.931806373255732 -0.5146644820089756
-6.525157918273583 17.157113944965122 -0.5947088028853875
-6.518396132569843 17.13790399122293 -0.09522372683466623
-6.517053341547687 17.134089177422076 -0.18863444468255397
-6.601636115209347 17.37438534186987 -0.5350177073671925
-6.617581143935676 17.41968450952632 0.05395082674367979
-6.574848681910174 17.29828335090253 -0.49016949172816393
-6.667821253670925 17.62270780335539 0.5262654363884978
-6.645625046805639 17.503537493481197 -0.328600456372417
-6.6952427137354045 17.76993223286805 0.006254977627845257
-6.692965236141086 17.75770457107459 0.09630779954960696
-6.682032655048293 18.189266760090675 0.4552807213212486
-6.6836107753586225 18.157496525032865 0.5608258651578462
-6.698402266144542 17.859718759897525 0.07096704560801077
-6.697270049032767 17.882512208243732 0.08978029429055526
-6.687817549316696 18.072807608762528 -0.33821017405312537
-6.683513590887976 18.15945404236587 -0.41448332700670176
-6.678791900058294 18.254509886247018 -0.27676467258145204
-6.686645070642401 18.096411099644392 0.10315746133910814
-6.6254337551163225 18.48693838018681 0.6464828763817383
-6.650932998363513 18.38803389121088 0.13897390142883453
-6.6626795538238275 18.342471496928525 0.47901509019855326
-6.5773213874637495 18.67355420109768 0.1293379614557845
-6.61873319804881 18.512928943308367 -0.32181514946292045
-6.653236355462896 18.379100490123513 -0.4669111801509182
-6.550417027017258 18.742791847719342 -0.5483620193590808
-6.46363612179371 18.912988852034207 0.13544059963717398
-6.561868609944729 18.720332700699633 -0.41397324092628535
-6.452647104421647 18.93454080326439 -0.18762931652164921
-6.421644967808394 18.99534301275211 -0.5567867619492348
-6.506531798733307 18.828860716998385 -0.48692031276264336
-6.3786281323005385 19.075752305842183 0.26305579497577475
-6.3043433795249255 19.166381196763293 0.5241260213266072
-6.223678671007699 19.26479376187572 0.20364211170651003
-6.14025488338617 19.366572458931024 0.2406268184808751
-6.236133423915205 19.249598713086726 0.12028299141794002
-6.285309294422517 19.189603163022504 -0.5265300740761663
-6.051541622363077 19.443651466402642 -0.2459882196014041
-6.086204403719059 19.4149300875533 0.7308371372843152
-6.096656233657335 19.406269762109616 0.25649019893854663
-5.852426485507156 19.60863710969379 -0.45151950178777284
-6.042550702544542 19.4511012902255 -0.4067252468491529
-5.8571429453031065 19.604729078562762 0.23126573673977407
-5.7461331830647415 19.679330723101263 0.6179987963910238
-5.744312382870338 19.680401616264668 0.059984173266551144
-5.5726151563260125 19.781384352671733 0.4418097101427835
-5.522775318020972 19.81069736695522 -0.7072774965150882
-5.691436903197248 19.711500025561605 -0.43937585690585224
-5.483579030729374 19.833750437918376 0.2511099377313096
-5.33237873238552 19.903049287385556 0.29948981315988166
-5.304219268742986 19.915067103174415 0.014731290254291318
-5.369578657740165 19.887173209064375 -0.3595178902762184
-5.413492349305436 19.8684318486983 -0.6796304769075794
-5.174140485882051 19.970581756092024 0.09825086431934885
-5.06652247437954 20.01651066490287 -0.2585048091020149
-4.316829704379111 20.157076845835498 -0.13504987422012105
-4.325286493713889 20.156397340895307 -0.2103004846573035
-4.359739218630488 20.15362905663788 0.4271179110153855
-4.384625788260611 20.151629415126354 0.5909108256197462
-4.130924552350049 20.172014366945433 -0.20945744768707691
-4.148897570573024 20.170570230856764 0.2140237364046078
-3.968457081789359 20.185068665036106 0.17616618077749296
-4.309459891057041 20.157669012006647 0.7360119049458447
-3.8243910151415443 20.196644406150806 -0.0951413740185077
-3.7310181871612116 20.2041469340465 -0.11693496073832355
1.1942951769091197 20.16721103530596 -0.0656966116046841
0.065552096236581 20.150595913509974 -0.3711031994820197
1.4154785723248218 20.17046685952053 -0.25437045627393384
0.7298198290567539 20.16037394845427 -0.36377183647524103
0.019313791421105928 20.149915284694345 0.734614905615873
1.6376937776709661 20.173737871998895 0.06141209664836944
0.40844007431282275 20.15564323173116 0.48209383879166523
2.912561118718168 20.19250394596907 -0.6700230626002314
0.7849976302219774 20.161186166843464 0.03323106368592993
2.8775603735411424 20.19198873426676 -0.6335065266043688
0.30468711916850516 20.15411598605769 0.5781682042861913
1.3175845395536774 20.169025857307144 -0.17493780853445207
2.780447515487076 20.190559230961576 -0.5424427174970345
1.7391308266577312 20.175231027485204 -0.25983548096086534
2.629304520016027 20.188334402901617 -0.40221320560534934
0.17832115750653207 20.15225587645451 0.2920555388827206
0.24117681105996316 20.153181112991717 -0.4818918049638006
1.834200804400937 20.176630459549408 -0.488481182604921
0.728772198983467 20.160358527317644 -0.3000845320786448
1.3339273226036636 20.16926642341604 -0.11486969995552082
0.8709855273404472 20.162451910490596 0.0958709152395481
3.1037333407196006 20.19531800508221 -0.5365653430454276
1.3927822973936124 20.17013276987803 -0.0054397078214649675
1.933718076664287 20.17809535588213 -0.6632222598925264
2.7730293723874953 20.19045003573973 -0.4201258676956242
2.6796907136099706 20.18907608872697 -0.3744031322750972
0.1041306459024006 20.15116379056932 0.08239197318421065
2.230517109390701 20.18246424386215 -0.25706915272793535
3.346789337393755 20.198895794445562 0.39128884044785545
3.2455903033730342 20.197406142544537 0.1514377597770165
3.427787796564274 20.200088093461567 0.5829960995421766
3.1157330455837906 20.195494640989224 0.07676828425616838
3.071205439954556 20.194839193701455 0.4739400330696747
1.1516989846090084 20.166584018462864 0.37272996347127574
2.4334559018335193 20.185451507138715 -0.010998599661913189
2.3469249916096153 20.184177770327295 0.3187495170413909
1.7156781737511422 20.17488580394306 0.20977500500513774
2.4766942427220626 20.186087976422485 -0.23357525922709216
2.3057773041041765 20.183572075505122 0.014805757568509936
2.9178545547204333 20.192581865457928 0.08286670283075431
2.5113303193031125 20.186597820195427 0.46932722564883755
3.2948227086794737 20.198130844582128 0.010567763894805626
2.4032303133797526 20.185006585843414 0.5719178569433842
3.1918298265233487 20.196614787198968 -0.4368417899027688
2.168796120329548 20.18155570961004 0.6647511319458401
2.6456933832048923 20.188575647311122 0.19754576793204015
3.5222754978300888 20.201478954403825 0.693260112863789
3.202194196965788 20.196767350949024 0.20377399107525818
3.3078483689485862 20.19832258257419 0.20853275694212942
3.127651193111782 20.195670076370533 0.34335598452453897
0.6414794839204706 20.15907357672303 0.5232660670040102
3.157316289627066 20.196106747212756 0.6376710014821195
2.50949640895795 20.18657082499672 0.2589863221426567
2.411203954839574 20.18512395801276 0.27391237269867325
2.913774462514371 20.192521806415172 0.606008027911552
3.1888562412634824 20.196571015961645 -0.24020547203535414
-5.789071553323547 14.046839897001863 -0.7499990000000001
-5.76713874738763 13.581446586702063 -0.749999
-5.931967720391776 13.64042057247339 -0.749999
-5.739406290040525 14.375233448687888 -0.749999
-5.701063225131399 14.6045648810825 -0.749999
-5.683063289063633 15.092941392616892 -0.749999
-5.758541930209644 14.959475248879654 0.750001
-5.754628744499174 14.828497563537342 0.7500010000000001
-5.7265834332951675 15.058621874261316 0.7500009999999999
-5.854764589447201 13.51777283961246 0.750001
-5.9066920134757 13.580001277919017 0.7500009999999999
-5.9739580575000115 13.959139614355454 0.750001
-5.742461618694303 15.327004023422244 -0.749999
-5.607392239812827 15.475883802974687 0.750001
-5.829819771995565 15.851311376896733 -0.749999
-5.883160390301244 15.56242462082368 -0.749999
-5.7207897189968415 15.677133130871463 0.750001
-5.732858069935917 15.7192725278485 0.750001
-6.038837172981193 16.10120532860381 -0.749999
-5.7980234985364625 16.12067395196058 -0.749999
-6.037068545258062 16.00988150763274 0.750001
-6.019692260378578 16.331395258648993 0.750001
-6.222714702545211 16.538437452390795 -0.749999
-6.13015803669552 16.37789437313781 -0.749999
-6.0703003505088375 16.39289117883164 0.750001
-5.953364709880398 16.48238419471641 0.750001
-6.274752368240761 17.145285910241196 -0.749999
-6.204198666799758 16.835641143299426 -0.749999
-6.405051446736541 17.027899758991772 0.750001
-6.246311117688636 17.16594549169955 0.7500010000000001
-6.3956665208967785 17.509122650362276 -0.749999
-6.423242257015225 17.291245996151105 -0.7499990000000001
-6.498588922575891 17.171392380900787 0.750001
-6.431577099790244 17.548092688478654 0.750001
-6.422475316211471 18.21806322215604 -0.7499989999999999
-6.4886935630260965 17.956928365465764 -0.7499990000000001
-6.574891667944224 18.084373036429884 0.7500009999999999
-6.506555644822815 18.051469985873155 0.750001
-6.566449209145457 18.492449825664977 -0.7499989999999999
-6.385567481830167 18.374384236251483 -0.7499990000000001
-6.591722652058271 18.424874922513574 0.750001
-6.352687360892563 18.55361630195505 0.7500009999999999
-6.367217800629031 18.97313816656268 -0.749999
-6.19452232170593 18.86553814429256 -0.749999
-6.350873542170685 18.699364250834222 0.750001
-6.285244600437486 18.97704348468402 0.7500010000000001
-6.115213336179947 19.285064219965186 -0.7499990000000001
-6.177121037910111 18.962541883793058 -0.749999
-6.177108783403485 18.989042309350594 0.750001
-6.102148790370843 18.960008964870948 0.7500010000000001
-5.903766185408503 19.451146128184412 -0.7499989999999999
-5.91044231170412 19.248523292806958 -0.749999
-5.947100084012392 19.336322606160877 0.750001
-5.843348961393614 19.351894563433042 0.750001
-5.391441673848137 19.617613703949242 -0.749999
-5.689156822751038 19.501461580872636 -0.749999
-5.617115728202734 19.72047581158587 0.7500010000000001
-5.3638219296001495 19.667489825013785 0.750001
-5.004505807390994 19.767330519382785 -0.749999
-5.025754493645368 19.713015678578003 -0.749999
-5.179195995754052 19.916065407951617 0.750001
-5.18189096655587 19.722050518324174 0.7500009999999999
-4.319117665882994 19.929881736800883 -0.749999
-3.9045384531330676 20.153198619745908 -0.749999
-4.381248143312746 20.001740541249113 0.750001
-4.901199946220272 19.894154710432232 0.7500010000000001
-3.3570564226673625 19.929247027386097 -0.7499990000000001
-3.0117218989298893 20.149068630664452 -0.749999
-2.976278155589703 20.086457032266082 -0.749999
-2.761164990194691 20.01264123659009 -0.749999
-3.5460278062751245 20.115771704887337 -0.749999
-3.043449561691916 20.09831062304244 -0.749999
-0.8781850387906734 20.08364681490077 -0.7499990000000001
-1.1325616756557475 19.9708629966373 -0.7499990000000001
-0.48635372409370736 19.920226892313913 -0.749999
-0.18566133153116612 20.03371820243885 -0.749999
-1.0460581597699043 20.062169060645502 -0.749999
-0.3062111011060655 19.87768331764865 -0.7499989999999999
-2.9041647557636807 19.930511191018248 0.750001
-2.8605870266479547 19.94730583392407 0.750001
-2.1559791255729097 19.912344312808585 0.750001
-2.400903403025544 19.90841937292837 0.750001
-0.31178872792065976 20.12585702953296 0.750001
-0.16702293858100825 19.910034430307867 0.7500010000000001
-2.7077958568573344 20.096533446870176 0.750001
-3.097939232953377 20.081522778231204 0.750001
-2.543820532440961 20.12314396508458 0.750001
-2.5194360847350734 20.164432109019334 0.750001
-2.516439067711136 20.090707214516847 0.7500010000000001
-1.223710489052309 20.16571530995282 0.750001
5.653747440026628 14.521739839553168 0.704784209899865
5.623075105436982 14.925500391046281 -0.3761945025461926
5.604484914926962 15.17021556102299 -0.4117146809008129
5.619085942258748 14.978012426611507 0.05057348354985941
5.669434478061285 14.31524081647898 0.16700720671303992
5.666875597161835 14.348925085283094 0.5685404936707091
5.642549604065261 14.669144479068839 0.17851498443089198
5.632958409385297 14.795399819761666 0.7033440328548025
5.620709358357348 14.956642309597488 -0.22951735675685436
5.604888999346704 15.164896326268043 0.3397800605786693
5.614825999117304 15.034088920792003 0.06392111531273853
5.671636360410584 14.286255959487487 0.3390668773402403
5.602657073757308 15.194276662617469 0.15995912229135506
5.604837631776502 15.431761487846327 -0.4920716751203443
5.600299355113101 15.30106849700273 -0.28568544950181834
5.605944417235234 15.463634622199383 -0.27245803221352555
5.607528957884009 15.509266118879967 0.09865362891433749
5.610277631469275 15.588422238780803 0.07075276068910241
5.605776251692069 15.458791802022642 0.20490929172364475
5.6778895332075505 15.851825281736298 -0.3498736571544109
5.691204745379149 15.901181834721045 -0.5618145778639279
5.629423343159696 15.672171811236746 -0.47724658405893805
5.646740901740108 15.73636413317238 0.29869566022263394
5.706408426966979 15.957538041808048 -0.1779000188760797
5.649800056551657 15.74770362934188 0.3440603486754432
5.76766000460305 16.133998001295897 -0.5086328310920782
5.7835422192165655 16.17534488918515 -0.6251052612952753
5.73245463283059 16.04234591634549 0.010365477108854937
5.796024343817265 16.207839135586216 0.13391282670129145
5.792999960569053 16.199965613826645 0.3864892756470177
5.8569795935795845 16.366526856676874 0.44888402321300636
5.942297806759548 16.572328204677145 0.14733971969263626
5.951711002294926 16.594255386429154 -0.0563857534046413
5.967726260381353 16.631561471652464 -0.25199989373850634
5.961059066961252 16.616030851753095 0.28025759193831395
6.015886588292565 16.743746569622306 0.04360887324305851
5.913224891867153 16.5046054970684 0.6508621075443027
6.16270160217098 17.090211261866298 -0.5111044842573683
6.079888073273015 16.893652274602466 -0.6663390239190548
6.088911740004077 16.915070064879817 -0.3572676973407023
6.219003620247611 17.223844833594505 -0.2885874828951498
6.115303883667637 16.9777121609149 0.5492174752511225
6.118832474631128 16.98608731743198 0.5511179330419981
6.2542058451706035 17.32069701419346 -0.7438851625444877
6.257494172127258 17.330050776348013 -0.29457633161410934
6.246532380788005 17.298869573770904 0.16068303670202555
6.287487506882033 17.41536787626422 0.24115741170200639
6.30472233752883 17.464392960682268 -0.010128109128907326
6.300829405362352 17.453319377656904 0.5651093705571462
6.352438570035913 17.622437820602467 -0.5224319433013705
6.347574161311754 17.5963212674173 -0.6965569136088673
6.380113402254995 17.771021393350097 0.2455240487106039
6.385589924028009 17.800424323955887 -0.14366152590926212
6.38241960183043 17.97246507635491 -0.605391518092511
6.383351302677326 17.95370637267183 -0.011024177467400198
6.3861886153793055 17.89658040953679 -0.07943327014510998
6.373518646111486 18.15167537908686 0.30115244748417724
6.373763338113005 18.146748792655806 0.12142282546873301
6.375283735561623 18.11613737342811 0.7058977584812712
6.321225075888526 18.425162619696323 -0.4095914757245802
6.363685424258679 18.26047088261519 -0.6465262186481752
6.352568253922252 18.303591256432476 -0.46771323557126865
6.300119637100843 18.507024674748294 0.48682597531216176
6.289711302185953 18.54739567553029 -0.3477000453548081
6.319446329528245 18.432061876041274 0.19445721002820193
6.276506400833731 18.59754456623839 0.1680832309823715
6.169855044466498 18.806709733005498 -0.6849458491486263
6.1786913908536265 18.789379846835914 -0.2857836490471063
6.205430378390571 18.73693921243751 0.6835497429480477
6.1766678242477715 18.793348475655982 0.34621597010880767
6.145367213389401 18.854735388238325 -0.45113940247525697
6.0364152065153185 19.004238612092283 -0.7059537306964173
6.029113685505449 19.013146602992993 0.01226269565472271
6.013186952820821 19.032577511928388 -0.21847127442430253
5.926113324862516 19.13880895117174 0.3928635713781955
5.93257497370774 19.130925619871455 -0.58798292977113
6.021555201684805 19.02236809328336 0.6222808069657361
5.775638191345686 19.269672240319455 -0.642479578691088
5.876728914408586 19.18590865432815 -0.006961758375594762
5.901301214843521 19.165548091675873 0.3909270195800806
5.877932684785586 19.184911212422183 0.6009740650620864
5.706199642141347 19.3272088936459 0.20203593655608437
5.727989306102906 19.309154018424262 0.6125326481157157
5.468198392581731 19.48315520574743 -0.6885096681892189
5.514298395642437 19.456041627357376 -0.6451362196754913
5.457227861182421 19.489607490852137 -0.48868017723324997
5.355275936137767 19.5495702094679 0.36735305900504855
5.439562230807684 19.499997478317965 0.6471789069997741
5.367814917593544 19.542195445171572 0.5487934733178124
5.0395821921988855 19.690958136725907 -0.4788629448012546
5.180414011468264 19.630854297871014 -0.7475116453190579
5.218995759396488 19.61438847947679 -0.2915100455230502
4.9935901340708835 19.710586508102992 -0.589911528488836
5.121990080863507 19.655788311565896 0.6076785951697694
5.2416963609906615 19.604700375558203 0.6060646667737963
4.136554177377615 19.861062187365054 -0.6147745586563902
4.10128089660195 19.86379939215751 -0.544782498452731
4.1744294062019796 19.85812307153648 -0.701304004889918
4.014324705558872 19.870547188155584 -0.5815837755637489
3.967956378757912 19.87414536795476 -0.12809688876112724
3.821244999710637 19.88553016349987 -0.32758532454887
3.7119529701442824 19.894011219430247 -0.1908227863282006
3.9202971119284657 19.87784372463443 0.7230782561399035
3.977307801332069 19.87341969803908 0.37216675081117795
4.144797839063998 19.860422479637865 0.31690576809091975
5.910238188014261 15.293916244221867 0.6919078885170582
5.91032890246469 15.29652908056951 -0.18447684371845519
5.913490108324284 15.387580875881817 -0.42318776168739397
5.918055830232351 15.519086761638848 -0.22108590046140908
5.939020409821168 15.629601720016826 0.36477558078779204
5.920862229737057 15.562294240553326 0.0794673205394189
5.989079126914919 15.81515589213923 0.3459963558799519
5.979533452863112 15.779773187918153 -0.6301327053616392
5.935857994836863 15.617879532611525 -0.5453344340840409
6.00861453809398 15.88756912234086 -0.46751235776585803
6.060274552232719 16.031298154972173 0.20498264891047524
6.061975536073705 16.035727817397795 0.6996369469165064
6.036436454498341 15.969215063137664 -0.016273141373128408
6.118774457332414 16.183653555123115 -0.5150894152444665
6.128508461343691 16.20900444472329 -0.560247286845568
6.139111527849244 16.236618689395282 -0.543501795168715
6.197124464820645 16.38020535081601 0.4781692281150941
6.240726852086487 16.48173732924719 0.683816464271794
6.221750944359469 16.4375502657659 0.5345393916310114
6.297362298826898 16.613617928394852 -0.6122443896049857
6.298396370350496 16.616025854524906 -0.41135180436459495
6.294056495164984 16.605920074971074 0.14786546827322455
6.393945208709743 16.840749237112266 0.665669154201628
6.375543394463337 16.797032839772825 0.3585566315601116
6.350918447826211 16.738532414910562 0.6502882926675346
6.476238818465447 17.03625062053048 -0.42098584202428446
6.476354001426941 17.03652425572992 -0.4888120532198855
6.50128283273508 17.095746606313497 0.34093614951564033
6.517175799917597 17.134437076590192 -0.5708942937185997
6.537415022964306 17.19193587284606 0.5803267110320374
6.534131125878415 17.18260645693759 -0.3555865203316276
6.619558960263243 17.42530340397636 -0.19309749262509956
6.593684719030476 17.35179575393048 -0.13431135281692536
6.601173890083467 17.373072179389474 0.21623910390753193
6.700358629187088 17.79740460843315 0.7270383151465828
6.680294234451262 17.68967800938116 0.2499934972957652
6.6626680008094095 17.595042002198632 -0.6868691913925271
6.692022084227424 17.752645339680083 -0.4507247616664778
6.696009923593287 17.90786932755515 0.1609691878228019
6.70002219269438 17.827088831619225 -0.6313518118966072
6.6911034214622696 18.00665374741032 0.07733908092099306
6.699468152155248 17.83824353445496 -0.47194508640445815
6.687563578273457 18.07792316162273 -0.22802532437793077
6.681639223711794 18.19720047175402 0.07329611280528575
6.679487714246914 18.240517210600835 0.5045714345758642
6.680749763814381 18.215108700458888 -0.17420361737976714
6.632675584636964 18.458850017907725 0.508668868241086
6.648612505674564 18.397036266949115 0.18844536415371133
6.652414719590469 18.382289486251793 -0.3973626506502461
6.572639541282771 18.691710222044364 -0.27100301470985566
6.572113755295139 18.693749566661033 -0.6810368245360209
6.583680229360117 18.64888715653024 -0.22542824003036493
6.568450150759235 18.707422853666476 -0.13716958201195267
6.554566925449839 18.734651296712244 0.3595730533675613
6.4807430969247966 18.879438107098007 0.1333255769593934
6.464525988913313 18.911243872114216 -0.7436902974261076
6.46630283423646 18.90775903839552 0.07557286857821849
6.409964903411556 19.01825167296682 0.024201728446623882
6.314174031535449 19.154388487038755 -0.23453659207748617
6.3212099017430345 19.145804617970608 0.6634526973314442
6.382256993958894 19.07132623347639 0.500853735756414
6.269780875854865 19.208548814708408 -0.40302786552587727
6.288860619561693 19.18527123610034 -0.42384695223796875
6.279474866240407 19.19672199844229 -0.7219602996977432
5.981112381300545 19.50200872555777 0.179466996415244
6.0321329116706845 19.459733411098554 0.47313471985975397
6.026321762186194 19.464548495733 -0.050394502404575825
5.850996161284902 19.609822268018018 0.510616325267246
5.89211284075044 19.575753226765134 -0.3065377277210808
5.935946385773504 19.539433006526956 -0.6954972512235921
5.59963663326125 19.765491826405587 0.1767316842035297
5.59746898469053 19.766766716446885 0.40763810087846797
5.604522110814376 19.762618460877793 0.4042476076437478
5.469971431152489 19.84175366935584 0.5788104654993625
5.712262992282224 19.699251281031565 -0.7024774149971716
5.666159510608588 19.726366778649083 -0.2148162987940016
5.40695486080522 19.8712218994434 0.7007300315972294
5.11768222715562 19.99467685114593 0.7140983902083136
5.3162248129227185 19.909943411181253 -0.24212768367239018
5.138433319039524 19.985820759181816 -0.20530902166467696
5.061564033603164 20.018626814152263 0.19029624199898676
5.152834796894073 19.97967453743057 -0.2918890254836586
4.197487641615782 20.166666030648692 -0.22600592427244748
4.28578104617514 20.15957162482217 0.023514869883326905
4.304696200993868 20.15805178554057 -0.24662273927368478
4.136277343088457 20.1715842994671 0.6738826820868608
4.112122359231659 20.173525160837986 0.4516750939661499
3.7343855702194153 20.203876443476062 -0.05583620889126012
3.9000688201940052 20.190563736600133 -0.5558075324667273
4.002695020504117 20.182317685640072 -0.1290611294873471
3.739841564815239 20.203438052408877 -0.3477639057750447
4.066515999746688 20.17718964771638 -0.15541743093656896
5.709724345018318 15.010598477027838 -0.749999
5.822372680446618 14.845734279041416 -0.7499990000000001
5.6315941724580885 15.100317509581608 -0.7499990000000001
5.970036515332424 13.869259030800437 -0.7499989999999999
5.9628918952615 14.012374106491983 -0.749999
5.796317162669759 13.763621143454495 -0.749999
5.98468688600129 13.731636648208852 0.750001
5.894443998601192 14.373903904732082 0.7500009999999999
5.875954166720938 14.066710279239292 0.750001
5.626395934302973 15.235229607871444 0.750001
5.7847729885014125 14.399619084548682 0.750001
5.78928489508641 14.220108328634002 0.750001
5.735240634846139 15.32075860439425 -0.7499989999999999
5.68154345826842 15.506433223746727 0.7500009999999999
5.897897513063057 15.63951923151889 -0.7499989999999999
5.683246088228553 15.640472308749688 -0.7499990000000001
5.924213262099164 15.642099110233234 0.750001
5.757769937871139 15.972641698253515 0.750001
6.100067048027206 16.141100136769364 -0.7499990000000001
5.775297234258966 16.069399690979406 -0.7499990000000001
5.902843211010609 16.028105776754977 0.7500009999999999
6.055907801151292 16.354722793171057 0.7500009999999999
6.224383105155102 16.706787797027225 -0.749999
6.015013196115033 16.65338334722434 -0.7499990000000001
5.995601159264506 16.47100690692624 0.7500010000000001
6.085950180894716 16.796378719373543 0.7500010000000001
6.344446268935317 17.165227298456315 -0.749999
6.167506179960825 16.964831597306322 -0.7499990000000001
6.302363476938308 16.77951782491024 0.750001
6.205227834936514 17.12812283268049 0.750001
6.509025550912308 17.280906147648263 -0.749999
6.448338582311624 17.18803698656779 -0.7499989999999999
6.39320591403526 17.186357643299267 0.7500009999999999
6.3140381965890136 17.365298109204478 0.750001
6.549201879165923 18.05685343005956 -0.7499989999999999
6.3962794003028 17.932945407037078 -0.749999
6.471694993828546 17.884656190007412 0.750001
6.444157409912776 18.246044048760876 0.750001
6.443441700262933 18.61146221478868 -0.7499990000000001
6.522868027768481 18.302686461531653 -0.7499989999999999
6.6081306358587 18.43586176088969 0.750001
6.484910821795291 18.5404810904749 0.7500010000000001
6.443906322882923 18.906527527386586 -0.7499989999999999
6.315468293410227 18.766051746186847 -0.749999
6.413178902177913 18.74033599261775 0.750001
6.311676464325412 18.966350716824348 0.7500010000000001
6.173816679608116 19.145967428592677 -0.749999
6.086921533598719 18.95170901979867 -0.749999
6.289924635628854 19.04266947286383 0.750001
6.055053902821127 19.03417025794632 0.750001
6.022573442857948 19.416410209159963 -0.7499989999999999
5.888341705563376 19.340299899920034 -0.749999
6.00550465520182 19.329608201658523 0.750001
5.8368644760450525 19.34057153993085 0.750001
5.41568430556377 19.602192125798666 -0.749999
5.641352086303036 19.45666300286607 -0.749999
5.77011884383206 19.623062181385574 0.7500009999999999
5.337250992979706 19.589623801688088 0.7500010000000001
5.0790991608048675 19.963204557894958 -0.7499989999999999
5.266751010549966 19.732906774728526 -0.749999
5.240613202624919 19.72789487708166 0.7500009999999999
5.021983294952045 19.757228507907122 0.7500009999999999
4.372354379355046 19.8741140128799 -0.749999
4.669501515243216 20.052750900310887 -0.749999
4.279381809608808 20.03953548994528 0.7500009999999999
3.9558562765399974 20.0279838864379 0.7500010000000001
-3.7645011413612877 19.889933484018997 0.06753308746372932
-3.8454297136953572 19.883653430925882 -0.11984162783814908
-3.7957838678573483 19.88750594603548 0.08724924755731459
-3.9974452452274134 19.871857033417985 -0.038487645413303795
-3.7361400851350073 19.892134300538316 0.24272439415304053
-4.222227167045919 19.854413967728334 -0.22470323121368166
-4.3229320919523735 19.846599270682404 -0.4409250202857274
-4.216649112171407 19.854846824502626 -0.11722878058391126
-3.87658089375414 19.8812361009392 -0.6983599766837209
-4.086835900491442 19.8649203231203 -0.42628366883202484
-4.925836217470975 20.0482382902316 0.3682791655653479
-4.796178280576887 20.073056214743495 0.3548939809095025
-4.725769042531266 20.08653330065597 0.6266457458754264
-4.719451892795218 20.087742471101183 0.5269280025492372
-4.827016738759191 20.067153401961143 0.24857082371215775
-4.802841649346586 20.0717807742492 -0.7255260123851732
-4.7467825284433465 20.082511093303374 -0.4058622143162859
-4.499185996695628 20.129903734136008 -0.672107671462266
-4.683746600132334 20.094576848380424 -0.3574158122848144
-4.397470860679922 20.149373105836844 -0.023769584441602917
-4.784972675080749 19.938458217261964 -0.749999
-4.627812703042974 19.971505419970825 -0.7499990000000001
-4.011751440522675 20.128582071319315 0.7500009999999999
-3.782677070401761 19.91106024191231 0.750001
4.848062443981619 19.745972822004155 0.16706412722926478
4.817440764606392 19.751918319905727 0.4050415004466891
4.81261634353615 19.752855028340228 -0.0014831911475743365
4.90444223611074 19.7350261351263 -0.36042174606210103
4.8290751103949185 19.74965939812602 0.1005141559997581
4.412511803953205 19.830539229502108 -0.357825074480675
4.537383303717959 19.806294209145122 -0.26043982732078175
4.356347706409816 19.84144403717108 -0.14316967002057363
4.478342895141729 19.81775748067235 0.37053396024601226
4.923755095757829 19.731276354942853 -0.682727997058898
5.015687069440167 20.031039870181754 -0.6148866336804238
4.788655568796042 20.074496142738447 0.12249967752052965
4.957046014276172 20.042264399240445 0.4499341286531593
4.664538584420635 20.098253469306037 -0.7073555199268478
5.009606490902435 20.03220375835361 0.3413918620693713
4.746350217925876 20.08259384218898 0.6067802926741535
4.39289619414313 20.150248746244955 0.360034204322943
4.669762910943808 20.09725347698483 0.014235558778812107
4.509843042142673 20.12786386094536 -0.20853384721990173
4.907884421076578 20.051674457260333 0.48303087308571785
3.883211113338305 20.000433373388496 -0.749999
4.215656449185692 19.909777978300983 -0.749999
4.536081685245119 20.0972393697429 0.750001
4.383544555359386 19.979426170193246 0.7500009999999999
5.696844126766754 13.954434234332961 -0.45830818599267376
5.765534229698021 13.050223414355829 -0.27013563036454635
5.751114181601775 13.24004512461018 -0.2405867695934129
5.704705484743545 13.850951302554204 -0.32321095102913655
5.775638901859191 12.917211373676407 0.07868163315393141
5.721784403947216 13.626131049265894 -0.1705780854538136
5.712188302589585 13.752449120879884 -0.5895890856906839
5.722963491236248 13.61060987313702 -0.604153394534745
5.756758684587458 13.165744658906132 -0.6116204929364757
5.73932774509861 13.395192870036215 0.16179345089070393
5.719075459271865 13.66178823609501 -0.040870761729863675
5.736596394471823 13.431147879773086 0.12106936840994442
5.701487618643309 13.893306648057036 -0.07367171308488296
5.760589934774132 13.115307218115014 0.3956513753666051
5.653956230564417 14.518994780794738 -0.3239692649890622
5.666176090616219 14.358135840955423 -0.12564947993549763
5.69768175556591 13.943406987894633 0.15970258878183574
5.728164223066951 13.54214962653372 0.3400849774360599
5.707567149230487 13.813277932328244 0.30959629873544003
5.699366932567304 13.921221743949417 0.27859315905369025
-5.76001992856519 13.12282400678146 -0.5200358359756394
-5.751241879849137 13.238377023155754 -0.5467404295866114
-5.754770439422538 13.19193529344856 -0.6316716245478815
-5.739897093566995 13.3877080521311 -0.33985268422551373
-5.727844768656145 13.546361746455737 -0.3471992754987417
-5.774874650003921 12.9272722706731 -0.3220118272657997
-5.704641823654805 13.851797088789366 -0.35841546678197644
-5.76228212472472 13.093046794828169 -0.008456467477520033
-5.773790589714586 12.941554678513388 -0.06832875120263
-5.631888521509388 14.80948504722689 -0.5409178679963506
-5.6501790546947355 14.56871937526802 -0.486427212898207
-5.717100562554718 13.687790129688938 -0.07303662776316497
-5.67397755363936 14.255448490383685 -0.18837813009827842
-5.644701191659065 14.640825555722039 -0.4281410251109803
-5.707460540986682 13.814688403842707 0.016898520187566768
-5.746613477961512 13.299308183423442 0.49315255958308446
-5.722003695524128 13.623260082258895 0.2776029152196685
-5.682603941028438 14.141899820010348 -0.06310324931009631
-5.709809719021968 13.783762506338537 0.42502075752927443
-5.71114290208775 13.76621237047102 0.4223027025245715
-5.601026528606245 15.215740873413422 -0.06868918530188949
-5.647406564989863 14.60521385302828 0.6841462081298721
-5.628465990111334 14.854539503601814 0.3103075289402719
-5.602269913022245 15.19937349119716 0.12336971496366685
-5.6199953928649595 14.966042833503 0.3384893168608168
-5.6559201419456775 14.493144756560532 0.25384119917163733
-5.611440526304052 15.07865544872441 -0.2468533013696082
-5.622218936098775 14.936773058593584 0.12318898896333572
-5.624653119131447 14.90473051119846 0.3841676898644685
-5.639356463375277 14.711181957751165 0.0438653161693324
-5.6795815706510435 14.181675799398505 0.4990252909154436
-5.628409923986964 14.855277534153858 0.35690018512848243
-5.677654842793694 14.207038423267772 0.2564849284332654
-5.926014334799941 15.030212752669723 0.4207077911260074
-5.918700669027114 15.126486701418767 -0.26198889872234477
-5.954125791651336 14.660165632629433 0.2488276384891755
-5.966250345566838 14.500563222767788 -0.012954331574344835
-5.991617704255409 14.166638230002087 0.6507990939100727
-5.9574171081044955 14.616840159279857 -0.1914126433699787
-5.93805329112009 14.871737112715802 -0.008097850647206417
-5.929445206158288 14.985050238606634 -0.19677282746668423
-5.94387061594146 14.795160352291521 0.5792790462358233
-5.941703493330192 14.82368742171068 0.7313895349559271
-6.003782252530203 14.006509351606551 0.6005015907564759
-5.986898007559093 14.228766286159699 0.37632846689570604
-5.909193734260935 15.25163189930846 0.23124061202504786
-5.967060092552714 14.489902895515963 -0.6989356118730854
-6.041753976612527 13.506664511240064 -0.584816316530888
-6.044566516927503 13.469644339199554 -0.49745460519505935
-6.072649650349582 13.099970315749355 -0.413498317245249
-6.040733800880496 13.520091798874216 -0.3153935737955911
-6.041132716093179 13.514842012770341 -0.3620385113632088
-6.052902915265842 13.359902085773475 -0.04122438288093348
-5.944225945293123 14.79048196818984 -0.5741061879977145
-6.012239774584613 13.89517529985955 -0.3830144290325528
-6.08640575383791 12.918884647247259 0.15593329596810884
-5.995623313990725 14.113909391840545 -0.250832306544555
-6.059052149638371 13.278956540680088 0.021205869865459134
-5.968666347340684 14.46875936238905 -0.2948756405735306
-6.020732350812668 13.7833869010849 -0.00335158798376501
-6.063807134221605 13.216365813832144 0.4351901400146363
-6.020098249757658 13.79173043113051 0.15846640839551362
-5.963114890064226 14.541838003157842 -0.2428628936082103
-6.063516400542671 13.220192993258523 0.5526295514786925
-6.035303377099471 13.591579470818875 0.638330781432273
-5.987445369667656 14.221562843464797 0.017652074215589557
6.045176125451135 13.461595848447852 -0.6692377010495574
6.024967009635899 13.727643903814002 -0.524557714183654
6.006740893827825 13.96756409747978 -0.5615796288012239
5.959870190178834 14.584549445859441 -0.6472934522041589
5.998536589349045 14.075561242991082 -0.5406330522545651
5.96807629824643 14.476527268227157 -0.6097928114066185
5.9479171385754634 14.741892585792158 -0.5882953882860666
6.034999812483296 13.595571323515115 -0.1525633782489739
5.9906896006087615 14.178853114581152 -0.34847485944001183
5.943481674826231 14.80028001162563 -0.5474749535850508
5.9957729840179095 14.111939245292918 -0.2481912474956921
6.014823702668447 13.861165514214512 -0.06630924372456436
6.0596672692666935 13.270849944817552 0.36109686062019325
6.0565420183373835 13.311989256009252 0.3412520516484478
6.010948237540905 13.912170966877838 -0.0011698348005568238
6.029935492600148 13.662220805438796 0.3752945440769332
5.988754567461695 14.204315552805102 0.013360258842785903
6.0716489434628755 13.113113284133531 0.6168590430973488
6.005226416732776 13.987487671685722 0.2768892447425453
5.9336700120936 14.929433452703176 -0.4986723280805978
5.938173508216969 14.870151717269833 -0.2699639150469546
5.916263187865281 15.158571922886965 0.5226962014588974
5.956730147213095 14.625878263074853 0.4953195356897876
5.969906274499606 14.45243208427809 0.7264001912167868
5.941100680023474 14.831619396392849 -0.006278219478066699
5.938401131271523 14.867155362714342 -0.2468746446304916
5.967493849461501 14.484188449057687 0.5927053916888885
5.923097853048791 15.068602652428515 -0.5668517851182134
5.984864538278696 14.255526450513202 0.6545774870242937
6.008738781628004 13.941253812540097 0.596039043585164
5.960780750168385 14.572557466368734 0.5942824723439085
5.929208691250163 14.988161600803421 -0.0678367022887538
5.968017936848448 14.477289536149147 0.1521252957813812
1.6586565311106285 19.864184033368325 0.22187763612984768
1.274838455144869 19.85850215670015 0.6412323247054845
1.9686666124194792 19.868773288429992 -0.0002817730192252177
3.037348410885344 19.884593591215694 0.05727258445141559
0.9585843223529378 19.853820467402944 0.5806438288924901
3.300202532551755 19.888484769861392 -0.0791628953148106
1.4263386734993146 19.860744900358654 0.2025757628009598
2.876941822161653 19.8822190015052 0.31098587510121045
2.7838489387905945 19.880840894753277 0.7107585253022444
2.2847173425092855 19.87345196664164 0.3853101633991618
0.9387718338097408 19.853527171898016 0.7178103598894601
2.3396416031141194 19.8742650416227 0.4857863008960126
2.4690482515972056 19.876180721635613 -0.0587629527405118
3.4562998476186078 19.890795566949855 0.08538879667580325
1.3722222191172764 19.859943783791273 0.20242852418601315
1.4287740607489017 19.860780952777386 0.25626839023133396
1.6009127172540136 19.863329218941313 0.41362696769440477
2.047296857196663 19.869937296540055 0.7486110537461691
1.2104326887443186 19.85754872161118 0.7067941753896669
1.9259879206333907 19.868141491549462 0.6019746568228171
2.245213683941327 19.872867171578612 0.17134887100194676
3.2533493343366677 19.88779117539454 0.6974618142117941
1.143857864417953 19.856563176727512 0.4811464707782937
3.2964046832467613 19.88842854814411 0.09026088204095321
2.1563342999717072 19.871551439648094 0.5482959796964834
2.3745425512995335 19.87478170015342 -0.1380561122209803
3.516731933945296 19.89169017739895 -0.5128551380009263
3.065416868638912 19.885009104515376 0.15432828985804073
2.5250957217334036 19.877010755381512 -0.5205281888369024
1.5762160328669508 19.862964132176998 -0.27220246160688444
2.368029561780109 19.874685443969106 -0.3279796228926315
1.8418440309276614 19.86689667622568 -0.6063241609033088
0.0991275563704607 19.841099020738266 -0.4745974327120593
0.751042748158121 19.850748458909234 0.18564526482140256
2.181543779571999 19.871925024922966 -0.42931312623990436
2.0940800277291363 19.87063016672835 -0.3319082813423887
0.653974238877663 19.849312769071616 -0.727833801752833
0.4373913350347502 19.846106111229297 -0.29645900867235364
0.14258408366233166 19.841742069343915 -0.29492610690835447
1.5968751726599943 19.863270223735498 -0.4775108832232391
1.0126181743865348 19.85462132652177 -0.3838984518141587
3.622811214585745 19.89326055349643 -0.7346651124690866
0.8580990741586065 19.85233406056362 -0.44729425685837904
1.2326452268838592 19.857878279086346 -0.2984445768890013
3.0199887297901795 19.88433691987386 -0.707801339307821
1.4974808904845949 19.861798484279973 -0.17513656779589842
2.650342325892618 19.87886494687331 -0.6424552682186621
0.5263118099053571 19.847421407422825 0.45057020940497067
0.19113785576049597 19.84246006777281 0.2633689618174841
0.49456999090393006 19.846951568782483 0.42328640829003655
2.226637756285096 19.872592407160113 -0.3204588522674733
1.070830608094606 19.855482585150526 -0.03767840044223622
0.9048209085947396 19.85302592787302 -0.6293272205000103
0.18922948401222442 19.84243164123879 0.3960099110765209
1.7449953754317942 19.865462363308325 -0.11161722088040332
2.1061599544173704 19.870809426303985 -0.6619750228187382
-3.2062390011618236 20.19682690732752 0.6872713557886829
-2.8636684401936554 20.19178426284591 0.023291637828722206
-1.236299860688678 20.167829369688125 0.3194456823010451
-3.7194535180270343 20.20438143374112 -0.030331612006314353
-3.5454662705984656 20.20182033850095 0.14763769011073702
-3.290763850776364 20.19807111455088 -0.27721794495042457
-3.369474149689389 20.19922973148907 0.6090639023100476
-2.767608553196331 20.19037025967616 0.6282814995712357
-1.88300412484276 20.17734886745132 0.6928649906933252
-3.170962312726143 20.196307633874 -0.03011127615448246
-1.5211197172994326 20.17202192281976 0.3257260574078446
-2.8324035542329637 20.191324043193024 -0.1142280140486559
-2.118121433713806 20.180809798235217 0.17321994672481067
-2.2322775405295494 20.182490178068353 0.09335045986531176
-3.4217254458214925 20.199998871456472 -0.05187306092900112
-3.452046188473821 20.20044519330381 0.2571394052429885
-3.4091790857631192 20.199814188823108 -0.5501840308412206
-3.5403671388452094 20.201745279194856 0.2745988007104818
-3.404978874079691 20.19975236163572 0.1700802002136652
-2.663946622333329 20.18884435429146 0.19177598687235195
-3.3543715675454004 20.199007421223143 -0.1748901988816261
-0.858096635319834 20.162262211780728 0.49783648383692997
-2.940465301935593 20.192914713956398 -0.0015483463736493674
-3.5195320340719163 20.201438586098366 -0.2609535003747171
-3.18673981816492 20.196539879022293 0.016979632575834458
-2.6540426913695154 20.188698568259298 0.5667470584238975
-3.107100080832256 20.195367580734775 -0.19182473368359082
-3.002799984068338 20.19383228153717 -0.2916314354411372
-1.3989560933676313 20.170223672198535 0.1554587174791523
-1.4668577010943467 20.17122318501869 -0.5579511726836051
-0.9845063342477057 20.164122964698084 -0.7196032289169505
-1.3196529982547927 20.169056329290214 -0.5306903111766557
-0.558591815871279 20.157853495746462 -0.16123167436611202
-0.600856901759233 20.158475638529293 -0.28284779804696314
-2.3835673745961237 20.18471716699794 -0.44938844688133006
-0.7178223668796977 20.160197372164436 0.35066905297124035
-1.1633389934244978 20.16675538448156 -0.5095777515913082
-1.6431735719401759 20.17381855763515 -0.3193231128278717
-1.656424087795818 20.174013605453823 -0.6282527747912334
-1.5890175447067032 20.17302137999355 -0.27086387218192126
-0.1121574592535785 20.151281974427057 0.4065009082763349
-0.2498052835131055 20.153308152740358 0.19401070717337673
-0.2977901597927759 20.154014490935005 -0.32002277315720634
-0.02256682917134196 20.149963198829084 0.41615174483542644
-0.6105762381160895 20.158618707325708 -0.12402659989192122
-1.3084081972176524 20.16889080562777 -0.7026587583114419
-1.729939570567785 20.17509575461009 -0.43280160495116105
-0.49792917770854567 20.156960540681354 -0.14040191091189053
-0.33379268184210364 20.154544448671658 -0.030475253525000787
-0.009455852713089075 20.149770205032716 -0.7377306222871537
-1.1569056191299931 20.166660685102574 0.16547710606358826
-0.26126250222065966 20.153476803194522 0.33639548712861755
-1.8893510367298585 20.177442294102207 -0.29892805350046125
-0.5120952130516603 20.157169064962446 -0.6542399598955397
-1.2013538610782182 20.16731496397973 -0.6356405944994182
-1.4351935759395602 20.17075708855808 -0.7317526153474346
2.8767301330420643 20.1771713764584 -0.749999
2.9956232657213677 20.029467419943174 -0.749999
3.10753227547249 20.041640880995256 -0.749999
2.496726122946551 20.043302972780893 -0.749999
1.774844308410418 20.1531980261003 -0.749999
3.0832121286490124 19.986864404620256 -0.749999
2.2284287727550534 19.96057881629889 -0.7499990000000001
1.7537890711326405 20.017930708825823 -0.7499989999999999
2.9404990391734893 19.893149534992318 -0.749999
0.7358272654977335 19.86615849571398 -0.7499990000000001
0.6118750566789589 19.978624035069053 -0.7499989999999999
0.908506940539912 20.01711326416132 -0.7499989999999999
2.586158306494525 20.078750961151066 0.750001
3.1015811189853757 20.07169579937407 0.750001
2.8661184876836416 20.022451743751297 0.7500010000000001
2.3785758645247594 20.166359595670713 0.750001
1.2390858745686382 20.0661364258303 0.750001
3.2559121871652006 20.06371862444999 0.7500009999999999
1.597403020604536 19.93599923477152 0.7500009999999999
1.289136823686463 19.92561328315994 0.750001
0.05880460812464312 20.145020930034917 0.750001
0.22047767829089485 19.90709020214936 0.750001
2.7104323959775547 19.928024582972206 0.7500009999999999
0.8801992436269018 19.940267655701998 0.750001
4.32980524835125 12.256216507122058 -0.08396130024511805
4.263567490703781 12.87539145744775 -0.41505502204603323
4.117906444065524 12.986802601141891 -1.1470007088067529
4.188425891889261 12.94727648796532 -0.7925966269686474
4.1655337117011335 13.095977443239489 -0.9072257080349633
4.06416454275366 13.091933557059654 -1.4168562239196296
4.163933553262358 12.782056156310485 -0.9162368656462775
4.329093603360775 12.402362895768816 -0.08708898326051738
4.314160948443331 12.695673586676634 -0.1612574905266838
4.2331549749035515 12.500259955912675 -0.56910439408985
4.339875180047347 12.124956107813752 -0.03374041963545486
4.140462007918914 12.345246330707088 -1.035580721784386
4.043682292788386 12.04143227235313 -1.52306008145686
4.100383225264055 12.214923644992481 -1.2374713884442596
4.187134559479001 12.475212144341388 -0.8005420375243297
4.153480732034648 12.299621112946987 -0.9702715668952256
4.1221721518366845 12.033489155136447 -1.1284893441949617
4.055870921275178 12.783486054343294 -1.459500342021457
4.07552528687447 12.357575862504927 -1.362001733870331
4.054056200144172 11.907505650991515 -1.4713190298230467
4.213627535197199 11.950949393741988 -0.6689660531382857
4.03369159128384 12.305328302900733 -1.5724746998849812
3.354094364174843 12.906841936981744 -2.6527185170602943
3.901337778152719 13.212796599019065 -1.8333793301028634
3.8435335370911874 12.666127112830578 -1.9204802825326674
3.9154342975959917 12.650443705633776 -1.8128900119426743
3.9516592693363046 13.099494698532009 -1.7581902352729961
3.9956079252368815 12.956109414486605 -1.6925712794437133
3.832961979706487 12.481379896173584 -1.9365013792128394
3.856936079264503 12.948637137426745 -1.900116677278684
3.7876736959696227 13.123095746301152 -2.0035867715946414
3.8503102885318894 12.484576075817376 -1.9105343166605548
3.7137911949702773 12.538220091403165 -2.1147918511942825
3.139683034829064 12.011973175882579 -2.974573868333421
3.5158703974353367 12.261473420750171 -2.4113002765233285
3.1828322997452116 12.94078027391087 -2.908993805721263
3.1524896492791776 13.025022254865638 -2.954313862396828
3.1930491431358625 12.578828141365044 -2.8940939308111684
3.239290262641278 12.44261544239787 -2.8250362304366936
3.8230776489968443 12.08841703490858 -1.9517188676346104
3.1678793900343876 12.423646623419003 -2.931930647249089
3.5440650747507325 12.312440928422651 -2.36904893560424
3.565348094247865 12.023937913141179 -2.337508069430094
3.2776288075694304 11.926017995707749 -2.7682161822045135
2.6097064137454655 12.619432417921624 -3.3830413252532874
2.5134264883508983 12.870244481005809 -3.447192609353578
2.8342882915369074 12.187995001969675 -3.2332916604060236
2.364750839232933 12.76869399913171 -3.5466078695131698
2.9311388915578336 12.754946973406556 -3.1681690249819274
2.3470880715464824 12.88515789734206 -3.5583257332024965
2.436291958962071 13.018724187002919 -3.498625171955098
2.3409829273595975 12.636722684516597 -3.562584316646135
2.983904800324673 12.950847502777677 -3.132770590424066
2.2429800528897577 13.07366090052416 -3.6277525446884793
2.9562109149233016 12.691157742655786 -3.1514624439721395
1.8532776665623791 12.30906042146096 -3.888695620008452
1.894444537489184 12.811979955832566 -3.8608256514910217
1.7168092329360443 12.029900263516936 -3.9800826083963132
2.532756669864342 12.193947479193316 -3.434764644201117
2.311505809116578 12.410931330657924 -3.582443321768049
1.7132226227204739 12.680011878117067 -3.9820097375647157
2.0314463679117885 12.073306352553594 -3.769817119179782
2.297474955811281 12.573730328408459 -3.5917009148274266
1.6676189342171943 12.550314587577637 -4.012574836611668
1.9059873617144243 12.73172716134103 -3.853170911845344
1.9105402466797134 12.458308755564545 -3.850326170539077
1.2648878246139907 12.504752793529633 -4.094752965782156
0.6226974025790273 13.208195811853054 -4.222062355544372
1.188573414526924 12.647713867739448 -4.109845382643001
1.2341556929515631 12.76220885212198 -4.100708401369964
0.9012093323400445 13.169880462188512 -4.1666861971486036
1.495578005152109 12.152037539748623 -4.0490816041296345
1.4517883386886035 12.108934478960862 -4.057818314911488
1.314387513664094 12.263091515550899 -4.0850547537845205
0.7678242293148978 12.933528145865742 -4.193362876408328
1.4917626498511738 12.818743026125833 -4.049432456748441
1.653812558568649 12.6566913943217 -4.017297829694595
1.1829823509485682 12.247366280425188 -4.11120254756907
0.02711712728499052 12.703832114339448 -4.34083947707333
0.7154567174545451 12.392245946268066 -4.2041106618166735
0.5213776017614189 12.56189021672537 -4.242611668978546
0.26764363519404005 12.904390080990089 -4.29287303871067
0.20763239041741965 12.201364660671405 -4.3052400852430175
1.2296321092972577 11.950109379832313 -4.102105160376082
0.0006505669058290027 12.993742035568294 -4.3459266661438605
1.2300022818770369 12.026633361105883 -4.101984717241274
0.15599586692369785 12.444851764111032 -4.315362294848084
0.8712236233204558 12.106413991522377 -4.173301510134933
-0.5303387049084828 12.898033719293608 -4.240623324992599
-0.6849902555548494 13.1380879362395 -4.2097144984851855
-0.3677487227594355 12.209373312095664 -4.2733856180366
-0.6112730492149316 12.417120708348733 -4.224818731920248
-0.24207874269640353 12.347507945184148 -4.298298330027494
-0.14824965542270127 12.42438844915839 -4.316914990719416
-0.10256936911464083 12.293495368115403 -4.326081397369788
-0.6159584032121038 13.098896665834229 -4.223469705810414
-0.7616232338045754 13.195401840817892 -4.194436253411131
-0.22769809581918948 12.08916425401505 -4.301316840547573
-0.7351297387430354 13.168268072201805 -4.199722714019959
-0.34506543155710145 12.156503548074134 -4.277929914548422
-1.309225378022623 12.141766180965625 -4.086155582499304
-0.6260432662456807 12.128024195759366 -4.222057342283071
-1.2261827637393976 12.319185505975135 -4.102565434174309
-0.5274560195012453 11.965504340228666 -4.241766816081883
-1.4811767447201514 12.635879282753837 -4.051650572657884
-1.5123288689425705 12.09222497269747 -4.045786042468257
-1.6055971597604954 12.243180991141603 -4.027141636849219
-1.4480566870024352 12.373055234106337 -4.058399069532943
-0.6892120975095762 12.351208419759828 -4.209355981128812
-1.624974299129388 12.256077561953173 -4.023279408289243
-2.82770411330516 13.189938323095008 -3.2369681246855855
-1.6923896185663747 12.471012248113158 -3.9960800792927365
-1.9405317598373233 12.483154116620243 -3.8302678869706774
-2.301520806451801 13.066549065227454 -3.588641870658347
-1.7470178728135783 12.826036607756574 -3.959322647558465
-2.4837247417923214 13.025634001337794 -3.4669264743311636
-2.0763997186568885 12.478015678564905 -3.7394874361915678
-2.1128449510137672 12.376199946301973 -3.7152088935861607
-2.536481400525644 12.798270563720852 -3.4318394913627808
-1.9069353506730455 12.392575795769032 -3.8527816163601516
-2.0758294700068505 12.359604669287714 -3.739953835979612
-2.746983460479493 11.98291771347888 -3.2917752053672182
-2.4957916849228456 11.96420527646161 -3.459629608688209
-2.669617357166471 11.935495180011648 -3.3435037969869223
-3.056305903899914 12.120362901181792 -3.084993422596912
-2.553512208391483 12.467542062492317 -3.4206985822132685
-3.006661102994873 12.851981155266108 -3.117636748878183
-3.0531964432414305 13.180435097855037 -3.086305690153365
-2.907605123886808 12.709325063342131 -3.1839268064505584
-2.860457057520825 12.413584810041023 -3.2156436551227676
-2.7473445288376492 12.369338804796062 -3.2912549387455
-2.76354324823296 12.36630769409395 -3.280433494597604
-3.130533031709682 13.147312172755779 -2.987039884127496
-3.6751202357022876 12.761701940588665 -2.172424436250785
-3.5247250152259033 12.83694830961844 -2.397425420755798
-3.229958302229371 12.625328862490079 -2.8388035438354935
-3.086682810747483 12.495679606208098 -3.053370513457626
-3.335625873342756 12.657112665963325 -2.680626543256686
-3.2721159835011564 12.47929702061376 -2.775867933099696
-3.8531642494530454 13.06071392123538 -1.905639696236359
-3.5825272690194243 12.740930341629612 -2.3110220137750543
-3.2557320148699302 12.781426912802546 -2.800061787675382
-3.6103770621219464 13.116420770070187 -2.2689361094602405
-3.5472564034496914 12.1027287735728 -2.3644983596018547
-3.846844442599146 12.251670592246487 -1.9159724257788342
-3.8019377161789594 12.725904108982121 -1.9826674544028273
-3.6821894621921403 12.688853698281347 -2.161923331900052
-3.912363455597383 12.300009466705635 -1.817864097014229
-3.789544233305146 12.241533262243884 -2.0017391600800925
-3.7897943398276643 12.432353619676787 -2.0011585911369774
-4.010223401969459 12.799046684306376 -1.670867006133767
-3.7635362209101726 12.667026670045768 -2.040202963083096
-3.39752416164405 12.252029888243403 -2.5884269937617743
-3.781458141981782 12.784147908464025 -2.013254330614533
-4.2290429485041345 12.8616183706441 -0.5886606408629326
-4.2096576985642224 12.709354822652564 -0.6865860274803894
-4.023431344187369 12.56057732288718 -1.62326893199861
-4.180213650497595 12.567676875476396 -0.835047885335248
-4.325432578585761 13.211521521275023 -0.10299869680481688
-4.046212188517587 12.708214473801563 -1.5082869614355565
-4.020562004551737 12.251536549974041 -1.6386459898731456
-4.058806580942418 12.197880578706094 -1.4465424718314641
-4.242646677827815 12.899580778492597 -0.5201530328668278
-4.177184733485225 12.714244762636191 -0.8498238545556391
-4.0917436196095505 12.94655750799624 -1.2786504920494262
-4.276418871041829 12.071645605410593 -0.3529138111028294
-4.217673473196924 12.536709082251715 -0.6468187890759824
-4.155609199564659 12.071433299213604 -0.9602693841360292
-4.285261712325065 12.920228740013995 -0.30584854107089376
-4.291583627224062 12.74666388553851 -0.27459957430373927
-4.2640697872705005 12.298627020345904 -0.41429935258043016
-4.068238644894838 11.974444199610174 -1.3998116916832433
-4.288797019343333 12.819996036669359 -0.2883834178096737
-4.16413458187915 12.329128340532197 -0.9166168292352024
-4.2916657560763065 12.635463084688624 -0.2745285776909446
-4.16095814047053 12.095518623326655 -0.9333042267937767
-4.139739689398876 12.882863192704214 1.0375537715284633
-4.276738378386299 12.63079552703126 0.34958950981622783
-4.28713467457819 12.27696763890319 0.2984121469286717
-4.2441943916839024 12.852123636419714 0.512518528312467
-4.263850853259955 13.137620771683961 0.4128205075757653
-4.194098023287466 13.108752326006114 0.7635808336435187
-4.144486415060402 13.099772009896714 1.0130231166034094
-4.333628189433329 12.842520423921993 0.06293353379799399
-4.343606682683368 12.368458078297005 0.014226460960835033
-4.199125715346941 12.523935237652719 0.7401038355170926
-4.321378652075281 13.11189332728149 0.1236875691119434
-4.110988198331101 12.118985527850258 1.1844511737316001
-4.072255111559875 12.748299664306224 1.3772372791172118
-4.288135777655565 11.90173606808036 0.2945347705714059
-4.263731157983745 12.073494380632026 0.41669644810711826
-4.098523706981537 12.544647069367882 1.2458029989776784
-4.05891925819007 12.139722213257672 1.4461569413407398
-4.281191636186671 12.121795537281043 0.32876736817177626
-4.026584566395518 12.919165641752205 1.6063133184889373
-4.022701583740568 13.104822212727814 1.6252623655800824
-4.103510386560893 12.317932967086993 1.2214317880403756
-4.040160850274557 12.255794905832262 1.5401046447866191
-3.6259614245312823 12.788171290621557 2.2459706041633583
-3.9766844169598192 12.94975579935987 1.7209002989363429
-3.6883818559140282 12.479674636106132 2.152885509551585
-3.8427076653175742 13.045061824964533 1.9213080324559093
-3.657853019596048 13.158862632268189 2.197840092327698
-3.65689388637601 12.462052536137401 2.2000297820576087
-3.507802541899344 12.869692610297284 2.4227200836797893
-3.5691260005142142 12.899980586280682 2.330910021534933
-3.751025736864932 12.62045525815572 2.058979691105729
-3.7172631481718064 12.584712197201899 2.1095477950153616
-3.2865583923326356 13.138142397881154 2.7535456296340177
-3.3021537366523033 12.876677507304386 2.730488469122341
-3.442078386914265 12.282897786846707 2.5217178861513934
-3.311938022975398 12.631361791282636 2.7161103247467557
-3.203632191653948 13.00104017319457 2.8778021233580247
-3.1491125266791724 11.899804571988833 2.96058663205951
-3.2968420881827996 12.360573938695943 2.7389956202046273
-3.3269896784662247 12.291049272608305 2.693951651811972
-3.4283590170801164 12.507016290248945 2.54200820997457
-3.157773793696518 12.429992176251115 2.947051199014188
-3.667748704497317 11.993487364639842 2.1842908308545708
-3.276015853469239 12.833710331218033 2.769653039994737
-2.624469255490773 12.471448627602935 3.373287370715106
-3.0122470932215593 12.878394175745791 3.113888608675887
-2.3267599661188054 12.849132152970656 3.571937709841831
-2.0158805979866594 13.027636652948853 3.779531830188265
-2.4307796169173677 12.817259575191233 3.502456996352608
-1.9218391857034935 13.194392389965294 3.8422479061584323
-3.070665541443266 12.950222967839261 3.0748027767470387
-2.56037309023956 12.616808373571175 3.416010115743857
-2.4236628114937675 12.522703339866217 3.5074249740092283
-3.049349806618391 12.14984591556173 3.089623397056737
-2.2185183529701424 13.151831851969511 3.644043903219002
-2.5489832768231295 12.09280125734025 3.42399866098019
-1.7329475440786979 12.734167542850178 3.9687932608617227
-1.715926011764444 11.943110377679371 3.9807372073832163
-2.8167454313942595 11.925632285631135 3.2452064314874702
-2.427468869245207 12.158534843249754 3.5051445129409373
-2.49370535948945 12.160711054388914 3.4608851740042335
-2.0781717108851563 12.567339628251922 3.7382423685161807
-2.6945603567226923 11.940446406181914 3.3268371329990365
-1.7316088336899609 12.56676613150146 3.969808492257835
-1.8859752215833656 12.84279753390825 3.866465177619081
-1.9457367110063895 11.920518502733458 3.827199034628154
-0.4245578004274789 12.98903501467409 4.261611850892672
-1.6372400542520538 12.076945950300875 4.020951886939439
-1.5068178617781838 12.28406430981922 4.046767863959262
-1.0714958566417114 13.105943115813675 4.132856383100364
-1.599675392500877 12.231174084054729 4.028329682281664
-1.4915981666827896 12.370212062430465 4.049742586795572
-1.3432682772589082 12.6606456530545 4.079069695103989
-1.1037277894027762 12.366713186398119 4.12689695271831
-1.2129355467388145 12.865869309751774 4.10486903528798
-1.1550886391589934 12.64427041054423 4.116510968643806
-0.7404583654906696 13.06401914621003 4.198729473083852
-0.024461214415195838 13.055075484391525 4.341155708349999
-0.7397391524325905 12.004143991498053 4.199520702508368
-0.09410397085437809 12.60102392511427 4.327580630194488
-0.5336680827132144 12.166280026631645 4.2404116779320775
-1.0689023048000654 11.906629514006033 4.134105615791622
-0.5666698989810627 12.756823012152967 4.233485950457902
-0.11078382562456257 11.997192813370974 4.324632169915178
-0.9503785418719217 12.153781640008242 4.157530312268627
-0.2826583966109177 12.936757504180695 4.289869381735057
-0.5761399943157129 12.014934409713234 4.232056055444831
-0.9574195413281357 12.036590007366915 4.156201456268483
0.04825452028273 12.3420618497966 4.336858716232486
0.8599604456204568 12.728340040327002 4.175164341329539
0.03134740212005955 12.75693953211331 4.339967956994887
0.4695920141898003 13.08355978828422 4.2525960275218955
1.3308122340862316 13.149622651536493 4.081248545125134
0.7102985439227636 12.999643038935776 4.204767934225037
0.19906795953390055 13.157412311499078 4.306361341996115
0.9849766382251429 13.169697688659477 4.150027128580187
0.42756484932356037 13.138225998919419 4.260922296239765
0.2083282132056338 12.301863358160645 4.30504272167161
0.5042212259586293 13.021237226936423 4.245745984279314
1.23442013476425 12.372635225953179 4.100897187900996
1.6104086407065905 13.09764007187119 4.025665221436278
1.464574787831566 11.93973628837946 4.0553812188784395
1.6565659554583028 12.96165615785741 4.016567089635501
1.179981292295526 12.546756367900784 4.111619304167657
0.24258377738048512 12.051526886584725 4.298381998013734
0.35991847508408703 11.928608841036244 4.27511781752209
1.0460410373850149 12.1809520568513 4.138485297460021
1.4144704250487476 12.139176777674042 4.065225675513808
0.6209392637925237 12.233345107723686 4.223011266768791
0.7813963193970097 12.477681053595894 4.1909450091767555
2.809253118193667 13.110601663088993 3.24935726072125
2.4449380274991395 12.68836199576874 3.493089588188809
2.138636948839257 13.014912210845328 3.697518106608332
1.9387498229704305 12.886056619646455 3.8311714775125054
2.490936371979026 12.708004180636184 3.462340280812468
1.7448801171993569 13.070883726338316 3.960577896308478
2.3831869074349226 12.649368960666942 3.5343785302484676
1.836885078247363 13.11692333345736 3.8990688822533968
2.1841559925113003 12.599329785512378 3.6674029541527142
1.8135501516466002 12.930440925110444 3.914795293086801
2.6731188342433914 13.017507856619568 3.3403865109573125
2.5159253332234908 12.399565735832654 3.4458658658722126
2.468688264591205 12.368733940343896 3.4774509225639934
2.5612071286726303 12.079179460447893 3.415840871445516
2.9140253220421464 12.074548138564968 3.18009867310286
1.7430135151620394 11.961995088249612 3.9626248894134433
2.622839942747122 12.36365344090188 3.3744537489205553
2.7855069539489747 12.678624029561682 3.2655357254070814
2.6055788873610766 12.32082697066263 3.386018137643013
2.89142659071501 11.987994707080151 3.1952611545639917
2.7333671018506087 12.761343690381771 3.3003147289652053
2.7376925797220952 11.939555763861897 3.2980178947283236
3.2902464206222732 12.601302098966425 2.7486061750899147
3.3717132683526234 12.372219560382062 2.626929697295809
3.2320303660446412 12.119496453884363 2.836253489643732
3.2648051471874733 13.025586869574791 2.7862233343223255
3.4076416255297444 12.866137194428571 2.5726252648655854
3.149133424051432 13.059736637661146 2.9593017833855995
3.3310133341619035 13.194814313125663 2.686952693482723
3.818603389798565 13.181769606133404 1.957235084497833
3.5148772002580184 12.995312986389624 2.4119959427106106
3.686053845672231 12.904712024167146 2.1559093240184417
3.2716332316154086 12.290231798074569 2.776798984984599
3.6407253114980813 12.385914637347833 2.2243093559354508
3.4332271767906226 12.324353000126225 2.534919228487551
3.745138666964967 12.649664999285772 2.0677582468117723
3.8224543014755517 12.361560891445741 1.9523587123937016
3.474202743380239 12.373353504364562 2.473541882485466
3.5053559296321635 12.180349681951412 2.4271265522592316
3.89399436387985 12.090569296874536 1.8455844330881277
3.7637328238172527 12.669592959044845 2.0399085351938555
3.780612770353355 12.241818482225648 2.0151085862932416
3.8749929061340533 11.991955757413946 1.8741288254872666
3.680749933019712 12.570963777228707 2.1642080429534944
4.245774607625033 12.907507170825584 0.5044086416748121
4.137964365258837 13.188216060763423 1.0455401164753835
4.0783492301092865 12.626727975346949 1.3469741996829718
4.097997049112306 12.490565204048977 1.2486178789734685
4.195990542602372 13.13199144182046 0.753997327819105
4.059316876961689 13.21060160166776 1.4408570343190308
4.050127457815072 12.307935869080815 1.489836166664421
4.151843377206568 12.615813894306232 0.9775294214299803
4.0637947419432425 12.486083702278322 1.420577539311087
4.09950637198582 12.95869303657153 1.2395877876965438
4.228435183909205 12.863289972604788 0.5917156558567744
4.286577850031702 12.821110665985627 0.2995436917219899
4.292328424260661 12.713444340643074 0.27096520653094325
4.292090552915148 12.76471797498346 0.27200318546963254
4.187793774577225 12.077591168269969 0.7984526712067753
4.209464124458546 12.171307609542547 0.6892202278846666
4.127570894742372 12.279489614270968 1.1005909577718842
4.178108315187462 12.516357532707511 0.8457936051530984
4.245351964940738 12.137148806453387 0.5089055894139076
4.060476546016817 12.062426645136187 1.438564378771352
4.055687761866255 12.040325428956725 1.4627072025664911
4.339866818550287 12.0792641788415 0.03392698982927877
3.059338511970963 13.367303 -0.25076710885966014
2.6409679651335236 13.367303 -0.21132409842927005
2.779759632787624 13.367303 -1.1180387238057035
3.1382074906021673 13.367303 -0.4286981436712957
0.23636809523971103 13.367303000000001 -0.06562288081746016
2.5871227697620354 13.367303 -0.7208999220483541
2.085015291001948 13.367303 -0.7958729951813115
3.74128666067818 13.367303 -0.4002838386016613
3.675937848145574 13.367303 -1.4732021846373824
2.140707052793048 13.367303 -0.6774494521684135
0.2905621649952129 13.367303 -0.07435331588242741
3.2841800704982314 13.367303 -1.0256680847030135
2.2212735809892283 13.367303 -0.4697485430605339
1.156164672210812 13.367303 -0.18606575808277906
2.639600040423754 13.367303 -0.8098991764086367
2.9183319047079177 13.367302999999998 -1.0991573829661463
4.176584086999839 13.367303000000001 -0.01696755185503993
1.7150793593695126 13.367303 -0.3901068807972154
3.576576376502082 13.367303000000001 -0.004042923668418771
3.5402783570959784 13.367303 -1.3335677299251536
1.8598537600637473 13.367303 -0.25118352568628965
0.9524975666096027 13.367303 -0.1683514879018232
3.2144814884826878 13.367303000000001 -1.1938999902893526
2.0736114238836736 13.367303 -0.26643806665986697
2.768163554205149 13.367303 -0.4454347679843762
2.6860225241724383 13.367303 -0.6527144398380196
2.73567651073781 13.367303 -0.9529533347663119
1.1424814451026337 13.367303 -0.28494906083397015
3.5015541068026756 13.367303 -0.7986878386059312
2.117037421701151 13.367303 -0.7462652004948441
3.7884110204135113 13.367303 -0.4810584062057344
3.4197992244238486 13.367303 -0.9116679610813422
3.6822301031304883 13.367303 -0.07348365162986047
1.1831762559386214 13.367303 -0.10236361369924525
1.4359393115684769 13.367302950700395 -0.6803921496330035
2.4635850188347623 13.36730257497757 -1.758498255771957
1.3209855028457373 13.36730299321302 -0.5589537073685611
2.406322744726436 13.367302786497909 -1.3674751614305678
2.935289426836242 13.367302883681806 -1.4178208666539343
0.6920354076100497 13.367302999268965 -0.2879179041219109
0.9062063083554537 13.367302765653625 -0.7823025752704967
1.9890176717471943 13.367302569272601 -1.5718326709694639
3.114870753803459 13.367302990602033 -1.3065393148574387
2.5365082495904363 13.367302327507277 -2.2184352953123865
1.0192036456593416 13.367302901428907 -0.5933343312901058
1.1826418720180256 13.367302699828478 -1.0111110657635876
3.517231851620937 13.367302770801981 -1.8548847221275588
0.6778026963132793 13.367302895613136 -0.4620204841498517
2.6333123295431617 13.367302146511474 -2.572831400195732
3.2313034454045586 13.367302721622728 -1.8218488846938652
3.016052772291402 13.367302399391608 -2.2922422766963333
2.2848095970379023 13.367302421684688 -1.9506395693289902
3.0315237387216527 13.367302907963897 -1.4155166621145963
2.876267227914333 13.367302536863622 -1.995621557051166
2.061589632543405 13.367302784536157 -1.2280885936770547
2.8067344059310315 13.367302485849496 -2.05540596049327
2.7167079020846545 13.367302162533063 -2.5795535470742483
1.95142739603578 13.367302614927755 -1.476982261031439
1.078758465868673 13.367302979723709 -0.4820441175720036
2.256311606971873 13.367302699048038 -1.45719488541974
1.237087508066422 13.367302930775221 -0.6326250247761829
2.4179435376011043 13.367302378828736 -2.080204653689754
2.3118775952593276 13.367302777794595 -1.3434679653045116
2.7754582735484856 13.36730299730263 -1.1543144909974818
1.7207647582925854 13.367302979450937 -0.7484455107289393
2.1347125156001425 13.367302928105412 -1.009069608604738
2.5216111803630064 13.367302216563472 -2.404918232558658
2.222135870075944 13.36730248076103 -1.8220934100540225
1.3489641639723577 13.367302223237605 -2.939834196065868
1.1645629398413742 13.36730243380455 -2.021767638028036
2.2185568206419743 13.367302208561156 -2.431367009793504
2.2164679337229583 13.367302010018616 -3.4145802760713706
1.9418804660756956 13.367302153611757 -2.887968108215516
1.0838358266272268 13.367302592566679 -1.2906094052242885
1.6226256565899932 13.367302184143156 -2.9503060800775045
1.9975099863561327 13.367302128308024 -2.9759276953548475
1.7882218531789356 13.367302228125082 -2.6221620025375687
1.433733960588477 13.367302256192387 -2.720227263907252
1.2755561561280326 13.367302452755862 -1.8538876513743547
2.05902524440681 13.367302162658058 -2.7649592739589304
0.8501966309422514 13.367302713184246 -0.8502534905047403
0.9793703031439724 13.367302580449033 -1.4203343893448162
1.8525914376356138 13.367302026525781 -3.57608514056916
1.517484128232515 13.367302256103535 -2.6647065029130106
2.2606872947256327 13.367302234860578 -2.273162383178731
1.0091442899666478 13.367302523836798 -1.6803945625587884
1.5617492460100677 13.367302191367909 -2.9552551678013352
1.7235180924982512 13.367302240521628 -2.6040932690728416
0.21670683310298755 13.36730292267825 -0.2375645727971241
2.070630694079423 13.36730201442462 -3.4902375003811295
0.9480363715392096 13.367302646822404 -1.1130465227961965
2.1889326511347416 13.36730207096033 -3.131614457713849
0.22962711018685222 13.367302857445233 -0.551516879901695
2.2248307959042686 13.36730223152672 -2.313607300897727
1.6957545166304537 13.367302326674706 -2.1966066593844777
1.7549699673327082 13.367302357267537 -2.005754754253227
2.299405791843684 13.367302064598446 -3.089258866639868
1.7756879891923547 13.36730215923859 -2.9711891362174216
1.1678027850604684 13.367302494812158 -1.71791264803352
0.8761013383254582 13.367302559209735 -1.5943675728438802
2.0349796979053045 13.367302066470911 -3.2566833899617067
1.3218613123824734 13.367302545738418 -1.3631371907926766
1.2072438218356536 13.367302184514376 -3.17860049517408
0.31405666861619486 13.367302799230004 -0.7792108259373343
0.7800385304143578 13.367302288016742 -2.8296670436449984
1.3190283385159605 13.367302147546402 -3.3113449414729317
0.1492423662817859 13.36730253249127 -1.9302365836188853
0.389639027527051 13.36730249340941 -2.0462603286725667
1.0466010437468172 13.36730212644259 -3.4540073695457996
0.3931299105410527 13.367302289711057 -2.8995253340902702
0.23914454026429496 13.367302613934775 -1.5709203036811596
0.68117333974441 13.367302396105917 -2.3961931792063678
0.8340506941106081 13.367302465507434 -2.0748336177670765
0.026041153198009457 13.367302260918201 -3.0932517736113017
0.22283528688460744 13.367302699814928 -1.2141312658382535
0.2027086781070552 13.367302832139377 -0.6633943136634143
0.7493218146075428 13.36730208351906 -3.6930874074173308
0.3756345427392051 13.367302271594566 -2.9789546942144134
0.3888238389859469 13.367302253571514 -3.0518887440145637
0.15696818190851364 13.367302870211775 -0.5128827734297019
0.47804858844233955 13.367302111795354 -3.628505315688616
0.6040051546319547 13.367302529052122 -1.8541959995586277
0.8348405200116703 13.36730203912496 -3.862188850886758
0.3024876222078219 13.36730247688051 -2.1328895936014414
0.0772840154239917 13.367302438502527 -2.338576650683321
0.5099493124956272 13.367302628462836 -1.4561479758458196
0.3160199180498646 13.367302055756838 -3.895663835353149
0.8962652848618179 13.367302279293058 -2.843120055303827
0.3130803114161028 13.36730202623125 -4.0200279164435795
0.24251863860758974 13.367302300355096 -2.884861209850143
0.5339408186724459 13.367302604984403 -1.549803779289637
0.38239549007795465 13.367302674788158 -1.2873116854204094
0.08410131322748815 13.367302466529255 -2.219724868917352
0.5578379042212598 13.367302593853108 -1.5917157679213736
0.9133395035986752 13.367302184740845 -3.236112595996607
1.4589440658492245 13.367302088070796 -3.5328518944184846
-0.2995608399751575 13.367302028291752 -4.014078435229154
-0.9275944397124535 13.36730223485015 -3.0232053286351985
-0.05294708091157414 13.36730267002896 -1.3727950387332961
-0.2709858893683886 13.367302608828357 -1.5859940533689567
-0.11570648843426531 13.36730223905086 -3.1670895200516784
-0.32489901175885305 13.367302372464813 -2.5661707165581804
-0.24081415663476924 13.367302355756355 -2.6529426741121647
-0.26631578089151875 13.367302320563795 -2.79540691800975
-0.40185683012712714 13.367302114428142 -3.6326231532146895
-1.4131794829175681 13.36730207938201 -3.578381350508148
-0.1923821057209564 13.367302143531628 -3.5522805298248885
-1.0014774127796724 13.367302246153761 -2.961121253277744
-0.6888747225848897 13.367302354545108 -2.5688956753802685
-0.0587545747145237 13.367302434499855 -2.359042298348812
-0.6179739701127868 13.367302386979961 -2.4470229407091746
-0.27241360760964706 13.367302002959766 -4.1256769787541785
-0.29286361077434886 13.367302216964777 -3.2244416460707805
-0.07551631165615 13.367302460929263 -2.244908876538043
-1.270507342739643 13.367302086132558 -3.5784604907559543
-1.1233612782543785 13.367302013450344 -3.912433419294207
-0.4106913564784624 13.367302239205248 -3.1077660859778047
-0.10247839470227364 13.36730251964234 -1.9934044955758952
-0.463396159703608 13.367302342432787 -2.664524356924287
-0.8273505468405145 13.367302008119413 -3.9936623910748197
-0.0872424319019924 13.367302553936298 -1.8526654662756
-0.8847334000837422 13.367302444089633 -2.1545417758051744
-0.10055088128804177 13.367302466049914 -2.2184620137113615
-0.22614801761600195 13.36730261073762 -1.5869087191984013
-0.9293568085559576 13.367302342113312 -2.5731782655761135
-0.8214056515677871 13.367302110458814 -3.565810142357897
-0.6442655770925998 13.36730219913679 -3.229283188780852
-0.25942276210538884 13.367302275748617 -2.9846555081833364
-0.20310646379363026 13.367302073696306 -3.84291610176321
-0.6737115085279141 13.367302420571555 -2.295110895712491
-1.229819522907787 13.367302470690401 -1.7957592279164718
-2.181290636148956 13.367302045555869 -3.262348585796764
-2.1684135065446593 13.367302006041076 -3.46635836200607
-1.9733920013724278 13.36730204826899 -3.3878454822611683
-1.342929596279223 13.367302339135819 -2.3707350859570044
-1.8826500213179158 13.367302284667225 -2.2794588671564675
-1.5325092742585307 13.36730227355674 -2.5683584888419313
-1.0476043379064484 13.367302564447915 -1.4538691880356143
-0.3270572648437269 13.367302872709852 -0.41093056774391096
-1.79911614161112 13.367302098010724 -3.2583140130794406
-0.608094237215842 13.367302697196637 -1.0910819835603107
-1.6509932497651207 13.36730215867886 -3.057275256080013
-2.09985950703644 13.36730211373944 -2.97958299692037
-1.1123601300868748 13.367302594519316 -1.2618938777483166
-0.26639571619542063 13.367302870158497 -0.4640801309050677
-0.8758459314712683 13.367302539336954 -1.6928114427141983
-0.6759249112539023 13.367302731881466 -0.8742381253868432
-1.5786505121070808 13.367302092833622 -3.431226053927444
-2.4466658669208474 13.367302107389495 -2.7792553305539616
-1.163198485497238 13.367302461813964 -1.884169136230572
-2.779106162033092 13.367302018413758 -2.99712155941444
-1.5774397795624624 13.367302310811368 -2.3541080879950833
-1.4159745799689156 13.367302273917534 -2.6444404235970898
-2.0833548203753764 13.367302095504781 -3.080783730001469
-1.3705086294442295 13.367302160956607 -3.2334256154145353
-1.4705782988452234 13.367302133380601 -3.302927868504081
-2.0044207678340507 13.367302268692532 -2.277090983659976
-1.9732972762625098 13.367302081577654 -3.2231933064888754
-1.9056141759856593 13.367302269571958 -2.3387626493075846
-1.6971276096782109 13.367302119445712 -3.2204619951242845
-2.134796350804665 13.367302157991137 -2.7374087821545423
-1.1724753992258345 13.367302397583103 -2.1956000425279094
-0.4793491192675887 13.36730273198095 -1.0050941124835353
-2.4948176279743524 13.36730206731498 -2.9452547480808593
-1.199058941089859 13.367302887586648 -0.6918702986926658
-1.2279576441901496 13.367302880894073 -0.7154621820329626
-0.22384140431486368 13.367302998829683 -0.0947484613624827
-2.8924083274338757 13.367302331787704 -2.358422453424518
-0.6892567333218486 13.367302925264717 -0.41527529945425645
-2.8855622288787233 13.367302314920416 -2.384876704212115
-1.0763591123258083 13.367302902238826 -0.6156028598473217
-2.701416453328389 13.367302276871992 -2.3746719619368855
-2.404927318224135 13.36730240814431 -2.023908028107071
-1.7837523347092588 13.367302872795495 -0.9597431946623785
-2.8849917002906325 13.367302745628939 -1.6367161718469783
-2.345460738212734 13.367302687920741 -1.513445114870314
-0.747957331935908 13.3673028440816 -0.5805641702376525
-2.195308040018399 13.367302806676825 -1.2450301620882214
-1.8400431379948872 13.367302791541174 -1.1241575390502594
-3.0301759329693687 13.367302531661972 -2.0684065616844522
-1.3101417274375184 13.367302608407112 -1.2226768538003836
-3.124881093583915 13.367302482046519 -2.193791853463662
-2.484719658401499 13.367302690109266 -1.5673277151405407
-2.5360212149677817 13.367302561123921 -1.812560240587956
-2.3091495007317366 13.367302922563416 -1.0909481087463453
-3.1299128699250267 13.367302843129698 -1.5688560996689422
-0.24263590805834534 13.367302978035708 -0.13864208673431289
-2.6603484930679726 13.367302273961226 -2.362715579871049
-2.732371342445883 13.367302089081265 -2.7135920098187074
-2.432094458620646 13.36730277732233 -1.3940843743506712
-2.372301110017874 13.367302752395435 -1.4126026284745499
-2.0072589782066217 13.367302859259173 -1.0758285260991687
-2.963047624421686 13.367302891721074 -1.4153594113706134
-1.7125559341376235 13.367302440477747 -1.6809712888764416
-1.5294149804119537 13.36730291462889 -0.7817495610060016
-2.5328361188052826 13.367302767015843 -1.4537101508837287
-3.47889969809629 13.367302994136194 -1.4511888962713728
-3.579519395511431 13.3673029075048 -1.6433021508284336
-0.1476488940495831 13.367303 -0.029843258336448204
-3.542599193307689 13.367303 -0.9854395681674781
-3.9445539169511594 13.367302999999998 -0.8948921925304079
-2.850123971000592 13.367303 -0.38992891123753837
-3.3466873786084177 13.367303 -1.306132763488293
-3.1604876550287173 13.367303 -1.1315455423122145
-3.6365520250286036 13.367303 -1.3036624324081716
-2.1529240692551026 13.367303 -0.16154683231690814
-1.3695740111354067 13.367303 -0.39833103044584023
-3.442531421608594 13.367303 -1.1300161627767182
-3.2284508092503916 13.367303 -0.4451466824822131
-3.957641994782819 13.367303 -0.39002277246958666
-3.560857121828806 13.367303 -0.6081723294053102
-3.0174818301448907 13.367303 -0.5569094009690824
-3.595831304190967 13.367303 -0.5647848220224201
-2.5471938821103883 13.367303 -0.11729254556339686
-2.9395356257580425 13.367303 -0.08254773859774762
-3.6585345554038797 13.367303 -1.412165551806149
-2.6928635240506136 13.367303 -0.5025732413197707
-1.6041110551818583 13.367303 -0.6386497405814289
-0.9842470211337598 13.367303 -0.20839006433126644
-3.094644642523785 13.367303 -0.27680665688076284
-1.3644076259480116 13.367303 -0.3429338911750781
-1.072023528228057 13.367303 -0.17308608403699763
-0.9749853286403165 13.367303 -0.013470475275473265
-3.118275663760601 13.367302999999998 -0.2796631201494262
-2.2110811366241703 13.367303 -0.8145437421234336
-3.149757209773747 13.367303 -1.1361419902859244
-3.6812006247049003 13.367302999999998 -0.47209665618196944
-2.7541677897200927 13.367303 -0.2001795129584111
-2.1563750633402985 13.367303 -0.43528100769311806
-2.1715436833023802 13.367303 -0.4276115717097852
-3.812228484626543 13.367303 -0.7981655766728776
-3.4988788118527627 13.367303 -1.1180012613875507
-1.8934168613755975 13.3673026543938 0.5544616934754729
-1.9762302929989874 13.367302815162384 0.29653871821881134
-2.7865516027204453 13.367302588204872 0.6606491708962169
-3.096447282557189 13.367302951210418 0.0782749678614533
-2.974997727140107 13.367302330345744 1.0743355963782872
-2.233022214481715 13.36730269384978 0.49116191406330056
-3.398426920127034 13.367302640397176 0.5769162886042112
-2.9366743515472367 13.367302833698247 0.2668011856624234
-3.773099254009262 13.367302368840663 1.0125775498108325
-2.9299602014081843 13.367302478171354 0.8371772206918918
-2.84458226154662 13.367302272389274 1.1673158842233224
-3.9800312945519467 13.367302781276887 0.35090114841129083
-1.4193120898085918 13.36730277199426 0.3657939893882914
-3.197073820577583 13.367302717617095 0.4530314968559023
-2.6442098182635743 13.367302419123696 0.9319081487021705
-0.9599107130681854 13.367302889657463 0.17702561724448965
-3.5405838576029325 13.367302917801132 0.13187378021161694
-2.888370272423394 13.36730291820079 0.13123275946966306
-2.826948096634167 13.367302798830387 0.32274013538011076
-3.743410733771489 13.367302835882214 0.263297228710767
-0.6959448362587279 13.367302839266797 0.25786802746084114
-1.7976634114947414 13.367302824829643 0.28102946088377573
-3.3684707175515056 13.367302547790338 0.7254865511364793
-2.0876594327543563 13.367302606429524 0.6314113095976677
-3.494508019809945 13.367302320897497 1.0894934089892243
-1.1743606753233147 13.367302840569643 0.255777738911708
-4.047557798954048 13.367302749438641 0.4019796093297005
-2.348113889325149 13.367302863937386 0.21828831232471999
-3.4446347858792725 13.367302210381384 1.2667957416805686
-3.420262082409308 13.367302697914026 0.4846413146893829
-0.5406008847771827 13.367302989326399 0.017125655427801922
-1.8373706361383042 13.367302606541468 0.6312317744502266
-3.37381037420576 13.367302660239375 0.5450832188138152
-2.230100890724147 13.367302934034733 0.10583033244303
-2.4691095553050006 13.36730224895579 1.8631187276286165
-0.7848533525515351 13.36730277480709 0.49201526046597943
-2.902117244640567 13.367302231085986 1.3473290407259078
-2.962964596403596 13.367302195856853 1.5169917663951513
-0.451108556804227 13.367302883029959 0.19055338862537746
-2.3308518766570576 13.367302347521857 1.3405584962328563
-2.462411834990365 13.367302355779698 1.0825494966907179
-1.5510910487172993 13.367302509423762 1.3093341368509568
-1.9272387550950594 13.36730235937197 1.8569071991167259
-1.752302973257109 13.367302452946095 1.4261845530223325
-0.9642929604725922 13.367302694276134 0.8194662601766892
-1.4279820767038571 13.367302610819724 0.7431584820466558
-0.9809448097575717 13.3673027025994 0.7329453300659218
-3.5732962938806967 13.36730205041267 1.6799829944002607
-2.7796039019095997 13.367302109930252 2.4273448749839956
-1.0807877419269243 13.367302639929811 1.0473310800736118
-1.6974636108068573 13.36730249529841 1.1948122430084198
-3.544662495551629 13.367302076567457 1.5292675626030199
-1.0350576063403683 13.367302712280472 0.5803110972520544
-2.016539593938816 13.367302429761613 1.202312213659425
-2.126511722399031 13.367302352946247 1.6062300241404726
-2.4774421214628513 13.367302197041717 2.2348590273107107
-2.7572206364286362 13.367302158355319 2.102454719018861
-1.9778137881085471 13.367302429120443 1.265014763845721
-3.623737961953478 13.367302054688457 1.5728469585656277
-1.7839825750571938 13.367302473143376 1.229294582172486
-1.1763328093164334 13.367302621373296 1.0416725867420755
-2.5067888255720385 13.36730220460456 2.1349666979905453
-2.301982407087728 13.367302341493168 1.4283824717511866
-1.9148329927858974 13.367302442693827 1.2588169950856718
-3.219184717317921 13.367302016750632 2.4590782221898353
-1.3266461293900216 13.36730258981116 1.0503008560678513
-2.7890301329216696 13.367302235334405 1.485133866550528
-2.5877824013808257 13.367302294241753 1.350355232471063
-1.0998188110745029 13.367302494012595 1.767295887004594
-1.974872362556128 13.367302288236424 2.2001918291093574
-1.5087708645673794 13.36730206844854 3.598509159459984
-1.891296888268609 13.36730217003479 2.8405567953797686
-2.5607237340200326 13.367302064402265 2.9156255797761834
-2.1518963213660336 13.3673020829894 3.096879835803363
-1.3314641598702157 13.367302533221672 1.4186216111482766
-0.5175536314819624 13.367302710281521 1.0868769226417805
-1.4447381669167885 13.367302146177098 3.2569172138614886
-2.1587843998104086 13.367302240786653 2.3119505909489733
-2.1937074353278763 13.367302136368775 2.8049749680666425
-0.9427597607255304 13.367302545472784 1.6177625067282742
-1.8595457923711443 13.367302195341683 2.736626523101106
-2.2456208116173655 13.367302120808835 2.847233348007225
-1.7507417010423239 13.367302239379354 2.591555453900668
-1.2607460662668544 13.367302356779494 2.3384021874522634
-1.5768038237785378 13.36730206090598 3.590349852279376
-2.5852013662559092 13.367302107928277 2.6840286615878277
-1.9638960899399582 13.367302052890329 3.3713412585994273
-2.8348209886046725 13.367302000999103 3.046015943854649
-2.0803651215446832 13.367302148591568 2.8202647154413896
-1.3901528316715162 13.367302360701007 2.2325429357321633
-1.0730154969663679 13.367302514298427 1.6848893731426955
-2.2851120428503915 13.367302127155638 2.7894604209113187
-1.8279629455712085 13.367302074789372 3.3538754987567727
-1.0649071552803326 13.367302456178525 1.9777172455075802
-1.17943380166064 13.3673023270719 2.5396410288117695
-1.4787071224828916 13.367302138515583 3.2721069888576975
-0.23552072070658592 13.367302909318932 0.2910609849331794
-2.763214972316853 13.367302033136726 2.9349370888288653
-1.1583401654123135 13.367302292853655 2.7229487924396225
-0.6389391911478334 13.36730260876709 1.507770936914125
-1.8081787081127583 13.367302372088192 1.8969157527361085
-1.7830857322399236 13.367302243757639 2.548292693138879
-0.4802646849831573 13.367302349966538 2.629589419979239
-1.210291329427799 13.367302045534672 3.760639172930233
-0.13960775045583326 13.367302378677824 2.5769850719314853
-0.8309880458986233 13.367302186937252 3.2432892991823654
-0.1475429717107637 13.367302516470437 1.9977422299349499
-0.6369857416660734 13.36730242685697 2.2760697152522806
-0.7779667351414571 13.36730216782655 3.3339532615723146
-0.2914064449940795 13.367302000166497 4.13361354746242
-0.6761927698139443 13.367302381544633 2.4582326582739644
-0.2769534276373346 13.367302028984057 4.015677335009117
-0.24397363063944386 13.367302706644425 1.1812993787574297
-0.3372783437397904 13.367302242286264 3.1094565507714576
-1.3018755825002837 13.367302091548675 3.549518518615053
-0.9979621946871551 13.36730222787117 3.038469695748627
-0.16549725190624515 13.36730205605054 3.9243773368068227
-1.0951692442914398 13.367302284879562 2.7801390953989813
-0.8227071588161815 13.367302289682403 2.814200641665745
-0.24595850807646175 13.367302341963125 2.7097485600951625
-0.17263885173466242 13.367302291843757 2.9344469625040372
-0.380089501842598 13.367302357668944 2.6172250124435474
-0.5232748967131626 13.367302673217742 1.2658764338616733
-0.24503700757759178 13.367302269198635 3.014980558634217
-0.589174603570532 13.367302212368395 3.184774917418805
-0.9287900116100045 13.367302191297163 3.2055572343276437
-0.1792139418942476 13.367302204511587 3.299259491473284
-0.3405504896665922 13.367302268836799 2.9974985590799648
-0.07848179958216492 13.367302599665162 1.6627043224070783
-1.1437478949453668 13.367302029274878 3.842041071736802
-0.31112679917736286 13.367302565066202 1.7614764411962525
-0.15146781818566118 13.367302326214823 2.794565234092563
-1.115105497174362 13.367302137755757 3.392956842256786
-0.26265318863423454 13.367302395819577 2.480646757166009
-0.7234411421221183 13.3673024277097 2.255297700357652
-1.0617301736460785 13.367302205546629 3.119375975633625
1.0407084330161427 13.367302152534014 3.3458008249436078
0.15335311539503732 13.367302696827409 1.2404805517930562
0.2844300103480629 13.367302083998359 3.7835548107693473
0.9863104131335261 13.367302342904315 2.5585368867066
0.5542615347945763 13.367302145088471 3.4737752760703007
0.47649406375130915 13.36730253964523 1.835154285019893
0.17368668844335713 13.367302327164154 2.7861655222811184
0.18272256308788468 13.367302303927396 2.8817830183527198
0.26176409770325837 13.367302550097852 1.834046661375806
0.177860711346919 13.367302550508754 1.8490135355025485
0.21807946900202058 13.367302085595256 3.790058178217093
0.16514883162092547 13.36730237851623 2.572581847381612
0.07862632869402388 13.367302265272679 3.064540288683034
1.0732241018797566 13.367302163826851 3.2919903651351783
0.07477054189480561 13.367302690708367 1.2817643586312653
1.5603323341777449 13.367302003114471 3.8688484195387463
0.878135381965432 13.367302166714486 3.3186903244070476
0.21911779310440274 13.367302619067116 1.5533915300644767
0.10119827338426948 13.367302533111797 1.9371955180960296
0.6708030427379398 13.36730216163698 3.3812177595088007
0.7587720321591205 13.36730245907443 2.1167803339600604
0.02420384436740639 13.367302926622733 0.30280513539552717
0.5310866443890992 13.367302391918264 2.443607001291758
0.6499071186046108 13.367302302950542 2.792949094935966
0.13327255012145695 13.367302906232517 0.36659129596359863
1.1158721759735342 13.367302120742755 3.4641274364840036
0.13694958251085806 13.36730209076812 3.784509921529184
0.09483761379414934 13.367302182682751 3.407555245140342
0.32778085736787704 13.367302561674851 1.772381106813967
0.034337979661079994 13.367302339547235 2.761970546003878
0.48208544311437584 13.36730244742689 2.2206466264010163
1.1536717065402646 13.367302044290312 3.777118180397975
0.5242172284843755 13.36730248118695 2.0707346366238606
0.83167465511827 13.367302462880403 2.086323368938941
1.616259460570549 13.367302254553008 2.6063780922665845
0.3869288003624001 13.367302845872073 0.503645783051011
0.7507846148188583 13.367302579839887 1.5760867508586534
1.1584844779917822 13.36730258984926 1.254172643616287
0.41728725910763675 13.367302753484555 0.9402285065739052
0.8855795054544641 13.367302646357022 1.157084221834228
0.319272648344255 13.367302810192616 0.7252915025177962
1.7899451351229048 13.367302280044632 2.3642657508233516
2.1984025587660367 13.367302165842403 2.656087074105226
1.121195600923702 13.367302534948049 1.550581526177057
1.8442599147477985 13.367302161245581 2.9154496349996655
1.7500188309728477 13.367302018119329 3.686196448287307
1.5212954205545783 13.367302466961593 1.6194445561825657
2.748868417049292 13.367302049377182 2.8642121183558293
2.5687322239790182 13.367302047993537 2.9914176434476705
0.9445728629577024 13.367302417821406 2.2478027750012237
1.4565235216817183 13.367302416364836 1.91293094733547
0.7082243588617394 13.367302699498769 1.0127967605776782
0.8669967201768647 13.367302615860941 1.3203077124513771
1.7165940503563377 13.367302163655205 2.988837407618829
0.8822175229922914 13.367302511035714 1.828511114894762
0.8658750396155492 13.367302627527481 1.2633647275034805
0.8526479106667888 13.36730254552496 1.6777153484941514
1.6334578145211134 13.367302024679352 3.7316399548381844
2.6829708323282957 13.367302067499677 2.8186255321853917
1.9984022641597354 13.367302261778324 2.3153081866159444
0.5044360216034895 13.367302812566571 0.5898297121311407
1.1985014505888802 13.367302418097704 2.0767666550333717
1.4435381411128576 13.367302293399952 2.529683953634029
1.9175983052484944 13.367302175009343 2.7983829653121206
0.09494326747741401 13.367302962900096 0.1200264687235052
1.6331882230140788 13.3673020695425 3.5099663150905687
0.4689109127988391 13.367302778955006 0.7797801562389305
2.0139732306809894 13.367302190936488 2.6552255604207278
2.5770824141644537 13.367302184503528 2.1785308221689044
2.7886647412912517 13.367302072956077 2.687426581913486
2.587176573348282 13.367302314157243 1.2038702705984723
2.8468057393073014 13.367302264984728 1.1792285224939882
3.2189506745721768 13.367302066097988 2.0942143825942385
3.0612622064070854 13.367302052729348 2.429151671866034
1.6921373305919898 13.367302510743965 1.088472997959675
1.5052699152270779 13.367302495661637 1.479762499262147
3.005642212313785 13.36730213887369 1.8748476074047316
3.403834136992451 13.367302047902072 1.9521828848156177
2.147166236069541 13.367302279068369 2.1220811377157474
1.4373999865403724 13.367302615709164 0.6928778115573972
2.573725521075386 13.36730218343017 2.191498579176846
1.6491275446223888 13.367302571875792 0.7004114258574453
2.5816134731924585 13.367302151424598 2.4165633164701386
2.828523807699732 13.36730224264387 1.3719317042869532
3.4549563535585106 13.367302081097327 1.629998499177552
2.4267157622311353 13.367302358553694 1.1154432871327717
2.830148979568639 13.367302254792072 1.2795918990287285
3.137897203091163 13.36730208986823 2.039598361583388
2.872038678374059 13.367302143393388 2.0413495340663066
2.5281385289934715 13.367302297152587 1.4180765905659876
2.5910935477753245 13.367302143425402 2.4615765917717773
1.8086184511788215 13.367302507989494 0.9345322835934563
1.9623114791755911 13.367302338409178 1.9595606413372302
1.2860788548687765 13.36730258961161 1.1124910824090848
3.4880296279300183 13.36730201619674 2.060823296008579
2.873573447640244 13.367302111362354 2.276110948204384
2.7029559803922054 13.367302210954755 1.7943850135062551
2.7290635415041287 13.36730219292486 1.8887496621406246
1.6784713613312139 13.367302510560613 1.1102825278963453
2.918488086425088 13.367302091656258 2.3547341883376944
0.6267993670343686 13.367302827392512 0.33938069317770364
3.535376990001102 13.367302048306694 1.752320572946185
1.3412159764802238 13.367302968562981 0.05043684727878728
2.520434366451133 13.36730283690125 0.26166360799177796
0.48816654686541155 13.367302878210165 0.19539113749878143
1.6275142021701574 13.36730270782785 0.4687378728347504
3.7317732768226044 13.367302450986204 0.8807925201781732
0.9343163801836025 13.367302790717929 0.33575615589235613
3.333707451396531 13.367302356465554 1.0324333238164736
2.41399782615626 13.367302979006343 0.033682417457626644
1.1273966884435789 13.367302804904774 0.31299600239936903
1.7328024442918035 13.367302942664164 0.09198668574404369
0.8048194175386405 13.367302946607978 0.08565956947281841
4.026663097131442 13.367302555928545 0.7124320536146889
3.687309345711087 13.367302364990326 1.0187569081678103
3.4439003173106117 13.36730215801632 1.350808206144803
2.529593612481981 13.367302580474945 0.6730519223894673
3.8310918440850936 13.36730265477599 0.5538497107918497
2.4598802773942183 13.367302394093716 0.9720659314739283
3.494684982653229 13.367302134622575 1.3883391181144054
3.983420925356456 13.367302652410165 0.5576452346844798
2.9297166768101794 13.367302934401378 0.10524279164130795
3.925217500298947 13.367302869955227 0.20863465030300096
3.61805299909922 13.367302311382531 1.104760648361129
2.386111851729153 13.367302811099053 0.3030584340228822
3.382068516532753 13.367302630527616 0.592751718141473
1.7643055727108368 13.367302783844327 0.34678357084215017
3.871709014484024 13.367302402610738 0.9584019555973408
0.6298120255062941 13.367302866467956 0.21422933015118584
2.0142327726180373 13.367302538405028 0.7405452749990449
2.1945007472763614 13.367302856344487 0.23047054733343522
1.2353693868553848 13.367302977910589 0.03544035152289294
2.5524228035257375 13.36730249236043 0.8144152657495755
3.8086093188633443 13.367302387850575 0.9820818947859834
3.504000734285274 13.367302224335008 1.2444122078046738
3.0200322223524023 13.367302871819653 0.2056435271550193
4.3113295104007205 13.234583551286331 -0.14119277303847494
4.092017845680106 13.23036099895032 -1.2509954551218794
3.605898159853072 13.263418971563745 -2.246668917900936
3.1800785045913966 13.275119566360036 -2.876901129026442
2.9576326094321583 13.274094243899224 -3.126547832835662
2.746532232276122 13.226195076047528 -3.2868930757506645
1.3894346861549585 13.253432721144552 -4.056603317806081
0.4003021385917017 13.2675148576335 -4.248546259778295
-1.2972518395247479 13.321699797355627 -4.051629691923237
-1.5330498280782796 13.295788924485288 -4.013574119594739
-2.250952381309556 13.316081421351914 -3.5818252341990555
-3.014926672845433 13.31095763083636 -3.073417663002017
-3.4578101221264257 13.31056639195424 -2.4398782394502385
-3.8764671477818884 13.25450549964386 -1.8471063134235928
-4.136113734851121 13.29904592845731 -0.9114050960011008
-4.216323015081689 13.286575866626773 -0.5295704921770353
-4.270887897566133 13.291385885676917 0.24699940301921347
-4.020477183427781 13.227288383877347 1.6159288565274557
-3.9966117508357017 13.232691812635423 1.6804475235489145
-3.58289869714561 13.222601540977884 2.3056965103881386
-2.1652153086160473 13.303847458777277 3.6440444771569482
-1.7559498447553876 13.235801656015784 3.9449136427680687
-1.2610919289031366 13.281559695394497 4.07253224375498
-0.4825733581552642 13.28483298846495 4.2262717594478705
1.0769242584889895 13.291969243827594 4.105611008813352
0.9413916707774304 13.23955058722466 4.150468498624514
1.9644513516308995 13.255939634748758 3.7974868930159964
2.1545731406987474 13.232409464438728 3.679928651251052
3.283236732627766 13.283902081598978 2.7172233334977083
3.9688154878789415 13.270763411877123 1.6991004714831694
4.041719357164212 13.271372146805366 1.4334641875256453
4.177981876230356 13.252923349437463 0.7800940225379402
4.0721694616803905 13.34376026055137 -0.9392397434222841
4.1895485344235865 13.353960980526132 -0.20378564199840749
3.237372508572828 13.347696318303338 -2.6539222511009743
3.491956123445933 13.36228388753363 -2.1999242506644716
1.7107532287218958 13.34341064061806 -3.881905426648424
2.956055344869526 13.363724265398211 -2.9819074935297634
0.548550817572409 13.335294369072985 -4.173873642537608
1.2773361459148729 13.36167113130825 -3.95415220823071
-1.2428095696781962 13.34009398916324 -4.02217387788693
-0.6931427420106326 13.366970503792249 -4.055336317206856
-2.898645490034074 13.360510092482361 -3.031012880927971
-2.662674238589822 13.364870587061041 -3.174105956047859
-3.3739449810399593 13.333789780137982 -2.519107682101954
-3.1071542095928297 13.36554145743589 -2.7595179956633435
-4.227222424266023 13.34196683825436 -0.18528601568285444
-4.025000764470142 13.343974832675803 -1.1733147494628149
-3.985827701366717 13.32994353894008 1.5701898154941987
-4.208932309392641 13.339550466455378 0.3116667932939047
-3.1908867781721235 13.354932267305614 2.6872925385810307
-3.6166684250288244 13.366781874228822 1.9907736291039815
-1.7992758544064706 13.358424905920234 3.772565050647137
-2.857261221348047 13.34171561439774 3.1215048882261502
-0.18105384218364473 13.34833740401961 4.210013228514795
-1.5490284317822887 13.335019757324806 3.9756529489448065
1.3778737741354719 13.346025893225377 3.9785020770612296
0.015680137234639777 13.34514405818 4.251958263336741
2.9109694099783248 13.358301599975078 3.030166848512705
1.6802340613295692 13.336824889631597 3.924323505148169
3.639172478354631 13.341479054141924 2.083700750389149
3.1508970287231484 13.362472216202574 2.7094143081019824
4.155450893922745 13.340190030048376 0.5714316304421875
4.028523870500254 13.344344907439682 1.1503382437603942
4.025673680587826 11.89628948911292 -1.5274984788740669
4.3295632799889505 11.896299782242417 -0.08448023498349479
3.485504779928719 11.89624165060578 -2.2897062315208627
3.6367660073105776 11.896286568250723 -2.1922190028177355
1.684908434803621 11.89626080481466 -3.9263435937847926
2.826375314167964 11.896284172423464 -3.208442628162294
0.5012346439339997 11.896258968402783 -4.1803312000714214
1.2957514912478472 11.896282868004453 -4.061138826935612
-0.5253287177655438 11.896244301484227 -4.151698561948451
-0.5367497683974476 11.896296704943058 -4.234604585563634
-2.500356431972706 11.896271406839487 -3.4018058517746965
-2.4974289248966084 11.896285777761328 -3.4313158542230062
-3.6611551295262226 11.896256168095638 -2.068484611695667
-3.0272865475630106 11.89625891931134 -3.0250300583790413
-4.247756012180959 11.896246858831155 -0.05720667290295561
-4.029421788430457 11.89629422177967 -1.5479808760665752
-4.0748286701227325 11.89625102652039 0.9608445175897025
-4.26436410150231 11.89625201865819 0.01620740014017055
-3.3983568135202407 11.896248048989092 2.436303345887977
-3.5025310603333195 11.896268809375592 2.3408440813046445
-1.856241909808173 11.896242741782302 3.7737172793335265
-2.928878821552491 11.896264860594705 3.101651378159734
-0.7330026091192993 11.896269127570973 4.147494539155819
-1.6171667278385722 11.896294450686725 4.012784212369558
1.1196874207700167 11.896241683161628 4.0259691779422955
1.0593212211656 11.896276947243532 4.095296456259328
2.0905878748423956 11.896247991585735 3.6279413813109787
2.467560872864264 11.896276811315818 3.432477472809496
3.6688741544645516 11.89623247605316 1.9861027804911755
3.891318301147938 11.896292410229771 1.8277004081903419
4.207344090777596 11.896267655364301 0.4325310306133876
4.321671575962351 11.8962970833558 0.10177977779963025
4.260440631368897 11.896288966178744 0.342302324087659
4.043009321273314 11.89628936711188 1.4387244836882718
4.178478655453276 11.896285415771498 0.724912821331517
4.125865958914159 11.89626578474801 0.8266391636668359
4.076073652083275 11.896259942464336 1.0285187228959125
4.14949405466075 11.89629959801066 0.9882228266435393
4.071569572500388 11.896291278214488 1.3109891432847642
4.053734056364665 11.896274300266116 1.2598778460821867
4.294229503071228 11.896295624827497 0.22764628778839752
4.037517852078495 11.896272017796996 1.3224763942561655
4.113970206946911 11.896272296234626 0.9404343265200343
3.9435007553534365 11.896239911655348 1.528916028099854
4.045007298972229 11.896299636740512 1.513832783410771
3.9965878835337247 11.896265297871487 1.4725249521288586
4.165776567659009 11.896286218104605 0.7954230510842517
4.038723852891052 11.896278927442252 1.3737062111706455
4.241189501529446 11.896297242487524 0.5077087513236472
4.201911758649788 11.896285040705507 0.603997070637313
4.100322672996866 11.896286956569197 1.1306041493450725
4.102974488827925 11.896294269019593 1.1779053284717547
4.288427441593373 11.89629661960749 0.265063560374853
4.121200644312612 11.896294052343983 1.0844799203145339
4.253758554855357 11.896297403726892 0.4458569925042985
4.0301235514208775 11.896297082528253 1.5674794239890022
3.9856555833256904 11.896274339924794 1.6024592553956922
4.109564423689651 11.89626929221297 0.9376751521213025
4.153413970058872 11.896275902169096 0.772037095080931
3.970622794248494 11.896261712676726 1.5733324849180867
4.045177319618209 11.896299382993833 1.5108740405908339
4.237318316006115 11.896289849459858 0.4658696159136599
4.132279520570373 11.896289187702662 0.9884466201807731
3.963137591064017 11.896246820002396 1.4874772939907377
4.024449246199448 11.89628015558078 1.455652658624011
4.0678927659014565 11.896282000046622 1.2525417662257974
4.038002751082958 11.896270246206589 1.30534913584779
3.9978808382395115 11.896245888101898 1.3050846698681464
4.158918981534365 11.896275113961867 0.7378260306570308
4.3295429804038275 11.896298297505385 0.0722750500812401
4.02724074041375 11.89626620778732 1.3259678538759454
4.185114075173075 11.89627549355172 0.6092822452620895
3.9799717170584374 11.896256302441806 1.4814723181385234
4.053589581210191 11.896281797744393 1.3227710847381133
4.016381412559288 11.896289530233105 1.573944173729085
4.135436568014089 11.896283464924352 0.9251235006358949
4.176072394235483 11.896290417569679 0.7784833368673952
4.025031665855372 11.89627671994959 1.4242373887583488
4.127222517035919 11.896269541478809 0.8509690279807341
4.114593152053113 11.89628900388145 1.075837540640068
4.148969025192905 11.89627821205293 0.813536161776502
4.048143851787902 11.896255939829366 1.1357422022164638
3.947749924265332 11.89624317684965 1.5346281214540836
4.224552750899839 11.896291749122646 0.5457977061309044
4.044414231504998 11.896260699857724 1.1939609878466753
4.1194574406925195 11.896285990812295 1.026399688030653
4.211049981762651 11.896282485276693 0.5368673837916874
4.30299758426755 11.896298562630111 0.20792570607019978
4.2422438617481735 11.896288485328224 0.42979631559800685
4.062293994167252 11.896267296252702 1.1587690139504105
4.039349412057698 11.89628583868113 1.4278673103833692
4.18214879524241 11.896296770875876 0.8006150697714028
4.053188517781918 11.896299635093335 1.472689484272332
4.178318651371856 11.896287605730988 0.7438757226607805
4.215645302375348 11.89629396465826 0.6089489184449749
4.03682317677962 11.896255299012136 1.1873414377187657
3.9903484677072965 11.8962828471144 1.6494057516895682
4.232787006955307 11.896296351327848 0.5425615800752757
4.000041411964132 11.896260412200299 1.4146523758701979
4.190183979024254 11.896288965758016 0.6955018206273587
4.0331631443138605 11.89627372490061 1.3585237310132268
4.072569191059367 11.896292670708233 1.3175098907344407
4.253917187062819 11.896295931345048 0.43285093373190336
4.01584572264845 11.896256697447079 1.3043973223978562
4.010400425045777 11.896272598625526 1.4636205595075424
3.975219897930221 11.896259450950692 1.531467776999901
4.143221284805707 11.89629585976371 0.9887616163964661
3.957671475500754 11.896258314512172 1.6102663713179293
4.050960401419349 11.896285803561062 1.3692038944365006
4.108907254741004 11.896275738529884 0.9944299436759108
4.034611884010841 11.896269591347798 1.3169662255909076
4.0616799635576255 11.896296947046164 1.407711723964781
